ISO-10303-21;
HEADER;
/* Generated by software containing ST-Developer
 * from STEP Tools, Inc. (www.steptools.com) 
 */

FILE_DESCRIPTION(
/* description */ ('KiCad electronic assembly'),
/* implementation_level */ '2;1');

FILE_NAME(
/* name */ 'osprey5x_bot.step',
/* time_stamp */ '2026-09-11T21:07:48+09:00',
/* author */ (''),
/* organization */ (''),
/* preprocessor_version */ 'ST-DEVELOPER v20.2',
/* originating_system */ 'Autodesk Translation Framework v15.15.0.0',
/* authorisation */ '');

FILE_SCHEMA (('AUTOMOTIVE_DESIGN { 1 0 10303 214 3 1 1 }'));
ENDSEC;

DATA;
#10=MECHANICAL_DESIGN_GEOMETRIC_PRESENTATION_REPRESENTATION('',(#13),#4492);
#11=SHAPE_REPRESENTATION_RELATIONSHIP('SRR','None',#4498,#12);
#12=ADVANCED_BREP_SHAPE_REPRESENTATION('',(#14),#4491);
#13=STYLED_ITEM('',(#4511),#14);
#14=MANIFOLD_SOLID_BREP('bot',#2568);
#15=CYLINDRICAL_SURFACE('',#2602,4.);
#16=CYLINDRICAL_SURFACE('',#2603,2.5);
#17=CYLINDRICAL_SURFACE('',#2605,2.5);
#18=CYLINDRICAL_SURFACE('',#2613,2.);
#19=CYLINDRICAL_SURFACE('',#2615,2.);
#20=CYLINDRICAL_SURFACE('',#2618,2.);
#21=CYLINDRICAL_SURFACE('',#2647,2.);
#22=CYLINDRICAL_SURFACE('',#2648,3.1);
#23=CYLINDRICAL_SURFACE('',#2653,3.09999999999999);
#24=CYLINDRICAL_SURFACE('',#2658,3.09999999999999);
#25=CYLINDRICAL_SURFACE('',#2664,8.20000000000004);
#26=CYLINDRICAL_SURFACE('',#2667,8.2);
#27=CYLINDRICAL_SURFACE('',#2670,8.2);
#28=CYLINDRICAL_SURFACE('',#2673,8.20000000000001);
#29=CYLINDRICAL_SURFACE('',#2679,1.55);
#30=CYLINDRICAL_SURFACE('',#2680,1.55000000000001);
#31=CYLINDRICAL_SURFACE('',#2681,1.54999999999999);
#32=CYLINDRICAL_SURFACE('',#2682,5.04999999999999);
#33=CYLINDRICAL_SURFACE('',#2685,5.05);
#34=CYLINDRICAL_SURFACE('',#2688,5.04999999999999);
#35=CYLINDRICAL_SURFACE('',#2691,5.05);
#36=CYLINDRICAL_SURFACE('',#2695,2.5);
#37=CYLINDRICAL_SURFACE('',#2699,2.5);
#38=CYLINDRICAL_SURFACE('',#2703,2.5);
#39=CYLINDRICAL_SURFACE('',#2709,2.5);
#40=CYLINDRICAL_SURFACE('',#2713,2.5);
#41=CYLINDRICAL_SURFACE('',#2717,2.5);
#42=CYLINDRICAL_SURFACE('',#2723,1.54999999999999);
#43=CYLINDRICAL_SURFACE('',#2724,1.55000000000001);
#44=CYLINDRICAL_SURFACE('',#2725,1.55000000000001);
#45=CYLINDRICAL_SURFACE('',#2726,1.55000000000001);
#46=CYLINDRICAL_SURFACE('',#2727,1.55);
#47=CYLINDRICAL_SURFACE('',#2728,1.54999999999998);
#48=CYLINDRICAL_SURFACE('',#2729,1.55);
#49=CYLINDRICAL_SURFACE('',#2730,1.55000000000001);
#50=CYLINDRICAL_SURFACE('',#2731,2.);
#51=CYLINDRICAL_SURFACE('',#2733,2.);
#52=CYLINDRICAL_SURFACE('',#2736,2.);
#53=CYLINDRICAL_SURFACE('',#2740,2.);
#54=CYLINDRICAL_SURFACE('',#2744,2.);
#55=CYLINDRICAL_SURFACE('',#2748,2.);
#56=CYLINDRICAL_SURFACE('',#2762,0.999999999999996);
#57=CYLINDRICAL_SURFACE('',#2766,0.999999999999996);
#58=CYLINDRICAL_SURFACE('',#2771,1.);
#59=CYLINDRICAL_SURFACE('',#2775,1.);
#60=CYLINDRICAL_SURFACE('',#2780,0.999999999999996);
#61=CYLINDRICAL_SURFACE('',#2784,0.999999999999996);
#62=CYLINDRICAL_SURFACE('',#2789,1.);
#63=CYLINDRICAL_SURFACE('',#2793,1.);
#64=CYLINDRICAL_SURFACE('',#2798,2.70000000000001);
#65=CYLINDRICAL_SURFACE('',#2801,2.70000000000002);
#66=CYLINDRICAL_SURFACE('',#2806,2.7);
#67=CYLINDRICAL_SURFACE('',#2809,2.7);
#68=CYLINDRICAL_SURFACE('',#2814,2.70000000000001);
#69=CYLINDRICAL_SURFACE('',#2817,2.70000000000001);
#70=CYLINDRICAL_SURFACE('',#2823,2.70000000000004);
#71=CYLINDRICAL_SURFACE('',#2827,2.7);
#72=CYLINDRICAL_SURFACE('',#2831,1.);
#73=CYLINDRICAL_SURFACE('',#2833,0.999999999999996);
#74=CYLINDRICAL_SURFACE('',#2834,1.00000000000001);
#75=CYLINDRICAL_SURFACE('',#2836,0.999999999999996);
#76=FACE_BOUND('',#471,.T.);
#77=FACE_BOUND('',#472,.T.);
#78=FACE_BOUND('',#473,.T.);
#79=FACE_BOUND('',#474,.T.);
#80=FACE_BOUND('',#475,.T.);
#81=FACE_BOUND('',#476,.T.);
#82=FACE_BOUND('',#477,.T.);
#83=FACE_BOUND('',#478,.T.);
#84=FACE_BOUND('',#479,.T.);
#85=FACE_BOUND('',#493,.T.);
#86=FACE_BOUND('',#494,.T.);
#87=FACE_BOUND('',#495,.T.);
#88=FACE_BOUND('',#496,.T.);
#89=FACE_BOUND('',#497,.T.);
#90=FACE_BOUND('',#498,.T.);
#91=FACE_BOUND('',#499,.T.);
#92=FACE_BOUND('',#500,.T.);
#93=FACE_BOUND('',#504,.T.);
#94=FACE_BOUND('',#507,.T.);
#95=FACE_BOUND('',#510,.T.);
#96=FACE_BOUND('',#520,.T.);
#97=FACE_BOUND('',#521,.T.);
#98=FACE_BOUND('',#522,.T.);
#99=FACE_BOUND('',#537,.T.);
#100=FACE_BOUND('',#540,.T.);
#101=FACE_BOUND('',#543,.T.);
#102=FACE_BOUND('',#545,.T.);
#103=FACE_BOUND('',#548,.T.);
#104=FACE_BOUND('',#551,.T.);
#105=FACE_BOUND('',#554,.T.);
#106=FACE_BOUND('',#556,.T.);
#107=FACE_BOUND('',#583,.T.);
#108=FACE_BOUND('',#584,.T.);
#109=FACE_BOUND('',#585,.T.);
#110=FACE_BOUND('',#613,.T.);
#111=FACE_BOUND('',#620,.T.);
#112=FACE_BOUND('',#627,.T.);
#113=FACE_BOUND('',#634,.T.);
#114=ELLIPSE('',#2580,2.51377069890879,2.5);
#115=ELLIPSE('',#2581,2.51377069890879,2.5);
#116=ELLIPSE('',#2582,2.51377069890879,2.5);
#117=ELLIPSE('',#2583,2.51377069890879,2.5);
#118=ELLIPSE('',#2584,2.51377069890879,2.5);
#119=ELLIPSE('',#2585,2.51377069890879,2.5);
#120=ELLIPSE('',#2586,2.51377069890879,2.5);
#121=ELLIPSE('',#2587,2.51377069890879,2.5);
#122=ELLIPSE('',#2588,2.51377069890879,2.5);
#123=ELLIPSE('',#2589,2.51377069890879,2.5);
#124=ELLIPSE('',#2590,2.51377069890879,2.5);
#125=ELLIPSE('',#2591,2.51377069890879,2.5);
#126=ELLIPSE('',#2596,8.24516789242083,8.2);
#127=ELLIPSE('',#2597,8.24516789242085,8.20000000000001);
#128=ELLIPSE('',#2598,8.24516789242087,8.20000000000004);
#129=ELLIPSE('',#2599,8.24516789242083,8.2);
#130=ELLIPSE('',#2601,4.81200764006043,2.);
#131=ELLIPSE('',#2609,4.81200764006033,2.);
#132=ELLIPSE('',#2611,3.40260323340816,2.);
#133=ELLIPSE('',#2612,3.40260323340816,2.);
#134=CIRCLE('',#2572,4.);
#135=CIRCLE('',#2573,3.50000000000001);
#136=CIRCLE('',#2577,3.49999999999999);
#137=CIRCLE('',#2578,4.);
#138=CIRCLE('',#2592,5.05);
#139=CIRCLE('',#2593,5.04999999999999);
#140=CIRCLE('',#2594,5.05);
#141=CIRCLE('',#2595,5.04999999999999);
#142=CIRCLE('',#2604,2.5);
#143=CIRCLE('',#2606,2.5);
#144=CIRCLE('',#2614,2.);
#145=CIRCLE('',#2616,2.);
#146=CIRCLE('',#2619,2.);
#147=CIRCLE('',#2622,2.);
#148=CIRCLE('',#2623,2.);
#149=CIRCLE('',#2624,2.7);
#150=CIRCLE('',#2625,2.70000000000004);
#151=CIRCLE('',#2626,1.00000000000001);
#152=CIRCLE('',#2627,0.999999999999996);
#153=CIRCLE('',#2628,2.70000000000002);
#154=CIRCLE('',#2629,2.70000000000001);
#155=CIRCLE('',#2630,2.70000000000001);
#156=CIRCLE('',#2631,2.70000000000001);
#157=CIRCLE('',#2632,1.);
#158=CIRCLE('',#2633,0.999999999999996);
#159=CIRCLE('',#2634,2.7);
#160=CIRCLE('',#2635,2.7);
#161=CIRCLE('',#2636,2.);
#162=CIRCLE('',#2637,2.);
#163=CIRCLE('',#2638,2.);
#164=CIRCLE('',#2639,1.55000000000001);
#165=CIRCLE('',#2640,1.55);
#166=CIRCLE('',#2641,1.54999999999998);
#167=CIRCLE('',#2642,1.55);
#168=CIRCLE('',#2643,1.55000000000001);
#169=CIRCLE('',#2644,1.55000000000001);
#170=CIRCLE('',#2645,1.55000000000001);
#171=CIRCLE('',#2646,1.54999999999999);
#172=CIRCLE('',#2649,3.1);
#173=CIRCLE('',#2650,3.1);
#174=CIRCLE('',#2652,1.55);
#175=CIRCLE('',#2654,3.09999999999999);
#176=CIRCLE('',#2655,3.09999999999999);
#177=CIRCLE('',#2657,1.54999999999999);
#178=CIRCLE('',#2659,3.09999999999999);
#179=CIRCLE('',#2660,3.09999999999999);
#180=CIRCLE('',#2662,1.55000000000001);
#181=CIRCLE('',#2665,8.20000000000004);
#182=CIRCLE('',#2668,8.2);
#183=CIRCLE('',#2671,8.2);
#184=CIRCLE('',#2674,8.20000000000001);
#185=CIRCLE('',#2676,1.55);
#186=CIRCLE('',#2677,1.55000000000001);
#187=CIRCLE('',#2678,1.54999999999999);
#188=CIRCLE('',#2683,5.04999999999999);
#189=CIRCLE('',#2686,5.05);
#190=CIRCLE('',#2689,5.04999999999999);
#191=CIRCLE('',#2692,5.05);
#192=CIRCLE('',#2696,2.5);
#193=CIRCLE('',#2698,1.55000000000001);
#194=CIRCLE('',#2700,2.5);
#195=CIRCLE('',#2702,1.55000000000001);
#196=CIRCLE('',#2704,2.5);
#197=CIRCLE('',#2706,1.54999999999999);
#198=CIRCLE('',#2708,1.55000000000001);
#199=CIRCLE('',#2710,2.5);
#200=CIRCLE('',#2712,1.55);
#201=CIRCLE('',#2714,2.5);
#202=CIRCLE('',#2716,1.55000000000001);
#203=CIRCLE('',#2718,2.5);
#204=CIRCLE('',#2720,1.55);
#205=CIRCLE('',#2722,1.54999999999998);
#206=CIRCLE('',#2732,2.);
#207=CIRCLE('',#2734,2.);
#208=CIRCLE('',#2737,2.);
#209=CIRCLE('',#2738,2.);
#210=CIRCLE('',#2741,2.);
#211=CIRCLE('',#2742,2.);
#212=CIRCLE('',#2745,2.);
#213=CIRCLE('',#2749,2.);
#214=CIRCLE('',#2757,0.999999999999996);
#215=CIRCLE('',#2758,1.);
#216=CIRCLE('',#2759,0.999999999999996);
#217=CIRCLE('',#2760,1.00000000000001);
#218=CIRCLE('',#2763,0.999999999999996);
#219=CIRCLE('',#2764,0.999999999999996);
#220=CIRCLE('',#2767,0.999999999999996);
#221=CIRCLE('',#2768,0.999999999999996);
#222=CIRCLE('',#2772,1.);
#223=CIRCLE('',#2773,1.);
#224=CIRCLE('',#2776,1.);
#225=CIRCLE('',#2777,1.);
#226=CIRCLE('',#2781,0.999999999999996);
#227=CIRCLE('',#2782,0.999999999999996);
#228=CIRCLE('',#2785,0.999999999999996);
#229=CIRCLE('',#2786,0.999999999999996);
#230=CIRCLE('',#2790,1.);
#231=CIRCLE('',#2791,1.);
#232=CIRCLE('',#2794,1.);
#233=CIRCLE('',#2795,1.);
#234=CIRCLE('',#2799,2.70000000000001);
#235=CIRCLE('',#2802,2.70000000000002);
#236=CIRCLE('',#2807,2.7);
#237=CIRCLE('',#2810,2.7);
#238=CIRCLE('',#2815,2.70000000000001);
#239=CIRCLE('',#2818,2.70000000000001);
#240=CIRCLE('',#2824,2.70000000000004);
#241=CIRCLE('',#2828,2.7);
#242=CONICAL_SURFACE('',#2571,3.75000000000001,0.785398163397456);
#243=CONICAL_SURFACE('',#2576,3.75,0.78539816339745);
#244=PLANE('',#2570);
#245=PLANE('',#2574);
#246=PLANE('',#2575);
#247=PLANE('',#2579);
#248=PLANE('',#2600);
#249=PLANE('',#2607);
#250=PLANE('',#2608);
#251=PLANE('',#2610);
#252=PLANE('',#2617);
#253=PLANE('',#2620);
#254=PLANE('',#2621);
#255=PLANE('',#2651);
#256=PLANE('',#2656);
#257=PLANE('',#2661);
#258=PLANE('',#2663);
#259=PLANE('',#2666);
#260=PLANE('',#2669);
#261=PLANE('',#2672);
#262=PLANE('',#2675);
#263=PLANE('',#2684);
#264=PLANE('',#2687);
#265=PLANE('',#2690);
#266=PLANE('',#2693);
#267=PLANE('',#2694);
#268=PLANE('',#2697);
#269=PLANE('',#2701);
#270=PLANE('',#2705);
#271=PLANE('',#2707);
#272=PLANE('',#2711);
#273=PLANE('',#2715);
#274=PLANE('',#2719);
#275=PLANE('',#2721);
#276=PLANE('',#2735);
#277=PLANE('',#2739);
#278=PLANE('',#2743);
#279=PLANE('',#2746);
#280=PLANE('',#2747);
#281=PLANE('',#2750);
#282=PLANE('',#2751);
#283=PLANE('',#2752);
#284=PLANE('',#2753);
#285=PLANE('',#2754);
#286=PLANE('',#2755);
#287=PLANE('',#2756);
#288=PLANE('',#2761);
#289=PLANE('',#2765);
#290=PLANE('',#2769);
#291=PLANE('',#2770);
#292=PLANE('',#2774);
#293=PLANE('',#2778);
#294=PLANE('',#2779);
#295=PLANE('',#2783);
#296=PLANE('',#2787);
#297=PLANE('',#2788);
#298=PLANE('',#2792);
#299=PLANE('',#2796);
#300=PLANE('',#2797);
#301=PLANE('',#2800);
#302=PLANE('',#2803);
#303=PLANE('',#2804);
#304=PLANE('',#2805);
#305=PLANE('',#2808);
#306=PLANE('',#2811);
#307=PLANE('',#2812);
#308=PLANE('',#2813);
#309=PLANE('',#2816);
#310=PLANE('',#2819);
#311=PLANE('',#2820);
#312=PLANE('',#2821);
#313=PLANE('',#2822);
#314=PLANE('',#2825);
#315=PLANE('',#2826);
#316=PLANE('',#2829);
#317=PLANE('',#2830);
#318=PLANE('',#2832);
#319=PLANE('',#2835);
#320=FACE_OUTER_BOUND('',#462,.T.);
#321=FACE_OUTER_BOUND('',#463,.T.);
#322=FACE_OUTER_BOUND('',#464,.T.);
#323=FACE_OUTER_BOUND('',#465,.T.);
#324=FACE_OUTER_BOUND('',#466,.T.);
#325=FACE_OUTER_BOUND('',#467,.T.);
#326=FACE_OUTER_BOUND('',#468,.T.);
#327=FACE_OUTER_BOUND('',#469,.T.);
#328=FACE_OUTER_BOUND('',#470,.T.);
#329=FACE_OUTER_BOUND('',#480,.T.);
#330=FACE_OUTER_BOUND('',#481,.T.);
#331=FACE_OUTER_BOUND('',#482,.T.);
#332=FACE_OUTER_BOUND('',#483,.T.);
#333=FACE_OUTER_BOUND('',#484,.T.);
#334=FACE_OUTER_BOUND('',#485,.T.);
#335=FACE_OUTER_BOUND('',#486,.T.);
#336=FACE_OUTER_BOUND('',#487,.T.);
#337=FACE_OUTER_BOUND('',#488,.T.);
#338=FACE_OUTER_BOUND('',#489,.T.);
#339=FACE_OUTER_BOUND('',#490,.T.);
#340=FACE_OUTER_BOUND('',#491,.T.);
#341=FACE_OUTER_BOUND('',#492,.T.);
#342=FACE_OUTER_BOUND('',#501,.T.);
#343=FACE_OUTER_BOUND('',#502,.T.);
#344=FACE_OUTER_BOUND('',#503,.T.);
#345=FACE_OUTER_BOUND('',#505,.T.);
#346=FACE_OUTER_BOUND('',#506,.T.);
#347=FACE_OUTER_BOUND('',#508,.T.);
#348=FACE_OUTER_BOUND('',#509,.T.);
#349=FACE_OUTER_BOUND('',#511,.T.);
#350=FACE_OUTER_BOUND('',#512,.T.);
#351=FACE_OUTER_BOUND('',#513,.T.);
#352=FACE_OUTER_BOUND('',#514,.T.);
#353=FACE_OUTER_BOUND('',#515,.T.);
#354=FACE_OUTER_BOUND('',#516,.T.);
#355=FACE_OUTER_BOUND('',#517,.T.);
#356=FACE_OUTER_BOUND('',#518,.T.);
#357=FACE_OUTER_BOUND('',#519,.T.);
#358=FACE_OUTER_BOUND('',#523,.T.);
#359=FACE_OUTER_BOUND('',#524,.T.);
#360=FACE_OUTER_BOUND('',#525,.T.);
#361=FACE_OUTER_BOUND('',#526,.T.);
#362=FACE_OUTER_BOUND('',#527,.T.);
#363=FACE_OUTER_BOUND('',#528,.T.);
#364=FACE_OUTER_BOUND('',#529,.T.);
#365=FACE_OUTER_BOUND('',#530,.T.);
#366=FACE_OUTER_BOUND('',#531,.T.);
#367=FACE_OUTER_BOUND('',#532,.T.);
#368=FACE_OUTER_BOUND('',#533,.T.);
#369=FACE_OUTER_BOUND('',#534,.T.);
#370=FACE_OUTER_BOUND('',#535,.T.);
#371=FACE_OUTER_BOUND('',#536,.T.);
#372=FACE_OUTER_BOUND('',#538,.T.);
#373=FACE_OUTER_BOUND('',#539,.T.);
#374=FACE_OUTER_BOUND('',#541,.T.);
#375=FACE_OUTER_BOUND('',#542,.T.);
#376=FACE_OUTER_BOUND('',#544,.T.);
#377=FACE_OUTER_BOUND('',#546,.T.);
#378=FACE_OUTER_BOUND('',#547,.T.);
#379=FACE_OUTER_BOUND('',#549,.T.);
#380=FACE_OUTER_BOUND('',#550,.T.);
#381=FACE_OUTER_BOUND('',#552,.T.);
#382=FACE_OUTER_BOUND('',#553,.T.);
#383=FACE_OUTER_BOUND('',#555,.T.);
#384=FACE_OUTER_BOUND('',#557,.T.);
#385=FACE_OUTER_BOUND('',#558,.T.);
#386=FACE_OUTER_BOUND('',#559,.T.);
#387=FACE_OUTER_BOUND('',#560,.T.);
#388=FACE_OUTER_BOUND('',#561,.T.);
#389=FACE_OUTER_BOUND('',#562,.T.);
#390=FACE_OUTER_BOUND('',#563,.T.);
#391=FACE_OUTER_BOUND('',#564,.T.);
#392=FACE_OUTER_BOUND('',#565,.T.);
#393=FACE_OUTER_BOUND('',#566,.T.);
#394=FACE_OUTER_BOUND('',#567,.T.);
#395=FACE_OUTER_BOUND('',#568,.T.);
#396=FACE_OUTER_BOUND('',#569,.T.);
#397=FACE_OUTER_BOUND('',#570,.T.);
#398=FACE_OUTER_BOUND('',#571,.T.);
#399=FACE_OUTER_BOUND('',#572,.T.);
#400=FACE_OUTER_BOUND('',#573,.T.);
#401=FACE_OUTER_BOUND('',#574,.T.);
#402=FACE_OUTER_BOUND('',#575,.T.);
#403=FACE_OUTER_BOUND('',#576,.T.);
#404=FACE_OUTER_BOUND('',#577,.T.);
#405=FACE_OUTER_BOUND('',#578,.T.);
#406=FACE_OUTER_BOUND('',#579,.T.);
#407=FACE_OUTER_BOUND('',#580,.T.);
#408=FACE_OUTER_BOUND('',#581,.T.);
#409=FACE_OUTER_BOUND('',#582,.T.);
#410=FACE_OUTER_BOUND('',#586,.T.);
#411=FACE_OUTER_BOUND('',#587,.T.);
#412=FACE_OUTER_BOUND('',#588,.T.);
#413=FACE_OUTER_BOUND('',#589,.T.);
#414=FACE_OUTER_BOUND('',#590,.T.);
#415=FACE_OUTER_BOUND('',#591,.T.);
#416=FACE_OUTER_BOUND('',#592,.T.);
#417=FACE_OUTER_BOUND('',#593,.T.);
#418=FACE_OUTER_BOUND('',#594,.T.);
#419=FACE_OUTER_BOUND('',#595,.T.);
#420=FACE_OUTER_BOUND('',#596,.T.);
#421=FACE_OUTER_BOUND('',#597,.T.);
#422=FACE_OUTER_BOUND('',#598,.T.);
#423=FACE_OUTER_BOUND('',#599,.T.);
#424=FACE_OUTER_BOUND('',#600,.T.);
#425=FACE_OUTER_BOUND('',#601,.T.);
#426=FACE_OUTER_BOUND('',#602,.T.);
#427=FACE_OUTER_BOUND('',#603,.T.);
#428=FACE_OUTER_BOUND('',#604,.T.);
#429=FACE_OUTER_BOUND('',#605,.T.);
#430=FACE_OUTER_BOUND('',#606,.T.);
#431=FACE_OUTER_BOUND('',#607,.T.);
#432=FACE_OUTER_BOUND('',#608,.T.);
#433=FACE_OUTER_BOUND('',#609,.T.);
#434=FACE_OUTER_BOUND('',#610,.T.);
#435=FACE_OUTER_BOUND('',#611,.T.);
#436=FACE_OUTER_BOUND('',#612,.T.);
#437=FACE_OUTER_BOUND('',#614,.T.);
#438=FACE_OUTER_BOUND('',#615,.T.);
#439=FACE_OUTER_BOUND('',#616,.T.);
#440=FACE_OUTER_BOUND('',#617,.T.);
#441=FACE_OUTER_BOUND('',#618,.T.);
#442=FACE_OUTER_BOUND('',#619,.T.);
#443=FACE_OUTER_BOUND('',#621,.T.);
#444=FACE_OUTER_BOUND('',#622,.T.);
#445=FACE_OUTER_BOUND('',#623,.T.);
#446=FACE_OUTER_BOUND('',#624,.T.);
#447=FACE_OUTER_BOUND('',#625,.T.);
#448=FACE_OUTER_BOUND('',#626,.T.);
#449=FACE_OUTER_BOUND('',#628,.T.);
#450=FACE_OUTER_BOUND('',#629,.T.);
#451=FACE_OUTER_BOUND('',#630,.T.);
#452=FACE_OUTER_BOUND('',#631,.T.);
#453=FACE_OUTER_BOUND('',#632,.T.);
#454=FACE_OUTER_BOUND('',#633,.T.);
#455=FACE_OUTER_BOUND('',#635,.T.);
#456=FACE_OUTER_BOUND('',#636,.T.);
#457=FACE_OUTER_BOUND('',#637,.T.);
#458=FACE_OUTER_BOUND('',#638,.T.);
#459=FACE_OUTER_BOUND('',#639,.T.);
#460=FACE_OUTER_BOUND('',#640,.T.);
#461=FACE_OUTER_BOUND('',#641,.T.);
#462=EDGE_LOOP('',(#1699,#1700,#1701,#1702));
#463=EDGE_LOOP('',(#1703,#1704,#1705,#1706));
#464=EDGE_LOOP('',(#1707,#1708,#1709,#1710));
#465=EDGE_LOOP('',(#1711,#1712,#1713,#1714));
#466=EDGE_LOOP('',(#1715,#1716,#1717,#1718));
#467=EDGE_LOOP('',(#1719,#1720,#1721,#1722));
#468=EDGE_LOOP('',(#1723,#1724,#1725,#1726));
#469=EDGE_LOOP('',(#1727,#1728,#1729,#1730));
#470=EDGE_LOOP('',(#1731,#1732,#1733,#1734,#1735,#1736,#1737,#1738,#1739,
#1740,#1741,#1742,#1743,#1744,#1745,#1746,#1747,#1748,#1749));
#471=EDGE_LOOP('',(#1750));
#472=EDGE_LOOP('',(#1751));
#473=EDGE_LOOP('',(#1752));
#474=EDGE_LOOP('',(#1753));
#475=EDGE_LOOP('',(#1754));
#476=EDGE_LOOP('',(#1755));
#477=EDGE_LOOP('',(#1756));
#478=EDGE_LOOP('',(#1757));
#479=EDGE_LOOP('',(#1758,#1759,#1760,#1761,#1762,#1763,#1764,#1765));
#480=EDGE_LOOP('',(#1766,#1767,#1768,#1769));
#481=EDGE_LOOP('',(#1770,#1771,#1772,#1773,#1774,#1775,#1776,#1777,#1778,
#1779,#1780,#1781));
#482=EDGE_LOOP('',(#1782,#1783,#1784,#1785,#1786,#1787));
#483=EDGE_LOOP('',(#1788,#1789,#1790,#1791,#1792,#1793));
#484=EDGE_LOOP('',(#1794,#1795,#1796,#1797,#1798,#1799));
#485=EDGE_LOOP('',(#1800,#1801,#1802,#1803));
#486=EDGE_LOOP('',(#1804,#1805,#1806,#1807,#1808,#1809));
#487=EDGE_LOOP('',(#1810,#1811,#1812,#1813));
#488=EDGE_LOOP('',(#1814,#1815,#1816,#1817,#1818));
#489=EDGE_LOOP('',(#1819,#1820,#1821,#1822,#1823,#1824,#1825,#1826));
#490=EDGE_LOOP('',(#1827,#1828,#1829,#1830));
#491=EDGE_LOOP('',(#1831,#1832,#1833,#1834,#1835,#1836,#1837));
#492=EDGE_LOOP('',(#1838,#1839,#1840,#1841,#1842,#1843,#1844,#1845,#1846,
#1847,#1848,#1849,#1850,#1851,#1852,#1853,#1854,#1855,#1856,#1857,#1858,
#1859,#1860,#1861,#1862,#1863,#1864,#1865,#1866,#1867,#1868,#1869,#1870,
#1871,#1872,#1873,#1874,#1875,#1876,#1877,#1878,#1879,#1880,#1881,#1882,
#1883,#1884,#1885,#1886,#1887,#1888,#1889));
#493=EDGE_LOOP('',(#1890));
#494=EDGE_LOOP('',(#1891));
#495=EDGE_LOOP('',(#1892));
#496=EDGE_LOOP('',(#1893));
#497=EDGE_LOOP('',(#1894));
#498=EDGE_LOOP('',(#1895));
#499=EDGE_LOOP('',(#1896));
#500=EDGE_LOOP('',(#1897));
#501=EDGE_LOOP('',(#1898,#1899,#1900,#1901,#1902));
#502=EDGE_LOOP('',(#1903,#1904,#1905,#1906));
#503=EDGE_LOOP('',(#1907));
#504=EDGE_LOOP('',(#1908));
#505=EDGE_LOOP('',(#1909,#1910,#1911,#1912));
#506=EDGE_LOOP('',(#1913));
#507=EDGE_LOOP('',(#1914));
#508=EDGE_LOOP('',(#1915,#1916,#1917,#1918));
#509=EDGE_LOOP('',(#1919));
#510=EDGE_LOOP('',(#1920));
#511=EDGE_LOOP('',(#1921,#1922,#1923,#1924));
#512=EDGE_LOOP('',(#1925,#1926,#1927,#1928));
#513=EDGE_LOOP('',(#1929,#1930,#1931,#1932));
#514=EDGE_LOOP('',(#1933,#1934,#1935,#1936));
#515=EDGE_LOOP('',(#1937,#1938,#1939,#1940));
#516=EDGE_LOOP('',(#1941,#1942,#1943,#1944));
#517=EDGE_LOOP('',(#1945,#1946,#1947,#1948));
#518=EDGE_LOOP('',(#1949,#1950,#1951,#1952));
#519=EDGE_LOOP('',(#1953,#1954,#1955,#1956,#1957,#1958,#1959,#1960));
#520=EDGE_LOOP('',(#1961));
#521=EDGE_LOOP('',(#1962));
#522=EDGE_LOOP('',(#1963));
#523=EDGE_LOOP('',(#1964,#1965,#1966,#1967));
#524=EDGE_LOOP('',(#1968,#1969,#1970,#1971));
#525=EDGE_LOOP('',(#1972,#1973,#1974,#1975));
#526=EDGE_LOOP('',(#1976,#1977,#1978,#1979));
#527=EDGE_LOOP('',(#1980));
#528=EDGE_LOOP('',(#1981,#1982,#1983,#1984));
#529=EDGE_LOOP('',(#1985));
#530=EDGE_LOOP('',(#1986,#1987,#1988,#1989));
#531=EDGE_LOOP('',(#1990));
#532=EDGE_LOOP('',(#1991,#1992,#1993,#1994));
#533=EDGE_LOOP('',(#1995));
#534=EDGE_LOOP('',(#1996,#1997,#1998,#1999));
#535=EDGE_LOOP('',(#2000,#2001,#2002,#2003,#2004,#2005));
#536=EDGE_LOOP('',(#2006));
#537=EDGE_LOOP('',(#2007));
#538=EDGE_LOOP('',(#2008,#2009,#2010,#2011));
#539=EDGE_LOOP('',(#2012));
#540=EDGE_LOOP('',(#2013));
#541=EDGE_LOOP('',(#2014,#2015,#2016,#2017));
#542=EDGE_LOOP('',(#2018));
#543=EDGE_LOOP('',(#2019));
#544=EDGE_LOOP('',(#2020));
#545=EDGE_LOOP('',(#2021));
#546=EDGE_LOOP('',(#2022,#2023,#2024,#2025,#2026,#2027));
#547=EDGE_LOOP('',(#2028));
#548=EDGE_LOOP('',(#2029));
#549=EDGE_LOOP('',(#2030,#2031,#2032,#2033));
#550=EDGE_LOOP('',(#2034));
#551=EDGE_LOOP('',(#2035));
#552=EDGE_LOOP('',(#2036,#2037,#2038,#2039));
#553=EDGE_LOOP('',(#2040));
#554=EDGE_LOOP('',(#2041));
#555=EDGE_LOOP('',(#2042));
#556=EDGE_LOOP('',(#2043));
#557=EDGE_LOOP('',(#2044,#2045,#2046,#2047));
#558=EDGE_LOOP('',(#2048,#2049,#2050,#2051));
#559=EDGE_LOOP('',(#2052,#2053,#2054,#2055));
#560=EDGE_LOOP('',(#2056,#2057,#2058,#2059));
#561=EDGE_LOOP('',(#2060,#2061,#2062,#2063));
#562=EDGE_LOOP('',(#2064,#2065,#2066,#2067));
#563=EDGE_LOOP('',(#2068,#2069,#2070,#2071));
#564=EDGE_LOOP('',(#2072,#2073,#2074,#2075));
#565=EDGE_LOOP('',(#2076,#2077,#2078,#2079));
#566=EDGE_LOOP('',(#2080,#2081,#2082,#2083));
#567=EDGE_LOOP('',(#2084,#2085,#2086,#2087,#2088,#2089,#2090));
#568=EDGE_LOOP('',(#2091,#2092,#2093,#2094));
#569=EDGE_LOOP('',(#2095,#2096,#2097,#2098));
#570=EDGE_LOOP('',(#2099,#2100,#2101,#2102));
#571=EDGE_LOOP('',(#2103,#2104,#2105,#2106,#2107,#2108,#2109,#2110));
#572=EDGE_LOOP('',(#2111,#2112,#2113,#2114));
#573=EDGE_LOOP('',(#2115,#2116,#2117,#2118,#2119));
#574=EDGE_LOOP('',(#2120,#2121,#2122,#2123));
#575=EDGE_LOOP('',(#2124,#2125,#2126,#2127));
#576=EDGE_LOOP('',(#2128,#2129,#2130,#2131));
#577=EDGE_LOOP('',(#2132,#2133,#2134,#2135));
#578=EDGE_LOOP('',(#2136,#2137,#2138,#2139,#2140));
#579=EDGE_LOOP('',(#2141,#2142,#2143,#2144));
#580=EDGE_LOOP('',(#2145,#2146,#2147,#2148,#2149,#2150,#2151,#2152,#2153,
#2154));
#581=EDGE_LOOP('',(#2155,#2156,#2157,#2158,#2159,#2160,#2161));
#582=EDGE_LOOP('',(#2162,#2163,#2164,#2165,#2166,#2167,#2168,#2169,#2170,
#2171,#2172,#2173));
#583=EDGE_LOOP('',(#2174));
#584=EDGE_LOOP('',(#2175));
#585=EDGE_LOOP('',(#2176));
#586=EDGE_LOOP('',(#2177,#2178,#2179,#2180,#2181,#2182,#2183,#2184,#2185,
#2186));
#587=EDGE_LOOP('',(#2187,#2188,#2189,#2190));
#588=EDGE_LOOP('',(#2191,#2192,#2193,#2194));
#589=EDGE_LOOP('',(#2195,#2196,#2197,#2198));
#590=EDGE_LOOP('',(#2199,#2200,#2201,#2202));
#591=EDGE_LOOP('',(#2203,#2204,#2205,#2206));
#592=EDGE_LOOP('',(#2207,#2208,#2209,#2210));
#593=EDGE_LOOP('',(#2211,#2212,#2213,#2214));
#594=EDGE_LOOP('',(#2215,#2216,#2217,#2218));
#595=EDGE_LOOP('',(#2219,#2220,#2221,#2222));
#596=EDGE_LOOP('',(#2223,#2224,#2225,#2226));
#597=EDGE_LOOP('',(#2227,#2228,#2229,#2230));
#598=EDGE_LOOP('',(#2231,#2232,#2233,#2234));
#599=EDGE_LOOP('',(#2235,#2236,#2237,#2238));
#600=EDGE_LOOP('',(#2239,#2240,#2241,#2242));
#601=EDGE_LOOP('',(#2243,#2244,#2245,#2246));
#602=EDGE_LOOP('',(#2247,#2248,#2249,#2250));
#603=EDGE_LOOP('',(#2251,#2252,#2253,#2254));
#604=EDGE_LOOP('',(#2255,#2256,#2257,#2258));
#605=EDGE_LOOP('',(#2259,#2260,#2261,#2262));
#606=EDGE_LOOP('',(#2263,#2264,#2265,#2266));
#607=EDGE_LOOP('',(#2267,#2268,#2269,#2270));
#608=EDGE_LOOP('',(#2271,#2272,#2273,#2274));
#609=EDGE_LOOP('',(#2275,#2276,#2277,#2278));
#610=EDGE_LOOP('',(#2279,#2280,#2281,#2282));
#611=EDGE_LOOP('',(#2283,#2284,#2285,#2286));
#612=EDGE_LOOP('',(#2287,#2288,#2289,#2290,#2291,#2292));
#613=EDGE_LOOP('',(#2293,#2294,#2295,#2296));
#614=EDGE_LOOP('',(#2297,#2298,#2299,#2300));
#615=EDGE_LOOP('',(#2301,#2302,#2303,#2304));
#616=EDGE_LOOP('',(#2305,#2306,#2307,#2308));
#617=EDGE_LOOP('',(#2309,#2310,#2311,#2312));
#618=EDGE_LOOP('',(#2313,#2314,#2315,#2316));
#619=EDGE_LOOP('',(#2317,#2318,#2319,#2320,#2321,#2322));
#620=EDGE_LOOP('',(#2323,#2324,#2325,#2326));
#621=EDGE_LOOP('',(#2327,#2328,#2329,#2330));
#622=EDGE_LOOP('',(#2331,#2332,#2333,#2334));
#623=EDGE_LOOP('',(#2335,#2336,#2337,#2338));
#624=EDGE_LOOP('',(#2339,#2340,#2341,#2342));
#625=EDGE_LOOP('',(#2343,#2344,#2345,#2346));
#626=EDGE_LOOP('',(#2347,#2348,#2349,#2350,#2351,#2352));
#627=EDGE_LOOP('',(#2353,#2354,#2355,#2356));
#628=EDGE_LOOP('',(#2357,#2358,#2359,#2360));
#629=EDGE_LOOP('',(#2361,#2362,#2363,#2364));
#630=EDGE_LOOP('',(#2365,#2366,#2367,#2368));
#631=EDGE_LOOP('',(#2369,#2370,#2371,#2372));
#632=EDGE_LOOP('',(#2373,#2374,#2375,#2376));
#633=EDGE_LOOP('',(#2377,#2378,#2379,#2380,#2381,#2382));
#634=EDGE_LOOP('',(#2383,#2384,#2385,#2386));
#635=EDGE_LOOP('',(#2387,#2388,#2389,#2390,#2391,#2392,#2393,#2394,#2395,
#2396,#2397,#2398));
#636=EDGE_LOOP('',(#2399,#2400,#2401,#2402));
#637=EDGE_LOOP('',(#2403,#2404,#2405,#2406));
#638=EDGE_LOOP('',(#2407,#2408,#2409,#2410));
#639=EDGE_LOOP('',(#2411,#2412,#2413,#2414));
#640=EDGE_LOOP('',(#2415,#2416,#2417,#2418));
#641=EDGE_LOOP('',(#2419,#2420,#2421,#2422));
#642=B_SPLINE_CURVE_WITH_KNOTS('',3,(#3621,#3622,#3623,#3624,#3625),
 .UNSPECIFIED.,.F.,.F.,(4,1,4),(-1.54463429278971,-0.88264816730841,-6.21724893790088E-15),
 .UNSPECIFIED.);
#643=B_SPLINE_CURVE_WITH_KNOTS('',3,(#3628,#3629,#3630,#3631,#3632),
 .UNSPECIFIED.,.F.,.F.,(4,1,4),(6.21724893790088E-15,0.88264816730841,1.54463429278971),
 .UNSPECIFIED.);
#644=B_SPLINE_CURVE_WITH_KNOTS('',3,(#3661,#3662,#3663,#3664),
 .UNSPECIFIED.,.F.,.F.,(4,4),(0.,1.00000912333895),.UNSPECIFIED.);
#645=B_SPLINE_CURVE_WITH_KNOTS('',3,(#3665,#3666,#3667,#3668,#3669),
 .UNSPECIFIED.,.F.,.F.,(4,1,4),(-1.54463429276166,-0.882648167292379,9.0205620750794E-16),
 .UNSPECIFIED.);
#646=B_SPLINE_CURVE_WITH_KNOTS('',3,(#3670,#3671,#3672,#3673,#3674),
 .UNSPECIFIED.,.F.,.F.,(4,1,4),(-9.0205620750794E-16,0.882648167292379,
1.54036266998559),.UNSPECIFIED.);
#647=B_SPLINE_CURVE_WITH_KNOTS('',3,(#3706,#3707,#3708,#3709),
 .UNSPECIFIED.,.F.,.F.,(4,4),(-1.5707963267949,-1.54463429278971),
 .UNSPECIFIED.);
#648=B_SPLINE_CURVE_WITH_KNOTS('',3,(#3710,#3711,#3712,#3713),
 .UNSPECIFIED.,.F.,.F.,(4,4),(1.54463429278971,1.5707963267949),
 .UNSPECIFIED.);
#649=B_SPLINE_CURVE_WITH_KNOTS('',3,(#3791,#3792,#3793,#3794,#3795,#3796,
#3797,#3798,#3799,#3800,#3801,#3802,#3803,#3804,#3805,#3806,#3807,#3808,
#3809),.UNSPECIFIED.,.F.,.F.,(4,2,2,2,3,2,2,2,4),(1.37935297510384,1.39028988641069,
1.48480200581123,1.58073187930696,1.6766617528027,1.77259162629843,1.86852149979416,
1.9630336191947,1.97397053050155),.UNSPECIFIED.);
#650=B_SPLINE_CURVE_WITH_KNOTS('',3,(#3810,#3811,#3812,#3813,#3814,#3815,
#3816,#3817,#3818,#3819,#3820,#3821,#3822,#3823,#3824,#3825,#3826,#3827,
#3828),.UNSPECIFIED.,.F.,.F.,(4,2,2,2,3,2,2,2,4),(1.3807570498182,1.39287242541825,
1.48863809777881,1.58332091278154,1.67800372778428,1.77393360128001,1.86986347477574,
1.96437559417628,1.97531250548313),.UNSPECIFIED.);
#651=B_SPLINE_CURVE_WITH_KNOTS('',3,(#3829,#3830,#3831,#3832,#3833,#3834,
#3835,#3836,#3837,#3838,#3839,#3840,#3841,#3842,#3843,#3844,#3845,#3846,
#3847),.UNSPECIFIED.,.F.,.F.,(4,2,2,2,3,2,2,2,4),(1.37935297510384,1.39028988641069,
1.48480200581123,1.58073187930696,1.6766617528027,1.77259162629843,1.86852149979417,
1.9630336191947,1.97397053050155),.UNSPECIFIED.);
#652=B_SPLINE_CURVE_WITH_KNOTS('',3,(#3848,#3849,#3850,#3851,#3852,#3853,
#3854,#3855,#3856,#3857,#3858,#3859,#3860,#3861,#3862,#3863,#3864,#3865,
#3866),.UNSPECIFIED.,.F.,.F.,(4,2,2,2,3,2,2,2,4),(1.37935297510384,1.39028988641069,
1.48480200581123,1.58073187930696,1.6766617528027,1.77259162629843,1.86852149979416,
1.9630336191947,1.97397053050155),.UNSPECIFIED.);
#653=LINE('',#3619,#876);
#654=LINE('',#3627,#877);
#655=LINE('',#3636,#878);
#656=LINE('',#3637,#879);
#657=LINE('',#3638,#880);
#658=LINE('',#3678,#881);
#659=LINE('',#3682,#882);
#660=LINE('',#3687,#883);
#661=LINE('',#3688,#884);
#662=LINE('',#3689,#885);
#663=LINE('',#3717,#886);
#664=LINE('',#3718,#887);
#665=LINE('',#3719,#888);
#666=LINE('',#3723,#889);
#667=LINE('',#3728,#890);
#668=LINE('',#3734,#891);
#669=LINE('',#3740,#892);
#670=LINE('',#3746,#893);
#671=LINE('',#3751,#894);
#672=LINE('',#3770,#895);
#673=LINE('',#3774,#896);
#674=LINE('',#3778,#897);
#675=LINE('',#3782,#898);
#676=LINE('',#3786,#899);
#677=LINE('',#3789,#900);
#678=LINE('',#3867,#901);
#679=LINE('',#3871,#902);
#680=LINE('',#3875,#903);
#681=LINE('',#3878,#904);
#682=LINE('',#3880,#905);
#683=LINE('',#3882,#906);
#684=LINE('',#3883,#907);
#685=LINE('',#3886,#908);
#686=LINE('',#3892,#909);
#687=LINE('',#3897,#910);
#688=LINE('',#3900,#911);
#689=LINE('',#3904,#912);
#690=LINE('',#3906,#913);
#691=LINE('',#3908,#914);
#692=LINE('',#3910,#915);
#693=LINE('',#3912,#916);
#694=LINE('',#3913,#917);
#695=LINE('',#3916,#918);
#696=LINE('',#3919,#919);
#697=LINE('',#3922,#920);
#698=LINE('',#3923,#921);
#699=LINE('',#3928,#922);
#700=LINE('',#3930,#923);
#701=LINE('',#3934,#924);
#702=LINE('',#3936,#925);
#703=LINE('',#3938,#926);
#704=LINE('',#3942,#927);
#705=LINE('',#3946,#928);
#706=LINE('',#3948,#929);
#707=LINE('',#3952,#930);
#708=LINE('',#3956,#931);
#709=LINE('',#3958,#932);
#710=LINE('',#3962,#933);
#711=LINE('',#3966,#934);
#712=LINE('',#3968,#935);
#713=LINE('',#3970,#936);
#714=LINE('',#3974,#937);
#715=LINE('',#3978,#938);
#716=LINE('',#3980,#939);
#717=LINE('',#3984,#940);
#718=LINE('',#3988,#941);
#719=LINE('',#3990,#942);
#720=LINE('',#3994,#943);
#721=LINE('',#3998,#944);
#722=LINE('',#4000,#945);
#723=LINE('',#4002,#946);
#724=LINE('',#4006,#947);
#725=LINE('',#4008,#948);
#726=LINE('',#4011,#949);
#727=LINE('',#4033,#950);
#728=LINE('',#4042,#951);
#729=LINE('',#4051,#952);
#730=LINE('',#4058,#953);
#731=LINE('',#4060,#954);
#732=LINE('',#4061,#955);
#733=LINE('',#4065,#956);
#734=LINE('',#4068,#957);
#735=LINE('',#4069,#958);
#736=LINE('',#4073,#959);
#737=LINE('',#4076,#960);
#738=LINE('',#4077,#961);
#739=LINE('',#4081,#962);
#740=LINE('',#4084,#963);
#741=LINE('',#4085,#964);
#742=LINE('',#4096,#965);
#743=LINE('',#4098,#966);
#744=LINE('',#4100,#967);
#745=LINE('',#4103,#968);
#746=LINE('',#4108,#969);
#747=LINE('',#4113,#970);
#748=LINE('',#4118,#971);
#749=LINE('',#4125,#972);
#750=LINE('',#4132,#973);
#751=LINE('',#4139,#974);
#752=LINE('',#4149,#975);
#753=LINE('',#4156,#976);
#754=LINE('',#4163,#977);
#755=LINE('',#4171,#978);
#756=LINE('',#4173,#979);
#757=LINE('',#4175,#980);
#758=LINE('',#4177,#981);
#759=LINE('',#4179,#982);
#760=LINE('',#4181,#983);
#761=LINE('',#4183,#984);
#762=LINE('',#4185,#985);
#763=LINE('',#4189,#986);
#764=LINE('',#4192,#987);
#765=LINE('',#4196,#988);
#766=LINE('',#4198,#989);
#767=LINE('',#4200,#990);
#768=LINE('',#4202,#991);
#769=LINE('',#4203,#992);
#770=LINE('',#4209,#993);
#771=LINE('',#4212,#994);
#772=LINE('',#4215,#995);
#773=LINE('',#4217,#996);
#774=LINE('',#4218,#997);
#775=LINE('',#4223,#998);
#776=LINE('',#4228,#999);
#777=LINE('',#4229,#1000);
#778=LINE('',#4232,#1001);
#779=LINE('',#4233,#1002);
#780=LINE('',#4234,#1003);
#781=LINE('',#4236,#1004);
#782=LINE('',#4241,#1005);
#783=LINE('',#4242,#1006);
#784=LINE('',#4245,#1007);
#785=LINE('',#4246,#1008);
#786=LINE('',#4249,#1009);
#787=LINE('',#4250,#1010);
#788=LINE('',#4253,#1011);
#789=LINE('',#4254,#1012);
#790=LINE('',#4257,#1013);
#791=LINE('',#4259,#1014);
#792=LINE('',#4260,#1015);
#793=LINE('',#4262,#1016);
#794=LINE('',#4264,#1017);
#795=LINE('',#4265,#1018);
#796=LINE('',#4269,#1019);
#797=LINE('',#4273,#1020);
#798=LINE('',#4277,#1021);
#799=LINE('',#4281,#1022);
#800=LINE('',#4285,#1023);
#801=LINE('',#4287,#1024);
#802=LINE('',#4288,#1025);
#803=LINE('',#4289,#1026);
#804=LINE('',#4295,#1027);
#805=LINE('',#4298,#1028);
#806=LINE('',#4301,#1029);
#807=LINE('',#4303,#1030);
#808=LINE('',#4304,#1031);
#809=LINE('',#4309,#1032);
#810=LINE('',#4312,#1033);
#811=LINE('',#4313,#1034);
#812=LINE('',#4320,#1035);
#813=LINE('',#4323,#1036);
#814=LINE('',#4326,#1037);
#815=LINE('',#4328,#1038);
#816=LINE('',#4329,#1039);
#817=LINE('',#4334,#1040);
#818=LINE('',#4337,#1041);
#819=LINE('',#4338,#1042);
#820=LINE('',#4345,#1043);
#821=LINE('',#4348,#1044);
#822=LINE('',#4351,#1045);
#823=LINE('',#4353,#1046);
#824=LINE('',#4354,#1047);
#825=LINE('',#4359,#1048);
#826=LINE('',#4362,#1049);
#827=LINE('',#4363,#1050);
#828=LINE('',#4370,#1051);
#829=LINE('',#4373,#1052);
#830=LINE('',#4376,#1053);
#831=LINE('',#4378,#1054);
#832=LINE('',#4379,#1055);
#833=LINE('',#4384,#1056);
#834=LINE('',#4387,#1057);
#835=LINE('',#4388,#1058);
#836=LINE('',#4392,#1059);
#837=LINE('',#4395,#1060);
#838=LINE('',#4398,#1061);
#839=LINE('',#4399,#1062);
#840=LINE('',#4402,#1063);
#841=LINE('',#4406,#1064);
#842=LINE('',#4407,#1065);
#843=LINE('',#4410,#1066);
#844=LINE('',#4411,#1067);
#845=LINE('',#4413,#1068);
#846=LINE('',#4416,#1069);
#847=LINE('',#4419,#1070);
#848=LINE('',#4422,#1071);
#849=LINE('',#4423,#1072);
#850=LINE('',#4426,#1073);
#851=LINE('',#4429,#1074);
#852=LINE('',#4431,#1075);
#853=LINE('',#4435,#1076);
#854=LINE('',#4438,#1077);
#855=LINE('',#4441,#1078);
#856=LINE('',#4442,#1079);
#857=LINE('',#4445,#1080);
#858=LINE('',#4449,#1081);
#859=LINE('',#4450,#1082);
#860=LINE('',#4453,#1083);
#861=LINE('',#4454,#1084);
#862=LINE('',#4456,#1085);
#863=LINE('',#4459,#1086);
#864=LINE('',#4460,#1087);
#865=LINE('',#4463,#1088);
#866=LINE('',#4467,#1089);
#867=LINE('',#4468,#1090);
#868=LINE('',#4471,#1091);
#869=LINE('',#4472,#1092);
#870=LINE('',#4477,#1093);
#871=LINE('',#4478,#1094);
#872=LINE('',#4480,#1095);
#873=LINE('',#4482,#1096);
#874=LINE('',#4485,#1097);
#875=LINE('',#4487,#1098);
#876=VECTOR('',#2839,10.);
#877=VECTOR('',#2840,10.);
#878=VECTOR('',#2843,10.);
#879=VECTOR('',#2844,10.);
#880=VECTOR('',#2845,10.);
#881=VECTOR('',#2848,10.);
#882=VECTOR('',#2851,10.);
#883=VECTOR('',#2856,10.);
#884=VECTOR('',#2857,10.);
#885=VECTOR('',#2858,10.);
#886=VECTOR('',#2861,10.);
#887=VECTOR('',#2862,10.);
#888=VECTOR('',#2863,10.);
#889=VECTOR('',#2866,10.);
#890=VECTOR('',#2873,10.);
#891=VECTOR('',#2878,10.);
#892=VECTOR('',#2883,10.);
#893=VECTOR('',#2888,10.);
#894=VECTOR('',#2893,10.);
#895=VECTOR('',#2910,10.);
#896=VECTOR('',#2913,10.);
#897=VECTOR('',#2916,10.);
#898=VECTOR('',#2919,10.);
#899=VECTOR('',#2924,10.);
#900=VECTOR('',#2927,10.);
#901=VECTOR('',#2930,10.);
#902=VECTOR('',#2935,2.5);
#903=VECTOR('',#2940,2.5);
#904=VECTOR('',#2943,10.);
#905=VECTOR('',#2944,10.);
#906=VECTOR('',#2945,10.);
#907=VECTOR('',#2946,10.);
#908=VECTOR('',#2949,10.);
#909=VECTOR('',#2956,10.);
#910=VECTOR('',#2963,10.);
#911=VECTOR('',#2966,10.);
#912=VECTOR('',#2971,10.);
#913=VECTOR('',#2972,10.);
#914=VECTOR('',#2973,10.);
#915=VECTOR('',#2974,10.);
#916=VECTOR('',#2975,10.);
#917=VECTOR('',#2976,10.);
#918=VECTOR('',#2979,10.);
#919=VECTOR('',#2982,10.);
#920=VECTOR('',#2985,10.);
#921=VECTOR('',#2986,10.);
#922=VECTOR('',#2991,10.);
#923=VECTOR('',#2992,10.);
#924=VECTOR('',#2995,10.);
#925=VECTOR('',#2996,10.);
#926=VECTOR('',#2997,10.);
#927=VECTOR('',#3000,10.);
#928=VECTOR('',#3003,10.);
#929=VECTOR('',#3004,10.);
#930=VECTOR('',#3007,10.);
#931=VECTOR('',#3010,10.);
#932=VECTOR('',#3011,10.);
#933=VECTOR('',#3014,10.);
#934=VECTOR('',#3017,10.);
#935=VECTOR('',#3018,10.);
#936=VECTOR('',#3019,10.);
#937=VECTOR('',#3022,10.);
#938=VECTOR('',#3025,10.);
#939=VECTOR('',#3026,10.);
#940=VECTOR('',#3029,10.);
#941=VECTOR('',#3032,10.);
#942=VECTOR('',#3033,10.);
#943=VECTOR('',#3036,10.);
#944=VECTOR('',#3039,10.);
#945=VECTOR('',#3040,10.);
#946=VECTOR('',#3041,10.);
#947=VECTOR('',#3044,10.);
#948=VECTOR('',#3045,10.);
#949=VECTOR('',#3050,10.);
#950=VECTOR('',#3073,3.1);
#951=VECTOR('',#3084,3.09999999999999);
#952=VECTOR('',#3095,3.09999999999999);
#953=VECTOR('',#3104,10.);
#954=VECTOR('',#3105,10.);
#955=VECTOR('',#3106,10.);
#956=VECTOR('',#3111,10.);
#957=VECTOR('',#3114,10.);
#958=VECTOR('',#3115,10.);
#959=VECTOR('',#3120,10.);
#960=VECTOR('',#3123,10.);
#961=VECTOR('',#3124,10.);
#962=VECTOR('',#3129,10.);
#963=VECTOR('',#3132,10.);
#964=VECTOR('',#3133,10.);
#965=VECTOR('',#3148,1.55);
#966=VECTOR('',#3151,1.55000000000001);
#967=VECTOR('',#3154,1.54999999999999);
#968=VECTOR('',#3157,5.04999999999999);
#969=VECTOR('',#3164,5.05);
#970=VECTOR('',#3171,5.04999999999999);
#971=VECTOR('',#3178,5.05);
#972=VECTOR('',#3189,2.5);
#973=VECTOR('',#3198,2.5);
#974=VECTOR('',#3207,2.5);
#975=VECTOR('',#3220,2.5);
#976=VECTOR('',#3229,2.5);
#977=VECTOR('',#3238,2.5);
#978=VECTOR('',#3249,1.54999999999999);
#979=VECTOR('',#3252,1.55000000000001);
#980=VECTOR('',#3255,1.55000000000001);
#981=VECTOR('',#3258,1.55000000000001);
#982=VECTOR('',#3261,1.55);
#983=VECTOR('',#3264,1.54999999999998);
#984=VECTOR('',#3267,1.55);
#985=VECTOR('',#3270,1.55000000000001);
#986=VECTOR('',#3275,10.);
#987=VECTOR('',#3278,10.);
#988=VECTOR('',#3283,10.);
#989=VECTOR('',#3284,10.);
#990=VECTOR('',#3285,10.);
#991=VECTOR('',#3286,10.);
#992=VECTOR('',#3287,10.);
#993=VECTOR('',#3292,10.);
#994=VECTOR('',#3295,10.);
#995=VECTOR('',#3298,10.);
#996=VECTOR('',#3299,10.);
#997=VECTOR('',#3300,10.);
#998=VECTOR('',#3309,10.);
#999=VECTOR('',#3314,10.);
#1000=VECTOR('',#3315,10.);
#1001=VECTOR('',#3318,10.);
#1002=VECTOR('',#3319,10.);
#1003=VECTOR('',#3320,10.);
#1004=VECTOR('',#3323,10.);
#1005=VECTOR('',#3328,10.);
#1006=VECTOR('',#3329,10.);
#1007=VECTOR('',#3332,10.);
#1008=VECTOR('',#3333,10.);
#1009=VECTOR('',#3336,10.);
#1010=VECTOR('',#3337,10.);
#1011=VECTOR('',#3340,10.);
#1012=VECTOR('',#3341,10.);
#1013=VECTOR('',#3346,10.);
#1014=VECTOR('',#3347,10.);
#1015=VECTOR('',#3348,10.);
#1016=VECTOR('',#3349,10.);
#1017=VECTOR('',#3350,10.);
#1018=VECTOR('',#3351,10.);
#1019=VECTOR('',#3356,10.);
#1020=VECTOR('',#3359,10.);
#1021=VECTOR('',#3362,10.);
#1022=VECTOR('',#3365,10.);
#1023=VECTOR('',#3370,10.);
#1024=VECTOR('',#3371,10.);
#1025=VECTOR('',#3372,10.);
#1026=VECTOR('',#3373,10.);
#1027=VECTOR('',#3378,10.);
#1028=VECTOR('',#3381,10.);
#1029=VECTOR('',#3384,10.);
#1030=VECTOR('',#3385,10.);
#1031=VECTOR('',#3386,10.);
#1032=VECTOR('',#3391,10.);
#1033=VECTOR('',#3396,10.);
#1034=VECTOR('',#3397,10.);
#1035=VECTOR('',#3404,10.);
#1036=VECTOR('',#3407,10.);
#1037=VECTOR('',#3410,10.);
#1038=VECTOR('',#3411,10.);
#1039=VECTOR('',#3412,10.);
#1040=VECTOR('',#3417,10.);
#1041=VECTOR('',#3422,10.);
#1042=VECTOR('',#3423,10.);
#1043=VECTOR('',#3430,10.);
#1044=VECTOR('',#3433,10.);
#1045=VECTOR('',#3436,10.);
#1046=VECTOR('',#3437,10.);
#1047=VECTOR('',#3438,10.);
#1048=VECTOR('',#3443,10.);
#1049=VECTOR('',#3448,10.);
#1050=VECTOR('',#3449,10.);
#1051=VECTOR('',#3456,10.);
#1052=VECTOR('',#3459,10.);
#1053=VECTOR('',#3462,10.);
#1054=VECTOR('',#3463,10.);
#1055=VECTOR('',#3464,10.);
#1056=VECTOR('',#3469,10.);
#1057=VECTOR('',#3474,10.);
#1058=VECTOR('',#3475,10.);
#1059=VECTOR('',#3480,10.);
#1060=VECTOR('',#3483,10.);
#1061=VECTOR('',#3486,10.);
#1062=VECTOR('',#3487,10.);
#1063=VECTOR('',#3490,10.);
#1064=VECTOR('',#3495,10.);
#1065=VECTOR('',#3496,10.);
#1066=VECTOR('',#3499,10.);
#1067=VECTOR('',#3500,10.);
#1068=VECTOR('',#3503,10.);
#1069=VECTOR('',#3506,10.);
#1070=VECTOR('',#3509,10.);
#1071=VECTOR('',#3512,10.);
#1072=VECTOR('',#3513,10.);
#1073=VECTOR('',#3516,10.);
#1074=VECTOR('',#3521,10.);
#1075=VECTOR('',#3524,10.);
#1076=VECTOR('',#3529,10.);
#1077=VECTOR('',#3532,10.);
#1078=VECTOR('',#3535,10.);
#1079=VECTOR('',#3536,10.);
#1080=VECTOR('',#3539,10.);
#1081=VECTOR('',#3544,10.);
#1082=VECTOR('',#3545,10.);
#1083=VECTOR('',#3548,10.);
#1084=VECTOR('',#3549,10.);
#1085=VECTOR('',#3552,10.);
#1086=VECTOR('',#3555,10.);
#1087=VECTOR('',#3556,10.);
#1088=VECTOR('',#3559,10.);
#1089=VECTOR('',#3564,10.);
#1090=VECTOR('',#3565,10.);
#1091=VECTOR('',#3568,10.);
#1092=VECTOR('',#3569,10.);
#1093=VECTOR('',#3578,10.);
#1094=VECTOR('',#3579,10.);
#1095=VECTOR('',#3582,10.);
#1096=VECTOR('',#3585,10.);
#1097=VECTOR('',#3590,10.);
#1098=VECTOR('',#3593,10.);
#1099=VERTEX_POINT('',#3617);
#1100=VERTEX_POINT('',#3618);
#1101=VERTEX_POINT('',#3620);
#1102=VERTEX_POINT('',#3626);
#1103=VERTEX_POINT('',#3634);
#1104=VERTEX_POINT('',#3635);
#1105=VERTEX_POINT('',#3659);
#1106=VERTEX_POINT('',#3660);
#1107=VERTEX_POINT('',#3676);
#1108=VERTEX_POINT('',#3677);
#1109=VERTEX_POINT('',#3679);
#1110=VERTEX_POINT('',#3681);
#1111=VERTEX_POINT('',#3685);
#1112=VERTEX_POINT('',#3686);
#1113=VERTEX_POINT('',#3715);
#1114=VERTEX_POINT('',#3716);
#1115=VERTEX_POINT('',#3721);
#1116=VERTEX_POINT('',#3722);
#1117=VERTEX_POINT('',#3727);
#1118=VERTEX_POINT('',#3729);
#1119=VERTEX_POINT('',#3731);
#1120=VERTEX_POINT('',#3733);
#1121=VERTEX_POINT('',#3735);
#1122=VERTEX_POINT('',#3737);
#1123=VERTEX_POINT('',#3739);
#1124=VERTEX_POINT('',#3741);
#1125=VERTEX_POINT('',#3743);
#1126=VERTEX_POINT('',#3745);
#1127=VERTEX_POINT('',#3747);
#1128=VERTEX_POINT('',#3749);
#1129=VERTEX_POINT('',#3752);
#1130=VERTEX_POINT('',#3754);
#1131=VERTEX_POINT('',#3756);
#1132=VERTEX_POINT('',#3758);
#1133=VERTEX_POINT('',#3760);
#1134=VERTEX_POINT('',#3762);
#1135=VERTEX_POINT('',#3764);
#1136=VERTEX_POINT('',#3766);
#1137=VERTEX_POINT('',#3768);
#1138=VERTEX_POINT('',#3769);
#1139=VERTEX_POINT('',#3771);
#1140=VERTEX_POINT('',#3773);
#1141=VERTEX_POINT('',#3775);
#1142=VERTEX_POINT('',#3777);
#1143=VERTEX_POINT('',#3779);
#1144=VERTEX_POINT('',#3781);
#1145=VERTEX_POINT('',#3785);
#1146=VERTEX_POINT('',#3787);
#1147=VERTEX_POINT('',#3869);
#1148=VERTEX_POINT('',#3873);
#1149=VERTEX_POINT('',#3877);
#1150=VERTEX_POINT('',#3879);
#1151=VERTEX_POINT('',#3881);
#1152=VERTEX_POINT('',#3885);
#1153=VERTEX_POINT('',#3889);
#1154=VERTEX_POINT('',#3891);
#1155=VERTEX_POINT('',#3895);
#1156=VERTEX_POINT('',#3899);
#1157=VERTEX_POINT('',#3903);
#1158=VERTEX_POINT('',#3905);
#1159=VERTEX_POINT('',#3907);
#1160=VERTEX_POINT('',#3909);
#1161=VERTEX_POINT('',#3911);
#1162=VERTEX_POINT('',#3915);
#1163=VERTEX_POINT('',#3917);
#1164=VERTEX_POINT('',#3921);
#1165=VERTEX_POINT('',#3925);
#1166=VERTEX_POINT('',#3927);
#1167=VERTEX_POINT('',#3929);
#1168=VERTEX_POINT('',#3931);
#1169=VERTEX_POINT('',#3933);
#1170=VERTEX_POINT('',#3935);
#1171=VERTEX_POINT('',#3937);
#1172=VERTEX_POINT('',#3939);
#1173=VERTEX_POINT('',#3941);
#1174=VERTEX_POINT('',#3943);
#1175=VERTEX_POINT('',#3945);
#1176=VERTEX_POINT('',#3947);
#1177=VERTEX_POINT('',#3949);
#1178=VERTEX_POINT('',#3951);
#1179=VERTEX_POINT('',#3953);
#1180=VERTEX_POINT('',#3955);
#1181=VERTEX_POINT('',#3957);
#1182=VERTEX_POINT('',#3959);
#1183=VERTEX_POINT('',#3961);
#1184=VERTEX_POINT('',#3963);
#1185=VERTEX_POINT('',#3965);
#1186=VERTEX_POINT('',#3967);
#1187=VERTEX_POINT('',#3969);
#1188=VERTEX_POINT('',#3971);
#1189=VERTEX_POINT('',#3973);
#1190=VERTEX_POINT('',#3975);
#1191=VERTEX_POINT('',#3977);
#1192=VERTEX_POINT('',#3979);
#1193=VERTEX_POINT('',#3981);
#1194=VERTEX_POINT('',#3983);
#1195=VERTEX_POINT('',#3985);
#1196=VERTEX_POINT('',#3987);
#1197=VERTEX_POINT('',#3989);
#1198=VERTEX_POINT('',#3991);
#1199=VERTEX_POINT('',#3993);
#1200=VERTEX_POINT('',#3995);
#1201=VERTEX_POINT('',#3997);
#1202=VERTEX_POINT('',#3999);
#1203=VERTEX_POINT('',#4001);
#1204=VERTEX_POINT('',#4003);
#1205=VERTEX_POINT('',#4005);
#1206=VERTEX_POINT('',#4007);
#1207=VERTEX_POINT('',#4012);
#1208=VERTEX_POINT('',#4014);
#1209=VERTEX_POINT('',#4016);
#1210=VERTEX_POINT('',#4018);
#1211=VERTEX_POINT('',#4020);
#1212=VERTEX_POINT('',#4022);
#1213=VERTEX_POINT('',#4024);
#1214=VERTEX_POINT('',#4026);
#1215=VERTEX_POINT('',#4030);
#1216=VERTEX_POINT('',#4032);
#1217=VERTEX_POINT('',#4036);
#1218=VERTEX_POINT('',#4039);
#1219=VERTEX_POINT('',#4041);
#1220=VERTEX_POINT('',#4045);
#1221=VERTEX_POINT('',#4048);
#1222=VERTEX_POINT('',#4050);
#1223=VERTEX_POINT('',#4054);
#1224=VERTEX_POINT('',#4057);
#1225=VERTEX_POINT('',#4059);
#1226=VERTEX_POINT('',#4063);
#1227=VERTEX_POINT('',#4067);
#1228=VERTEX_POINT('',#4071);
#1229=VERTEX_POINT('',#4075);
#1230=VERTEX_POINT('',#4079);
#1231=VERTEX_POINT('',#4083);
#1232=VERTEX_POINT('',#4089);
#1233=VERTEX_POINT('',#4091);
#1234=VERTEX_POINT('',#4093);
#1235=VERTEX_POINT('',#4102);
#1236=VERTEX_POINT('',#4107);
#1237=VERTEX_POINT('',#4112);
#1238=VERTEX_POINT('',#4117);
#1239=VERTEX_POINT('',#4123);
#1240=VERTEX_POINT('',#4127);
#1241=VERTEX_POINT('',#4130);
#1242=VERTEX_POINT('',#4134);
#1243=VERTEX_POINT('',#4137);
#1244=VERTEX_POINT('',#4141);
#1245=VERTEX_POINT('',#4144);
#1246=VERTEX_POINT('',#4147);
#1247=VERTEX_POINT('',#4151);
#1248=VERTEX_POINT('',#4154);
#1249=VERTEX_POINT('',#4158);
#1250=VERTEX_POINT('',#4161);
#1251=VERTEX_POINT('',#4165);
#1252=VERTEX_POINT('',#4168);
#1253=VERTEX_POINT('',#4187);
#1254=VERTEX_POINT('',#4191);
#1255=VERTEX_POINT('',#4195);
#1256=VERTEX_POINT('',#4197);
#1257=VERTEX_POINT('',#4199);
#1258=VERTEX_POINT('',#4201);
#1259=VERTEX_POINT('',#4205);
#1260=VERTEX_POINT('',#4206);
#1261=VERTEX_POINT('',#4208);
#1262=VERTEX_POINT('',#4210);
#1263=VERTEX_POINT('',#4214);
#1264=VERTEX_POINT('',#4216);
#1265=VERTEX_POINT('',#4225);
#1266=VERTEX_POINT('',#4226);
#1267=VERTEX_POINT('',#4231);
#1268=VERTEX_POINT('',#4238);
#1269=VERTEX_POINT('',#4239);
#1270=VERTEX_POINT('',#4244);
#1271=VERTEX_POINT('',#4248);
#1272=VERTEX_POINT('',#4252);
#1273=VERTEX_POINT('',#4258);
#1274=VERTEX_POINT('',#4261);
#1275=VERTEX_POINT('',#4263);
#1276=VERTEX_POINT('',#4268);
#1277=VERTEX_POINT('',#4270);
#1278=VERTEX_POINT('',#4272);
#1279=VERTEX_POINT('',#4274);
#1280=VERTEX_POINT('',#4276);
#1281=VERTEX_POINT('',#4278);
#1282=VERTEX_POINT('',#4280);
#1283=VERTEX_POINT('',#4284);
#1284=VERTEX_POINT('',#4286);
#1285=VERTEX_POINT('',#4291);
#1286=VERTEX_POINT('',#4292);
#1287=VERTEX_POINT('',#4294);
#1288=VERTEX_POINT('',#4296);
#1289=VERTEX_POINT('',#4300);
#1290=VERTEX_POINT('',#4302);
#1291=VERTEX_POINT('',#4306);
#1292=VERTEX_POINT('',#4308);
#1293=VERTEX_POINT('',#4316);
#1294=VERTEX_POINT('',#4317);
#1295=VERTEX_POINT('',#4319);
#1296=VERTEX_POINT('',#4321);
#1297=VERTEX_POINT('',#4325);
#1298=VERTEX_POINT('',#4327);
#1299=VERTEX_POINT('',#4331);
#1300=VERTEX_POINT('',#4333);
#1301=VERTEX_POINT('',#4341);
#1302=VERTEX_POINT('',#4342);
#1303=VERTEX_POINT('',#4344);
#1304=VERTEX_POINT('',#4346);
#1305=VERTEX_POINT('',#4350);
#1306=VERTEX_POINT('',#4352);
#1307=VERTEX_POINT('',#4356);
#1308=VERTEX_POINT('',#4358);
#1309=VERTEX_POINT('',#4366);
#1310=VERTEX_POINT('',#4367);
#1311=VERTEX_POINT('',#4369);
#1312=VERTEX_POINT('',#4371);
#1313=VERTEX_POINT('',#4375);
#1314=VERTEX_POINT('',#4377);
#1315=VERTEX_POINT('',#4381);
#1316=VERTEX_POINT('',#4383);
#1317=VERTEX_POINT('',#4391);
#1318=VERTEX_POINT('',#4393);
#1319=VERTEX_POINT('',#4397);
#1320=VERTEX_POINT('',#4401);
#1321=VERTEX_POINT('',#4405);
#1322=VERTEX_POINT('',#4409);
#1323=VERTEX_POINT('',#4415);
#1324=VERTEX_POINT('',#4417);
#1325=VERTEX_POINT('',#4421);
#1326=VERTEX_POINT('',#4425);
#1327=VERTEX_POINT('',#4434);
#1328=VERTEX_POINT('',#4436);
#1329=VERTEX_POINT('',#4440);
#1330=VERTEX_POINT('',#4444);
#1331=VERTEX_POINT('',#4448);
#1332=VERTEX_POINT('',#4452);
#1333=VERTEX_POINT('',#4458);
#1334=VERTEX_POINT('',#4462);
#1335=VERTEX_POINT('',#4466);
#1336=VERTEX_POINT('',#4470);
#1337=EDGE_CURVE('',#1099,#1100,#653,.T.);
#1338=EDGE_CURVE('',#1100,#1101,#642,.T.);
#1339=EDGE_CURVE('',#1101,#1102,#654,.T.);
#1340=EDGE_CURVE('',#1102,#1099,#643,.T.);
#1341=EDGE_CURVE('',#1103,#1104,#655,.T.);
#1342=EDGE_CURVE('',#1104,#1102,#656,.T.);
#1343=EDGE_CURVE('',#1101,#1103,#657,.T.);
#1344=EDGE_CURVE('',#1105,#1106,#644,.T.);
#1345=EDGE_CURVE('',#1106,#1104,#645,.T.);
#1346=EDGE_CURVE('',#1103,#1105,#646,.T.);
#1347=EDGE_CURVE('',#1107,#1108,#658,.T.);
#1348=EDGE_CURVE('',#1108,#1109,#134,.T.);
#1349=EDGE_CURVE('',#1109,#1110,#659,.T.);
#1350=EDGE_CURVE('',#1110,#1107,#135,.T.);
#1351=EDGE_CURVE('',#1111,#1112,#660,.T.);
#1352=EDGE_CURVE('',#1112,#1110,#661,.T.);
#1353=EDGE_CURVE('',#1109,#1111,#662,.T.);
#1354=EDGE_CURVE('',#1111,#1100,#647,.T.);
#1355=EDGE_CURVE('',#1099,#1112,#648,.T.);
#1356=EDGE_CURVE('',#1113,#1114,#663,.T.);
#1357=EDGE_CURVE('',#1114,#1106,#664,.T.);
#1358=EDGE_CURVE('',#1105,#1113,#665,.T.);
#1359=EDGE_CURVE('',#1115,#1116,#666,.T.);
#1360=EDGE_CURVE('',#1115,#1114,#136,.T.);
#1361=EDGE_CURVE('',#1113,#1116,#137,.T.);
#1362=EDGE_CURVE('',#1117,#1109,#667,.T.);
#1363=EDGE_CURVE('',#1118,#1117,#114,.T.);
#1364=EDGE_CURVE('',#1119,#1118,#115,.T.);
#1365=EDGE_CURVE('',#1120,#1119,#668,.T.);
#1366=EDGE_CURVE('',#1121,#1120,#116,.T.);
#1367=EDGE_CURVE('',#1122,#1121,#117,.T.);
#1368=EDGE_CURVE('',#1123,#1122,#669,.T.);
#1369=EDGE_CURVE('',#1124,#1123,#118,.T.);
#1370=EDGE_CURVE('',#1125,#1124,#119,.T.);
#1371=EDGE_CURVE('',#1126,#1125,#670,.T.);
#1372=EDGE_CURVE('',#1127,#1126,#120,.T.);
#1373=EDGE_CURVE('',#1128,#1127,#121,.T.);
#1374=EDGE_CURVE('',#1113,#1128,#671,.T.);
#1375=EDGE_CURVE('',#1129,#1129,#122,.T.);
#1376=EDGE_CURVE('',#1130,#1130,#123,.T.);
#1377=EDGE_CURVE('',#1131,#1131,#124,.T.);
#1378=EDGE_CURVE('',#1132,#1132,#125,.T.);
#1379=EDGE_CURVE('',#1133,#1133,#138,.T.);
#1380=EDGE_CURVE('',#1134,#1134,#139,.T.);
#1381=EDGE_CURVE('',#1135,#1135,#140,.T.);
#1382=EDGE_CURVE('',#1136,#1136,#141,.T.);
#1383=EDGE_CURVE('',#1137,#1138,#672,.T.);
#1384=EDGE_CURVE('',#1138,#1139,#126,.T.);
#1385=EDGE_CURVE('',#1139,#1140,#673,.T.);
#1386=EDGE_CURVE('',#1140,#1141,#127,.T.);
#1387=EDGE_CURVE('',#1141,#1142,#674,.T.);
#1388=EDGE_CURVE('',#1142,#1143,#128,.T.);
#1389=EDGE_CURVE('',#1143,#1144,#675,.T.);
#1390=EDGE_CURVE('',#1144,#1137,#129,.T.);
#1391=EDGE_CURVE('',#1107,#1145,#676,.T.);
#1392=EDGE_CURVE('',#1146,#1145,#130,.T.);
#1393=EDGE_CURVE('',#1146,#1108,#677,.T.);
#1394=EDGE_CURVE('',#1128,#1126,#649,.T.);
#1395=EDGE_CURVE('',#1125,#1123,#650,.T.);
#1396=EDGE_CURVE('',#1122,#1120,#651,.T.);
#1397=EDGE_CURVE('',#1119,#1117,#652,.T.);
#1398=EDGE_CURVE('',#1108,#1116,#678,.T.);
#1399=EDGE_CURVE('',#1147,#1147,#142,.T.);
#1400=EDGE_CURVE('',#1147,#1124,#679,.T.);
#1401=EDGE_CURVE('',#1148,#1148,#143,.T.);
#1402=EDGE_CURVE('',#1148,#1127,#680,.T.);
#1403=EDGE_CURVE('',#1149,#1115,#681,.T.);
#1404=EDGE_CURVE('',#1150,#1149,#682,.T.);
#1405=EDGE_CURVE('',#1151,#1150,#683,.T.);
#1406=EDGE_CURVE('',#1106,#1151,#684,.T.);
#1407=EDGE_CURVE('',#1116,#1152,#685,.T.);
#1408=EDGE_CURVE('',#1149,#1152,#131,.T.);
#1409=EDGE_CURVE('',#1153,#1146,#132,.T.);
#1410=EDGE_CURVE('',#1154,#1153,#686,.T.);
#1411=EDGE_CURVE('',#1152,#1154,#133,.T.);
#1412=EDGE_CURVE('',#1151,#1155,#144,.T.);
#1413=EDGE_CURVE('',#1155,#1104,#687,.T.);
#1414=EDGE_CURVE('',#1154,#1156,#688,.T.);
#1415=EDGE_CURVE('',#1156,#1150,#145,.T.);
#1416=EDGE_CURVE('',#1157,#1153,#689,.T.);
#1417=EDGE_CURVE('',#1158,#1157,#690,.T.);
#1418=EDGE_CURVE('',#1159,#1158,#691,.T.);
#1419=EDGE_CURVE('',#1159,#1160,#692,.T.);
#1420=EDGE_CURVE('',#1161,#1160,#693,.T.);
#1421=EDGE_CURVE('',#1156,#1161,#694,.T.);
#1422=EDGE_CURVE('',#1102,#1162,#695,.T.);
#1423=EDGE_CURVE('',#1162,#1163,#146,.T.);
#1424=EDGE_CURVE('',#1163,#1099,#696,.T.);
#1425=EDGE_CURVE('',#1164,#1163,#697,.T.);
#1426=EDGE_CURVE('',#1145,#1164,#698,.T.);
#1427=EDGE_CURVE('',#1165,#1161,#147,.T.);
#1428=EDGE_CURVE('',#1165,#1166,#699,.T.);
#1429=EDGE_CURVE('',#1166,#1167,#700,.T.);
#1430=EDGE_CURVE('',#1168,#1167,#148,.T.);
#1431=EDGE_CURVE('',#1168,#1169,#701,.T.);
#1432=EDGE_CURVE('',#1169,#1170,#702,.T.);
#1433=EDGE_CURVE('',#1170,#1171,#703,.F.);
#1434=EDGE_CURVE('',#1171,#1172,#149,.F.);
#1435=EDGE_CURVE('',#1172,#1173,#704,.F.);
#1436=EDGE_CURVE('',#1173,#1174,#150,.F.);
#1437=EDGE_CURVE('',#1174,#1175,#705,.F.);
#1438=EDGE_CURVE('',#1175,#1176,#706,.T.);
#1439=EDGE_CURVE('',#1176,#1177,#151,.T.);
#1440=EDGE_CURVE('',#1177,#1178,#707,.T.);
#1441=EDGE_CURVE('',#1178,#1179,#152,.T.);
#1442=EDGE_CURVE('',#1179,#1180,#708,.T.);
#1443=EDGE_CURVE('',#1180,#1181,#709,.F.);
#1444=EDGE_CURVE('',#1181,#1182,#153,.F.);
#1445=EDGE_CURVE('',#1182,#1183,#710,.F.);
#1446=EDGE_CURVE('',#1183,#1184,#154,.F.);
#1447=EDGE_CURVE('',#1184,#1185,#711,.F.);
#1448=EDGE_CURVE('',#1185,#1186,#712,.T.);
#1449=EDGE_CURVE('',#1186,#1187,#713,.F.);
#1450=EDGE_CURVE('',#1187,#1188,#155,.F.);
#1451=EDGE_CURVE('',#1188,#1189,#714,.F.);
#1452=EDGE_CURVE('',#1189,#1190,#156,.F.);
#1453=EDGE_CURVE('',#1190,#1191,#715,.F.);
#1454=EDGE_CURVE('',#1191,#1192,#716,.T.);
#1455=EDGE_CURVE('',#1192,#1193,#157,.T.);
#1456=EDGE_CURVE('',#1193,#1194,#717,.T.);
#1457=EDGE_CURVE('',#1194,#1195,#158,.T.);
#1458=EDGE_CURVE('',#1195,#1196,#718,.T.);
#1459=EDGE_CURVE('',#1196,#1197,#719,.F.);
#1460=EDGE_CURVE('',#1197,#1198,#159,.F.);
#1461=EDGE_CURVE('',#1198,#1199,#720,.F.);
#1462=EDGE_CURVE('',#1199,#1200,#160,.F.);
#1463=EDGE_CURVE('',#1200,#1201,#721,.F.);
#1464=EDGE_CURVE('',#1201,#1202,#722,.T.);
#1465=EDGE_CURVE('',#1202,#1203,#723,.T.);
#1466=EDGE_CURVE('',#1204,#1203,#161,.T.);
#1467=EDGE_CURVE('',#1204,#1205,#724,.T.);
#1468=EDGE_CURVE('',#1205,#1206,#725,.T.);
#1469=EDGE_CURVE('',#1158,#1206,#162,.T.);
#1470=EDGE_CURVE('',#1164,#1157,#163,.T.);
#1471=EDGE_CURVE('',#1162,#1155,#726,.T.);
#1472=EDGE_CURVE('',#1207,#1207,#164,.T.);
#1473=EDGE_CURVE('',#1208,#1208,#165,.T.);
#1474=EDGE_CURVE('',#1209,#1209,#166,.T.);
#1475=EDGE_CURVE('',#1210,#1210,#167,.T.);
#1476=EDGE_CURVE('',#1211,#1211,#168,.T.);
#1477=EDGE_CURVE('',#1212,#1212,#169,.T.);
#1478=EDGE_CURVE('',#1213,#1213,#170,.T.);
#1479=EDGE_CURVE('',#1214,#1214,#171,.T.);
#1480=EDGE_CURVE('',#1215,#1215,#172,.T.);
#1481=EDGE_CURVE('',#1215,#1216,#727,.T.);
#1482=EDGE_CURVE('',#1216,#1216,#173,.T.);
#1483=EDGE_CURVE('',#1217,#1217,#174,.T.);
#1484=EDGE_CURVE('',#1218,#1218,#175,.T.);
#1485=EDGE_CURVE('',#1218,#1219,#728,.T.);
#1486=EDGE_CURVE('',#1219,#1219,#176,.T.);
#1487=EDGE_CURVE('',#1220,#1220,#177,.T.);
#1488=EDGE_CURVE('',#1221,#1221,#178,.T.);
#1489=EDGE_CURVE('',#1221,#1222,#729,.T.);
#1490=EDGE_CURVE('',#1222,#1222,#179,.T.);
#1491=EDGE_CURVE('',#1223,#1223,#180,.T.);
#1492=EDGE_CURVE('',#1224,#1141,#730,.T.);
#1493=EDGE_CURVE('',#1224,#1225,#731,.T.);
#1494=EDGE_CURVE('',#1225,#1142,#732,.T.);
#1495=EDGE_CURVE('',#1225,#1226,#181,.T.);
#1496=EDGE_CURVE('',#1226,#1143,#733,.T.);
#1497=EDGE_CURVE('',#1226,#1227,#734,.T.);
#1498=EDGE_CURVE('',#1227,#1144,#735,.T.);
#1499=EDGE_CURVE('',#1227,#1228,#182,.T.);
#1500=EDGE_CURVE('',#1228,#1137,#736,.T.);
#1501=EDGE_CURVE('',#1228,#1229,#737,.T.);
#1502=EDGE_CURVE('',#1229,#1138,#738,.T.);
#1503=EDGE_CURVE('',#1229,#1230,#183,.T.);
#1504=EDGE_CURVE('',#1230,#1139,#739,.T.);
#1505=EDGE_CURVE('',#1230,#1231,#740,.T.);
#1506=EDGE_CURVE('',#1231,#1140,#741,.T.);
#1507=EDGE_CURVE('',#1231,#1224,#184,.T.);
#1508=EDGE_CURVE('',#1232,#1232,#185,.T.);
#1509=EDGE_CURVE('',#1233,#1233,#186,.T.);
#1510=EDGE_CURVE('',#1234,#1234,#187,.T.);
#1511=EDGE_CURVE('',#1217,#1232,#742,.T.);
#1512=EDGE_CURVE('',#1223,#1233,#743,.T.);
#1513=EDGE_CURVE('',#1220,#1234,#744,.T.);
#1514=EDGE_CURVE('',#1136,#1235,#745,.T.);
#1515=EDGE_CURVE('',#1235,#1235,#188,.T.);
#1516=EDGE_CURVE('',#1135,#1236,#746,.T.);
#1517=EDGE_CURVE('',#1236,#1236,#189,.T.);
#1518=EDGE_CURVE('',#1134,#1237,#747,.T.);
#1519=EDGE_CURVE('',#1237,#1237,#190,.T.);
#1520=EDGE_CURVE('',#1133,#1238,#748,.T.);
#1521=EDGE_CURVE('',#1238,#1238,#191,.T.);
#1522=EDGE_CURVE('',#1239,#1239,#192,.T.);
#1523=EDGE_CURVE('',#1239,#1121,#749,.T.);
#1524=EDGE_CURVE('',#1240,#1240,#193,.T.);
#1525=EDGE_CURVE('',#1241,#1241,#194,.T.);
#1526=EDGE_CURVE('',#1241,#1132,#750,.T.);
#1527=EDGE_CURVE('',#1242,#1242,#195,.T.);
#1528=EDGE_CURVE('',#1243,#1243,#196,.T.);
#1529=EDGE_CURVE('',#1243,#1131,#751,.T.);
#1530=EDGE_CURVE('',#1244,#1244,#197,.T.);
#1531=EDGE_CURVE('',#1245,#1245,#198,.T.);
#1532=EDGE_CURVE('',#1246,#1246,#199,.T.);
#1533=EDGE_CURVE('',#1246,#1118,#752,.T.);
#1534=EDGE_CURVE('',#1247,#1247,#200,.T.);
#1535=EDGE_CURVE('',#1248,#1248,#201,.T.);
#1536=EDGE_CURVE('',#1248,#1130,#753,.T.);
#1537=EDGE_CURVE('',#1249,#1249,#202,.T.);
#1538=EDGE_CURVE('',#1250,#1250,#203,.T.);
#1539=EDGE_CURVE('',#1250,#1129,#754,.T.);
#1540=EDGE_CURVE('',#1251,#1251,#204,.T.);
#1541=EDGE_CURVE('',#1252,#1252,#205,.T.);
#1542=EDGE_CURVE('',#1214,#1244,#755,.T.);
#1543=EDGE_CURVE('',#1213,#1245,#756,.T.);
#1544=EDGE_CURVE('',#1212,#1240,#757,.T.);
#1545=EDGE_CURVE('',#1211,#1242,#758,.T.);
#1546=EDGE_CURVE('',#1210,#1251,#759,.T.);
#1547=EDGE_CURVE('',#1209,#1252,#760,.T.);
#1548=EDGE_CURVE('',#1208,#1247,#761,.T.);
#1549=EDGE_CURVE('',#1207,#1249,#762,.T.);
#1550=EDGE_CURVE('',#1160,#1253,#206,.F.);
#1551=EDGE_CURVE('',#1253,#1165,#763,.T.);
#1552=EDGE_CURVE('',#1206,#1254,#764,.T.);
#1553=EDGE_CURVE('',#1254,#1159,#207,.F.);
#1554=EDGE_CURVE('',#1205,#1255,#765,.T.);
#1555=EDGE_CURVE('',#1255,#1256,#766,.T.);
#1556=EDGE_CURVE('',#1257,#1256,#767,.T.);
#1557=EDGE_CURVE('',#1258,#1257,#768,.T.);
#1558=EDGE_CURVE('',#1254,#1258,#769,.T.);
#1559=EDGE_CURVE('',#1259,#1260,#208,.T.);
#1560=EDGE_CURVE('',#1259,#1261,#770,.T.);
#1561=EDGE_CURVE('',#1261,#1262,#209,.T.);
#1562=EDGE_CURVE('',#1262,#1260,#771,.T.);
#1563=EDGE_CURVE('',#1263,#1259,#772,.T.);
#1564=EDGE_CURVE('',#1264,#1263,#773,.T.);
#1565=EDGE_CURVE('',#1261,#1264,#774,.T.);
#1566=EDGE_CURVE('',#1258,#1263,#210,.T.);
#1567=EDGE_CURVE('',#1257,#1264,#211,.T.);
#1568=EDGE_CURVE('',#1260,#1253,#775,.T.);
#1569=EDGE_CURVE('',#1265,#1266,#212,.T.);
#1570=EDGE_CURVE('',#1265,#1204,#776,.T.);
#1571=EDGE_CURVE('',#1203,#1266,#777,.T.);
#1572=EDGE_CURVE('',#1266,#1267,#778,.T.);
#1573=EDGE_CURVE('',#1256,#1267,#779,.T.);
#1574=EDGE_CURVE('',#1255,#1265,#780,.T.);
#1575=EDGE_CURVE('',#1267,#1202,#781,.T.);
#1576=EDGE_CURVE('',#1268,#1269,#213,.T.);
#1577=EDGE_CURVE('',#1268,#1168,#782,.T.);
#1578=EDGE_CURVE('',#1167,#1269,#783,.T.);
#1579=EDGE_CURVE('',#1270,#1166,#784,.T.);
#1580=EDGE_CURVE('',#1269,#1270,#785,.T.);
#1581=EDGE_CURVE('',#1271,#1268,#786,.T.);
#1582=EDGE_CURVE('',#1169,#1271,#787,.T.);
#1583=EDGE_CURVE('',#1272,#1270,#788,.T.);
#1584=EDGE_CURVE('',#1271,#1272,#789,.T.);
#1585=EDGE_CURVE('',#1272,#1262,#790,.T.);
#1586=EDGE_CURVE('',#1273,#1262,#791,.T.);
#1587=EDGE_CURVE('',#1176,#1273,#792,.T.);
#1588=EDGE_CURVE('',#1274,#1175,#793,.T.);
#1589=EDGE_CURVE('',#1275,#1274,#794,.T.);
#1590=EDGE_CURVE('',#1275,#1170,#795,.F.);
#1591=EDGE_CURVE('',#1257,#1276,#796,.T.);
#1592=EDGE_CURVE('',#1276,#1277,#214,.T.);
#1593=EDGE_CURVE('',#1277,#1278,#797,.T.);
#1594=EDGE_CURVE('',#1278,#1279,#215,.T.);
#1595=EDGE_CURVE('',#1279,#1280,#798,.T.);
#1596=EDGE_CURVE('',#1280,#1281,#216,.T.);
#1597=EDGE_CURVE('',#1281,#1282,#799,.T.);
#1598=EDGE_CURVE('',#1282,#1273,#217,.T.);
#1599=EDGE_CURVE('',#1283,#1201,#800,.T.);
#1600=EDGE_CURVE('',#1284,#1283,#801,.T.);
#1601=EDGE_CURVE('',#1284,#1196,#802,.F.);
#1602=EDGE_CURVE('',#1195,#1276,#803,.T.);
#1603=EDGE_CURVE('',#1285,#1286,#218,.T.);
#1604=EDGE_CURVE('',#1285,#1287,#804,.T.);
#1605=EDGE_CURVE('',#1287,#1288,#219,.T.);
#1606=EDGE_CURVE('',#1286,#1288,#805,.T.);
#1607=EDGE_CURVE('',#1289,#1285,#806,.T.);
#1608=EDGE_CURVE('',#1289,#1290,#807,.T.);
#1609=EDGE_CURVE('',#1290,#1287,#808,.T.);
#1610=EDGE_CURVE('',#1291,#1289,#220,.T.);
#1611=EDGE_CURVE('',#1291,#1292,#809,.T.);
#1612=EDGE_CURVE('',#1292,#1290,#221,.T.);
#1613=EDGE_CURVE('',#1286,#1291,#810,.T.);
#1614=EDGE_CURVE('',#1288,#1292,#811,.T.);
#1615=EDGE_CURVE('',#1293,#1294,#222,.T.);
#1616=EDGE_CURVE('',#1293,#1295,#812,.T.);
#1617=EDGE_CURVE('',#1295,#1296,#223,.T.);
#1618=EDGE_CURVE('',#1294,#1296,#813,.T.);
#1619=EDGE_CURVE('',#1297,#1293,#814,.T.);
#1620=EDGE_CURVE('',#1297,#1298,#815,.T.);
#1621=EDGE_CURVE('',#1298,#1295,#816,.T.);
#1622=EDGE_CURVE('',#1299,#1297,#224,.T.);
#1623=EDGE_CURVE('',#1299,#1300,#817,.T.);
#1624=EDGE_CURVE('',#1300,#1298,#225,.T.);
#1625=EDGE_CURVE('',#1294,#1299,#818,.T.);
#1626=EDGE_CURVE('',#1296,#1300,#819,.T.);
#1627=EDGE_CURVE('',#1301,#1302,#226,.T.);
#1628=EDGE_CURVE('',#1301,#1303,#820,.T.);
#1629=EDGE_CURVE('',#1303,#1304,#227,.T.);
#1630=EDGE_CURVE('',#1302,#1304,#821,.T.);
#1631=EDGE_CURVE('',#1305,#1301,#822,.T.);
#1632=EDGE_CURVE('',#1305,#1306,#823,.T.);
#1633=EDGE_CURVE('',#1306,#1303,#824,.T.);
#1634=EDGE_CURVE('',#1307,#1305,#228,.T.);
#1635=EDGE_CURVE('',#1307,#1308,#825,.T.);
#1636=EDGE_CURVE('',#1308,#1306,#229,.T.);
#1637=EDGE_CURVE('',#1302,#1307,#826,.T.);
#1638=EDGE_CURVE('',#1304,#1308,#827,.T.);
#1639=EDGE_CURVE('',#1309,#1310,#230,.T.);
#1640=EDGE_CURVE('',#1309,#1311,#828,.T.);
#1641=EDGE_CURVE('',#1311,#1312,#231,.T.);
#1642=EDGE_CURVE('',#1310,#1312,#829,.T.);
#1643=EDGE_CURVE('',#1313,#1309,#830,.T.);
#1644=EDGE_CURVE('',#1313,#1314,#831,.T.);
#1645=EDGE_CURVE('',#1314,#1311,#832,.T.);
#1646=EDGE_CURVE('',#1315,#1313,#232,.T.);
#1647=EDGE_CURVE('',#1315,#1316,#833,.T.);
#1648=EDGE_CURVE('',#1316,#1314,#233,.T.);
#1649=EDGE_CURVE('',#1310,#1315,#834,.T.);
#1650=EDGE_CURVE('',#1312,#1316,#835,.T.);
#1651=EDGE_CURVE('',#1317,#1183,#836,.T.);
#1652=EDGE_CURVE('',#1318,#1317,#234,.T.);
#1653=EDGE_CURVE('',#1318,#1184,#837,.T.);
#1654=EDGE_CURVE('',#1319,#1182,#838,.T.);
#1655=EDGE_CURVE('',#1317,#1319,#839,.T.);
#1656=EDGE_CURVE('',#1320,#1181,#840,.T.);
#1657=EDGE_CURVE('',#1319,#1320,#235,.T.);
#1658=EDGE_CURVE('',#1321,#1180,#841,.F.);
#1659=EDGE_CURVE('',#1320,#1321,#842,.T.);
#1660=EDGE_CURVE('',#1322,#1318,#843,.T.);
#1661=EDGE_CURVE('',#1322,#1185,#844,.T.);
#1662=EDGE_CURVE('',#1321,#1322,#845,.T.);
#1663=EDGE_CURVE('',#1323,#1199,#846,.T.);
#1664=EDGE_CURVE('',#1324,#1323,#236,.T.);
#1665=EDGE_CURVE('',#1324,#1200,#847,.T.);
#1666=EDGE_CURVE('',#1325,#1198,#848,.T.);
#1667=EDGE_CURVE('',#1323,#1325,#849,.T.);
#1668=EDGE_CURVE('',#1326,#1197,#850,.T.);
#1669=EDGE_CURVE('',#1325,#1326,#237,.T.);
#1670=EDGE_CURVE('',#1326,#1284,#851,.T.);
#1671=EDGE_CURVE('',#1283,#1324,#852,.T.);
#1672=EDGE_CURVE('',#1327,#1189,#853,.T.);
#1673=EDGE_CURVE('',#1328,#1327,#238,.T.);
#1674=EDGE_CURVE('',#1328,#1190,#854,.T.);
#1675=EDGE_CURVE('',#1329,#1188,#855,.T.);
#1676=EDGE_CURVE('',#1327,#1329,#856,.T.);
#1677=EDGE_CURVE('',#1330,#1187,#857,.T.);
#1678=EDGE_CURVE('',#1329,#1330,#239,.T.);
#1679=EDGE_CURVE('',#1331,#1186,#858,.F.);
#1680=EDGE_CURVE('',#1330,#1331,#859,.T.);
#1681=EDGE_CURVE('',#1332,#1328,#860,.T.);
#1682=EDGE_CURVE('',#1332,#1191,#861,.T.);
#1683=EDGE_CURVE('',#1331,#1332,#862,.T.);
#1684=EDGE_CURVE('',#1333,#1174,#863,.T.);
#1685=EDGE_CURVE('',#1274,#1333,#864,.T.);
#1686=EDGE_CURVE('',#1334,#1173,#865,.T.);
#1687=EDGE_CURVE('',#1333,#1334,#240,.T.);
#1688=EDGE_CURVE('',#1335,#1172,#866,.T.);
#1689=EDGE_CURVE('',#1334,#1335,#867,.T.);
#1690=EDGE_CURVE('',#1336,#1275,#868,.T.);
#1691=EDGE_CURVE('',#1336,#1171,#869,.T.);
#1692=EDGE_CURVE('',#1335,#1336,#241,.T.);
#1693=EDGE_CURVE('',#1192,#1279,#870,.T.);
#1694=EDGE_CURVE('',#1179,#1280,#871,.T.);
#1695=EDGE_CURVE('',#1193,#1278,#872,.T.);
#1696=EDGE_CURVE('',#1194,#1277,#873,.T.);
#1697=EDGE_CURVE('',#1177,#1282,#874,.T.);
#1698=EDGE_CURVE('',#1178,#1281,#875,.T.);
#1699=ORIENTED_EDGE('',*,*,#1337,.T.);
#1700=ORIENTED_EDGE('',*,*,#1338,.T.);
#1701=ORIENTED_EDGE('',*,*,#1339,.T.);
#1702=ORIENTED_EDGE('',*,*,#1340,.T.);
#1703=ORIENTED_EDGE('',*,*,#1341,.T.);
#1704=ORIENTED_EDGE('',*,*,#1342,.T.);
#1705=ORIENTED_EDGE('',*,*,#1339,.F.);
#1706=ORIENTED_EDGE('',*,*,#1343,.T.);
#1707=ORIENTED_EDGE('',*,*,#1344,.T.);
#1708=ORIENTED_EDGE('',*,*,#1345,.T.);
#1709=ORIENTED_EDGE('',*,*,#1341,.F.);
#1710=ORIENTED_EDGE('',*,*,#1346,.T.);
#1711=ORIENTED_EDGE('',*,*,#1347,.T.);
#1712=ORIENTED_EDGE('',*,*,#1348,.T.);
#1713=ORIENTED_EDGE('',*,*,#1349,.T.);
#1714=ORIENTED_EDGE('',*,*,#1350,.T.);
#1715=ORIENTED_EDGE('',*,*,#1351,.T.);
#1716=ORIENTED_EDGE('',*,*,#1352,.T.);
#1717=ORIENTED_EDGE('',*,*,#1349,.F.);
#1718=ORIENTED_EDGE('',*,*,#1353,.T.);
#1719=ORIENTED_EDGE('',*,*,#1351,.F.);
#1720=ORIENTED_EDGE('',*,*,#1354,.T.);
#1721=ORIENTED_EDGE('',*,*,#1337,.F.);
#1722=ORIENTED_EDGE('',*,*,#1355,.T.);
#1723=ORIENTED_EDGE('',*,*,#1356,.T.);
#1724=ORIENTED_EDGE('',*,*,#1357,.T.);
#1725=ORIENTED_EDGE('',*,*,#1344,.F.);
#1726=ORIENTED_EDGE('',*,*,#1358,.T.);
#1727=ORIENTED_EDGE('',*,*,#1359,.F.);
#1728=ORIENTED_EDGE('',*,*,#1360,.T.);
#1729=ORIENTED_EDGE('',*,*,#1356,.F.);
#1730=ORIENTED_EDGE('',*,*,#1361,.T.);
#1731=ORIENTED_EDGE('',*,*,#1358,.F.);
#1732=ORIENTED_EDGE('',*,*,#1346,.F.);
#1733=ORIENTED_EDGE('',*,*,#1343,.F.);
#1734=ORIENTED_EDGE('',*,*,#1338,.F.);
#1735=ORIENTED_EDGE('',*,*,#1354,.F.);
#1736=ORIENTED_EDGE('',*,*,#1353,.F.);
#1737=ORIENTED_EDGE('',*,*,#1362,.F.);
#1738=ORIENTED_EDGE('',*,*,#1363,.F.);
#1739=ORIENTED_EDGE('',*,*,#1364,.F.);
#1740=ORIENTED_EDGE('',*,*,#1365,.F.);
#1741=ORIENTED_EDGE('',*,*,#1366,.F.);
#1742=ORIENTED_EDGE('',*,*,#1367,.F.);
#1743=ORIENTED_EDGE('',*,*,#1368,.F.);
#1744=ORIENTED_EDGE('',*,*,#1369,.F.);
#1745=ORIENTED_EDGE('',*,*,#1370,.F.);
#1746=ORIENTED_EDGE('',*,*,#1371,.F.);
#1747=ORIENTED_EDGE('',*,*,#1372,.F.);
#1748=ORIENTED_EDGE('',*,*,#1373,.F.);
#1749=ORIENTED_EDGE('',*,*,#1374,.F.);
#1750=ORIENTED_EDGE('',*,*,#1375,.F.);
#1751=ORIENTED_EDGE('',*,*,#1376,.F.);
#1752=ORIENTED_EDGE('',*,*,#1377,.F.);
#1753=ORIENTED_EDGE('',*,*,#1378,.F.);
#1754=ORIENTED_EDGE('',*,*,#1379,.T.);
#1755=ORIENTED_EDGE('',*,*,#1380,.T.);
#1756=ORIENTED_EDGE('',*,*,#1381,.T.);
#1757=ORIENTED_EDGE('',*,*,#1382,.T.);
#1758=ORIENTED_EDGE('',*,*,#1383,.T.);
#1759=ORIENTED_EDGE('',*,*,#1384,.T.);
#1760=ORIENTED_EDGE('',*,*,#1385,.T.);
#1761=ORIENTED_EDGE('',*,*,#1386,.T.);
#1762=ORIENTED_EDGE('',*,*,#1387,.T.);
#1763=ORIENTED_EDGE('',*,*,#1388,.T.);
#1764=ORIENTED_EDGE('',*,*,#1389,.T.);
#1765=ORIENTED_EDGE('',*,*,#1390,.T.);
#1766=ORIENTED_EDGE('',*,*,#1347,.F.);
#1767=ORIENTED_EDGE('',*,*,#1391,.T.);
#1768=ORIENTED_EDGE('',*,*,#1392,.F.);
#1769=ORIENTED_EDGE('',*,*,#1393,.T.);
#1770=ORIENTED_EDGE('',*,*,#1361,.F.);
#1771=ORIENTED_EDGE('',*,*,#1374,.T.);
#1772=ORIENTED_EDGE('',*,*,#1394,.T.);
#1773=ORIENTED_EDGE('',*,*,#1371,.T.);
#1774=ORIENTED_EDGE('',*,*,#1395,.T.);
#1775=ORIENTED_EDGE('',*,*,#1368,.T.);
#1776=ORIENTED_EDGE('',*,*,#1396,.T.);
#1777=ORIENTED_EDGE('',*,*,#1365,.T.);
#1778=ORIENTED_EDGE('',*,*,#1397,.T.);
#1779=ORIENTED_EDGE('',*,*,#1362,.T.);
#1780=ORIENTED_EDGE('',*,*,#1348,.F.);
#1781=ORIENTED_EDGE('',*,*,#1398,.T.);
#1782=ORIENTED_EDGE('',*,*,#1399,.F.);
#1783=ORIENTED_EDGE('',*,*,#1400,.T.);
#1784=ORIENTED_EDGE('',*,*,#1369,.T.);
#1785=ORIENTED_EDGE('',*,*,#1395,.F.);
#1786=ORIENTED_EDGE('',*,*,#1370,.T.);
#1787=ORIENTED_EDGE('',*,*,#1400,.F.);
#1788=ORIENTED_EDGE('',*,*,#1401,.F.);
#1789=ORIENTED_EDGE('',*,*,#1402,.T.);
#1790=ORIENTED_EDGE('',*,*,#1372,.T.);
#1791=ORIENTED_EDGE('',*,*,#1394,.F.);
#1792=ORIENTED_EDGE('',*,*,#1373,.T.);
#1793=ORIENTED_EDGE('',*,*,#1402,.F.);
#1794=ORIENTED_EDGE('',*,*,#1360,.F.);
#1795=ORIENTED_EDGE('',*,*,#1403,.F.);
#1796=ORIENTED_EDGE('',*,*,#1404,.F.);
#1797=ORIENTED_EDGE('',*,*,#1405,.F.);
#1798=ORIENTED_EDGE('',*,*,#1406,.F.);
#1799=ORIENTED_EDGE('',*,*,#1357,.F.);
#1800=ORIENTED_EDGE('',*,*,#1359,.T.);
#1801=ORIENTED_EDGE('',*,*,#1407,.T.);
#1802=ORIENTED_EDGE('',*,*,#1408,.F.);
#1803=ORIENTED_EDGE('',*,*,#1403,.T.);
#1804=ORIENTED_EDGE('',*,*,#1398,.F.);
#1805=ORIENTED_EDGE('',*,*,#1393,.F.);
#1806=ORIENTED_EDGE('',*,*,#1409,.F.);
#1807=ORIENTED_EDGE('',*,*,#1410,.F.);
#1808=ORIENTED_EDGE('',*,*,#1411,.F.);
#1809=ORIENTED_EDGE('',*,*,#1407,.F.);
#1810=ORIENTED_EDGE('',*,*,#1345,.F.);
#1811=ORIENTED_EDGE('',*,*,#1406,.T.);
#1812=ORIENTED_EDGE('',*,*,#1412,.T.);
#1813=ORIENTED_EDGE('',*,*,#1413,.T.);
#1814=ORIENTED_EDGE('',*,*,#1411,.T.);
#1815=ORIENTED_EDGE('',*,*,#1414,.T.);
#1816=ORIENTED_EDGE('',*,*,#1415,.T.);
#1817=ORIENTED_EDGE('',*,*,#1404,.T.);
#1818=ORIENTED_EDGE('',*,*,#1408,.T.);
#1819=ORIENTED_EDGE('',*,*,#1414,.F.);
#1820=ORIENTED_EDGE('',*,*,#1410,.T.);
#1821=ORIENTED_EDGE('',*,*,#1416,.F.);
#1822=ORIENTED_EDGE('',*,*,#1417,.F.);
#1823=ORIENTED_EDGE('',*,*,#1418,.F.);
#1824=ORIENTED_EDGE('',*,*,#1419,.T.);
#1825=ORIENTED_EDGE('',*,*,#1420,.F.);
#1826=ORIENTED_EDGE('',*,*,#1421,.F.);
#1827=ORIENTED_EDGE('',*,*,#1340,.F.);
#1828=ORIENTED_EDGE('',*,*,#1422,.T.);
#1829=ORIENTED_EDGE('',*,*,#1423,.T.);
#1830=ORIENTED_EDGE('',*,*,#1424,.T.);
#1831=ORIENTED_EDGE('',*,*,#1355,.F.);
#1832=ORIENTED_EDGE('',*,*,#1424,.F.);
#1833=ORIENTED_EDGE('',*,*,#1425,.F.);
#1834=ORIENTED_EDGE('',*,*,#1426,.F.);
#1835=ORIENTED_EDGE('',*,*,#1391,.F.);
#1836=ORIENTED_EDGE('',*,*,#1350,.F.);
#1837=ORIENTED_EDGE('',*,*,#1352,.F.);
#1838=ORIENTED_EDGE('',*,*,#1412,.F.);
#1839=ORIENTED_EDGE('',*,*,#1405,.T.);
#1840=ORIENTED_EDGE('',*,*,#1415,.F.);
#1841=ORIENTED_EDGE('',*,*,#1421,.T.);
#1842=ORIENTED_EDGE('',*,*,#1427,.F.);
#1843=ORIENTED_EDGE('',*,*,#1428,.T.);
#1844=ORIENTED_EDGE('',*,*,#1429,.T.);
#1845=ORIENTED_EDGE('',*,*,#1430,.F.);
#1846=ORIENTED_EDGE('',*,*,#1431,.T.);
#1847=ORIENTED_EDGE('',*,*,#1432,.T.);
#1848=ORIENTED_EDGE('',*,*,#1433,.T.);
#1849=ORIENTED_EDGE('',*,*,#1434,.T.);
#1850=ORIENTED_EDGE('',*,*,#1435,.T.);
#1851=ORIENTED_EDGE('',*,*,#1436,.T.);
#1852=ORIENTED_EDGE('',*,*,#1437,.T.);
#1853=ORIENTED_EDGE('',*,*,#1438,.T.);
#1854=ORIENTED_EDGE('',*,*,#1439,.T.);
#1855=ORIENTED_EDGE('',*,*,#1440,.T.);
#1856=ORIENTED_EDGE('',*,*,#1441,.T.);
#1857=ORIENTED_EDGE('',*,*,#1442,.T.);
#1858=ORIENTED_EDGE('',*,*,#1443,.T.);
#1859=ORIENTED_EDGE('',*,*,#1444,.T.);
#1860=ORIENTED_EDGE('',*,*,#1445,.T.);
#1861=ORIENTED_EDGE('',*,*,#1446,.T.);
#1862=ORIENTED_EDGE('',*,*,#1447,.T.);
#1863=ORIENTED_EDGE('',*,*,#1448,.T.);
#1864=ORIENTED_EDGE('',*,*,#1449,.T.);
#1865=ORIENTED_EDGE('',*,*,#1450,.T.);
#1866=ORIENTED_EDGE('',*,*,#1451,.T.);
#1867=ORIENTED_EDGE('',*,*,#1452,.T.);
#1868=ORIENTED_EDGE('',*,*,#1453,.T.);
#1869=ORIENTED_EDGE('',*,*,#1454,.T.);
#1870=ORIENTED_EDGE('',*,*,#1455,.T.);
#1871=ORIENTED_EDGE('',*,*,#1456,.T.);
#1872=ORIENTED_EDGE('',*,*,#1457,.T.);
#1873=ORIENTED_EDGE('',*,*,#1458,.T.);
#1874=ORIENTED_EDGE('',*,*,#1459,.T.);
#1875=ORIENTED_EDGE('',*,*,#1460,.T.);
#1876=ORIENTED_EDGE('',*,*,#1461,.T.);
#1877=ORIENTED_EDGE('',*,*,#1462,.T.);
#1878=ORIENTED_EDGE('',*,*,#1463,.T.);
#1879=ORIENTED_EDGE('',*,*,#1464,.T.);
#1880=ORIENTED_EDGE('',*,*,#1465,.T.);
#1881=ORIENTED_EDGE('',*,*,#1466,.F.);
#1882=ORIENTED_EDGE('',*,*,#1467,.T.);
#1883=ORIENTED_EDGE('',*,*,#1468,.T.);
#1884=ORIENTED_EDGE('',*,*,#1469,.F.);
#1885=ORIENTED_EDGE('',*,*,#1417,.T.);
#1886=ORIENTED_EDGE('',*,*,#1470,.F.);
#1887=ORIENTED_EDGE('',*,*,#1425,.T.);
#1888=ORIENTED_EDGE('',*,*,#1423,.F.);
#1889=ORIENTED_EDGE('',*,*,#1471,.T.);
#1890=ORIENTED_EDGE('',*,*,#1472,.T.);
#1891=ORIENTED_EDGE('',*,*,#1473,.T.);
#1892=ORIENTED_EDGE('',*,*,#1474,.T.);
#1893=ORIENTED_EDGE('',*,*,#1475,.T.);
#1894=ORIENTED_EDGE('',*,*,#1476,.T.);
#1895=ORIENTED_EDGE('',*,*,#1477,.T.);
#1896=ORIENTED_EDGE('',*,*,#1478,.T.);
#1897=ORIENTED_EDGE('',*,*,#1479,.T.);
#1898=ORIENTED_EDGE('',*,*,#1392,.T.);
#1899=ORIENTED_EDGE('',*,*,#1426,.T.);
#1900=ORIENTED_EDGE('',*,*,#1470,.T.);
#1901=ORIENTED_EDGE('',*,*,#1416,.T.);
#1902=ORIENTED_EDGE('',*,*,#1409,.T.);
#1903=ORIENTED_EDGE('',*,*,#1480,.F.);
#1904=ORIENTED_EDGE('',*,*,#1481,.T.);
#1905=ORIENTED_EDGE('',*,*,#1482,.T.);
#1906=ORIENTED_EDGE('',*,*,#1481,.F.);
#1907=ORIENTED_EDGE('',*,*,#1482,.F.);
#1908=ORIENTED_EDGE('',*,*,#1483,.F.);
#1909=ORIENTED_EDGE('',*,*,#1484,.F.);
#1910=ORIENTED_EDGE('',*,*,#1485,.T.);
#1911=ORIENTED_EDGE('',*,*,#1486,.T.);
#1912=ORIENTED_EDGE('',*,*,#1485,.F.);
#1913=ORIENTED_EDGE('',*,*,#1486,.F.);
#1914=ORIENTED_EDGE('',*,*,#1487,.F.);
#1915=ORIENTED_EDGE('',*,*,#1488,.F.);
#1916=ORIENTED_EDGE('',*,*,#1489,.T.);
#1917=ORIENTED_EDGE('',*,*,#1490,.T.);
#1918=ORIENTED_EDGE('',*,*,#1489,.F.);
#1919=ORIENTED_EDGE('',*,*,#1490,.F.);
#1920=ORIENTED_EDGE('',*,*,#1491,.F.);
#1921=ORIENTED_EDGE('',*,*,#1387,.F.);
#1922=ORIENTED_EDGE('',*,*,#1492,.F.);
#1923=ORIENTED_EDGE('',*,*,#1493,.T.);
#1924=ORIENTED_EDGE('',*,*,#1494,.T.);
#1925=ORIENTED_EDGE('',*,*,#1388,.F.);
#1926=ORIENTED_EDGE('',*,*,#1494,.F.);
#1927=ORIENTED_EDGE('',*,*,#1495,.T.);
#1928=ORIENTED_EDGE('',*,*,#1496,.T.);
#1929=ORIENTED_EDGE('',*,*,#1389,.F.);
#1930=ORIENTED_EDGE('',*,*,#1496,.F.);
#1931=ORIENTED_EDGE('',*,*,#1497,.T.);
#1932=ORIENTED_EDGE('',*,*,#1498,.T.);
#1933=ORIENTED_EDGE('',*,*,#1390,.F.);
#1934=ORIENTED_EDGE('',*,*,#1498,.F.);
#1935=ORIENTED_EDGE('',*,*,#1499,.T.);
#1936=ORIENTED_EDGE('',*,*,#1500,.T.);
#1937=ORIENTED_EDGE('',*,*,#1383,.F.);
#1938=ORIENTED_EDGE('',*,*,#1500,.F.);
#1939=ORIENTED_EDGE('',*,*,#1501,.T.);
#1940=ORIENTED_EDGE('',*,*,#1502,.T.);
#1941=ORIENTED_EDGE('',*,*,#1384,.F.);
#1942=ORIENTED_EDGE('',*,*,#1502,.F.);
#1943=ORIENTED_EDGE('',*,*,#1503,.T.);
#1944=ORIENTED_EDGE('',*,*,#1504,.T.);
#1945=ORIENTED_EDGE('',*,*,#1385,.F.);
#1946=ORIENTED_EDGE('',*,*,#1504,.F.);
#1947=ORIENTED_EDGE('',*,*,#1505,.T.);
#1948=ORIENTED_EDGE('',*,*,#1506,.T.);
#1949=ORIENTED_EDGE('',*,*,#1386,.F.);
#1950=ORIENTED_EDGE('',*,*,#1506,.F.);
#1951=ORIENTED_EDGE('',*,*,#1507,.T.);
#1952=ORIENTED_EDGE('',*,*,#1492,.T.);
#1953=ORIENTED_EDGE('',*,*,#1499,.F.);
#1954=ORIENTED_EDGE('',*,*,#1497,.F.);
#1955=ORIENTED_EDGE('',*,*,#1495,.F.);
#1956=ORIENTED_EDGE('',*,*,#1493,.F.);
#1957=ORIENTED_EDGE('',*,*,#1507,.F.);
#1958=ORIENTED_EDGE('',*,*,#1505,.F.);
#1959=ORIENTED_EDGE('',*,*,#1503,.F.);
#1960=ORIENTED_EDGE('',*,*,#1501,.F.);
#1961=ORIENTED_EDGE('',*,*,#1508,.F.);
#1962=ORIENTED_EDGE('',*,*,#1509,.F.);
#1963=ORIENTED_EDGE('',*,*,#1510,.F.);
#1964=ORIENTED_EDGE('',*,*,#1483,.T.);
#1965=ORIENTED_EDGE('',*,*,#1511,.T.);
#1966=ORIENTED_EDGE('',*,*,#1508,.T.);
#1967=ORIENTED_EDGE('',*,*,#1511,.F.);
#1968=ORIENTED_EDGE('',*,*,#1491,.T.);
#1969=ORIENTED_EDGE('',*,*,#1512,.T.);
#1970=ORIENTED_EDGE('',*,*,#1509,.T.);
#1971=ORIENTED_EDGE('',*,*,#1512,.F.);
#1972=ORIENTED_EDGE('',*,*,#1487,.T.);
#1973=ORIENTED_EDGE('',*,*,#1513,.T.);
#1974=ORIENTED_EDGE('',*,*,#1510,.T.);
#1975=ORIENTED_EDGE('',*,*,#1513,.F.);
#1976=ORIENTED_EDGE('',*,*,#1382,.F.);
#1977=ORIENTED_EDGE('',*,*,#1514,.T.);
#1978=ORIENTED_EDGE('',*,*,#1515,.T.);
#1979=ORIENTED_EDGE('',*,*,#1514,.F.);
#1980=ORIENTED_EDGE('',*,*,#1515,.F.);
#1981=ORIENTED_EDGE('',*,*,#1381,.F.);
#1982=ORIENTED_EDGE('',*,*,#1516,.T.);
#1983=ORIENTED_EDGE('',*,*,#1517,.T.);
#1984=ORIENTED_EDGE('',*,*,#1516,.F.);
#1985=ORIENTED_EDGE('',*,*,#1517,.F.);
#1986=ORIENTED_EDGE('',*,*,#1380,.F.);
#1987=ORIENTED_EDGE('',*,*,#1518,.T.);
#1988=ORIENTED_EDGE('',*,*,#1519,.T.);
#1989=ORIENTED_EDGE('',*,*,#1518,.F.);
#1990=ORIENTED_EDGE('',*,*,#1519,.F.);
#1991=ORIENTED_EDGE('',*,*,#1379,.F.);
#1992=ORIENTED_EDGE('',*,*,#1520,.T.);
#1993=ORIENTED_EDGE('',*,*,#1521,.T.);
#1994=ORIENTED_EDGE('',*,*,#1520,.F.);
#1995=ORIENTED_EDGE('',*,*,#1521,.F.);
#1996=ORIENTED_EDGE('',*,*,#1342,.F.);
#1997=ORIENTED_EDGE('',*,*,#1413,.F.);
#1998=ORIENTED_EDGE('',*,*,#1471,.F.);
#1999=ORIENTED_EDGE('',*,*,#1422,.F.);
#2000=ORIENTED_EDGE('',*,*,#1522,.F.);
#2001=ORIENTED_EDGE('',*,*,#1523,.T.);
#2002=ORIENTED_EDGE('',*,*,#1366,.T.);
#2003=ORIENTED_EDGE('',*,*,#1396,.F.);
#2004=ORIENTED_EDGE('',*,*,#1367,.T.);
#2005=ORIENTED_EDGE('',*,*,#1523,.F.);
#2006=ORIENTED_EDGE('',*,*,#1522,.T.);
#2007=ORIENTED_EDGE('',*,*,#1524,.F.);
#2008=ORIENTED_EDGE('',*,*,#1525,.F.);
#2009=ORIENTED_EDGE('',*,*,#1526,.T.);
#2010=ORIENTED_EDGE('',*,*,#1378,.T.);
#2011=ORIENTED_EDGE('',*,*,#1526,.F.);
#2012=ORIENTED_EDGE('',*,*,#1525,.T.);
#2013=ORIENTED_EDGE('',*,*,#1527,.F.);
#2014=ORIENTED_EDGE('',*,*,#1528,.F.);
#2015=ORIENTED_EDGE('',*,*,#1529,.T.);
#2016=ORIENTED_EDGE('',*,*,#1377,.T.);
#2017=ORIENTED_EDGE('',*,*,#1529,.F.);
#2018=ORIENTED_EDGE('',*,*,#1528,.T.);
#2019=ORIENTED_EDGE('',*,*,#1530,.F.);
#2020=ORIENTED_EDGE('',*,*,#1399,.T.);
#2021=ORIENTED_EDGE('',*,*,#1531,.F.);
#2022=ORIENTED_EDGE('',*,*,#1532,.F.);
#2023=ORIENTED_EDGE('',*,*,#1533,.T.);
#2024=ORIENTED_EDGE('',*,*,#1363,.T.);
#2025=ORIENTED_EDGE('',*,*,#1397,.F.);
#2026=ORIENTED_EDGE('',*,*,#1364,.T.);
#2027=ORIENTED_EDGE('',*,*,#1533,.F.);
#2028=ORIENTED_EDGE('',*,*,#1532,.T.);
#2029=ORIENTED_EDGE('',*,*,#1534,.F.);
#2030=ORIENTED_EDGE('',*,*,#1535,.F.);
#2031=ORIENTED_EDGE('',*,*,#1536,.T.);
#2032=ORIENTED_EDGE('',*,*,#1376,.T.);
#2033=ORIENTED_EDGE('',*,*,#1536,.F.);
#2034=ORIENTED_EDGE('',*,*,#1535,.T.);
#2035=ORIENTED_EDGE('',*,*,#1537,.F.);
#2036=ORIENTED_EDGE('',*,*,#1538,.F.);
#2037=ORIENTED_EDGE('',*,*,#1539,.T.);
#2038=ORIENTED_EDGE('',*,*,#1375,.T.);
#2039=ORIENTED_EDGE('',*,*,#1539,.F.);
#2040=ORIENTED_EDGE('',*,*,#1538,.T.);
#2041=ORIENTED_EDGE('',*,*,#1540,.F.);
#2042=ORIENTED_EDGE('',*,*,#1401,.T.);
#2043=ORIENTED_EDGE('',*,*,#1541,.F.);
#2044=ORIENTED_EDGE('',*,*,#1479,.F.);
#2045=ORIENTED_EDGE('',*,*,#1542,.T.);
#2046=ORIENTED_EDGE('',*,*,#1530,.T.);
#2047=ORIENTED_EDGE('',*,*,#1542,.F.);
#2048=ORIENTED_EDGE('',*,*,#1478,.F.);
#2049=ORIENTED_EDGE('',*,*,#1543,.T.);
#2050=ORIENTED_EDGE('',*,*,#1531,.T.);
#2051=ORIENTED_EDGE('',*,*,#1543,.F.);
#2052=ORIENTED_EDGE('',*,*,#1477,.F.);
#2053=ORIENTED_EDGE('',*,*,#1544,.T.);
#2054=ORIENTED_EDGE('',*,*,#1524,.T.);
#2055=ORIENTED_EDGE('',*,*,#1544,.F.);
#2056=ORIENTED_EDGE('',*,*,#1476,.F.);
#2057=ORIENTED_EDGE('',*,*,#1545,.T.);
#2058=ORIENTED_EDGE('',*,*,#1527,.T.);
#2059=ORIENTED_EDGE('',*,*,#1545,.F.);
#2060=ORIENTED_EDGE('',*,*,#1475,.F.);
#2061=ORIENTED_EDGE('',*,*,#1546,.T.);
#2062=ORIENTED_EDGE('',*,*,#1540,.T.);
#2063=ORIENTED_EDGE('',*,*,#1546,.F.);
#2064=ORIENTED_EDGE('',*,*,#1474,.F.);
#2065=ORIENTED_EDGE('',*,*,#1547,.T.);
#2066=ORIENTED_EDGE('',*,*,#1541,.T.);
#2067=ORIENTED_EDGE('',*,*,#1547,.F.);
#2068=ORIENTED_EDGE('',*,*,#1473,.F.);
#2069=ORIENTED_EDGE('',*,*,#1548,.T.);
#2070=ORIENTED_EDGE('',*,*,#1534,.T.);
#2071=ORIENTED_EDGE('',*,*,#1548,.F.);
#2072=ORIENTED_EDGE('',*,*,#1472,.F.);
#2073=ORIENTED_EDGE('',*,*,#1549,.T.);
#2074=ORIENTED_EDGE('',*,*,#1537,.T.);
#2075=ORIENTED_EDGE('',*,*,#1549,.F.);
#2076=ORIENTED_EDGE('',*,*,#1427,.T.);
#2077=ORIENTED_EDGE('',*,*,#1420,.T.);
#2078=ORIENTED_EDGE('',*,*,#1550,.T.);
#2079=ORIENTED_EDGE('',*,*,#1551,.T.);
#2080=ORIENTED_EDGE('',*,*,#1469,.T.);
#2081=ORIENTED_EDGE('',*,*,#1552,.T.);
#2082=ORIENTED_EDGE('',*,*,#1553,.T.);
#2083=ORIENTED_EDGE('',*,*,#1418,.T.);
#2084=ORIENTED_EDGE('',*,*,#1552,.F.);
#2085=ORIENTED_EDGE('',*,*,#1468,.F.);
#2086=ORIENTED_EDGE('',*,*,#1554,.T.);
#2087=ORIENTED_EDGE('',*,*,#1555,.T.);
#2088=ORIENTED_EDGE('',*,*,#1556,.F.);
#2089=ORIENTED_EDGE('',*,*,#1557,.F.);
#2090=ORIENTED_EDGE('',*,*,#1558,.F.);
#2091=ORIENTED_EDGE('',*,*,#1559,.F.);
#2092=ORIENTED_EDGE('',*,*,#1560,.T.);
#2093=ORIENTED_EDGE('',*,*,#1561,.T.);
#2094=ORIENTED_EDGE('',*,*,#1562,.T.);
#2095=ORIENTED_EDGE('',*,*,#1560,.F.);
#2096=ORIENTED_EDGE('',*,*,#1563,.F.);
#2097=ORIENTED_EDGE('',*,*,#1564,.F.);
#2098=ORIENTED_EDGE('',*,*,#1565,.F.);
#2099=ORIENTED_EDGE('',*,*,#1566,.F.);
#2100=ORIENTED_EDGE('',*,*,#1557,.T.);
#2101=ORIENTED_EDGE('',*,*,#1567,.T.);
#2102=ORIENTED_EDGE('',*,*,#1564,.T.);
#2103=ORIENTED_EDGE('',*,*,#1559,.T.);
#2104=ORIENTED_EDGE('',*,*,#1568,.T.);
#2105=ORIENTED_EDGE('',*,*,#1550,.F.);
#2106=ORIENTED_EDGE('',*,*,#1419,.F.);
#2107=ORIENTED_EDGE('',*,*,#1553,.F.);
#2108=ORIENTED_EDGE('',*,*,#1558,.T.);
#2109=ORIENTED_EDGE('',*,*,#1566,.T.);
#2110=ORIENTED_EDGE('',*,*,#1563,.T.);
#2111=ORIENTED_EDGE('',*,*,#1569,.F.);
#2112=ORIENTED_EDGE('',*,*,#1570,.T.);
#2113=ORIENTED_EDGE('',*,*,#1466,.T.);
#2114=ORIENTED_EDGE('',*,*,#1571,.T.);
#2115=ORIENTED_EDGE('',*,*,#1569,.T.);
#2116=ORIENTED_EDGE('',*,*,#1572,.T.);
#2117=ORIENTED_EDGE('',*,*,#1573,.F.);
#2118=ORIENTED_EDGE('',*,*,#1555,.F.);
#2119=ORIENTED_EDGE('',*,*,#1574,.T.);
#2120=ORIENTED_EDGE('',*,*,#1571,.F.);
#2121=ORIENTED_EDGE('',*,*,#1465,.F.);
#2122=ORIENTED_EDGE('',*,*,#1575,.F.);
#2123=ORIENTED_EDGE('',*,*,#1572,.F.);
#2124=ORIENTED_EDGE('',*,*,#1576,.F.);
#2125=ORIENTED_EDGE('',*,*,#1577,.T.);
#2126=ORIENTED_EDGE('',*,*,#1430,.T.);
#2127=ORIENTED_EDGE('',*,*,#1578,.T.);
#2128=ORIENTED_EDGE('',*,*,#1578,.F.);
#2129=ORIENTED_EDGE('',*,*,#1429,.F.);
#2130=ORIENTED_EDGE('',*,*,#1579,.F.);
#2131=ORIENTED_EDGE('',*,*,#1580,.F.);
#2132=ORIENTED_EDGE('',*,*,#1577,.F.);
#2133=ORIENTED_EDGE('',*,*,#1581,.F.);
#2134=ORIENTED_EDGE('',*,*,#1582,.F.);
#2135=ORIENTED_EDGE('',*,*,#1431,.F.);
#2136=ORIENTED_EDGE('',*,*,#1576,.T.);
#2137=ORIENTED_EDGE('',*,*,#1580,.T.);
#2138=ORIENTED_EDGE('',*,*,#1583,.F.);
#2139=ORIENTED_EDGE('',*,*,#1584,.F.);
#2140=ORIENTED_EDGE('',*,*,#1581,.T.);
#2141=ORIENTED_EDGE('',*,*,#1570,.F.);
#2142=ORIENTED_EDGE('',*,*,#1574,.F.);
#2143=ORIENTED_EDGE('',*,*,#1554,.F.);
#2144=ORIENTED_EDGE('',*,*,#1467,.F.);
#2145=ORIENTED_EDGE('',*,*,#1582,.T.);
#2146=ORIENTED_EDGE('',*,*,#1584,.T.);
#2147=ORIENTED_EDGE('',*,*,#1585,.T.);
#2148=ORIENTED_EDGE('',*,*,#1586,.F.);
#2149=ORIENTED_EDGE('',*,*,#1587,.F.);
#2150=ORIENTED_EDGE('',*,*,#1438,.F.);
#2151=ORIENTED_EDGE('',*,*,#1588,.F.);
#2152=ORIENTED_EDGE('',*,*,#1589,.F.);
#2153=ORIENTED_EDGE('',*,*,#1590,.T.);
#2154=ORIENTED_EDGE('',*,*,#1432,.F.);
#2155=ORIENTED_EDGE('',*,*,#1551,.F.);
#2156=ORIENTED_EDGE('',*,*,#1568,.F.);
#2157=ORIENTED_EDGE('',*,*,#1562,.F.);
#2158=ORIENTED_EDGE('',*,*,#1585,.F.);
#2159=ORIENTED_EDGE('',*,*,#1583,.T.);
#2160=ORIENTED_EDGE('',*,*,#1579,.T.);
#2161=ORIENTED_EDGE('',*,*,#1428,.F.);
#2162=ORIENTED_EDGE('',*,*,#1561,.F.);
#2163=ORIENTED_EDGE('',*,*,#1565,.T.);
#2164=ORIENTED_EDGE('',*,*,#1567,.F.);
#2165=ORIENTED_EDGE('',*,*,#1591,.T.);
#2166=ORIENTED_EDGE('',*,*,#1592,.T.);
#2167=ORIENTED_EDGE('',*,*,#1593,.T.);
#2168=ORIENTED_EDGE('',*,*,#1594,.T.);
#2169=ORIENTED_EDGE('',*,*,#1595,.T.);
#2170=ORIENTED_EDGE('',*,*,#1596,.T.);
#2171=ORIENTED_EDGE('',*,*,#1597,.T.);
#2172=ORIENTED_EDGE('',*,*,#1598,.T.);
#2173=ORIENTED_EDGE('',*,*,#1586,.T.);
#2174=ORIENTED_EDGE('',*,*,#1488,.T.);
#2175=ORIENTED_EDGE('',*,*,#1484,.T.);
#2176=ORIENTED_EDGE('',*,*,#1480,.T.);
#2177=ORIENTED_EDGE('',*,*,#1575,.T.);
#2178=ORIENTED_EDGE('',*,*,#1464,.F.);
#2179=ORIENTED_EDGE('',*,*,#1599,.F.);
#2180=ORIENTED_EDGE('',*,*,#1600,.F.);
#2181=ORIENTED_EDGE('',*,*,#1601,.T.);
#2182=ORIENTED_EDGE('',*,*,#1458,.F.);
#2183=ORIENTED_EDGE('',*,*,#1602,.T.);
#2184=ORIENTED_EDGE('',*,*,#1591,.F.);
#2185=ORIENTED_EDGE('',*,*,#1556,.T.);
#2186=ORIENTED_EDGE('',*,*,#1573,.T.);
#2187=ORIENTED_EDGE('',*,*,#1603,.F.);
#2188=ORIENTED_EDGE('',*,*,#1604,.T.);
#2189=ORIENTED_EDGE('',*,*,#1605,.T.);
#2190=ORIENTED_EDGE('',*,*,#1606,.F.);
#2191=ORIENTED_EDGE('',*,*,#1607,.F.);
#2192=ORIENTED_EDGE('',*,*,#1608,.T.);
#2193=ORIENTED_EDGE('',*,*,#1609,.T.);
#2194=ORIENTED_EDGE('',*,*,#1604,.F.);
#2195=ORIENTED_EDGE('',*,*,#1610,.F.);
#2196=ORIENTED_EDGE('',*,*,#1611,.T.);
#2197=ORIENTED_EDGE('',*,*,#1612,.T.);
#2198=ORIENTED_EDGE('',*,*,#1608,.F.);
#2199=ORIENTED_EDGE('',*,*,#1613,.F.);
#2200=ORIENTED_EDGE('',*,*,#1606,.T.);
#2201=ORIENTED_EDGE('',*,*,#1614,.T.);
#2202=ORIENTED_EDGE('',*,*,#1611,.F.);
#2203=ORIENTED_EDGE('',*,*,#1614,.F.);
#2204=ORIENTED_EDGE('',*,*,#1605,.F.);
#2205=ORIENTED_EDGE('',*,*,#1609,.F.);
#2206=ORIENTED_EDGE('',*,*,#1612,.F.);
#2207=ORIENTED_EDGE('',*,*,#1615,.F.);
#2208=ORIENTED_EDGE('',*,*,#1616,.T.);
#2209=ORIENTED_EDGE('',*,*,#1617,.T.);
#2210=ORIENTED_EDGE('',*,*,#1618,.F.);
#2211=ORIENTED_EDGE('',*,*,#1619,.F.);
#2212=ORIENTED_EDGE('',*,*,#1620,.T.);
#2213=ORIENTED_EDGE('',*,*,#1621,.T.);
#2214=ORIENTED_EDGE('',*,*,#1616,.F.);
#2215=ORIENTED_EDGE('',*,*,#1622,.F.);
#2216=ORIENTED_EDGE('',*,*,#1623,.T.);
#2217=ORIENTED_EDGE('',*,*,#1624,.T.);
#2218=ORIENTED_EDGE('',*,*,#1620,.F.);
#2219=ORIENTED_EDGE('',*,*,#1625,.F.);
#2220=ORIENTED_EDGE('',*,*,#1618,.T.);
#2221=ORIENTED_EDGE('',*,*,#1626,.T.);
#2222=ORIENTED_EDGE('',*,*,#1623,.F.);
#2223=ORIENTED_EDGE('',*,*,#1626,.F.);
#2224=ORIENTED_EDGE('',*,*,#1617,.F.);
#2225=ORIENTED_EDGE('',*,*,#1621,.F.);
#2226=ORIENTED_EDGE('',*,*,#1624,.F.);
#2227=ORIENTED_EDGE('',*,*,#1627,.F.);
#2228=ORIENTED_EDGE('',*,*,#1628,.T.);
#2229=ORIENTED_EDGE('',*,*,#1629,.T.);
#2230=ORIENTED_EDGE('',*,*,#1630,.F.);
#2231=ORIENTED_EDGE('',*,*,#1631,.F.);
#2232=ORIENTED_EDGE('',*,*,#1632,.T.);
#2233=ORIENTED_EDGE('',*,*,#1633,.T.);
#2234=ORIENTED_EDGE('',*,*,#1628,.F.);
#2235=ORIENTED_EDGE('',*,*,#1634,.F.);
#2236=ORIENTED_EDGE('',*,*,#1635,.T.);
#2237=ORIENTED_EDGE('',*,*,#1636,.T.);
#2238=ORIENTED_EDGE('',*,*,#1632,.F.);
#2239=ORIENTED_EDGE('',*,*,#1637,.F.);
#2240=ORIENTED_EDGE('',*,*,#1630,.T.);
#2241=ORIENTED_EDGE('',*,*,#1638,.T.);
#2242=ORIENTED_EDGE('',*,*,#1635,.F.);
#2243=ORIENTED_EDGE('',*,*,#1638,.F.);
#2244=ORIENTED_EDGE('',*,*,#1629,.F.);
#2245=ORIENTED_EDGE('',*,*,#1633,.F.);
#2246=ORIENTED_EDGE('',*,*,#1636,.F.);
#2247=ORIENTED_EDGE('',*,*,#1639,.F.);
#2248=ORIENTED_EDGE('',*,*,#1640,.T.);
#2249=ORIENTED_EDGE('',*,*,#1641,.T.);
#2250=ORIENTED_EDGE('',*,*,#1642,.F.);
#2251=ORIENTED_EDGE('',*,*,#1643,.F.);
#2252=ORIENTED_EDGE('',*,*,#1644,.T.);
#2253=ORIENTED_EDGE('',*,*,#1645,.T.);
#2254=ORIENTED_EDGE('',*,*,#1640,.F.);
#2255=ORIENTED_EDGE('',*,*,#1646,.F.);
#2256=ORIENTED_EDGE('',*,*,#1647,.T.);
#2257=ORIENTED_EDGE('',*,*,#1648,.T.);
#2258=ORIENTED_EDGE('',*,*,#1644,.F.);
#2259=ORIENTED_EDGE('',*,*,#1649,.F.);
#2260=ORIENTED_EDGE('',*,*,#1642,.T.);
#2261=ORIENTED_EDGE('',*,*,#1650,.T.);
#2262=ORIENTED_EDGE('',*,*,#1647,.F.);
#2263=ORIENTED_EDGE('',*,*,#1650,.F.);
#2264=ORIENTED_EDGE('',*,*,#1641,.F.);
#2265=ORIENTED_EDGE('',*,*,#1645,.F.);
#2266=ORIENTED_EDGE('',*,*,#1648,.F.);
#2267=ORIENTED_EDGE('',*,*,#1446,.F.);
#2268=ORIENTED_EDGE('',*,*,#1651,.F.);
#2269=ORIENTED_EDGE('',*,*,#1652,.F.);
#2270=ORIENTED_EDGE('',*,*,#1653,.T.);
#2271=ORIENTED_EDGE('',*,*,#1445,.F.);
#2272=ORIENTED_EDGE('',*,*,#1654,.F.);
#2273=ORIENTED_EDGE('',*,*,#1655,.F.);
#2274=ORIENTED_EDGE('',*,*,#1651,.T.);
#2275=ORIENTED_EDGE('',*,*,#1444,.F.);
#2276=ORIENTED_EDGE('',*,*,#1656,.F.);
#2277=ORIENTED_EDGE('',*,*,#1657,.F.);
#2278=ORIENTED_EDGE('',*,*,#1654,.T.);
#2279=ORIENTED_EDGE('',*,*,#1443,.F.);
#2280=ORIENTED_EDGE('',*,*,#1658,.F.);
#2281=ORIENTED_EDGE('',*,*,#1659,.F.);
#2282=ORIENTED_EDGE('',*,*,#1656,.T.);
#2283=ORIENTED_EDGE('',*,*,#1447,.F.);
#2284=ORIENTED_EDGE('',*,*,#1653,.F.);
#2285=ORIENTED_EDGE('',*,*,#1660,.F.);
#2286=ORIENTED_EDGE('',*,*,#1661,.T.);
#2287=ORIENTED_EDGE('',*,*,#1662,.T.);
#2288=ORIENTED_EDGE('',*,*,#1660,.T.);
#2289=ORIENTED_EDGE('',*,*,#1652,.T.);
#2290=ORIENTED_EDGE('',*,*,#1655,.T.);
#2291=ORIENTED_EDGE('',*,*,#1657,.T.);
#2292=ORIENTED_EDGE('',*,*,#1659,.T.);
#2293=ORIENTED_EDGE('',*,*,#1603,.T.);
#2294=ORIENTED_EDGE('',*,*,#1613,.T.);
#2295=ORIENTED_EDGE('',*,*,#1610,.T.);
#2296=ORIENTED_EDGE('',*,*,#1607,.T.);
#2297=ORIENTED_EDGE('',*,*,#1462,.F.);
#2298=ORIENTED_EDGE('',*,*,#1663,.F.);
#2299=ORIENTED_EDGE('',*,*,#1664,.F.);
#2300=ORIENTED_EDGE('',*,*,#1665,.T.);
#2301=ORIENTED_EDGE('',*,*,#1461,.F.);
#2302=ORIENTED_EDGE('',*,*,#1666,.F.);
#2303=ORIENTED_EDGE('',*,*,#1667,.F.);
#2304=ORIENTED_EDGE('',*,*,#1663,.T.);
#2305=ORIENTED_EDGE('',*,*,#1460,.F.);
#2306=ORIENTED_EDGE('',*,*,#1668,.F.);
#2307=ORIENTED_EDGE('',*,*,#1669,.F.);
#2308=ORIENTED_EDGE('',*,*,#1666,.T.);
#2309=ORIENTED_EDGE('',*,*,#1459,.F.);
#2310=ORIENTED_EDGE('',*,*,#1601,.F.);
#2311=ORIENTED_EDGE('',*,*,#1670,.F.);
#2312=ORIENTED_EDGE('',*,*,#1668,.T.);
#2313=ORIENTED_EDGE('',*,*,#1463,.F.);
#2314=ORIENTED_EDGE('',*,*,#1665,.F.);
#2315=ORIENTED_EDGE('',*,*,#1671,.F.);
#2316=ORIENTED_EDGE('',*,*,#1599,.T.);
#2317=ORIENTED_EDGE('',*,*,#1600,.T.);
#2318=ORIENTED_EDGE('',*,*,#1671,.T.);
#2319=ORIENTED_EDGE('',*,*,#1664,.T.);
#2320=ORIENTED_EDGE('',*,*,#1667,.T.);
#2321=ORIENTED_EDGE('',*,*,#1669,.T.);
#2322=ORIENTED_EDGE('',*,*,#1670,.T.);
#2323=ORIENTED_EDGE('',*,*,#1639,.T.);
#2324=ORIENTED_EDGE('',*,*,#1649,.T.);
#2325=ORIENTED_EDGE('',*,*,#1646,.T.);
#2326=ORIENTED_EDGE('',*,*,#1643,.T.);
#2327=ORIENTED_EDGE('',*,*,#1452,.F.);
#2328=ORIENTED_EDGE('',*,*,#1672,.F.);
#2329=ORIENTED_EDGE('',*,*,#1673,.F.);
#2330=ORIENTED_EDGE('',*,*,#1674,.T.);
#2331=ORIENTED_EDGE('',*,*,#1451,.F.);
#2332=ORIENTED_EDGE('',*,*,#1675,.F.);
#2333=ORIENTED_EDGE('',*,*,#1676,.F.);
#2334=ORIENTED_EDGE('',*,*,#1672,.T.);
#2335=ORIENTED_EDGE('',*,*,#1450,.F.);
#2336=ORIENTED_EDGE('',*,*,#1677,.F.);
#2337=ORIENTED_EDGE('',*,*,#1678,.F.);
#2338=ORIENTED_EDGE('',*,*,#1675,.T.);
#2339=ORIENTED_EDGE('',*,*,#1449,.F.);
#2340=ORIENTED_EDGE('',*,*,#1679,.F.);
#2341=ORIENTED_EDGE('',*,*,#1680,.F.);
#2342=ORIENTED_EDGE('',*,*,#1677,.T.);
#2343=ORIENTED_EDGE('',*,*,#1453,.F.);
#2344=ORIENTED_EDGE('',*,*,#1674,.F.);
#2345=ORIENTED_EDGE('',*,*,#1681,.F.);
#2346=ORIENTED_EDGE('',*,*,#1682,.T.);
#2347=ORIENTED_EDGE('',*,*,#1683,.T.);
#2348=ORIENTED_EDGE('',*,*,#1681,.T.);
#2349=ORIENTED_EDGE('',*,*,#1673,.T.);
#2350=ORIENTED_EDGE('',*,*,#1676,.T.);
#2351=ORIENTED_EDGE('',*,*,#1678,.T.);
#2352=ORIENTED_EDGE('',*,*,#1680,.T.);
#2353=ORIENTED_EDGE('',*,*,#1627,.T.);
#2354=ORIENTED_EDGE('',*,*,#1637,.T.);
#2355=ORIENTED_EDGE('',*,*,#1634,.T.);
#2356=ORIENTED_EDGE('',*,*,#1631,.T.);
#2357=ORIENTED_EDGE('',*,*,#1437,.F.);
#2358=ORIENTED_EDGE('',*,*,#1684,.F.);
#2359=ORIENTED_EDGE('',*,*,#1685,.F.);
#2360=ORIENTED_EDGE('',*,*,#1588,.T.);
#2361=ORIENTED_EDGE('',*,*,#1436,.F.);
#2362=ORIENTED_EDGE('',*,*,#1686,.F.);
#2363=ORIENTED_EDGE('',*,*,#1687,.F.);
#2364=ORIENTED_EDGE('',*,*,#1684,.T.);
#2365=ORIENTED_EDGE('',*,*,#1435,.F.);
#2366=ORIENTED_EDGE('',*,*,#1688,.F.);
#2367=ORIENTED_EDGE('',*,*,#1689,.F.);
#2368=ORIENTED_EDGE('',*,*,#1686,.T.);
#2369=ORIENTED_EDGE('',*,*,#1433,.F.);
#2370=ORIENTED_EDGE('',*,*,#1590,.F.);
#2371=ORIENTED_EDGE('',*,*,#1690,.F.);
#2372=ORIENTED_EDGE('',*,*,#1691,.T.);
#2373=ORIENTED_EDGE('',*,*,#1434,.F.);
#2374=ORIENTED_EDGE('',*,*,#1691,.F.);
#2375=ORIENTED_EDGE('',*,*,#1692,.F.);
#2376=ORIENTED_EDGE('',*,*,#1688,.T.);
#2377=ORIENTED_EDGE('',*,*,#1589,.T.);
#2378=ORIENTED_EDGE('',*,*,#1685,.T.);
#2379=ORIENTED_EDGE('',*,*,#1687,.T.);
#2380=ORIENTED_EDGE('',*,*,#1689,.T.);
#2381=ORIENTED_EDGE('',*,*,#1692,.T.);
#2382=ORIENTED_EDGE('',*,*,#1690,.T.);
#2383=ORIENTED_EDGE('',*,*,#1615,.T.);
#2384=ORIENTED_EDGE('',*,*,#1625,.T.);
#2385=ORIENTED_EDGE('',*,*,#1622,.T.);
#2386=ORIENTED_EDGE('',*,*,#1619,.T.);
#2387=ORIENTED_EDGE('',*,*,#1595,.F.);
#2388=ORIENTED_EDGE('',*,*,#1693,.F.);
#2389=ORIENTED_EDGE('',*,*,#1454,.F.);
#2390=ORIENTED_EDGE('',*,*,#1682,.F.);
#2391=ORIENTED_EDGE('',*,*,#1683,.F.);
#2392=ORIENTED_EDGE('',*,*,#1679,.T.);
#2393=ORIENTED_EDGE('',*,*,#1448,.F.);
#2394=ORIENTED_EDGE('',*,*,#1661,.F.);
#2395=ORIENTED_EDGE('',*,*,#1662,.F.);
#2396=ORIENTED_EDGE('',*,*,#1658,.T.);
#2397=ORIENTED_EDGE('',*,*,#1442,.F.);
#2398=ORIENTED_EDGE('',*,*,#1694,.T.);
#2399=ORIENTED_EDGE('',*,*,#1594,.F.);
#2400=ORIENTED_EDGE('',*,*,#1695,.F.);
#2401=ORIENTED_EDGE('',*,*,#1455,.F.);
#2402=ORIENTED_EDGE('',*,*,#1693,.T.);
#2403=ORIENTED_EDGE('',*,*,#1593,.F.);
#2404=ORIENTED_EDGE('',*,*,#1696,.F.);
#2405=ORIENTED_EDGE('',*,*,#1456,.F.);
#2406=ORIENTED_EDGE('',*,*,#1695,.T.);
#2407=ORIENTED_EDGE('',*,*,#1592,.F.);
#2408=ORIENTED_EDGE('',*,*,#1602,.F.);
#2409=ORIENTED_EDGE('',*,*,#1457,.F.);
#2410=ORIENTED_EDGE('',*,*,#1696,.T.);
#2411=ORIENTED_EDGE('',*,*,#1598,.F.);
#2412=ORIENTED_EDGE('',*,*,#1697,.F.);
#2413=ORIENTED_EDGE('',*,*,#1439,.F.);
#2414=ORIENTED_EDGE('',*,*,#1587,.T.);
#2415=ORIENTED_EDGE('',*,*,#1597,.F.);
#2416=ORIENTED_EDGE('',*,*,#1698,.F.);
#2417=ORIENTED_EDGE('',*,*,#1440,.F.);
#2418=ORIENTED_EDGE('',*,*,#1697,.T.);
#2419=ORIENTED_EDGE('',*,*,#1596,.F.);
#2420=ORIENTED_EDGE('',*,*,#1694,.F.);
#2421=ORIENTED_EDGE('',*,*,#1441,.F.);
#2422=ORIENTED_EDGE('',*,*,#1698,.T.);
#2423=B_SPLINE_SURFACE_WITH_KNOTS('',3,3,((#3597,#3598,#3599,#3600,#3601),
(#3602,#3603,#3604,#3605,#3606),(#3607,#3608,#3609,#3610,#3611),(#3612,
#3613,#3614,#3615,#3616)),.UNSPECIFIED.,.F.,.F.,.F.,(4,4),(4,1,4),(0.,1.),
(-1.54463429278971,-0.88264816730841,-6.21724893790088E-15),
 .UNSPECIFIED.);
#2424=B_SPLINE_SURFACE_WITH_KNOTS('',3,3,((#3639,#3640,#3641,#3642,#3643),
(#3644,#3645,#3646,#3647,#3648),(#3649,#3650,#3651,#3652,#3653),(#3654,
#3655,#3656,#3657,#3658)),.UNSPECIFIED.,.F.,.F.,.F.,(4,4),(4,1,4),(0.,1.),
(-9.0205620750794E-16,0.882648167292379,1.54463429276166),.UNSPECIFIED.);
#2425=B_SPLINE_SURFACE_WITH_KNOTS('',3,3,((#3690,#3691,#3692,#3693),(#3694,
#3695,#3696,#3697),(#3698,#3699,#3700,#3701),(#3702,#3703,#3704,#3705)),
 .UNSPECIFIED.,.F.,.F.,.F.,(4,4),(4,4),(0.,1.),(1.54463429278971,1.5707963267949),
 .UNSPECIFIED.);
#2426=ADVANCED_FACE('',(#320),#2423,.T.);
#2427=ADVANCED_FACE('',(#321),#244,.T.);
#2428=ADVANCED_FACE('',(#322),#2424,.T.);
#2429=ADVANCED_FACE('',(#323),#242,.T.);
#2430=ADVANCED_FACE('',(#324),#245,.T.);
#2431=ADVANCED_FACE('',(#325),#2425,.T.);
#2432=ADVANCED_FACE('',(#326),#246,.T.);
#2433=ADVANCED_FACE('',(#327),#243,.T.);
#2434=ADVANCED_FACE('',(#328,#76,#77,#78,#79,#80,#81,#82,#83,#84),#247,
 .F.);
#2435=ADVANCED_FACE('',(#329),#248,.T.);
#2436=ADVANCED_FACE('',(#330),#15,.T.);
#2437=ADVANCED_FACE('',(#331),#16,.F.);
#2438=ADVANCED_FACE('',(#332),#17,.F.);
#2439=ADVANCED_FACE('',(#333),#249,.T.);
#2440=ADVANCED_FACE('',(#334),#250,.T.);
#2441=ADVANCED_FACE('',(#335),#251,.F.);
#2442=ADVANCED_FACE('',(#336),#18,.T.);
#2443=ADVANCED_FACE('',(#337),#19,.T.);
#2444=ADVANCED_FACE('',(#338),#252,.T.);
#2445=ADVANCED_FACE('',(#339),#20,.T.);
#2446=ADVANCED_FACE('',(#340),#253,.T.);
#2447=ADVANCED_FACE('',(#341,#85,#86,#87,#88,#89,#90,#91,#92),#254,.F.);
#2448=ADVANCED_FACE('',(#342),#21,.T.);
#2449=ADVANCED_FACE('',(#343),#22,.F.);
#2450=ADVANCED_FACE('',(#344,#93),#255,.T.);
#2451=ADVANCED_FACE('',(#345),#23,.F.);
#2452=ADVANCED_FACE('',(#346,#94),#256,.T.);
#2453=ADVANCED_FACE('',(#347),#24,.F.);
#2454=ADVANCED_FACE('',(#348,#95),#257,.T.);
#2455=ADVANCED_FACE('',(#349),#258,.F.);
#2456=ADVANCED_FACE('',(#350),#25,.F.);
#2457=ADVANCED_FACE('',(#351),#259,.F.);
#2458=ADVANCED_FACE('',(#352),#26,.F.);
#2459=ADVANCED_FACE('',(#353),#260,.F.);
#2460=ADVANCED_FACE('',(#354),#27,.F.);
#2461=ADVANCED_FACE('',(#355),#261,.F.);
#2462=ADVANCED_FACE('',(#356),#28,.F.);
#2463=ADVANCED_FACE('',(#357,#96,#97,#98),#262,.F.);
#2464=ADVANCED_FACE('',(#358),#29,.F.);
#2465=ADVANCED_FACE('',(#359),#30,.F.);
#2466=ADVANCED_FACE('',(#360),#31,.F.);
#2467=ADVANCED_FACE('',(#361),#32,.F.);
#2468=ADVANCED_FACE('',(#362),#263,.T.);
#2469=ADVANCED_FACE('',(#363),#33,.F.);
#2470=ADVANCED_FACE('',(#364),#264,.T.);
#2471=ADVANCED_FACE('',(#365),#34,.F.);
#2472=ADVANCED_FACE('',(#366),#265,.T.);
#2473=ADVANCED_FACE('',(#367),#35,.F.);
#2474=ADVANCED_FACE('',(#368),#266,.T.);
#2475=ADVANCED_FACE('',(#369),#267,.T.);
#2476=ADVANCED_FACE('',(#370),#36,.F.);
#2477=ADVANCED_FACE('',(#371,#99),#268,.F.);
#2478=ADVANCED_FACE('',(#372),#37,.F.);
#2479=ADVANCED_FACE('',(#373,#100),#269,.F.);
#2480=ADVANCED_FACE('',(#374),#38,.F.);
#2481=ADVANCED_FACE('',(#375,#101),#270,.F.);
#2482=ADVANCED_FACE('',(#376,#102),#271,.F.);
#2483=ADVANCED_FACE('',(#377),#39,.F.);
#2484=ADVANCED_FACE('',(#378,#103),#272,.F.);
#2485=ADVANCED_FACE('',(#379),#40,.F.);
#2486=ADVANCED_FACE('',(#380,#104),#273,.F.);
#2487=ADVANCED_FACE('',(#381),#41,.F.);
#2488=ADVANCED_FACE('',(#382,#105),#274,.F.);
#2489=ADVANCED_FACE('',(#383,#106),#275,.F.);
#2490=ADVANCED_FACE('',(#384),#42,.F.);
#2491=ADVANCED_FACE('',(#385),#43,.F.);
#2492=ADVANCED_FACE('',(#386),#44,.F.);
#2493=ADVANCED_FACE('',(#387),#45,.F.);
#2494=ADVANCED_FACE('',(#388),#46,.F.);
#2495=ADVANCED_FACE('',(#389),#47,.F.);
#2496=ADVANCED_FACE('',(#390),#48,.F.);
#2497=ADVANCED_FACE('',(#391),#49,.F.);
#2498=ADVANCED_FACE('',(#392),#50,.T.);
#2499=ADVANCED_FACE('',(#393),#51,.T.);
#2500=ADVANCED_FACE('',(#394),#276,.F.);
#2501=ADVANCED_FACE('',(#395),#52,.F.);
#2502=ADVANCED_FACE('',(#396),#277,.F.);
#2503=ADVANCED_FACE('',(#397),#53,.F.);
#2504=ADVANCED_FACE('',(#398),#278,.F.);
#2505=ADVANCED_FACE('',(#399),#54,.F.);
#2506=ADVANCED_FACE('',(#400),#279,.F.);
#2507=ADVANCED_FACE('',(#401),#280,.F.);
#2508=ADVANCED_FACE('',(#402),#55,.F.);
#2509=ADVANCED_FACE('',(#403),#281,.F.);
#2510=ADVANCED_FACE('',(#404),#282,.F.);
#2511=ADVANCED_FACE('',(#405),#283,.F.);
#2512=ADVANCED_FACE('',(#406),#284,.F.);
#2513=ADVANCED_FACE('',(#407),#285,.T.);
#2514=ADVANCED_FACE('',(#408),#286,.F.);
#2515=ADVANCED_FACE('',(#409,#107,#108,#109),#287,.T.);
#2516=ADVANCED_FACE('',(#410),#288,.T.);
#2517=ADVANCED_FACE('',(#411),#56,.F.);
#2518=ADVANCED_FACE('',(#412),#289,.F.);
#2519=ADVANCED_FACE('',(#413),#57,.F.);
#2520=ADVANCED_FACE('',(#414),#290,.F.);
#2521=ADVANCED_FACE('',(#415),#291,.T.);
#2522=ADVANCED_FACE('',(#416),#58,.F.);
#2523=ADVANCED_FACE('',(#417),#292,.F.);
#2524=ADVANCED_FACE('',(#418),#59,.F.);
#2525=ADVANCED_FACE('',(#419),#293,.F.);
#2526=ADVANCED_FACE('',(#420),#294,.T.);
#2527=ADVANCED_FACE('',(#421),#60,.F.);
#2528=ADVANCED_FACE('',(#422),#295,.F.);
#2529=ADVANCED_FACE('',(#423),#61,.F.);
#2530=ADVANCED_FACE('',(#424),#296,.F.);
#2531=ADVANCED_FACE('',(#425),#297,.T.);
#2532=ADVANCED_FACE('',(#426),#62,.F.);
#2533=ADVANCED_FACE('',(#427),#298,.F.);
#2534=ADVANCED_FACE('',(#428),#63,.F.);
#2535=ADVANCED_FACE('',(#429),#299,.F.);
#2536=ADVANCED_FACE('',(#430),#300,.T.);
#2537=ADVANCED_FACE('',(#431),#64,.T.);
#2538=ADVANCED_FACE('',(#432),#301,.T.);
#2539=ADVANCED_FACE('',(#433),#65,.T.);
#2540=ADVANCED_FACE('',(#434),#302,.T.);
#2541=ADVANCED_FACE('',(#435),#303,.T.);
#2542=ADVANCED_FACE('',(#436,#110),#304,.F.);
#2543=ADVANCED_FACE('',(#437),#66,.T.);
#2544=ADVANCED_FACE('',(#438),#305,.T.);
#2545=ADVANCED_FACE('',(#439),#67,.T.);
#2546=ADVANCED_FACE('',(#440),#306,.T.);
#2547=ADVANCED_FACE('',(#441),#307,.T.);
#2548=ADVANCED_FACE('',(#442,#111),#308,.F.);
#2549=ADVANCED_FACE('',(#443),#68,.T.);
#2550=ADVANCED_FACE('',(#444),#309,.T.);
#2551=ADVANCED_FACE('',(#445),#69,.T.);
#2552=ADVANCED_FACE('',(#446),#310,.T.);
#2553=ADVANCED_FACE('',(#447),#311,.T.);
#2554=ADVANCED_FACE('',(#448,#112),#312,.F.);
#2555=ADVANCED_FACE('',(#449),#313,.T.);
#2556=ADVANCED_FACE('',(#450),#70,.T.);
#2557=ADVANCED_FACE('',(#451),#314,.T.);
#2558=ADVANCED_FACE('',(#452),#315,.T.);
#2559=ADVANCED_FACE('',(#453),#71,.T.);
#2560=ADVANCED_FACE('',(#454,#113),#316,.F.);
#2561=ADVANCED_FACE('',(#455),#317,.T.);
#2562=ADVANCED_FACE('',(#456),#72,.F.);
#2563=ADVANCED_FACE('',(#457),#318,.T.);
#2564=ADVANCED_FACE('',(#458),#73,.F.);
#2565=ADVANCED_FACE('',(#459),#74,.F.);
#2566=ADVANCED_FACE('',(#460),#319,.T.);
#2567=ADVANCED_FACE('',(#461),#75,.F.);
#2568=CLOSED_SHELL('',(#2426,#2427,#2428,#2429,#2430,#2431,#2432,#2433,
#2434,#2435,#2436,#2437,#2438,#2439,#2440,#2441,#2442,#2443,#2444,#2445,
#2446,#2447,#2448,#2449,#2450,#2451,#2452,#2453,#2454,#2455,#2456,#2457,
#2458,#2459,#2460,#2461,#2462,#2463,#2464,#2465,#2466,#2467,#2468,#2469,
#2470,#2471,#2472,#2473,#2474,#2475,#2476,#2477,#2478,#2479,#2480,#2481,
#2482,#2483,#2484,#2485,#2486,#2487,#2488,#2489,#2490,#2491,#2492,#2493,
#2494,#2495,#2496,#2497,#2498,#2499,#2500,#2501,#2502,#2503,#2504,#2505,
#2506,#2507,#2508,#2509,#2510,#2511,#2512,#2513,#2514,#2515,#2516,#2517,
#2518,#2519,#2520,#2521,#2522,#2523,#2524,#2525,#2526,#2527,#2528,#2529,
#2530,#2531,#2532,#2533,#2534,#2535,#2536,#2537,#2538,#2539,#2540,#2541,
#2542,#2543,#2544,#2545,#2546,#2547,#2548,#2549,#2550,#2551,#2552,#2553,
#2554,#2555,#2556,#2557,#2558,#2559,#2560,#2561,#2562,#2563,#2564,#2565,
#2566,#2567));
#2569=AXIS2_PLACEMENT_3D('',#3596,#2837,#2838);
#2570=AXIS2_PLACEMENT_3D('',#3633,#2841,#2842);
#2571=AXIS2_PLACEMENT_3D('',#3675,#2846,#2847);
#2572=AXIS2_PLACEMENT_3D('',#3680,#2849,#2850);
#2573=AXIS2_PLACEMENT_3D('',#3683,#2852,#2853);
#2574=AXIS2_PLACEMENT_3D('',#3684,#2854,#2855);
#2575=AXIS2_PLACEMENT_3D('',#3714,#2859,#2860);
#2576=AXIS2_PLACEMENT_3D('',#3720,#2864,#2865);
#2577=AXIS2_PLACEMENT_3D('',#3724,#2867,#2868);
#2578=AXIS2_PLACEMENT_3D('',#3725,#2869,#2870);
#2579=AXIS2_PLACEMENT_3D('',#3726,#2871,#2872);
#2580=AXIS2_PLACEMENT_3D('',#3730,#2874,#2875);
#2581=AXIS2_PLACEMENT_3D('',#3732,#2876,#2877);
#2582=AXIS2_PLACEMENT_3D('',#3736,#2879,#2880);
#2583=AXIS2_PLACEMENT_3D('',#3738,#2881,#2882);
#2584=AXIS2_PLACEMENT_3D('',#3742,#2884,#2885);
#2585=AXIS2_PLACEMENT_3D('',#3744,#2886,#2887);
#2586=AXIS2_PLACEMENT_3D('',#3748,#2889,#2890);
#2587=AXIS2_PLACEMENT_3D('',#3750,#2891,#2892);
#2588=AXIS2_PLACEMENT_3D('',#3753,#2894,#2895);
#2589=AXIS2_PLACEMENT_3D('',#3755,#2896,#2897);
#2590=AXIS2_PLACEMENT_3D('',#3757,#2898,#2899);
#2591=AXIS2_PLACEMENT_3D('',#3759,#2900,#2901);
#2592=AXIS2_PLACEMENT_3D('',#3761,#2902,#2903);
#2593=AXIS2_PLACEMENT_3D('',#3763,#2904,#2905);
#2594=AXIS2_PLACEMENT_3D('',#3765,#2906,#2907);
#2595=AXIS2_PLACEMENT_3D('',#3767,#2908,#2909);
#2596=AXIS2_PLACEMENT_3D('',#3772,#2911,#2912);
#2597=AXIS2_PLACEMENT_3D('',#3776,#2914,#2915);
#2598=AXIS2_PLACEMENT_3D('',#3780,#2917,#2918);
#2599=AXIS2_PLACEMENT_3D('',#3783,#2920,#2921);
#2600=AXIS2_PLACEMENT_3D('',#3784,#2922,#2923);
#2601=AXIS2_PLACEMENT_3D('',#3788,#2925,#2926);
#2602=AXIS2_PLACEMENT_3D('',#3790,#2928,#2929);
#2603=AXIS2_PLACEMENT_3D('',#3868,#2931,#2932);
#2604=AXIS2_PLACEMENT_3D('',#3870,#2933,#2934);
#2605=AXIS2_PLACEMENT_3D('',#3872,#2936,#2937);
#2606=AXIS2_PLACEMENT_3D('',#3874,#2938,#2939);
#2607=AXIS2_PLACEMENT_3D('',#3876,#2941,#2942);
#2608=AXIS2_PLACEMENT_3D('',#3884,#2947,#2948);
#2609=AXIS2_PLACEMENT_3D('',#3887,#2950,#2951);
#2610=AXIS2_PLACEMENT_3D('',#3888,#2952,#2953);
#2611=AXIS2_PLACEMENT_3D('',#3890,#2954,#2955);
#2612=AXIS2_PLACEMENT_3D('',#3893,#2957,#2958);
#2613=AXIS2_PLACEMENT_3D('',#3894,#2959,#2960);
#2614=AXIS2_PLACEMENT_3D('',#3896,#2961,#2962);
#2615=AXIS2_PLACEMENT_3D('',#3898,#2964,#2965);
#2616=AXIS2_PLACEMENT_3D('',#3901,#2967,#2968);
#2617=AXIS2_PLACEMENT_3D('',#3902,#2969,#2970);
#2618=AXIS2_PLACEMENT_3D('',#3914,#2977,#2978);
#2619=AXIS2_PLACEMENT_3D('',#3918,#2980,#2981);
#2620=AXIS2_PLACEMENT_3D('',#3920,#2983,#2984);
#2621=AXIS2_PLACEMENT_3D('',#3924,#2987,#2988);
#2622=AXIS2_PLACEMENT_3D('',#3926,#2989,#2990);
#2623=AXIS2_PLACEMENT_3D('',#3932,#2993,#2994);
#2624=AXIS2_PLACEMENT_3D('',#3940,#2998,#2999);
#2625=AXIS2_PLACEMENT_3D('',#3944,#3001,#3002);
#2626=AXIS2_PLACEMENT_3D('',#3950,#3005,#3006);
#2627=AXIS2_PLACEMENT_3D('',#3954,#3008,#3009);
#2628=AXIS2_PLACEMENT_3D('',#3960,#3012,#3013);
#2629=AXIS2_PLACEMENT_3D('',#3964,#3015,#3016);
#2630=AXIS2_PLACEMENT_3D('',#3972,#3020,#3021);
#2631=AXIS2_PLACEMENT_3D('',#3976,#3023,#3024);
#2632=AXIS2_PLACEMENT_3D('',#3982,#3027,#3028);
#2633=AXIS2_PLACEMENT_3D('',#3986,#3030,#3031);
#2634=AXIS2_PLACEMENT_3D('',#3992,#3034,#3035);
#2635=AXIS2_PLACEMENT_3D('',#3996,#3037,#3038);
#2636=AXIS2_PLACEMENT_3D('',#4004,#3042,#3043);
#2637=AXIS2_PLACEMENT_3D('',#4009,#3046,#3047);
#2638=AXIS2_PLACEMENT_3D('',#4010,#3048,#3049);
#2639=AXIS2_PLACEMENT_3D('',#4013,#3051,#3052);
#2640=AXIS2_PLACEMENT_3D('',#4015,#3053,#3054);
#2641=AXIS2_PLACEMENT_3D('',#4017,#3055,#3056);
#2642=AXIS2_PLACEMENT_3D('',#4019,#3057,#3058);
#2643=AXIS2_PLACEMENT_3D('',#4021,#3059,#3060);
#2644=AXIS2_PLACEMENT_3D('',#4023,#3061,#3062);
#2645=AXIS2_PLACEMENT_3D('',#4025,#3063,#3064);
#2646=AXIS2_PLACEMENT_3D('',#4027,#3065,#3066);
#2647=AXIS2_PLACEMENT_3D('',#4028,#3067,#3068);
#2648=AXIS2_PLACEMENT_3D('',#4029,#3069,#3070);
#2649=AXIS2_PLACEMENT_3D('',#4031,#3071,#3072);
#2650=AXIS2_PLACEMENT_3D('',#4034,#3074,#3075);
#2651=AXIS2_PLACEMENT_3D('',#4035,#3076,#3077);
#2652=AXIS2_PLACEMENT_3D('',#4037,#3078,#3079);
#2653=AXIS2_PLACEMENT_3D('',#4038,#3080,#3081);
#2654=AXIS2_PLACEMENT_3D('',#4040,#3082,#3083);
#2655=AXIS2_PLACEMENT_3D('',#4043,#3085,#3086);
#2656=AXIS2_PLACEMENT_3D('',#4044,#3087,#3088);
#2657=AXIS2_PLACEMENT_3D('',#4046,#3089,#3090);
#2658=AXIS2_PLACEMENT_3D('',#4047,#3091,#3092);
#2659=AXIS2_PLACEMENT_3D('',#4049,#3093,#3094);
#2660=AXIS2_PLACEMENT_3D('',#4052,#3096,#3097);
#2661=AXIS2_PLACEMENT_3D('',#4053,#3098,#3099);
#2662=AXIS2_PLACEMENT_3D('',#4055,#3100,#3101);
#2663=AXIS2_PLACEMENT_3D('',#4056,#3102,#3103);
#2664=AXIS2_PLACEMENT_3D('',#4062,#3107,#3108);
#2665=AXIS2_PLACEMENT_3D('',#4064,#3109,#3110);
#2666=AXIS2_PLACEMENT_3D('',#4066,#3112,#3113);
#2667=AXIS2_PLACEMENT_3D('',#4070,#3116,#3117);
#2668=AXIS2_PLACEMENT_3D('',#4072,#3118,#3119);
#2669=AXIS2_PLACEMENT_3D('',#4074,#3121,#3122);
#2670=AXIS2_PLACEMENT_3D('',#4078,#3125,#3126);
#2671=AXIS2_PLACEMENT_3D('',#4080,#3127,#3128);
#2672=AXIS2_PLACEMENT_3D('',#4082,#3130,#3131);
#2673=AXIS2_PLACEMENT_3D('',#4086,#3134,#3135);
#2674=AXIS2_PLACEMENT_3D('',#4087,#3136,#3137);
#2675=AXIS2_PLACEMENT_3D('',#4088,#3138,#3139);
#2676=AXIS2_PLACEMENT_3D('',#4090,#3140,#3141);
#2677=AXIS2_PLACEMENT_3D('',#4092,#3142,#3143);
#2678=AXIS2_PLACEMENT_3D('',#4094,#3144,#3145);
#2679=AXIS2_PLACEMENT_3D('',#4095,#3146,#3147);
#2680=AXIS2_PLACEMENT_3D('',#4097,#3149,#3150);
#2681=AXIS2_PLACEMENT_3D('',#4099,#3152,#3153);
#2682=AXIS2_PLACEMENT_3D('',#4101,#3155,#3156);
#2683=AXIS2_PLACEMENT_3D('',#4104,#3158,#3159);
#2684=AXIS2_PLACEMENT_3D('',#4105,#3160,#3161);
#2685=AXIS2_PLACEMENT_3D('',#4106,#3162,#3163);
#2686=AXIS2_PLACEMENT_3D('',#4109,#3165,#3166);
#2687=AXIS2_PLACEMENT_3D('',#4110,#3167,#3168);
#2688=AXIS2_PLACEMENT_3D('',#4111,#3169,#3170);
#2689=AXIS2_PLACEMENT_3D('',#4114,#3172,#3173);
#2690=AXIS2_PLACEMENT_3D('',#4115,#3174,#3175);
#2691=AXIS2_PLACEMENT_3D('',#4116,#3176,#3177);
#2692=AXIS2_PLACEMENT_3D('',#4119,#3179,#3180);
#2693=AXIS2_PLACEMENT_3D('',#4120,#3181,#3182);
#2694=AXIS2_PLACEMENT_3D('',#4121,#3183,#3184);
#2695=AXIS2_PLACEMENT_3D('',#4122,#3185,#3186);
#2696=AXIS2_PLACEMENT_3D('',#4124,#3187,#3188);
#2697=AXIS2_PLACEMENT_3D('',#4126,#3190,#3191);
#2698=AXIS2_PLACEMENT_3D('',#4128,#3192,#3193);
#2699=AXIS2_PLACEMENT_3D('',#4129,#3194,#3195);
#2700=AXIS2_PLACEMENT_3D('',#4131,#3196,#3197);
#2701=AXIS2_PLACEMENT_3D('',#4133,#3199,#3200);
#2702=AXIS2_PLACEMENT_3D('',#4135,#3201,#3202);
#2703=AXIS2_PLACEMENT_3D('',#4136,#3203,#3204);
#2704=AXIS2_PLACEMENT_3D('',#4138,#3205,#3206);
#2705=AXIS2_PLACEMENT_3D('',#4140,#3208,#3209);
#2706=AXIS2_PLACEMENT_3D('',#4142,#3210,#3211);
#2707=AXIS2_PLACEMENT_3D('',#4143,#3212,#3213);
#2708=AXIS2_PLACEMENT_3D('',#4145,#3214,#3215);
#2709=AXIS2_PLACEMENT_3D('',#4146,#3216,#3217);
#2710=AXIS2_PLACEMENT_3D('',#4148,#3218,#3219);
#2711=AXIS2_PLACEMENT_3D('',#4150,#3221,#3222);
#2712=AXIS2_PLACEMENT_3D('',#4152,#3223,#3224);
#2713=AXIS2_PLACEMENT_3D('',#4153,#3225,#3226);
#2714=AXIS2_PLACEMENT_3D('',#4155,#3227,#3228);
#2715=AXIS2_PLACEMENT_3D('',#4157,#3230,#3231);
#2716=AXIS2_PLACEMENT_3D('',#4159,#3232,#3233);
#2717=AXIS2_PLACEMENT_3D('',#4160,#3234,#3235);
#2718=AXIS2_PLACEMENT_3D('',#4162,#3236,#3237);
#2719=AXIS2_PLACEMENT_3D('',#4164,#3239,#3240);
#2720=AXIS2_PLACEMENT_3D('',#4166,#3241,#3242);
#2721=AXIS2_PLACEMENT_3D('',#4167,#3243,#3244);
#2722=AXIS2_PLACEMENT_3D('',#4169,#3245,#3246);
#2723=AXIS2_PLACEMENT_3D('',#4170,#3247,#3248);
#2724=AXIS2_PLACEMENT_3D('',#4172,#3250,#3251);
#2725=AXIS2_PLACEMENT_3D('',#4174,#3253,#3254);
#2726=AXIS2_PLACEMENT_3D('',#4176,#3256,#3257);
#2727=AXIS2_PLACEMENT_3D('',#4178,#3259,#3260);
#2728=AXIS2_PLACEMENT_3D('',#4180,#3262,#3263);
#2729=AXIS2_PLACEMENT_3D('',#4182,#3265,#3266);
#2730=AXIS2_PLACEMENT_3D('',#4184,#3268,#3269);
#2731=AXIS2_PLACEMENT_3D('',#4186,#3271,#3272);
#2732=AXIS2_PLACEMENT_3D('',#4188,#3273,#3274);
#2733=AXIS2_PLACEMENT_3D('',#4190,#3276,#3277);
#2734=AXIS2_PLACEMENT_3D('',#4193,#3279,#3280);
#2735=AXIS2_PLACEMENT_3D('',#4194,#3281,#3282);
#2736=AXIS2_PLACEMENT_3D('',#4204,#3288,#3289);
#2737=AXIS2_PLACEMENT_3D('',#4207,#3290,#3291);
#2738=AXIS2_PLACEMENT_3D('',#4211,#3293,#3294);
#2739=AXIS2_PLACEMENT_3D('',#4213,#3296,#3297);
#2740=AXIS2_PLACEMENT_3D('',#4219,#3301,#3302);
#2741=AXIS2_PLACEMENT_3D('',#4220,#3303,#3304);
#2742=AXIS2_PLACEMENT_3D('',#4221,#3305,#3306);
#2743=AXIS2_PLACEMENT_3D('',#4222,#3307,#3308);
#2744=AXIS2_PLACEMENT_3D('',#4224,#3310,#3311);
#2745=AXIS2_PLACEMENT_3D('',#4227,#3312,#3313);
#2746=AXIS2_PLACEMENT_3D('',#4230,#3316,#3317);
#2747=AXIS2_PLACEMENT_3D('',#4235,#3321,#3322);
#2748=AXIS2_PLACEMENT_3D('',#4237,#3324,#3325);
#2749=AXIS2_PLACEMENT_3D('',#4240,#3326,#3327);
#2750=AXIS2_PLACEMENT_3D('',#4243,#3330,#3331);
#2751=AXIS2_PLACEMENT_3D('',#4247,#3334,#3335);
#2752=AXIS2_PLACEMENT_3D('',#4251,#3338,#3339);
#2753=AXIS2_PLACEMENT_3D('',#4255,#3342,#3343);
#2754=AXIS2_PLACEMENT_3D('',#4256,#3344,#3345);
#2755=AXIS2_PLACEMENT_3D('',#4266,#3352,#3353);
#2756=AXIS2_PLACEMENT_3D('',#4267,#3354,#3355);
#2757=AXIS2_PLACEMENT_3D('',#4271,#3357,#3358);
#2758=AXIS2_PLACEMENT_3D('',#4275,#3360,#3361);
#2759=AXIS2_PLACEMENT_3D('',#4279,#3363,#3364);
#2760=AXIS2_PLACEMENT_3D('',#4282,#3366,#3367);
#2761=AXIS2_PLACEMENT_3D('',#4283,#3368,#3369);
#2762=AXIS2_PLACEMENT_3D('',#4290,#3374,#3375);
#2763=AXIS2_PLACEMENT_3D('',#4293,#3376,#3377);
#2764=AXIS2_PLACEMENT_3D('',#4297,#3379,#3380);
#2765=AXIS2_PLACEMENT_3D('',#4299,#3382,#3383);
#2766=AXIS2_PLACEMENT_3D('',#4305,#3387,#3388);
#2767=AXIS2_PLACEMENT_3D('',#4307,#3389,#3390);
#2768=AXIS2_PLACEMENT_3D('',#4310,#3392,#3393);
#2769=AXIS2_PLACEMENT_3D('',#4311,#3394,#3395);
#2770=AXIS2_PLACEMENT_3D('',#4314,#3398,#3399);
#2771=AXIS2_PLACEMENT_3D('',#4315,#3400,#3401);
#2772=AXIS2_PLACEMENT_3D('',#4318,#3402,#3403);
#2773=AXIS2_PLACEMENT_3D('',#4322,#3405,#3406);
#2774=AXIS2_PLACEMENT_3D('',#4324,#3408,#3409);
#2775=AXIS2_PLACEMENT_3D('',#4330,#3413,#3414);
#2776=AXIS2_PLACEMENT_3D('',#4332,#3415,#3416);
#2777=AXIS2_PLACEMENT_3D('',#4335,#3418,#3419);
#2778=AXIS2_PLACEMENT_3D('',#4336,#3420,#3421);
#2779=AXIS2_PLACEMENT_3D('',#4339,#3424,#3425);
#2780=AXIS2_PLACEMENT_3D('',#4340,#3426,#3427);
#2781=AXIS2_PLACEMENT_3D('',#4343,#3428,#3429);
#2782=AXIS2_PLACEMENT_3D('',#4347,#3431,#3432);
#2783=AXIS2_PLACEMENT_3D('',#4349,#3434,#3435);
#2784=AXIS2_PLACEMENT_3D('',#4355,#3439,#3440);
#2785=AXIS2_PLACEMENT_3D('',#4357,#3441,#3442);
#2786=AXIS2_PLACEMENT_3D('',#4360,#3444,#3445);
#2787=AXIS2_PLACEMENT_3D('',#4361,#3446,#3447);
#2788=AXIS2_PLACEMENT_3D('',#4364,#3450,#3451);
#2789=AXIS2_PLACEMENT_3D('',#4365,#3452,#3453);
#2790=AXIS2_PLACEMENT_3D('',#4368,#3454,#3455);
#2791=AXIS2_PLACEMENT_3D('',#4372,#3457,#3458);
#2792=AXIS2_PLACEMENT_3D('',#4374,#3460,#3461);
#2793=AXIS2_PLACEMENT_3D('',#4380,#3465,#3466);
#2794=AXIS2_PLACEMENT_3D('',#4382,#3467,#3468);
#2795=AXIS2_PLACEMENT_3D('',#4385,#3470,#3471);
#2796=AXIS2_PLACEMENT_3D('',#4386,#3472,#3473);
#2797=AXIS2_PLACEMENT_3D('',#4389,#3476,#3477);
#2798=AXIS2_PLACEMENT_3D('',#4390,#3478,#3479);
#2799=AXIS2_PLACEMENT_3D('',#4394,#3481,#3482);
#2800=AXIS2_PLACEMENT_3D('',#4396,#3484,#3485);
#2801=AXIS2_PLACEMENT_3D('',#4400,#3488,#3489);
#2802=AXIS2_PLACEMENT_3D('',#4403,#3491,#3492);
#2803=AXIS2_PLACEMENT_3D('',#4404,#3493,#3494);
#2804=AXIS2_PLACEMENT_3D('',#4408,#3497,#3498);
#2805=AXIS2_PLACEMENT_3D('',#4412,#3501,#3502);
#2806=AXIS2_PLACEMENT_3D('',#4414,#3504,#3505);
#2807=AXIS2_PLACEMENT_3D('',#4418,#3507,#3508);
#2808=AXIS2_PLACEMENT_3D('',#4420,#3510,#3511);
#2809=AXIS2_PLACEMENT_3D('',#4424,#3514,#3515);
#2810=AXIS2_PLACEMENT_3D('',#4427,#3517,#3518);
#2811=AXIS2_PLACEMENT_3D('',#4428,#3519,#3520);
#2812=AXIS2_PLACEMENT_3D('',#4430,#3522,#3523);
#2813=AXIS2_PLACEMENT_3D('',#4432,#3525,#3526);
#2814=AXIS2_PLACEMENT_3D('',#4433,#3527,#3528);
#2815=AXIS2_PLACEMENT_3D('',#4437,#3530,#3531);
#2816=AXIS2_PLACEMENT_3D('',#4439,#3533,#3534);
#2817=AXIS2_PLACEMENT_3D('',#4443,#3537,#3538);
#2818=AXIS2_PLACEMENT_3D('',#4446,#3540,#3541);
#2819=AXIS2_PLACEMENT_3D('',#4447,#3542,#3543);
#2820=AXIS2_PLACEMENT_3D('',#4451,#3546,#3547);
#2821=AXIS2_PLACEMENT_3D('',#4455,#3550,#3551);
#2822=AXIS2_PLACEMENT_3D('',#4457,#3553,#3554);
#2823=AXIS2_PLACEMENT_3D('',#4461,#3557,#3558);
#2824=AXIS2_PLACEMENT_3D('',#4464,#3560,#3561);
#2825=AXIS2_PLACEMENT_3D('',#4465,#3562,#3563);
#2826=AXIS2_PLACEMENT_3D('',#4469,#3566,#3567);
#2827=AXIS2_PLACEMENT_3D('',#4473,#3570,#3571);
#2828=AXIS2_PLACEMENT_3D('',#4474,#3572,#3573);
#2829=AXIS2_PLACEMENT_3D('',#4475,#3574,#3575);
#2830=AXIS2_PLACEMENT_3D('',#4476,#3576,#3577);
#2831=AXIS2_PLACEMENT_3D('',#4479,#3580,#3581);
#2832=AXIS2_PLACEMENT_3D('',#4481,#3583,#3584);
#2833=AXIS2_PLACEMENT_3D('',#4483,#3586,#3587);
#2834=AXIS2_PLACEMENT_3D('',#4484,#3588,#3589);
#2835=AXIS2_PLACEMENT_3D('',#4486,#3591,#3592);
#2836=AXIS2_PLACEMENT_3D('',#4488,#3594,#3595);
#2837=DIRECTION('axis',(0.,0.,1.));
#2838=DIRECTION('refdir',(1.,0.,0.));
#2839=DIRECTION('',(0.70686744566636,-0.0556175802136672,-0.705156081324051));
#2840=DIRECTION('',(0.,-0.629320391049837,0.777145961456971));
#2841=DIRECTION('center_axis',(0.,-0.77714596145696,-0.629320391049851));
#2842=DIRECTION('ref_axis',(-1.,0.,0.));
#2843=DIRECTION('',(0.,-0.629320391049851,0.77714596145696));
#2844=DIRECTION('',(-1.,0.,0.));
#2845=DIRECTION('',(1.,0.,0.));
#2846=DIRECTION('center_axis',(1.,0.,0.));
#2847=DIRECTION('ref_axis',(1.81900659053977E-17,0.4067366430758,-0.913545457642601));
#2848=DIRECTION('',(0.707106781186538,0.572061402817691,-0.415626937777459));
#2849=DIRECTION('center_axis',(-1.,9.58328031614291E-17,0.));
#2850=DIRECTION('ref_axis',(0.,0.4067366430758,-0.913545457642601));
#2851=DIRECTION('',(-0.707106781186542,0.0739127852035661,0.70323317625341));
#2852=DIRECTION('center_axis',(1.,-9.58328031614291E-17,0.));
#2853=DIRECTION('ref_axis',(3.89787126544236E-17,0.4067366430758,-0.913545457642601));
#2854=DIRECTION('center_axis',(-0.707106781186548,-0.0739127852035667,-0.703233176253404));
#2855=DIRECTION('ref_axis',(-0.705161999394279,0.,0.709046228824512));
#2856=DIRECTION('',(-0.707106781186547,0.0739127852035831,0.703233176253404));
#2857=DIRECTION('',(9.53078210385592E-17,0.994521895368273,-0.104528463267654));
#2858=DIRECTION('',(-9.53078210385592E-17,-0.994521895368273,0.104528463267654));
#2859=DIRECTION('center_axis',(0.707106781186549,-0.0739127852035666,-0.703233176253403));
#2860=DIRECTION('ref_axis',(-0.705161999394278,0.,-0.709046228824513));
#2861=DIRECTION('',(0.707106781186546,0.0739127852035655,0.703233176253406));
#2862=DIRECTION('',(0.,-0.994521895368273,0.104528463267654));
#2863=DIRECTION('',(0.,0.994521895368273,-0.104528463267654));
#2864=DIRECTION('center_axis',(-1.,0.,0.));
#2865=DIRECTION('ref_axis',(0.,0.4067366430758,-0.913545457642601));
#2866=DIRECTION('',(-0.707106781186552,0.57206140281768,-0.415626937777451));
#2867=DIRECTION('center_axis',(-1.,0.,0.));
#2868=DIRECTION('ref_axis',(0.,0.4067366430758,-0.913545457642601));
#2869=DIRECTION('center_axis',(1.,0.,0.));
#2870=DIRECTION('ref_axis',(0.,0.4067366430758,-0.913545457642601));
#2871=DIRECTION('center_axis',(0.,0.104528463267654,0.994521895368273));
#2872=DIRECTION('ref_axis',(-9.53078210385592E-17,-0.994521895368273,0.104528463267654));
#2873=DIRECTION('',(-1.,0.,0.));
#2874=DIRECTION('center_axis',(0.,-0.104528463267654,-0.994521895368273));
#2875=DIRECTION('ref_axis',(0.,-0.994521895368273,0.104528463267654));
#2876=DIRECTION('center_axis',(0.,-0.104528463267654,-0.994521895368273));
#2877=DIRECTION('ref_axis',(0.,-0.994521895368273,0.104528463267654));
#2878=DIRECTION('',(-1.,0.,0.));
#2879=DIRECTION('center_axis',(0.,-0.104528463267654,-0.994521895368273));
#2880=DIRECTION('ref_axis',(0.,-0.994521895368273,0.104528463267654));
#2881=DIRECTION('center_axis',(0.,-0.104528463267654,-0.994521895368273));
#2882=DIRECTION('ref_axis',(0.,-0.994521895368273,0.104528463267654));
#2883=DIRECTION('',(-1.,0.,0.));
#2884=DIRECTION('center_axis',(0.,-0.104528463267654,-0.994521895368273));
#2885=DIRECTION('ref_axis',(0.,-0.994521895368273,0.104528463267654));
#2886=DIRECTION('center_axis',(0.,-0.104528463267654,-0.994521895368273));
#2887=DIRECTION('ref_axis',(0.,-0.994521895368273,0.104528463267654));
#2888=DIRECTION('',(-1.,0.,0.));
#2889=DIRECTION('center_axis',(0.,-0.104528463267654,-0.994521895368273));
#2890=DIRECTION('ref_axis',(0.,-0.994521895368273,0.104528463267654));
#2891=DIRECTION('center_axis',(0.,-0.104528463267654,-0.994521895368273));
#2892=DIRECTION('ref_axis',(0.,-0.994521895368273,0.104528463267654));
#2893=DIRECTION('',(-1.,0.,0.));
#2894=DIRECTION('center_axis',(0.,-0.104528463267654,-0.994521895368273));
#2895=DIRECTION('ref_axis',(0.,-0.994521895368273,0.104528463267654));
#2896=DIRECTION('center_axis',(0.,-0.104528463267654,-0.994521895368273));
#2897=DIRECTION('ref_axis',(0.,-0.994521895368273,0.104528463267654));
#2898=DIRECTION('center_axis',(0.,-0.104528463267654,-0.994521895368273));
#2899=DIRECTION('ref_axis',(0.,-0.994521895368273,0.104528463267654));
#2900=DIRECTION('center_axis',(0.,-0.104528463267654,-0.994521895368273));
#2901=DIRECTION('ref_axis',(0.,-0.994521895368273,0.104528463267654));
#2902=DIRECTION('center_axis',(0.,0.104528463267654,0.994521895368273));
#2903=DIRECTION('ref_axis',(1.,0.,0.));
#2904=DIRECTION('center_axis',(0.,0.104528463267654,0.994521895368273));
#2905=DIRECTION('ref_axis',(1.,0.,0.));
#2906=DIRECTION('center_axis',(0.,0.104528463267654,0.994521895368273));
#2907=DIRECTION('ref_axis',(1.,0.,0.));
#2908=DIRECTION('center_axis',(0.,0.104528463267654,0.994521895368273));
#2909=DIRECTION('ref_axis',(1.,0.,0.));
#2910=DIRECTION('',(3.99689088409668E-16,-0.994521895368273,0.104528463267654));
#2911=DIRECTION('center_axis',(0.,0.104528463267654,0.994521895368273));
#2912=DIRECTION('ref_axis',(-2.15442167167163E-15,0.994521895368273,-0.104528463267654));
#2913=DIRECTION('',(1.,-1.13869028166683E-16,1.1968117125905E-17));
#2914=DIRECTION('center_axis',(0.,0.104528463267654,0.994521895368273));
#2915=DIRECTION('ref_axis',(0.,-0.994521895368273,0.104528463267654));
#2916=DIRECTION('',(0.,0.994521895368273,-0.104528463267654));
#2917=DIRECTION('center_axis',(0.,0.104528463267654,0.994521895368273));
#2918=DIRECTION('ref_axis',(4.30884334334323E-15,-0.994521895368273,0.104528463267654));
#2919=DIRECTION('',(-1.,-9.96353996458474E-17,1.04721024851669E-17));
#2920=DIRECTION('center_axis',(0.,0.104528463267654,0.994521895368273));
#2921=DIRECTION('ref_axis',(0.,0.994521895368273,-0.104528463267654));
#2922=DIRECTION('center_axis',(-0.707106781186557,0.572061402817677,-0.415626937777448));
#2923=DIRECTION('ref_axis',(-0.506731853971377,0.,0.862103722396981));
#2924=DIRECTION('',(5.63291083841356E-17,0.587785252292473,0.809016994374947));
#2925=DIRECTION('center_axis',(0.707106781186557,-0.572061402817677,0.415626937777448));
#2926=DIRECTION('ref_axis',(-0.323123977754691,0.261412789293571,0.909535182713534));
#2927=DIRECTION('',(-5.63291083841356E-17,-0.587785252292473,-0.809016994374947));
#2928=DIRECTION('center_axis',(1.,0.,0.));
#2929=DIRECTION('ref_axis',(0.,0.4067366430758,-0.913545457642601));
#2930=DIRECTION('',(1.,0.,0.));
#2931=DIRECTION('center_axis',(0.,0.,-1.));
#2932=DIRECTION('ref_axis',(1.,0.,0.));
#2933=DIRECTION('center_axis',(0.,0.,-1.));
#2934=DIRECTION('ref_axis',(1.,0.,0.));
#2935=DIRECTION('',(0.,0.,-1.));
#2936=DIRECTION('center_axis',(0.,0.,-1.));
#2937=DIRECTION('ref_axis',(1.,0.,0.));
#2938=DIRECTION('center_axis',(0.,0.,-1.));
#2939=DIRECTION('ref_axis',(1.,0.,0.));
#2940=DIRECTION('',(0.,0.,-1.));
#2941=DIRECTION('center_axis',(1.,0.,0.));
#2942=DIRECTION('ref_axis',(0.,-1.,0.));
#2943=DIRECTION('',(0.,-0.587785252292473,-0.809016994374947));
#2944=DIRECTION('',(0.,0.,-1.));
#2945=DIRECTION('',(0.,1.,0.));
#2946=DIRECTION('',(0.,0.,1.));
#2947=DIRECTION('center_axis',(0.707106781186543,0.572061402817688,-0.415626937777456));
#2948=DIRECTION('ref_axis',(-0.506731853971391,0.,-0.862103722396973));
#2949=DIRECTION('',(0.,0.587785252292473,0.809016994374947));
#2950=DIRECTION('center_axis',(-0.707106781186543,-0.572061402817688,0.415626937777456));
#2951=DIRECTION('ref_axis',(0.323123977754692,0.261412789293582,0.90953518271353));
#2952=DIRECTION('center_axis',(0.,-0.809016994374947,0.587785252292473));
#2953=DIRECTION('ref_axis',(-5.63291083841356E-17,-0.587785252292473,-0.809016994374947));
#2954=DIRECTION('center_axis',(0.,-0.809016994374947,0.587785252292473));
#2955=DIRECTION('ref_axis',(-4.07857950393882E-17,0.587785252292473,0.809016994374947));
#2956=DIRECTION('',(-1.,0.,0.));
#2957=DIRECTION('center_axis',(0.,-0.809016994374947,0.587785252292473));
#2958=DIRECTION('ref_axis',(0.,0.587785252292473,0.809016994374947));
#2959=DIRECTION('center_axis',(0.,0.,-1.));
#2960=DIRECTION('ref_axis',(0.707106781186554,-0.707106781186541,0.));
#2961=DIRECTION('center_axis',(0.,0.,-1.));
#2962=DIRECTION('ref_axis',(0.707106781186554,-0.707106781186541,0.));
#2963=DIRECTION('',(0.,0.,-1.));
#2964=DIRECTION('center_axis',(0.,0.,-1.));
#2965=DIRECTION('ref_axis',(0.70710678118654,0.707106781186555,0.));
#2966=DIRECTION('',(0.,0.,1.));
#2967=DIRECTION('center_axis',(0.,0.,-1.));
#2968=DIRECTION('ref_axis',(0.70710678118654,0.707106781186555,0.));
#2969=DIRECTION('center_axis',(0.,1.,0.));
#2970=DIRECTION('ref_axis',(1.,0.,0.));
#2971=DIRECTION('',(0.,0.,-1.));
#2972=DIRECTION('',(-1.,-1.77316514214439E-17,0.));
#2973=DIRECTION('',(0.,0.,1.));
#2974=DIRECTION('',(1.,0.,0.));
#2975=DIRECTION('',(0.,0.,-1.));
#2976=DIRECTION('',(-1.,-1.77316514214439E-17,0.));
#2977=DIRECTION('center_axis',(0.,0.,-1.));
#2978=DIRECTION('ref_axis',(-0.707106781186549,-0.707106781186546,0.));
#2979=DIRECTION('',(0.,0.,1.));
#2980=DIRECTION('center_axis',(0.,0.,-1.));
#2981=DIRECTION('ref_axis',(-0.707106781186549,-0.707106781186546,0.));
#2982=DIRECTION('',(0.,0.,-1.));
#2983=DIRECTION('center_axis',(-1.,9.58328031614291E-17,0.));
#2984=DIRECTION('ref_axis',(9.58328031614291E-17,1.,0.));
#2985=DIRECTION('',(0.,-1.,0.));
#2986=DIRECTION('',(0.,0.,1.));
#2987=DIRECTION('center_axis',(0.,0.,-1.));
#2988=DIRECTION('ref_axis',(-1.,0.,0.));
#2989=DIRECTION('center_axis',(0.,0.,-1.));
#2990=DIRECTION('ref_axis',(-0.707106781186547,0.707106781186548,0.));
#2991=DIRECTION('',(0.,-1.,0.));
#2992=DIRECTION('',(1.,-1.45183010912521E-15,0.));
#2993=DIRECTION('center_axis',(0.,0.,1.));
#2994=DIRECTION('ref_axis',(0.707106781186547,0.707106781186548,0.));
#2995=DIRECTION('',(-1.4210854715202E-15,-1.,0.));
#2996=DIRECTION('',(1.,2.56422069139313E-17,0.));
#2997=DIRECTION('',(0.,-1.,0.));
#2998=DIRECTION('center_axis',(0.,0.,1.));
#2999=DIRECTION('ref_axis',(0.,1.,0.));
#3000=DIRECTION('',(-1.,-3.11520100440418E-16,0.));
#3001=DIRECTION('center_axis',(0.,0.,1.));
#3002=DIRECTION('ref_axis',(1.,7.95659834314684E-15,0.));
#3003=DIRECTION('',(0.,1.,0.));
#3004=DIRECTION('',(1.,2.56422069139313E-17,0.));
#3005=DIRECTION('center_axis',(0.,0.,-1.));
#3006=DIRECTION('ref_axis',(1.,-6.93889390390713E-16,0.));
#3007=DIRECTION('',(0.,-1.,0.));
#3008=DIRECTION('center_axis',(0.,0.,-1.));
#3009=DIRECTION('ref_axis',(0.,-1.,0.));
#3010=DIRECTION('',(-1.,0.,0.));
#3011=DIRECTION('',(0.,1.,0.));
#3012=DIRECTION('center_axis',(0.,0.,1.));
#3013=DIRECTION('ref_axis',(0.,-1.,0.));
#3014=DIRECTION('',(1.,0.,0.));
#3015=DIRECTION('center_axis',(0.,0.,1.));
#3016=DIRECTION('ref_axis',(-1.,-1.1842378929335E-14,0.));
#3017=DIRECTION('',(0.,-1.,0.));
#3018=DIRECTION('',(-1.,0.,0.));
#3019=DIRECTION('',(-4.80096443081147E-15,1.,0.));
#3020=DIRECTION('center_axis',(0.,0.,1.));
#3021=DIRECTION('ref_axis',(2.96059473233374E-15,-1.,0.));
#3022=DIRECTION('',(1.,0.,0.));
#3023=DIRECTION('center_axis',(0.,0.,1.));
#3024=DIRECTION('ref_axis',(-1.,0.,0.));
#3025=DIRECTION('',(2.40048221540574E-15,-1.,0.));
#3026=DIRECTION('',(-1.,0.,0.));
#3027=DIRECTION('center_axis',(0.,0.,-1.));
#3028=DIRECTION('ref_axis',(-1.,0.,0.));
#3029=DIRECTION('',(-5.4712642396285E-17,1.,0.));
#3030=DIRECTION('center_axis',(0.,0.,-1.));
#3031=DIRECTION('ref_axis',(0.,1.,0.));
#3032=DIRECTION('',(1.,2.56422069139313E-17,0.));
#3033=DIRECTION('',(0.,-1.,0.));
#3034=DIRECTION('center_axis',(0.,0.,1.));
#3035=DIRECTION('ref_axis',(-1.48029736616688E-15,1.,0.));
#3036=DIRECTION('',(-1.,0.,0.));
#3037=DIRECTION('center_axis',(0.,0.,1.));
#3038=DIRECTION('ref_axis',(1.,4.99600361081321E-15,0.));
#3039=DIRECTION('',(0.,1.,0.));
#3040=DIRECTION('',(1.,2.56422069139313E-17,0.));
#3041=DIRECTION('',(1.4210854715202E-15,1.,0.));
#3042=DIRECTION('center_axis',(0.,0.,1.));
#3043=DIRECTION('ref_axis',(-0.707106781186546,0.707106781186549,0.));
#3044=DIRECTION('',(1.,-1.45183010912521E-15,0.));
#3045=DIRECTION('',(0.,1.,0.));
#3046=DIRECTION('center_axis',(0.,0.,-1.));
#3047=DIRECTION('ref_axis',(0.707106781186547,0.707106781186548,0.));
#3048=DIRECTION('center_axis',(0.,0.,-1.));
#3049=DIRECTION('ref_axis',(-0.707106781186548,0.707106781186547,0.));
#3050=DIRECTION('',(1.,7.09266056857756E-17,0.));
#3051=DIRECTION('center_axis',(0.,0.,-1.));
#3052=DIRECTION('ref_axis',(1.,0.,0.));
#3053=DIRECTION('center_axis',(0.,0.,-1.));
#3054=DIRECTION('ref_axis',(1.,0.,0.));
#3055=DIRECTION('center_axis',(0.,0.,-1.));
#3056=DIRECTION('ref_axis',(1.,0.,0.));
#3057=DIRECTION('center_axis',(0.,0.,-1.));
#3058=DIRECTION('ref_axis',(1.,0.,0.));
#3059=DIRECTION('center_axis',(0.,0.,-1.));
#3060=DIRECTION('ref_axis',(1.,0.,0.));
#3061=DIRECTION('center_axis',(0.,0.,-1.));
#3062=DIRECTION('ref_axis',(1.,0.,0.));
#3063=DIRECTION('center_axis',(0.,0.,-1.));
#3064=DIRECTION('ref_axis',(1.,0.,0.));
#3065=DIRECTION('center_axis',(0.,0.,-1.));
#3066=DIRECTION('ref_axis',(1.,0.,0.));
#3067=DIRECTION('center_axis',(0.,0.,-1.));
#3068=DIRECTION('ref_axis',(-0.707106781186548,0.707106781186547,0.));
#3069=DIRECTION('center_axis',(0.,0.,-1.));
#3070=DIRECTION('ref_axis',(-1.,0.,0.));
#3071=DIRECTION('center_axis',(0.,0.,-1.));
#3072=DIRECTION('ref_axis',(-1.,0.,0.));
#3073=DIRECTION('',(0.,0.,-1.));
#3074=DIRECTION('center_axis',(0.,0.,-1.));
#3075=DIRECTION('ref_axis',(-1.,0.,0.));
#3076=DIRECTION('center_axis',(0.,0.,1.));
#3077=DIRECTION('ref_axis',(1.,0.,0.));
#3078=DIRECTION('center_axis',(0.,0.,1.));
#3079=DIRECTION('ref_axis',(1.,0.,0.));
#3080=DIRECTION('center_axis',(0.,0.,-1.));
#3081=DIRECTION('ref_axis',(-1.,0.,0.));
#3082=DIRECTION('center_axis',(0.,0.,-1.));
#3083=DIRECTION('ref_axis',(-1.,0.,0.));
#3084=DIRECTION('',(0.,0.,-1.));
#3085=DIRECTION('center_axis',(0.,0.,-1.));
#3086=DIRECTION('ref_axis',(-1.,0.,0.));
#3087=DIRECTION('center_axis',(0.,0.,1.));
#3088=DIRECTION('ref_axis',(1.,0.,0.));
#3089=DIRECTION('center_axis',(0.,0.,1.));
#3090=DIRECTION('ref_axis',(1.,0.,0.));
#3091=DIRECTION('center_axis',(0.,0.,-1.));
#3092=DIRECTION('ref_axis',(-1.,0.,0.));
#3093=DIRECTION('center_axis',(0.,0.,-1.));
#3094=DIRECTION('ref_axis',(-1.,0.,0.));
#3095=DIRECTION('',(0.,0.,-1.));
#3096=DIRECTION('center_axis',(0.,0.,-1.));
#3097=DIRECTION('ref_axis',(-1.,0.,0.));
#3098=DIRECTION('center_axis',(0.,0.,1.));
#3099=DIRECTION('ref_axis',(1.,0.,0.));
#3100=DIRECTION('center_axis',(0.,0.,1.));
#3101=DIRECTION('ref_axis',(1.,0.,0.));
#3102=DIRECTION('center_axis',(1.,0.,0.));
#3103=DIRECTION('ref_axis',(0.,-1.,0.));
#3104=DIRECTION('',(0.,0.,-1.));
#3105=DIRECTION('',(0.,1.,0.));
#3106=DIRECTION('',(0.,0.,-1.));
#3107=DIRECTION('center_axis',(0.,0.,-1.));
#3108=DIRECTION('ref_axis',(1.,4.33257765707376E-15,0.));
#3109=DIRECTION('center_axis',(0.,0.,1.));
#3110=DIRECTION('ref_axis',(1.,4.33257765707376E-15,0.));
#3111=DIRECTION('',(0.,0.,-1.));
#3112=DIRECTION('center_axis',(-9.96353996458474E-17,1.,0.));
#3113=DIRECTION('ref_axis',(1.,9.96353996458474E-17,0.));
#3114=DIRECTION('',(-1.,-9.96353996458474E-17,0.));
#3115=DIRECTION('',(0.,0.,-1.));
#3116=DIRECTION('center_axis',(0.,0.,-1.));
#3117=DIRECTION('ref_axis',(0.,1.,0.));
#3118=DIRECTION('center_axis',(0.,0.,1.));
#3119=DIRECTION('ref_axis',(0.,1.,0.));
#3120=DIRECTION('',(0.,0.,-1.));
#3121=DIRECTION('center_axis',(-1.,-4.01890687647116E-16,0.));
#3122=DIRECTION('ref_axis',(-4.01890687647116E-16,1.,0.));
#3123=DIRECTION('',(4.01890687647116E-16,-1.,0.));
#3124=DIRECTION('',(0.,0.,-1.));
#3125=DIRECTION('center_axis',(0.,0.,-1.));
#3126=DIRECTION('ref_axis',(-1.,-2.16628882853689E-15,0.));
#3127=DIRECTION('center_axis',(0.,0.,1.));
#3128=DIRECTION('ref_axis',(-1.,-2.16628882853689E-15,0.));
#3129=DIRECTION('',(0.,0.,-1.));
#3130=DIRECTION('center_axis',(-1.13869028166683E-16,-1.,0.));
#3131=DIRECTION('ref_axis',(-1.,1.13869028166683E-16,0.));
#3132=DIRECTION('',(1.,-1.13869028166683E-16,0.));
#3133=DIRECTION('',(0.,0.,-1.));
#3134=DIRECTION('center_axis',(0.,0.,-1.));
#3135=DIRECTION('ref_axis',(0.,-1.,0.));
#3136=DIRECTION('center_axis',(0.,0.,1.));
#3137=DIRECTION('ref_axis',(0.,-1.,0.));
#3138=DIRECTION('center_axis',(0.,0.,1.));
#3139=DIRECTION('ref_axis',(-1.,0.,0.));
#3140=DIRECTION('center_axis',(0.,0.,-1.));
#3141=DIRECTION('ref_axis',(1.,0.,0.));
#3142=DIRECTION('center_axis',(0.,0.,-1.));
#3143=DIRECTION('ref_axis',(1.,0.,0.));
#3144=DIRECTION('center_axis',(0.,0.,-1.));
#3145=DIRECTION('ref_axis',(1.,0.,0.));
#3146=DIRECTION('center_axis',(0.,0.,-1.));
#3147=DIRECTION('ref_axis',(1.,0.,0.));
#3148=DIRECTION('',(0.,0.,-1.));
#3149=DIRECTION('center_axis',(0.,0.,-1.));
#3150=DIRECTION('ref_axis',(1.,0.,0.));
#3151=DIRECTION('',(0.,0.,-1.));
#3152=DIRECTION('center_axis',(0.,0.,-1.));
#3153=DIRECTION('ref_axis',(1.,0.,0.));
#3154=DIRECTION('',(0.,0.,-1.));
#3155=DIRECTION('center_axis',(0.,0.104528463267659,0.994521895368273));
#3156=DIRECTION('ref_axis',(1.,0.,0.));
#3157=DIRECTION('',(0.,0.104528463267659,0.994521895368273));
#3158=DIRECTION('center_axis',(0.,0.104528463267654,0.994521895368273));
#3159=DIRECTION('ref_axis',(1.,0.,0.));
#3160=DIRECTION('center_axis',(0.,-0.104528463267654,-0.994521895368273));
#3161=DIRECTION('ref_axis',(1.,0.,0.));
#3162=DIRECTION('center_axis',(0.,0.104528463267654,0.994521895368273));
#3163=DIRECTION('ref_axis',(1.,0.,0.));
#3164=DIRECTION('',(0.,0.104528463267654,0.994521895368273));
#3165=DIRECTION('center_axis',(0.,0.104528463267654,0.994521895368273));
#3166=DIRECTION('ref_axis',(1.,0.,0.));
#3167=DIRECTION('center_axis',(0.,-0.104528463267654,-0.994521895368273));
#3168=DIRECTION('ref_axis',(1.,0.,0.));
#3169=DIRECTION('center_axis',(0.,0.104528463267654,0.994521895368273));
#3170=DIRECTION('ref_axis',(1.,0.,0.));
#3171=DIRECTION('',(0.,0.104528463267654,0.994521895368273));
#3172=DIRECTION('center_axis',(0.,0.104528463267654,0.994521895368273));
#3173=DIRECTION('ref_axis',(1.,0.,0.));
#3174=DIRECTION('center_axis',(0.,-0.104528463267654,-0.994521895368273));
#3175=DIRECTION('ref_axis',(1.,0.,0.));
#3176=DIRECTION('center_axis',(0.,0.104528463267659,0.994521895368273));
#3177=DIRECTION('ref_axis',(1.,0.,0.));
#3178=DIRECTION('',(0.,0.104528463267659,0.994521895368273));
#3179=DIRECTION('center_axis',(0.,0.104528463267654,0.994521895368273));
#3180=DIRECTION('ref_axis',(1.,0.,0.));
#3181=DIRECTION('center_axis',(0.,-0.104528463267654,-0.994521895368273));
#3182=DIRECTION('ref_axis',(1.,0.,0.));
#3183=DIRECTION('center_axis',(0.,-1.,0.));
#3184=DIRECTION('ref_axis',(-1.,0.,0.));
#3185=DIRECTION('center_axis',(0.,0.,-1.));
#3186=DIRECTION('ref_axis',(1.,0.,0.));
#3187=DIRECTION('center_axis',(0.,0.,-1.));
#3188=DIRECTION('ref_axis',(1.,0.,0.));
#3189=DIRECTION('',(0.,0.,-1.));
#3190=DIRECTION('center_axis',(0.,0.,1.));
#3191=DIRECTION('ref_axis',(1.,0.,0.));
#3192=DIRECTION('center_axis',(0.,0.,-1.));
#3193=DIRECTION('ref_axis',(1.,0.,0.));
#3194=DIRECTION('center_axis',(0.,0.,-1.));
#3195=DIRECTION('ref_axis',(1.,0.,0.));
#3196=DIRECTION('center_axis',(0.,0.,-1.));
#3197=DIRECTION('ref_axis',(1.,0.,0.));
#3198=DIRECTION('',(0.,0.,-1.));
#3199=DIRECTION('center_axis',(0.,0.,1.));
#3200=DIRECTION('ref_axis',(1.,0.,0.));
#3201=DIRECTION('center_axis',(0.,0.,-1.));
#3202=DIRECTION('ref_axis',(1.,0.,0.));
#3203=DIRECTION('center_axis',(0.,0.,-1.));
#3204=DIRECTION('ref_axis',(1.,0.,0.));
#3205=DIRECTION('center_axis',(0.,0.,-1.));
#3206=DIRECTION('ref_axis',(1.,0.,0.));
#3207=DIRECTION('',(0.,0.,-1.));
#3208=DIRECTION('center_axis',(0.,0.,1.));
#3209=DIRECTION('ref_axis',(1.,0.,0.));
#3210=DIRECTION('center_axis',(0.,0.,-1.));
#3211=DIRECTION('ref_axis',(1.,0.,0.));
#3212=DIRECTION('center_axis',(0.,0.,1.));
#3213=DIRECTION('ref_axis',(1.,0.,0.));
#3214=DIRECTION('center_axis',(0.,0.,-1.));
#3215=DIRECTION('ref_axis',(1.,0.,0.));
#3216=DIRECTION('center_axis',(0.,0.,-1.));
#3217=DIRECTION('ref_axis',(1.,0.,0.));
#3218=DIRECTION('center_axis',(0.,0.,-1.));
#3219=DIRECTION('ref_axis',(1.,0.,0.));
#3220=DIRECTION('',(0.,0.,-1.));
#3221=DIRECTION('center_axis',(0.,0.,1.));
#3222=DIRECTION('ref_axis',(1.,0.,0.));
#3223=DIRECTION('center_axis',(0.,0.,-1.));
#3224=DIRECTION('ref_axis',(1.,0.,0.));
#3225=DIRECTION('center_axis',(0.,0.,-1.));
#3226=DIRECTION('ref_axis',(1.,0.,0.));
#3227=DIRECTION('center_axis',(0.,0.,-1.));
#3228=DIRECTION('ref_axis',(1.,0.,0.));
#3229=DIRECTION('',(0.,0.,-1.));
#3230=DIRECTION('center_axis',(0.,0.,1.));
#3231=DIRECTION('ref_axis',(1.,0.,0.));
#3232=DIRECTION('center_axis',(0.,0.,-1.));
#3233=DIRECTION('ref_axis',(1.,0.,0.));
#3234=DIRECTION('center_axis',(0.,0.,-1.));
#3235=DIRECTION('ref_axis',(1.,0.,0.));
#3236=DIRECTION('center_axis',(0.,0.,-1.));
#3237=DIRECTION('ref_axis',(1.,0.,0.));
#3238=DIRECTION('',(0.,0.,-1.));
#3239=DIRECTION('center_axis',(0.,0.,1.));
#3240=DIRECTION('ref_axis',(1.,0.,0.));
#3241=DIRECTION('center_axis',(0.,0.,-1.));
#3242=DIRECTION('ref_axis',(1.,0.,0.));
#3243=DIRECTION('center_axis',(0.,0.,1.));
#3244=DIRECTION('ref_axis',(1.,0.,0.));
#3245=DIRECTION('center_axis',(0.,0.,-1.));
#3246=DIRECTION('ref_axis',(1.,0.,0.));
#3247=DIRECTION('center_axis',(0.,0.,-1.));
#3248=DIRECTION('ref_axis',(1.,0.,0.));
#3249=DIRECTION('',(0.,0.,-1.));
#3250=DIRECTION('center_axis',(0.,0.,-1.));
#3251=DIRECTION('ref_axis',(1.,0.,0.));
#3252=DIRECTION('',(0.,0.,-1.));
#3253=DIRECTION('center_axis',(0.,0.,-1.));
#3254=DIRECTION('ref_axis',(1.,0.,0.));
#3255=DIRECTION('',(0.,0.,-1.));
#3256=DIRECTION('center_axis',(0.,0.,-1.));
#3257=DIRECTION('ref_axis',(1.,0.,0.));
#3258=DIRECTION('',(0.,0.,-1.));
#3259=DIRECTION('center_axis',(0.,0.,-1.));
#3260=DIRECTION('ref_axis',(1.,0.,0.));
#3261=DIRECTION('',(0.,0.,-1.));
#3262=DIRECTION('center_axis',(0.,0.,-1.));
#3263=DIRECTION('ref_axis',(1.,0.,0.));
#3264=DIRECTION('',(0.,0.,-1.));
#3265=DIRECTION('center_axis',(0.,0.,-1.));
#3266=DIRECTION('ref_axis',(1.,0.,0.));
#3267=DIRECTION('',(0.,0.,-1.));
#3268=DIRECTION('center_axis',(0.,0.,-1.));
#3269=DIRECTION('ref_axis',(1.,0.,0.));
#3270=DIRECTION('',(0.,0.,-1.));
#3271=DIRECTION('center_axis',(0.,0.,1.));
#3272=DIRECTION('ref_axis',(-0.707106781186547,0.707106781186548,0.));
#3273=DIRECTION('center_axis',(0.,0.,-1.));
#3274=DIRECTION('ref_axis',(-0.707106781186547,0.707106781186548,0.));
#3275=DIRECTION('',(0.,0.,1.));
#3276=DIRECTION('center_axis',(0.,0.,-1.));
#3277=DIRECTION('ref_axis',(0.707106781186547,0.707106781186548,0.));
#3278=DIRECTION('',(0.,0.,-1.));
#3279=DIRECTION('center_axis',(0.,0.,-1.));
#3280=DIRECTION('ref_axis',(0.707106781186547,0.707106781186548,0.));
#3281=DIRECTION('center_axis',(-1.,0.,0.));
#3282=DIRECTION('ref_axis',(0.,1.,0.));
#3283=DIRECTION('',(0.,0.,-1.));
#3284=DIRECTION('',(0.,-1.,0.));
#3285=DIRECTION('',(0.,0.,1.));
#3286=DIRECTION('',(0.,0.,1.));
#3287=DIRECTION('',(0.,-1.,0.));
#3288=DIRECTION('center_axis',(0.,0.,-1.));
#3289=DIRECTION('ref_axis',(0.707106781186546,-0.707106781186549,0.));
#3290=DIRECTION('center_axis',(0.,0.,1.));
#3291=DIRECTION('ref_axis',(0.707106781186546,-0.707106781186549,0.));
#3292=DIRECTION('',(0.,0.,1.));
#3293=DIRECTION('center_axis',(0.,0.,1.));
#3294=DIRECTION('ref_axis',(0.707106781186546,-0.707106781186549,0.));
#3295=DIRECTION('',(0.,0.,-1.));
#3296=DIRECTION('center_axis',(1.91748363493119E-17,-1.,0.));
#3297=DIRECTION('ref_axis',(-1.,-1.91748363493119E-17,0.));
#3298=DIRECTION('',(1.,1.91748363493119E-17,0.));
#3299=DIRECTION('',(0.,0.,-1.));
#3300=DIRECTION('',(-1.,-1.91748363493119E-17,0.));
#3301=DIRECTION('center_axis',(0.,0.,-1.));
#3302=DIRECTION('ref_axis',(-0.707106781186546,-0.707106781186549,0.));
#3303=DIRECTION('center_axis',(0.,0.,1.));
#3304=DIRECTION('ref_axis',(-0.707106781186546,-0.707106781186549,0.));
#3305=DIRECTION('center_axis',(0.,0.,1.));
#3306=DIRECTION('ref_axis',(-0.707106781186546,-0.707106781186549,0.));
#3307=DIRECTION('center_axis',(0.,0.,-1.));
#3308=DIRECTION('ref_axis',(-1.,0.,0.));
#3309=DIRECTION('',(0.,1.,0.));
#3310=DIRECTION('center_axis',(0.,0.,1.));
#3311=DIRECTION('ref_axis',(-0.707106781186546,0.707106781186549,0.));
#3312=DIRECTION('center_axis',(0.,0.,1.));
#3313=DIRECTION('ref_axis',(-0.707106781186546,0.707106781186549,0.));
#3314=DIRECTION('',(0.,0.,1.));
#3315=DIRECTION('',(0.,0.,-1.));
#3316=DIRECTION('center_axis',(0.,0.,-1.));
#3317=DIRECTION('ref_axis',(-1.,0.,0.));
#3318=DIRECTION('',(-1.4210854715202E-15,-1.,0.));
#3319=DIRECTION('',(-1.,-2.56422069139313E-17,0.));
#3320=DIRECTION('',(-1.,1.45183010912521E-15,0.));
#3321=DIRECTION('center_axis',(-1.,1.4210854715202E-15,0.));
#3322=DIRECTION('ref_axis',(-1.4210854715202E-15,-1.,0.));
#3323=DIRECTION('',(0.,0.,1.));
#3324=DIRECTION('center_axis',(0.,0.,1.));
#3325=DIRECTION('ref_axis',(0.707106781186547,0.707106781186548,0.));
#3326=DIRECTION('center_axis',(0.,0.,1.));
#3327=DIRECTION('ref_axis',(0.707106781186547,0.707106781186548,0.));
#3328=DIRECTION('',(0.,0.,1.));
#3329=DIRECTION('',(0.,0.,-1.));
#3330=DIRECTION('center_axis',(1.45183010912521E-15,1.,0.));
#3331=DIRECTION('ref_axis',(-1.,1.45183010912521E-15,0.));
#3332=DIRECTION('',(0.,0.,1.));
#3333=DIRECTION('',(-1.,1.45183010912521E-15,0.));
#3334=DIRECTION('center_axis',(1.,-1.4210854715202E-15,0.));
#3335=DIRECTION('ref_axis',(1.4210854715202E-15,1.,0.));
#3336=DIRECTION('',(1.4210854715202E-15,1.,0.));
#3337=DIRECTION('',(0.,0.,-1.));
#3338=DIRECTION('center_axis',(0.,0.,-1.));
#3339=DIRECTION('ref_axis',(-1.,0.,0.));
#3340=DIRECTION('',(0.,1.,0.));
#3341=DIRECTION('',(-1.,-2.56422069139313E-17,0.));
#3342=DIRECTION('center_axis',(1.45183010912521E-15,1.,0.));
#3343=DIRECTION('ref_axis',(-1.,1.45183010912521E-15,0.));
#3344=DIRECTION('center_axis',(2.56422069139313E-17,-1.,0.));
#3345=DIRECTION('ref_axis',(-1.,-2.56422069139313E-17,0.));
#3346=DIRECTION('',(0.,0.,-1.));
#3347=DIRECTION('',(-1.,-2.56422069139313E-17,0.));
#3348=DIRECTION('',(0.,0.,-1.));
#3349=DIRECTION('',(0.,0.,-1.));
#3350=DIRECTION('',(1.,2.56422069139313E-17,0.));
#3351=DIRECTION('',(0.,0.,1.));
#3352=DIRECTION('center_axis',(1.,0.,0.));
#3353=DIRECTION('ref_axis',(0.,-1.,0.));
#3354=DIRECTION('center_axis',(0.,0.,1.));
#3355=DIRECTION('ref_axis',(1.,0.,0.));
#3356=DIRECTION('',(-1.,-2.56422069139313E-17,0.));
#3357=DIRECTION('center_axis',(0.,0.,1.));
#3358=DIRECTION('ref_axis',(0.,1.,0.));
#3359=DIRECTION('',(5.4712642396285E-17,-1.,0.));
#3360=DIRECTION('center_axis',(0.,0.,1.));
#3361=DIRECTION('ref_axis',(-1.,0.,0.));
#3362=DIRECTION('',(1.,0.,0.));
#3363=DIRECTION('center_axis',(0.,0.,1.));
#3364=DIRECTION('ref_axis',(0.,-1.,0.));
#3365=DIRECTION('',(0.,1.,0.));
#3366=DIRECTION('center_axis',(0.,0.,1.));
#3367=DIRECTION('ref_axis',(1.,-6.93889390390713E-16,0.));
#3368=DIRECTION('center_axis',(2.56422069139313E-17,-1.,0.));
#3369=DIRECTION('ref_axis',(-1.,-2.56422069139313E-17,0.));
#3370=DIRECTION('',(0.,0.,-1.));
#3371=DIRECTION('',(1.,2.56422069139313E-17,0.));
#3372=DIRECTION('',(0.,0.,1.));
#3373=DIRECTION('',(0.,0.,-1.));
#3374=DIRECTION('center_axis',(0.,0.,-1.));
#3375=DIRECTION('ref_axis',(3.55271367880051E-14,1.,0.));
#3376=DIRECTION('center_axis',(0.,0.,-1.));
#3377=DIRECTION('ref_axis',(3.55271367880051E-14,1.,0.));
#3378=DIRECTION('',(0.,0.,-1.));
#3379=DIRECTION('center_axis',(0.,0.,-1.));
#3380=DIRECTION('ref_axis',(3.55271367880051E-14,1.,0.));
#3381=DIRECTION('',(0.,0.,-1.));
#3382=DIRECTION('center_axis',(0.,-1.,0.));
#3383=DIRECTION('ref_axis',(-1.,0.,0.));
#3384=DIRECTION('',(-1.,0.,0.));
#3385=DIRECTION('',(0.,0.,-1.));
#3386=DIRECTION('',(-1.,0.,0.));
#3387=DIRECTION('center_axis',(0.,0.,-1.));
#3388=DIRECTION('ref_axis',(-3.55271367880051E-14,-1.,0.));
#3389=DIRECTION('center_axis',(0.,0.,-1.));
#3390=DIRECTION('ref_axis',(-3.55271367880051E-14,-1.,0.));
#3391=DIRECTION('',(0.,0.,-1.));
#3392=DIRECTION('center_axis',(0.,0.,-1.));
#3393=DIRECTION('ref_axis',(-3.55271367880051E-14,-1.,0.));
#3394=DIRECTION('center_axis',(0.,1.,0.));
#3395=DIRECTION('ref_axis',(1.,0.,0.));
#3396=DIRECTION('',(1.,0.,0.));
#3397=DIRECTION('',(1.,0.,0.));
#3398=DIRECTION('center_axis',(0.,0.,1.));
#3399=DIRECTION('ref_axis',(1.,0.,0.));
#3400=DIRECTION('center_axis',(0.,0.,-1.));
#3401=DIRECTION('ref_axis',(0.,1.,0.));
#3402=DIRECTION('center_axis',(0.,0.,-1.));
#3403=DIRECTION('ref_axis',(0.,1.,0.));
#3404=DIRECTION('',(0.,0.,-1.));
#3405=DIRECTION('center_axis',(0.,0.,-1.));
#3406=DIRECTION('ref_axis',(0.,1.,0.));
#3407=DIRECTION('',(0.,0.,-1.));
#3408=DIRECTION('center_axis',(-1.66367086607166E-17,-1.,0.));
#3409=DIRECTION('ref_axis',(-1.,1.66367086607166E-17,0.));
#3410=DIRECTION('',(-1.,1.66367086607166E-17,0.));
#3411=DIRECTION('',(0.,0.,-1.));
#3412=DIRECTION('',(-1.,1.66367086607166E-17,0.));
#3413=DIRECTION('center_axis',(0.,0.,-1.));
#3414=DIRECTION('ref_axis',(0.,-1.,0.));
#3415=DIRECTION('center_axis',(0.,0.,-1.));
#3416=DIRECTION('ref_axis',(0.,-1.,0.));
#3417=DIRECTION('',(0.,0.,-1.));
#3418=DIRECTION('center_axis',(0.,0.,-1.));
#3419=DIRECTION('ref_axis',(0.,-1.,0.));
#3420=DIRECTION('center_axis',(2.21822782142888E-17,1.,0.));
#3421=DIRECTION('ref_axis',(1.,-2.21822782142888E-17,0.));
#3422=DIRECTION('',(1.,-2.21822782142888E-17,0.));
#3423=DIRECTION('',(1.,-2.21822782142888E-17,0.));
#3424=DIRECTION('center_axis',(0.,0.,1.));
#3425=DIRECTION('ref_axis',(1.,0.,0.));
#3426=DIRECTION('center_axis',(0.,0.,-1.));
#3427=DIRECTION('ref_axis',(8.88178419700128E-15,1.,0.));
#3428=DIRECTION('center_axis',(0.,0.,-1.));
#3429=DIRECTION('ref_axis',(8.88178419700128E-15,1.,0.));
#3430=DIRECTION('',(0.,0.,-1.));
#3431=DIRECTION('center_axis',(0.,0.,-1.));
#3432=DIRECTION('ref_axis',(8.88178419700128E-15,1.,0.));
#3433=DIRECTION('',(0.,0.,-1.));
#3434=DIRECTION('center_axis',(0.,-1.,0.));
#3435=DIRECTION('ref_axis',(-1.,0.,0.));
#3436=DIRECTION('',(-1.,0.,0.));
#3437=DIRECTION('',(0.,0.,-1.));
#3438=DIRECTION('',(-1.,0.,0.));
#3439=DIRECTION('center_axis',(0.,0.,-1.));
#3440=DIRECTION('ref_axis',(-8.88178419700128E-15,-1.,0.));
#3441=DIRECTION('center_axis',(0.,0.,-1.));
#3442=DIRECTION('ref_axis',(-8.88178419700128E-15,-1.,0.));
#3443=DIRECTION('',(0.,0.,-1.));
#3444=DIRECTION('center_axis',(0.,0.,-1.));
#3445=DIRECTION('ref_axis',(-8.88178419700128E-15,-1.,0.));
#3446=DIRECTION('center_axis',(0.,1.,0.));
#3447=DIRECTION('ref_axis',(1.,0.,0.));
#3448=DIRECTION('',(1.,0.,0.));
#3449=DIRECTION('',(1.,0.,0.));
#3450=DIRECTION('center_axis',(0.,0.,1.));
#3451=DIRECTION('ref_axis',(1.,0.,0.));
#3452=DIRECTION('center_axis',(0.,0.,-1.));
#3453=DIRECTION('ref_axis',(8.88178419700125E-15,1.,0.));
#3454=DIRECTION('center_axis',(0.,0.,-1.));
#3455=DIRECTION('ref_axis',(8.88178419700125E-15,1.,0.));
#3456=DIRECTION('',(0.,0.,-1.));
#3457=DIRECTION('center_axis',(0.,0.,-1.));
#3458=DIRECTION('ref_axis',(8.88178419700125E-15,1.,0.));
#3459=DIRECTION('',(0.,0.,-1.));
#3460=DIRECTION('center_axis',(5.54556955357221E-17,-1.,0.));
#3461=DIRECTION('ref_axis',(-1.,-5.54556955357221E-17,0.));
#3462=DIRECTION('',(-1.,-5.54556955357221E-17,0.));
#3463=DIRECTION('',(0.,0.,-1.));
#3464=DIRECTION('',(-1.,-5.54556955357221E-17,0.));
#3465=DIRECTION('center_axis',(0.,0.,-1.));
#3466=DIRECTION('ref_axis',(0.,-1.,0.));
#3467=DIRECTION('center_axis',(0.,0.,-1.));
#3468=DIRECTION('ref_axis',(0.,-1.,0.));
#3469=DIRECTION('',(0.,0.,-1.));
#3470=DIRECTION('center_axis',(0.,0.,-1.));
#3471=DIRECTION('ref_axis',(0.,-1.,0.));
#3472=DIRECTION('center_axis',(-3.32734173214333E-17,1.,0.));
#3473=DIRECTION('ref_axis',(1.,3.32734173214333E-17,0.));
#3474=DIRECTION('',(1.,3.32734173214333E-17,0.));
#3475=DIRECTION('',(1.,3.32734173214333E-17,0.));
#3476=DIRECTION('center_axis',(0.,0.,1.));
#3477=DIRECTION('ref_axis',(1.,0.,0.));
#3478=DIRECTION('center_axis',(0.,0.,-1.));
#3479=DIRECTION('ref_axis',(-1.,-1.1842378929335E-14,0.));
#3480=DIRECTION('',(0.,0.,-1.));
#3481=DIRECTION('center_axis',(0.,0.,1.));
#3482=DIRECTION('ref_axis',(-1.,-1.1842378929335E-14,0.));
#3483=DIRECTION('',(0.,0.,-1.));
#3484=DIRECTION('center_axis',(0.,-1.,0.));
#3485=DIRECTION('ref_axis',(-1.,0.,0.));
#3486=DIRECTION('',(0.,0.,-1.));
#3487=DIRECTION('',(1.,0.,0.));
#3488=DIRECTION('center_axis',(0.,0.,-1.));
#3489=DIRECTION('ref_axis',(0.,-1.,0.));
#3490=DIRECTION('',(0.,0.,-1.));
#3491=DIRECTION('center_axis',(0.,0.,1.));
#3492=DIRECTION('ref_axis',(0.,-1.,0.));
#3493=DIRECTION('center_axis',(1.,0.,0.));
#3494=DIRECTION('ref_axis',(0.,-1.,0.));
#3495=DIRECTION('',(0.,0.,1.));
#3496=DIRECTION('',(0.,1.,0.));
#3497=DIRECTION('center_axis',(-1.,0.,0.));
#3498=DIRECTION('ref_axis',(0.,1.,0.));
#3499=DIRECTION('',(0.,-1.,0.));
#3500=DIRECTION('',(0.,0.,-1.));
#3501=DIRECTION('center_axis',(0.,0.,-1.));
#3502=DIRECTION('ref_axis',(-1.,0.,0.));
#3503=DIRECTION('',(-1.,0.,0.));
#3504=DIRECTION('center_axis',(0.,0.,-1.));
#3505=DIRECTION('ref_axis',(1.,4.99600361081321E-15,0.));
#3506=DIRECTION('',(0.,0.,-1.));
#3507=DIRECTION('center_axis',(0.,0.,1.));
#3508=DIRECTION('ref_axis',(1.,4.99600361081321E-15,0.));
#3509=DIRECTION('',(0.,0.,-1.));
#3510=DIRECTION('center_axis',(0.,1.,0.));
#3511=DIRECTION('ref_axis',(1.,0.,0.));
#3512=DIRECTION('',(0.,0.,-1.));
#3513=DIRECTION('',(-1.,0.,0.));
#3514=DIRECTION('center_axis',(0.,0.,-1.));
#3515=DIRECTION('ref_axis',(-1.48029736616688E-15,1.,0.));
#3516=DIRECTION('',(0.,0.,-1.));
#3517=DIRECTION('center_axis',(0.,0.,1.));
#3518=DIRECTION('ref_axis',(-1.48029736616688E-15,1.,0.));
#3519=DIRECTION('center_axis',(-1.,0.,0.));
#3520=DIRECTION('ref_axis',(0.,1.,0.));
#3521=DIRECTION('',(0.,-1.,0.));
#3522=DIRECTION('center_axis',(1.,0.,0.));
#3523=DIRECTION('ref_axis',(0.,-1.,0.));
#3524=DIRECTION('',(0.,1.,0.));
#3525=DIRECTION('center_axis',(0.,0.,-1.));
#3526=DIRECTION('ref_axis',(-1.,0.,0.));
#3527=DIRECTION('center_axis',(0.,0.,-1.));
#3528=DIRECTION('ref_axis',(-1.,0.,0.));
#3529=DIRECTION('',(0.,0.,-1.));
#3530=DIRECTION('center_axis',(0.,0.,1.));
#3531=DIRECTION('ref_axis',(-1.,0.,0.));
#3532=DIRECTION('',(0.,0.,-1.));
#3533=DIRECTION('center_axis',(0.,-1.,0.));
#3534=DIRECTION('ref_axis',(-1.,0.,0.));
#3535=DIRECTION('',(0.,0.,-1.));
#3536=DIRECTION('',(1.,0.,0.));
#3537=DIRECTION('center_axis',(0.,0.,-1.));
#3538=DIRECTION('ref_axis',(2.96059473233374E-15,-1.,0.));
#3539=DIRECTION('',(0.,0.,-1.));
#3540=DIRECTION('center_axis',(0.,0.,1.));
#3541=DIRECTION('ref_axis',(2.96059473233374E-15,-1.,0.));
#3542=DIRECTION('center_axis',(1.,4.80096443081147E-15,0.));
#3543=DIRECTION('ref_axis',(4.80096443081147E-15,-1.,0.));
#3544=DIRECTION('',(0.,0.,1.));
#3545=DIRECTION('',(-4.80096443081147E-15,1.,0.));
#3546=DIRECTION('center_axis',(-1.,-2.40048221540574E-15,0.));
#3547=DIRECTION('ref_axis',(-2.40048221540574E-15,1.,0.));
#3548=DIRECTION('',(2.40048221540574E-15,-1.,0.));
#3549=DIRECTION('',(0.,0.,-1.));
#3550=DIRECTION('center_axis',(0.,0.,-1.));
#3551=DIRECTION('ref_axis',(-1.,0.,0.));
#3552=DIRECTION('',(-1.,0.,0.));
#3553=DIRECTION('center_axis',(1.,0.,0.));
#3554=DIRECTION('ref_axis',(0.,-1.,0.));
#3555=DIRECTION('',(0.,0.,-1.));
#3556=DIRECTION('',(0.,1.,0.));
#3557=DIRECTION('center_axis',(0.,0.,-1.));
#3558=DIRECTION('ref_axis',(1.,7.95659834314684E-15,0.));
#3559=DIRECTION('',(0.,0.,-1.));
#3560=DIRECTION('center_axis',(0.,0.,1.));
#3561=DIRECTION('ref_axis',(1.,7.95659834314684E-15,0.));
#3562=DIRECTION('center_axis',(-3.11520100440418E-16,1.,0.));
#3563=DIRECTION('ref_axis',(1.,3.11520100440418E-16,0.));
#3564=DIRECTION('',(0.,0.,-1.));
#3565=DIRECTION('',(-1.,-3.11520100440418E-16,0.));
#3566=DIRECTION('center_axis',(-1.,0.,0.));
#3567=DIRECTION('ref_axis',(0.,1.,0.));
#3568=DIRECTION('',(0.,-1.,0.));
#3569=DIRECTION('',(0.,0.,-1.));
#3570=DIRECTION('center_axis',(0.,0.,-1.));
#3571=DIRECTION('ref_axis',(0.,1.,0.));
#3572=DIRECTION('center_axis',(0.,0.,1.));
#3573=DIRECTION('ref_axis',(0.,1.,0.));
#3574=DIRECTION('center_axis',(0.,0.,-1.));
#3575=DIRECTION('ref_axis',(-1.,0.,0.));
#3576=DIRECTION('center_axis',(0.,1.,0.));
#3577=DIRECTION('ref_axis',(1.,0.,0.));
#3578=DIRECTION('',(0.,0.,-1.));
#3579=DIRECTION('',(0.,0.,-1.));
#3580=DIRECTION('center_axis',(0.,0.,-1.));
#3581=DIRECTION('ref_axis',(-1.,0.,0.));
#3582=DIRECTION('',(0.,0.,-1.));
#3583=DIRECTION('center_axis',(1.,5.4712642396285E-17,0.));
#3584=DIRECTION('ref_axis',(5.4712642396285E-17,-1.,0.));
#3585=DIRECTION('',(0.,0.,-1.));
#3586=DIRECTION('center_axis',(0.,0.,-1.));
#3587=DIRECTION('ref_axis',(0.,1.,0.));
#3588=DIRECTION('center_axis',(0.,0.,-1.));
#3589=DIRECTION('ref_axis',(1.,-6.93889390390713E-16,0.));
#3590=DIRECTION('',(0.,0.,-1.));
#3591=DIRECTION('center_axis',(-1.,0.,0.));
#3592=DIRECTION('ref_axis',(0.,1.,0.));
#3593=DIRECTION('',(0.,0.,-1.));
#3594=DIRECTION('center_axis',(0.,0.,-1.));
#3595=DIRECTION('ref_axis',(0.,-1.,0.));
#3596=CARTESIAN_POINT('',(0.,0.,0.));
#3597=CARTESIAN_POINT('Ctrl Pts',(-1.40000000000001,-101.050000016872,-11.9379952306304));
#3598=CARTESIAN_POINT('Ctrl Pts',(-1.39999999628469,-101.490413793267,-11.8800898095294));
#3599=CARTESIAN_POINT('Ctrl Pts',(-1.04892108829495,-102.531931519327,-11.7410769640617));
#3600=CARTESIAN_POINT('Ctrl Pts',(-0.00580491027497139,-103.05,-11.6694274188673));
#3601=CARTESIAN_POINT('Ctrl Pts',(0.599999999999988,-103.05,-11.6694274188673));
#3602=CARTESIAN_POINT('Ctrl Pts',(-1.23316160723413,-101.063127156459,-12.1044296979002));
#3603=CARTESIAN_POINT('Ctrl Pts',(-1.23026494920607,-101.467430893238,-12.0541916175427));
#3604=CARTESIAN_POINT('Ctrl Pts',(-0.900736056998447,-102.417995910676,
-11.9345865940783));
#3605=CARTESIAN_POINT('Ctrl Pts',(0.0492921359798224,-102.884246350772,
-11.8741161289843));
#3606=CARTESIAN_POINT('Ctrl Pts',(0.599999999999988,-102.884246350772,-11.8741161289843));
#3607=CARTESIAN_POINT('Ctrl Pts',(-1.06632321446825,-101.076254296047,-12.27086416517));
#3608=CARTESIAN_POINT('Ctrl Pts',(-1.06052990212745,-101.44444799321,-12.2282934255559));
#3609=CARTESIAN_POINT('Ctrl Pts',(-0.752551025701947,-102.304060302024,
-12.1280962240949));
#3610=CARTESIAN_POINT('Ctrl Pts',(0.104389182234617,-102.718492701544,-12.0788048391013));
#3611=CARTESIAN_POINT('Ctrl Pts',(0.599999999999988,-102.718492701544,-12.0788048391013));
#3612=CARTESIAN_POINT('Ctrl Pts',(-0.899484821702363,-101.089381435634,
-12.4372986324399));
#3613=CARTESIAN_POINT('Ctrl Pts',(-0.890794855048828,-101.421465093181,
-12.4023952335692));
#3614=CARTESIAN_POINT('Ctrl Pts',(-0.604365994405446,-102.190124693372,
-12.3216058541114));
#3615=CARTESIAN_POINT('Ctrl Pts',(0.159486228489411,-102.552739052316,-12.2834935492183));
#3616=CARTESIAN_POINT('Ctrl Pts',(0.599999999999987,-102.552739052316,-12.2834935492183));
#3617=CARTESIAN_POINT('',(-1.40000000000001,-101.050000016645,-11.9379952284717));
#3618=CARTESIAN_POINT('',(-0.899484821701259,-101.089381435676,-12.4372986324354));
#3619=CARTESIAN_POINT('',(-1.40000000000001,-101.050000016645,-11.9379952284717));
#3620=CARTESIAN_POINT('',(0.599999999999987,-102.552739052316,-12.2834935492183));
#3621=CARTESIAN_POINT('Ctrl Pts',(-0.899484821702363,-101.089381435634,
-12.4372986324399));
#3622=CARTESIAN_POINT('Ctrl Pts',(-0.890794855048828,-101.421465093181,
-12.4023952335692));
#3623=CARTESIAN_POINT('Ctrl Pts',(-0.604365994405446,-102.190124693372,
-12.3216058541114));
#3624=CARTESIAN_POINT('Ctrl Pts',(0.159486228489411,-102.552739052316,-12.2834935492183));
#3625=CARTESIAN_POINT('Ctrl Pts',(0.599999999999987,-102.552739052316,-12.2834935492183));
#3626=CARTESIAN_POINT('',(0.599999999999987,-103.05,-11.6694274188673));
#3627=CARTESIAN_POINT('',(0.599999999999987,-102.552739052316,-12.2834935492183));
#3628=CARTESIAN_POINT('Ctrl Pts',(0.599999999999988,-103.05,-11.6694274188673));
#3629=CARTESIAN_POINT('Ctrl Pts',(-0.00580491027497139,-103.05,-11.6694274188673));
#3630=CARTESIAN_POINT('Ctrl Pts',(-1.04892108829495,-102.531931519327,-11.7410769640617));
#3631=CARTESIAN_POINT('Ctrl Pts',(-1.39999999628469,-101.490413793267,-11.8800898095294));
#3632=CARTESIAN_POINT('Ctrl Pts',(-1.40000000000001,-101.050000016872,-11.9379952306304));
#3633=CARTESIAN_POINT('Origin',(123.825,-102.801369526158,-11.9764604840428));
#3634=CARTESIAN_POINT('',(247.05,-102.552739052316,-12.2834935492183));
#3635=CARTESIAN_POINT('',(247.05,-103.05,-11.6694274188673));
#3636=CARTESIAN_POINT('',(247.05,-102.552739052316,-12.2834935492183));
#3637=CARTESIAN_POINT('',(123.825,-103.05,-11.6694274188673));
#3638=CARTESIAN_POINT('',(123.825,-102.552739052316,-12.2834935492183));
#3639=CARTESIAN_POINT('Ctrl Pts',(247.05,-103.05,-11.6694274188673));
#3640=CARTESIAN_POINT('Ctrl Pts',(247.655804910264,-103.05,-11.6694274188673));
#3641=CARTESIAN_POINT('Ctrl Pts',(248.698620974782,-102.531732837597,-11.7411013073112));
#3642=CARTESIAN_POINT('Ctrl Pts',(249.049999996272,-101.490413793315,-11.880089809523));
#3643=CARTESIAN_POINT('Ctrl Pts',(249.05,-101.050000016928,-11.937995230623));
#3644=CARTESIAN_POINT('Ctrl Pts',(247.05,-102.884246350772,-11.8741161289843));
#3645=CARTESIAN_POINT('Ctrl Pts',(247.60070786401,-102.884246350772,-11.8741161289843));
#3646=CARTESIAN_POINT('Ctrl Pts',(248.550473967975,-102.417808750546,-11.9346085727061));
#3647=CARTESIAN_POINT('Ctrl Pts',(248.880264949194,-101.467430893283,-12.0541916175371));
#3648=CARTESIAN_POINT('Ctrl Pts',(248.883161607234,-101.063127156511,-12.1044296978938));
#3649=CARTESIAN_POINT('Ctrl Pts',(247.05,-102.718492701544,-12.0788048391013));
#3650=CARTESIAN_POINT('Ctrl Pts',(247.545610817756,-102.718492701544,-12.0788048391013));
#3651=CARTESIAN_POINT('Ctrl Pts',(248.402326961168,-102.303884663495,-12.1281158381009));
#3652=CARTESIAN_POINT('Ctrl Pts',(248.710529902116,-101.44444799325,-12.2282934255513));
#3653=CARTESIAN_POINT('Ctrl Pts',(248.716323214467,-101.076254296093,-12.2708641651646));
#3654=CARTESIAN_POINT('Ctrl Pts',(247.05,-102.552739052316,-12.2834935492183));
#3655=CARTESIAN_POINT('Ctrl Pts',(247.490513771503,-102.552739052316,-12.2834935492183));
#3656=CARTESIAN_POINT('Ctrl Pts',(248.254179954361,-102.189960576443,-12.3216231034957));
#3657=CARTESIAN_POINT('Ctrl Pts',(248.540794855039,-101.421465093217,-12.4023952335654));
#3658=CARTESIAN_POINT('Ctrl Pts',(248.549484821701,-101.089381435676,-12.4372986324354));
#3659=CARTESIAN_POINT('',(248.549302869966,-101.09580959889,-12.4366230052567));
#3660=CARTESIAN_POINT('',(249.05,-101.050000016645,-11.9379952284717));
#3661=CARTESIAN_POINT('Ctrl Pts',(248.549302348356,-101.095809621698,-12.4366230028595));
#3662=CARTESIAN_POINT('Ctrl Pts',(248.716260869824,-101.081239260887,-12.270265225617));
#3663=CARTESIAN_POINT('Ctrl Pts',(248.88316160721,-101.065969031054,-12.1040560494047));
#3664=CARTESIAN_POINT('Ctrl Pts',(249.05,-101.050000016928,-11.937995230623));
#3665=CARTESIAN_POINT('Ctrl Pts',(249.05,-101.050000016928,-11.937995230623));
#3666=CARTESIAN_POINT('Ctrl Pts',(249.049999996272,-101.490413793315,-11.880089809523));
#3667=CARTESIAN_POINT('Ctrl Pts',(248.698620974782,-102.531732837597,-11.7411013073112));
#3668=CARTESIAN_POINT('Ctrl Pts',(247.655804910264,-103.05,-11.6694274188673));
#3669=CARTESIAN_POINT('Ctrl Pts',(247.05,-103.05,-11.6694274188673));
#3670=CARTESIAN_POINT('Ctrl Pts',(247.05,-102.552739052316,-12.2834935492183));
#3671=CARTESIAN_POINT('Ctrl Pts',(247.490513771503,-102.552739052316,-12.2834935492183));
#3672=CARTESIAN_POINT('Ctrl Pts',(248.252068066857,-102.190963825437,-12.3215176577774));
#3673=CARTESIAN_POINT('Ctrl Pts',(248.539205963161,-101.42571247586,-12.4019488156608));
#3674=CARTESIAN_POINT('Ctrl Pts',(248.549302348356,-101.095809621698,-12.4366230028595));
#3675=CARTESIAN_POINT('Origin',(-1.15000000000001,5.2462822157731,-19.5915941237351));
#3676=CARTESIAN_POINT('',(-1.4,8.0778416960854,-21.6488425067588));
#3677=CARTESIAN_POINT('',(-0.9,8.48235019327288,-21.942735132905));
#3678=CARTESIAN_POINT('',(-1.14999999999998,8.28009594467916,-21.7957888198319));
#3679=CARTESIAN_POINT('',(-0.900000000000023,4.82816836270248,-23.5696817052082));
#3680=CARTESIAN_POINT('Origin',(-0.900000000000023,5.2462822157731,-19.5915941237351));
#3681=CARTESIAN_POINT('',(-1.4,4.88043259433631,-23.0724207575241));
#3682=CARTESIAN_POINT('',(-0.900000000000023,4.82816836270248,-23.5696817052082));
#3683=CARTESIAN_POINT('Origin',(-1.4,5.2462822157731,-19.5915941237351));
#3684=CARTESIAN_POINT('Origin',(-1.15000000000001,-44.0628646264839,-18.17965000164));
#3685=CARTESIAN_POINT('',(-0.900000000000012,-101.05,-12.4414377881158));
#3686=CARTESIAN_POINT('',(-1.40000000000001,-100.997735768366,-11.9441768404317));
#3687=CARTESIAN_POINT('',(-0.900000000000012,-101.05,-12.4414377881158));
#3688=CARTESIAN_POINT('',(-1.40000000000001,-44.036732510667,-17.9310195277979));
#3689=CARTESIAN_POINT('',(-0.900000000000007,-44.0889967423008,-18.428280475482));
#3690=CARTESIAN_POINT('Ctrl Pts',(-0.899484821702363,-101.089381435634,
-12.4372986324399));
#3691=CARTESIAN_POINT('Ctrl Pts',(-0.899828253678265,-101.076257317761,
-12.4386780328125));
#3692=CARTESIAN_POINT('Ctrl Pts',(-0.900000000000013,-101.063128658937,
-12.4400579104582));
#3693=CARTESIAN_POINT('Ctrl Pts',(-0.900000000000013,-101.05,-12.4414377881158));
#3694=CARTESIAN_POINT('Ctrl Pts',(-1.06632321446825,-101.076254296047,-12.27086416517));
#3695=CARTESIAN_POINT('Ctrl Pts',(-1.06655216911885,-101.061703090738,-12.2725465828626));
#3696=CARTESIAN_POINT('Ctrl Pts',(-1.06666666666668,-101.047144814081,-12.2741531669878));
#3697=CARTESIAN_POINT('Ctrl Pts',(-1.06666666666668,-101.032578589455,-12.2756841388878));
#3698=CARTESIAN_POINT('Ctrl Pts',(-1.23316160723413,-101.063127156459,-12.1044296979002));
#3699=CARTESIAN_POINT('Ctrl Pts',(-1.23327608455943,-101.047148863716,-12.1064151329127));
#3700=CARTESIAN_POINT('Ctrl Pts',(-1.23333333333335,-101.031160969225,-12.1082484235174));
#3701=CARTESIAN_POINT('Ctrl Pts',(-1.23333333333335,-101.015157178911,-12.1099304896598));
#3702=CARTESIAN_POINT('Ctrl Pts',(-1.40000000000001,-101.050000016872,-11.9379952306304));
#3703=CARTESIAN_POINT('Ctrl Pts',(-1.40000000000001,-101.032594636694,-11.9402836829628));
#3704=CARTESIAN_POINT('Ctrl Pts',(-1.40000000000001,-101.01517712437,-11.942343680047));
#3705=CARTESIAN_POINT('Ctrl Pts',(-1.40000000000001,-100.997735768366,-11.9441768404317));
#3706=CARTESIAN_POINT('Ctrl Pts',(-0.900000000000013,-101.05,-12.4414377881158));
#3707=CARTESIAN_POINT('Ctrl Pts',(-0.900000000000013,-101.063128658937,
-12.4400579104582));
#3708=CARTESIAN_POINT('Ctrl Pts',(-0.899828253678265,-101.076257317761,
-12.4386780328125));
#3709=CARTESIAN_POINT('Ctrl Pts',(-0.899484821702363,-101.089381435634,
-12.4372986324399));
#3710=CARTESIAN_POINT('Ctrl Pts',(-1.40000000000001,-101.050000016872,-11.9379952306304));
#3711=CARTESIAN_POINT('Ctrl Pts',(-1.40000000000001,-101.032594636694,-11.9402836829628));
#3712=CARTESIAN_POINT('Ctrl Pts',(-1.40000000000001,-101.01517712437,-11.942343680047));
#3713=CARTESIAN_POINT('Ctrl Pts',(-1.40000000000001,-100.997735768366,-11.9441768404317));
#3714=CARTESIAN_POINT('Origin',(248.8,13.2292352597689,-24.2012923469493));
#3715=CARTESIAN_POINT('',(248.55,4.82816836270248,-23.5696817052082));
#3716=CARTESIAN_POINT('',(249.05,4.88043259433631,-23.0724207575241));
#3717=CARTESIAN_POINT('',(248.55,4.82816836270248,-23.5696817052082));
#3718=CARTESIAN_POINT('',(249.05,13.2553673755858,-23.9526618731072));
#3719=CARTESIAN_POINT('',(248.55,13.203103143952,-24.4499228207914));
#3720=CARTESIAN_POINT('Origin',(248.8,5.2462822157731,-19.5915941237351));
#3721=CARTESIAN_POINT('',(249.05,8.07784169608541,-21.6488425067588));
#3722=CARTESIAN_POINT('',(248.55,8.48235019327289,-21.942735132905));
#3723=CARTESIAN_POINT('',(248.8,8.28009594467915,-21.7957888198319));
#3724=CARTESIAN_POINT('Origin',(249.05,5.2462822157731,-19.5915941237351));
#3725=CARTESIAN_POINT('Origin',(248.55,5.2462822157731,-19.5915941237351));
#3726=CARTESIAN_POINT('Origin',(-1.4,15.,-24.6387842906976));
#3727=CARTESIAN_POINT('',(0.641157664654398,4.82816836270248,-23.5696817052082));
#3728=CARTESIAN_POINT('',(-1.4,4.82816836270248,-23.5696817052082));
#3729=CARTESIAN_POINT('',(0.5,4.,-23.4826377027752));
#3730=CARTESIAN_POINT('Origin',(3.,4.,-23.4826377027752));
#3731=CARTESIAN_POINT('',(5.3588423353456,4.82816836270248,-23.5696817052082));
#3732=CARTESIAN_POINT('Origin',(3.,4.,-23.4826377027752));
#3733=CARTESIAN_POINT('',(89.8911576646544,4.82816836270248,-23.5696817052082));
#3734=CARTESIAN_POINT('',(-1.4,4.82816836270248,-23.5696817052082));
#3735=CARTESIAN_POINT('',(89.75,4.,-23.4826377027752));
#3736=CARTESIAN_POINT('Origin',(92.25,4.,-23.4826377027752));
#3737=CARTESIAN_POINT('',(94.6088423353456,4.82816836270248,-23.5696817052082));
#3738=CARTESIAN_POINT('Origin',(92.25,4.,-23.4826377027752));
#3739=CARTESIAN_POINT('',(153.041157664654,4.82816836270248,-23.5696817052082));
#3740=CARTESIAN_POINT('',(-1.4,4.82816836270248,-23.5696817052082));
#3741=CARTESIAN_POINT('',(152.9,4.,-23.4826377027752));
#3742=CARTESIAN_POINT('Origin',(155.4,4.,-23.4826377027752));
#3743=CARTESIAN_POINT('',(157.758842335346,4.82816836270248,-23.5696817052082));
#3744=CARTESIAN_POINT('Origin',(155.4,4.,-23.4826377027752));
#3745=CARTESIAN_POINT('',(242.291157664654,4.82816836270248,-23.5696817052082));
#3746=CARTESIAN_POINT('',(-1.4,4.82816836270248,-23.5696817052082));
#3747=CARTESIAN_POINT('',(242.15,4.,-23.4826377027752));
#3748=CARTESIAN_POINT('Origin',(244.65,4.,-23.4826377027752));
#3749=CARTESIAN_POINT('',(247.008842335346,4.82816836270248,-23.5696817052082));
#3750=CARTESIAN_POINT('Origin',(244.65,4.,-23.4826377027752));
#3751=CARTESIAN_POINT('',(-1.4,4.82816836270248,-23.5696817052082));
#3752=CARTESIAN_POINT('',(0.5,-99.25,-12.6306254115941));
#3753=CARTESIAN_POINT('Origin',(3.,-99.25,-12.6306254115941));
#3754=CARTESIAN_POINT('',(242.15,-99.25,-12.6306254115941));
#3755=CARTESIAN_POINT('Origin',(244.65,-99.25,-12.6306254115941));
#3756=CARTESIAN_POINT('',(89.75,-99.25,-12.6306254115941));
#3757=CARTESIAN_POINT('Origin',(92.25,-99.25,-12.6306254115941));
#3758=CARTESIAN_POINT('',(152.9,-99.25,-12.6306254115941));
#3759=CARTESIAN_POINT('Origin',(155.4,-99.25,-12.6306254115941));
#3760=CARTESIAN_POINT('',(8.55,-93.1047810463173,-13.276513950261));
#3761=CARTESIAN_POINT('Origin',(13.6,-93.1047810463173,-13.2765139502604));
#3762=CARTESIAN_POINT('',(229.,-2.82030065495685,-22.7657952181539));
#3763=CARTESIAN_POINT('Origin',(234.05,-2.82030065495685,-22.7657952181539));
#3764=CARTESIAN_POINT('',(8.55,-2.82030065495685,-22.7657952181539));
#3765=CARTESIAN_POINT('Origin',(13.6,-2.82030065495685,-22.7657952181539));
#3766=CARTESIAN_POINT('',(229.,-93.1047810463173,-13.276513950261));
#3767=CARTESIAN_POINT('Origin',(234.05,-93.1047810463173,-13.2765139502604));
#3768=CARTESIAN_POINT('',(37.625,-17.525,-21.2202690386815));
#3769=CARTESIAN_POINT('',(37.625,-39.625,-18.89746543931));
#3770=CARTESIAN_POINT('',(37.625,-12.6190380027566,-21.7359064226442));
#3771=CARTESIAN_POINT('',(45.825,-47.825,-18.0356107101315));
#3772=CARTESIAN_POINT('Origin',(45.825,-39.625,-18.89746543931));
#3773=CARTESIAN_POINT('',(201.825,-47.825,-18.0356107101315));
#3774=CARTESIAN_POINT('',(100.2125,-47.825,-18.0356107101315));
#3775=CARTESIAN_POINT('',(210.025,-39.625,-18.89746543931));
#3776=CARTESIAN_POINT('Origin',(201.825,-39.625,-18.89746543931));
#3777=CARTESIAN_POINT('',(210.025,-17.525,-21.2202690386815));
#3778=CARTESIAN_POINT('',(210.025,-1.68977250870228,-22.8846185144123));
#3779=CARTESIAN_POINT('',(201.825,-9.32499999999999,-22.08212376786));
#3780=CARTESIAN_POINT('Origin',(201.825,-17.525,-21.2202690386815));
#3781=CARTESIAN_POINT('',(45.825,-9.32500000000001,-22.08212376786));
#3782=CARTESIAN_POINT('',(22.2125,-9.32500000000001,-22.08212376786));
#3783=CARTESIAN_POINT('Origin',(45.825,-17.525,-21.2202690386815));
#3784=CARTESIAN_POINT('Origin',(-1.15,-6.22602890364041,-41.7617567971566));
#3785=CARTESIAN_POINT('',(-1.4,10.8,-17.9021130325903));
#3786=CARTESIAN_POINT('',(-1.4,-6.42828315223415,-41.6148104840835));
#3787=CARTESIAN_POINT('',(-0.9,12.1228756555323,-16.9319817056362));
#3788=CARTESIAN_POINT('Origin',(0.599999999999999,10.8,-21.3047162659985));
#3789=CARTESIAN_POINT('',(-0.900000000000001,-6.02377465504666,-41.9087031102297));
#3790=CARTESIAN_POINT('Origin',(-1.4,5.2462822157731,-19.5915941237351));
#3791=CARTESIAN_POINT('Ctrl Pts',(247.008842335346,4.82816836270248,-23.5696817052082));
#3792=CARTESIAN_POINT('Ctrl Pts',(246.996201143451,4.86417381757456,-23.573466031008));
#3793=CARTESIAN_POINT('Ctrl Pts',(246.98270890285,4.89996367661896,-23.5767329421118));
#3794=CARTESIAN_POINT('Ctrl Pts',(246.844600008016,5.2422425907409,-23.6034102287751));
#3795=CARTESIAN_POINT('Ctrl Pts',(246.654728705051,5.52627113391751,-23.5881681845944));
#3796=CARTESIAN_POINT('Ctrl Pts',(246.212104837374,5.97768671857733,-23.5308309744202));
#3797=CARTESIAN_POINT('Ctrl Pts',(245.929792467215,6.17384474455378,-23.484917585339));
#3798=CARTESIAN_POINT('Ctrl Pts',(245.30878721562,6.4350497881198,-23.4132656007614));
#3799=CARTESIAN_POINT('Ctrl Pts',(244.969766244986,6.5,-23.3900400845872));
#3800=CARTESIAN_POINT('Ctrl Pts',(244.65,6.5,-23.3900400845872));
#3801=CARTESIAN_POINT('Ctrl Pts',(244.330233755014,6.5,-23.3900400845872));
#3802=CARTESIAN_POINT('Ctrl Pts',(243.99121278438,6.4350497881198,-23.4132656007614));
#3803=CARTESIAN_POINT('Ctrl Pts',(243.370207532785,6.17384474455378,-23.484917585339));
#3804=CARTESIAN_POINT('Ctrl Pts',(243.087895162626,5.97768671857733,-23.5308309744202));
#3805=CARTESIAN_POINT('Ctrl Pts',(242.645271294949,5.52627113391751,-23.5881681845944));
#3806=CARTESIAN_POINT('Ctrl Pts',(242.455399991984,5.2422425907409,-23.6034102287751));
#3807=CARTESIAN_POINT('Ctrl Pts',(242.31729109715,4.89996367661896,-23.5767329421118));
#3808=CARTESIAN_POINT('Ctrl Pts',(242.303798856549,4.86417381757456,-23.573466031008));
#3809=CARTESIAN_POINT('Ctrl Pts',(242.291157664654,4.82816836270249,-23.5696817052082));
#3810=CARTESIAN_POINT('Ctrl Pts',(157.758842335346,4.82816836270248,-23.5696817052082));
#3811=CARTESIAN_POINT('Ctrl Pts',(157.744855380981,4.86800690469754,-23.5738689046987));
#3812=CARTESIAN_POINT('Ctrl Pts',(157.729825852424,4.90758292340984,-23.5774226762849));
#3813=CARTESIAN_POINT('Ctrl Pts',(157.586939233335,5.25676861857704,-23.6036401978762));
#3814=CARTESIAN_POINT('Ctrl Pts',(157.3925193762,5.54301452973251,-23.5870086195345));
#3815=CARTESIAN_POINT('Ctrl Pts',(156.94555588729,5.98997801864288,-23.528235849615));
#3816=CARTESIAN_POINT('Ctrl Pts',(156.665378584065,6.18164651927804,-23.4829425137636));
#3817=CARTESIAN_POINT('Ctrl Pts',(156.050561656646,6.4367052423389,-23.4126401885655));
#3818=CARTESIAN_POINT('Ctrl Pts',(155.715609383342,6.5,-23.3900400845872));
#3819=CARTESIAN_POINT('Ctrl Pts',(155.4,6.5,-23.3900400845872));
#3820=CARTESIAN_POINT('Ctrl Pts',(155.080233755014,6.5,-23.3900400845872));
#3821=CARTESIAN_POINT('Ctrl Pts',(154.74121278438,6.4350497881198,-23.4132656007614));
#3822=CARTESIAN_POINT('Ctrl Pts',(154.120207532785,6.17384474455377,-23.484917585339));
#3823=CARTESIAN_POINT('Ctrl Pts',(153.837895162626,5.97768671857732,-23.5308309744202));
#3824=CARTESIAN_POINT('Ctrl Pts',(153.395271294949,5.5262711339175,-23.5881681845944));
#3825=CARTESIAN_POINT('Ctrl Pts',(153.205399991984,5.24224259074088,-23.6034102287751));
#3826=CARTESIAN_POINT('Ctrl Pts',(153.06729109715,4.89996367661895,-23.5767329421118));
#3827=CARTESIAN_POINT('Ctrl Pts',(153.053798856549,4.86417381757455,-23.573466031008));
#3828=CARTESIAN_POINT('Ctrl Pts',(153.041157664654,4.82816836270248,-23.5696817052082));
#3829=CARTESIAN_POINT('Ctrl Pts',(94.6088423353456,4.82816836270248,-23.5696817052082));
#3830=CARTESIAN_POINT('Ctrl Pts',(94.5962011434512,4.86417381757456,-23.573466031008));
#3831=CARTESIAN_POINT('Ctrl Pts',(94.5827089028501,4.89996367661896,-23.5767329421118));
#3832=CARTESIAN_POINT('Ctrl Pts',(94.4446000080162,5.24224259074089,-23.6034102287751));
#3833=CARTESIAN_POINT('Ctrl Pts',(94.2547287050508,5.52627113391751,-23.5881681845944));
#3834=CARTESIAN_POINT('Ctrl Pts',(93.8121048373744,5.97768671857733,-23.5308309744202));
#3835=CARTESIAN_POINT('Ctrl Pts',(93.5297924672148,6.17384474455376,-23.484917585339));
#3836=CARTESIAN_POINT('Ctrl Pts',(92.9087872156195,6.4350497881198,-23.4132656007614));
#3837=CARTESIAN_POINT('Ctrl Pts',(92.5697662449858,6.5,-23.3900400845872));
#3838=CARTESIAN_POINT('Ctrl Pts',(92.25,6.5,-23.3900400845872));
#3839=CARTESIAN_POINT('Ctrl Pts',(91.9302337550142,6.5,-23.3900400845872));
#3840=CARTESIAN_POINT('Ctrl Pts',(91.5912127843805,6.4350497881198,-23.4132656007614));
#3841=CARTESIAN_POINT('Ctrl Pts',(90.9702075327853,6.17384474455376,-23.484917585339));
#3842=CARTESIAN_POINT('Ctrl Pts',(90.6878951626257,5.97768671857733,-23.5308309744202));
#3843=CARTESIAN_POINT('Ctrl Pts',(90.2452712949492,5.52627113391751,-23.5881681845944));
#3844=CARTESIAN_POINT('Ctrl Pts',(90.0553999919838,5.24224259074089,-23.6034102287751));
#3845=CARTESIAN_POINT('Ctrl Pts',(89.9172910971499,4.89996367661896,-23.5767329421118));
#3846=CARTESIAN_POINT('Ctrl Pts',(89.9037988565488,4.86417381757455,-23.573466031008));
#3847=CARTESIAN_POINT('Ctrl Pts',(89.8911576646544,4.82816836270248,-23.5696817052082));
#3848=CARTESIAN_POINT('Ctrl Pts',(5.3588423353456,4.82816836270248,-23.5696817052082));
#3849=CARTESIAN_POINT('Ctrl Pts',(5.34620114345119,4.86417381757456,-23.573466031008));
#3850=CARTESIAN_POINT('Ctrl Pts',(5.33270890285013,4.89996367661896,-23.5767329421118));
#3851=CARTESIAN_POINT('Ctrl Pts',(5.19460000801616,5.2422425907409,-23.6034102287751));
#3852=CARTESIAN_POINT('Ctrl Pts',(5.00472870505077,5.52627113391751,-23.5881681845944));
#3853=CARTESIAN_POINT('Ctrl Pts',(4.56210483737436,5.97768671857733,-23.5308309744202));
#3854=CARTESIAN_POINT('Ctrl Pts',(4.27979246721475,6.17384474455377,-23.484917585339));
#3855=CARTESIAN_POINT('Ctrl Pts',(3.6587872156195,6.43504978811981,-23.4132656007614));
#3856=CARTESIAN_POINT('Ctrl Pts',(3.31976624498578,6.5,-23.3900400845872));
#3857=CARTESIAN_POINT('Ctrl Pts',(3.,6.5,-23.3900400845872));
#3858=CARTESIAN_POINT('Ctrl Pts',(2.68023375501422,6.5,-23.3900400845872));
#3859=CARTESIAN_POINT('Ctrl Pts',(2.3412127843805,6.43504978811981,-23.4132656007614));
#3860=CARTESIAN_POINT('Ctrl Pts',(1.72020753278525,6.17384474455377,-23.484917585339));
#3861=CARTESIAN_POINT('Ctrl Pts',(1.43789516262564,5.97768671857733,-23.5308309744202));
#3862=CARTESIAN_POINT('Ctrl Pts',(0.995271294949233,5.52627113391751,-23.5881681845944));
#3863=CARTESIAN_POINT('Ctrl Pts',(0.805399991983844,5.2422425907409,-23.6034102287751));
#3864=CARTESIAN_POINT('Ctrl Pts',(0.667291097149869,4.89996367661896,-23.5767329421118));
#3865=CARTESIAN_POINT('Ctrl Pts',(0.65379885654881,4.86417381757456,-23.573466031008));
#3866=CARTESIAN_POINT('Ctrl Pts',(0.641157664654398,4.82816836270248,-23.5696817052082));
#3867=CARTESIAN_POINT('',(-1.4,8.48235019327289,-21.942735132905));
#3868=CARTESIAN_POINT('Origin',(155.4,4.,-9.));
#3869=CARTESIAN_POINT('',(152.9,4.,-9.));
#3870=CARTESIAN_POINT('Origin',(155.4,4.,-9.));
#3871=CARTESIAN_POINT('',(152.9,4.,-9.));
#3872=CARTESIAN_POINT('Origin',(244.65,4.,-9.));
#3873=CARTESIAN_POINT('',(242.15,4.,-9.));
#3874=CARTESIAN_POINT('Origin',(244.65,4.,-9.));
#3875=CARTESIAN_POINT('',(242.15,4.,-9.));
#3876=CARTESIAN_POINT('Origin',(249.05,12.8,-11.));
#3877=CARTESIAN_POINT('',(249.05,10.8,-17.9021130325903));
#3878=CARTESIAN_POINT('',(249.05,13.5843121481815,-14.0698361308851));
#3879=CARTESIAN_POINT('',(249.05,10.8,-7.));
#3880=CARTESIAN_POINT('',(249.05,10.8,-11.));
#3881=CARTESIAN_POINT('',(249.05,-101.05,-7.));
#3882=CARTESIAN_POINT('',(249.05,-16.1625,-7.));
#3883=CARTESIAN_POINT('',(249.05,-101.05,-11.));
#3884=CARTESIAN_POINT('Origin',(248.8,13.7865663967752,-14.2167824439582));
#3885=CARTESIAN_POINT('',(248.55,12.1228756555323,-16.9319817056362));
#3886=CARTESIAN_POINT('',(248.55,13.9888206453689,-14.3637287570313));
#3887=CARTESIAN_POINT('Origin',(247.05,10.8,-21.3047162659984));
#3888=CARTESIAN_POINT('Origin',(-1.4,12.8,-16.));
#3889=CARTESIAN_POINT('',(0.599999999999999,12.8,-16.));
#3890=CARTESIAN_POINT('Origin',(0.599999999999999,10.8,-18.7527638409423));
#3891=CARTESIAN_POINT('',(247.05,12.8,-16.));
#3892=CARTESIAN_POINT('',(-1.4,12.8,-16.));
#3893=CARTESIAN_POINT('Origin',(247.05,10.8,-18.7527638409423));
#3894=CARTESIAN_POINT('Origin',(247.05,-101.05,-11.));
#3895=CARTESIAN_POINT('',(247.05,-103.05,-7.));
#3896=CARTESIAN_POINT('Origin',(247.05,-101.05,-7.));
#3897=CARTESIAN_POINT('',(247.05,-103.05,-11.));
#3898=CARTESIAN_POINT('Origin',(247.05,10.8,-11.));
#3899=CARTESIAN_POINT('',(247.05,12.8,-7.));
#3900=CARTESIAN_POINT('',(247.05,12.8,-11.));
#3901=CARTESIAN_POINT('Origin',(247.05,10.8,-7.));
#3902=CARTESIAN_POINT('Origin',(-1.40000000000001,12.8,-11.));
#3903=CARTESIAN_POINT('',(0.599999999999996,12.8,-7.));
#3904=CARTESIAN_POINT('',(0.599999999999999,12.8,-11.));
#3905=CARTESIAN_POINT('',(111.19091500013,12.8,-7.));
#3906=CARTESIAN_POINT('',(61.2125,12.8,-7.));
#3907=CARTESIAN_POINT('',(111.19091500013,12.8,-13.6));
#3908=CARTESIAN_POINT('',(111.19091500013,12.8,-9.));
#3909=CARTESIAN_POINT('',(136.45967400008,12.8,-13.6));
#3910=CARTESIAN_POINT('',(61.2126472500525,12.8,-13.6));
#3911=CARTESIAN_POINT('',(136.45967400008,12.8,-7.));
#3912=CARTESIAN_POINT('',(136.45967400008,12.8,-9.));
#3913=CARTESIAN_POINT('',(61.2125,12.8,-7.));
#3914=CARTESIAN_POINT('Origin',(0.599999999999987,-101.05,-11.));
#3915=CARTESIAN_POINT('',(0.599999999999987,-103.05,-7.));
#3916=CARTESIAN_POINT('',(0.599999999999987,-103.05,-11.));
#3917=CARTESIAN_POINT('',(-1.40000000000001,-101.05,-7.));
#3918=CARTESIAN_POINT('Origin',(0.599999999999987,-101.05,-7.));
#3919=CARTESIAN_POINT('',(-1.40000000000001,-101.05,-11.));
#3920=CARTESIAN_POINT('Origin',(-1.40000000000001,-103.05,-11.));
#3921=CARTESIAN_POINT('',(-1.40000000000001,10.8,-7.));
#3922=CARTESIAN_POINT('',(-1.40000000000001,-74.0875,-7.));
#3923=CARTESIAN_POINT('',(-1.4,10.8,-11.));
#3924=CARTESIAN_POINT('Origin',(123.825,-45.125,-7.));
#3925=CARTESIAN_POINT('',(134.45967400008,10.8,-7.));
#3926=CARTESIAN_POINT('Origin',(136.45967400008,10.8,-7.));
#3927=CARTESIAN_POINT('',(134.45967400008,8.79999999999995,-7.));
#3928=CARTESIAN_POINT('',(134.45967400008,-16.1625,-7.));
#3929=CARTESIAN_POINT('',(147.825,8.79999999999993,-7.));
#3930=CARTESIAN_POINT('',(136.825,8.79999999999995,-7.));
#3931=CARTESIAN_POINT('',(149.825,6.79999999999993,-7.));
#3932=CARTESIAN_POINT('Origin',(147.825,6.79999999999993,-7.));
#3933=CARTESIAN_POINT('',(149.825,0.299999999999958,-7.));
#3934=CARTESIAN_POINT('',(149.825,-22.4125,-7.));
#3935=CARTESIAN_POINT('',(165.25,0.299999999999994,-7.));
#3936=CARTESIAN_POINT('',(144.3875,0.299999999999994,-7.));
#3937=CARTESIAN_POINT('',(165.25,4.,-7.));
#3938=CARTESIAN_POINT('',(165.25,-22.4125,-7.));
#3939=CARTESIAN_POINT('',(167.95,6.7,-7.));
#3940=CARTESIAN_POINT('Origin',(167.95,4.,-7.));
#3941=CARTESIAN_POINT('',(232.1,6.70000000000002,-7.));
#3942=CARTESIAN_POINT('',(145.8875,6.69999999999999,-7.));
#3943=CARTESIAN_POINT('',(234.8,4.,-7.));
#3944=CARTESIAN_POINT('Origin',(232.1,3.99999999999998,-7.));
#3945=CARTESIAN_POINT('',(234.8,0.300000000000004,-7.));
#3946=CARTESIAN_POINT('',(234.8,-20.5625,-7.));
#3947=CARTESIAN_POINT('',(246.95,0.300000000000014,-7.));
#3948=CARTESIAN_POINT('',(185.3875,0.300000000000002,-7.));
#3949=CARTESIAN_POINT('',(247.95,-0.700000000000001,-7.));
#3950=CARTESIAN_POINT('Origin',(246.95,-0.7,-7.));
#3951=CARTESIAN_POINT('',(247.95,-94.55,-7.));
#3952=CARTESIAN_POINT('',(247.95,-69.8375,-7.));
#3953=CARTESIAN_POINT('',(246.95,-95.55,-7.));
#3954=CARTESIAN_POINT('Origin',(246.95,-94.55,-7.));
#3955=CARTESIAN_POINT('',(234.8,-95.55,-7.));
#3956=CARTESIAN_POINT('',(179.4625,-95.55,-7.));
#3957=CARTESIAN_POINT('',(234.8,-99.25,-7.));
#3958=CARTESIAN_POINT('',(234.8,-70.3375,-7.));
#3959=CARTESIAN_POINT('',(232.1,-101.95,-7.));
#3960=CARTESIAN_POINT('Origin',(232.1,-99.25,-7.));
#3961=CARTESIAN_POINT('',(167.95,-101.95,-7.));
#3962=CARTESIAN_POINT('',(177.9625,-101.95,-7.));
#3963=CARTESIAN_POINT('',(165.25,-99.25,-7.));
#3964=CARTESIAN_POINT('Origin',(167.95,-99.25,-7.));
#3965=CARTESIAN_POINT('',(165.25,-95.55,-7.));
#3966=CARTESIAN_POINT('',(165.25,-72.1875,-7.));
#3967=CARTESIAN_POINT('',(82.4,-95.55,-7.));
#3968=CARTESIAN_POINT('',(103.2625,-95.55,-7.));
#3969=CARTESIAN_POINT('',(82.4,-99.25,-7.));
#3970=CARTESIAN_POINT('',(82.3999999999998,-70.3375000000001,-7.));
#3971=CARTESIAN_POINT('',(79.7,-101.95,-7.));
#3972=CARTESIAN_POINT('Origin',(79.7,-99.25,-7.));
#3973=CARTESIAN_POINT('',(15.55,-101.95,-7.));
#3974=CARTESIAN_POINT('',(101.7625,-101.95,-7.));
#3975=CARTESIAN_POINT('',(12.85,-99.25,-7.));
#3976=CARTESIAN_POINT('Origin',(15.55,-99.25,-7.));
#3977=CARTESIAN_POINT('',(12.85,-95.55,-7.));
#3978=CARTESIAN_POINT('',(12.8499999999999,-72.1875000000001,-7.));
#3979=CARTESIAN_POINT('',(0.700000000000003,-95.55,-7.));
#3980=CARTESIAN_POINT('',(62.2625,-95.55,-7.));
#3981=CARTESIAN_POINT('',(-0.299999999999997,-94.55,-7.));
#3982=CARTESIAN_POINT('Origin',(0.700000000000003,-94.55,-7.));
#3983=CARTESIAN_POINT('',(-0.299999999999999,-0.700000000000003,-7.));
#3984=CARTESIAN_POINT('',(-0.299999999999994,-22.9125,-7.));
#3985=CARTESIAN_POINT('',(0.699999999999998,0.299999999999994,-7.));
#3986=CARTESIAN_POINT('Origin',(0.699999999999998,-0.700000000000003,-7.));
#3987=CARTESIAN_POINT('',(12.85,0.299999999999992,-7.));
#3988=CARTESIAN_POINT('',(68.1875,0.299999999999994,-7.));
#3989=CARTESIAN_POINT('',(12.85,4.,-7.));
#3990=CARTESIAN_POINT('',(12.85,-22.4125,-7.));
#3991=CARTESIAN_POINT('',(15.55,6.7,-7.));
#3992=CARTESIAN_POINT('Origin',(15.55,4.,-7.));
#3993=CARTESIAN_POINT('',(79.7,6.7,-7.));
#3994=CARTESIAN_POINT('',(69.6875,6.7,-7.));
#3995=CARTESIAN_POINT('',(82.4,4.,-7.));
#3996=CARTESIAN_POINT('Origin',(79.7,3.99999999999998,-7.));
#3997=CARTESIAN_POINT('',(82.4,0.299999999999992,-7.));
#3998=CARTESIAN_POINT('',(82.4,-20.5625,-7.));
#3999=CARTESIAN_POINT('',(97.825,0.300000000000034,-7.));
#4000=CARTESIAN_POINT('',(144.3875,0.299999999999994,-7.));
#4001=CARTESIAN_POINT('',(97.825,6.8,-7.));
#4002=CARTESIAN_POINT('',(97.825,-18.1625,-7.));
#4003=CARTESIAN_POINT('',(99.825,8.8,-7.));
#4004=CARTESIAN_POINT('Origin',(99.825,6.8,-7.));
#4005=CARTESIAN_POINT('',(113.19091500013,8.79999999999998,-7.));
#4006=CARTESIAN_POINT('',(118.507957500065,8.79999999999997,-7.));
#4007=CARTESIAN_POINT('',(113.19091500013,10.8,-7.));
#4008=CARTESIAN_POINT('',(113.19091500013,-23.4125,-7.));
#4009=CARTESIAN_POINT('Origin',(111.19091500013,10.8,-7.));
#4010=CARTESIAN_POINT('Origin',(0.599999999999999,10.8,-7.));
#4011=CARTESIAN_POINT('',(186.4375,-103.05,-7.));
#4012=CARTESIAN_POINT('',(243.1,-99.25,-7.));
#4013=CARTESIAN_POINT('Origin',(244.65,-99.25,-7.));
#4014=CARTESIAN_POINT('',(1.45,4.,-7.));
#4015=CARTESIAN_POINT('Origin',(3.,4.,-7.));
#4016=CARTESIAN_POINT('',(243.1,4.,-7.));
#4017=CARTESIAN_POINT('Origin',(244.65,4.,-7.));
#4018=CARTESIAN_POINT('',(1.45,-99.25,-7.));
#4019=CARTESIAN_POINT('Origin',(3.,-99.25,-7.));
#4020=CARTESIAN_POINT('',(153.85,-99.25,-7.));
#4021=CARTESIAN_POINT('Origin',(155.4,-99.25,-7.));
#4022=CARTESIAN_POINT('',(90.7,4.,-7.));
#4023=CARTESIAN_POINT('Origin',(92.25,4.,-7.));
#4024=CARTESIAN_POINT('',(153.85,4.,-7.));
#4025=CARTESIAN_POINT('Origin',(155.4,4.,-7.));
#4026=CARTESIAN_POINT('',(90.7,-99.25,-7.));
#4027=CARTESIAN_POINT('Origin',(92.25,-99.25,-7.));
#4028=CARTESIAN_POINT('Origin',(0.599999999999999,10.8,-11.));
#4029=CARTESIAN_POINT('Origin',(40.825,-28.575,-11.));
#4030=CARTESIAN_POINT('',(43.925,-28.575,-11.));
#4031=CARTESIAN_POINT('Origin',(40.825,-28.575,-11.));
#4032=CARTESIAN_POINT('',(43.925,-28.575,-11.3));
#4033=CARTESIAN_POINT('',(43.925,-28.575,-11.));
#4034=CARTESIAN_POINT('Origin',(40.825,-28.575,-11.3));
#4035=CARTESIAN_POINT('Origin',(123.825,-28.575,-11.3));
#4036=CARTESIAN_POINT('',(39.275,-28.575,-11.3));
#4037=CARTESIAN_POINT('Origin',(40.825,-28.575,-11.3));
#4038=CARTESIAN_POINT('Origin',(123.825,-28.575,-11.));
#4039=CARTESIAN_POINT('',(126.925,-28.575,-11.));
#4040=CARTESIAN_POINT('Origin',(123.825,-28.575,-11.));
#4041=CARTESIAN_POINT('',(126.925,-28.575,-11.3));
#4042=CARTESIAN_POINT('',(126.925,-28.575,-11.));
#4043=CARTESIAN_POINT('Origin',(123.825,-28.575,-11.3));
#4044=CARTESIAN_POINT('Origin',(123.825,-28.575,-11.3));
#4045=CARTESIAN_POINT('',(122.275,-28.575,-11.3));
#4046=CARTESIAN_POINT('Origin',(123.825,-28.575,-11.3));
#4047=CARTESIAN_POINT('Origin',(206.825,-28.575,-11.));
#4048=CARTESIAN_POINT('',(209.925,-28.575,-11.));
#4049=CARTESIAN_POINT('Origin',(206.825,-28.575,-11.));
#4050=CARTESIAN_POINT('',(209.925,-28.575,-11.3));
#4051=CARTESIAN_POINT('',(209.925,-28.575,-11.));
#4052=CARTESIAN_POINT('Origin',(206.825,-28.575,-11.3));
#4053=CARTESIAN_POINT('Origin',(123.825,-28.575,-11.3));
#4054=CARTESIAN_POINT('',(205.275,-28.575,-11.3));
#4055=CARTESIAN_POINT('Origin',(206.825,-28.575,-11.3));
#4056=CARTESIAN_POINT('Origin',(210.025,-17.525,-13.));
#4057=CARTESIAN_POINT('',(210.025,-39.625,-13.));
#4058=CARTESIAN_POINT('',(210.025,-39.625,-13.));
#4059=CARTESIAN_POINT('',(210.025,-17.525,-13.));
#4060=CARTESIAN_POINT('',(210.025,-39.625,-13.));
#4061=CARTESIAN_POINT('',(210.025,-17.525,-13.));
#4062=CARTESIAN_POINT('Origin',(201.825,-17.525,-13.));
#4063=CARTESIAN_POINT('',(201.825,-9.32499999999999,-13.));
#4064=CARTESIAN_POINT('Origin',(201.825,-17.525,-13.));
#4065=CARTESIAN_POINT('',(201.825,-9.32499999999999,-13.));
#4066=CARTESIAN_POINT('Origin',(45.825,-9.32500000000001,-13.));
#4067=CARTESIAN_POINT('',(45.825,-9.32500000000001,-13.));
#4068=CARTESIAN_POINT('',(201.825,-9.32499999999999,-13.));
#4069=CARTESIAN_POINT('',(45.825,-9.32500000000001,-13.));
#4070=CARTESIAN_POINT('Origin',(45.825,-17.525,-13.));
#4071=CARTESIAN_POINT('',(37.625,-17.525,-13.));
#4072=CARTESIAN_POINT('Origin',(45.825,-17.525,-13.));
#4073=CARTESIAN_POINT('',(37.625,-17.525,-13.));
#4074=CARTESIAN_POINT('Origin',(37.625,-39.625,-13.));
#4075=CARTESIAN_POINT('',(37.625,-39.625,-13.));
#4076=CARTESIAN_POINT('',(37.625,-17.525,-13.));
#4077=CARTESIAN_POINT('',(37.625,-39.625,-13.));
#4078=CARTESIAN_POINT('Origin',(45.825,-39.625,-13.));
#4079=CARTESIAN_POINT('',(45.825,-47.825,-13.));
#4080=CARTESIAN_POINT('Origin',(45.825,-39.625,-13.));
#4081=CARTESIAN_POINT('',(45.825,-47.825,-13.));
#4082=CARTESIAN_POINT('Origin',(201.825,-47.825,-13.));
#4083=CARTESIAN_POINT('',(201.825,-47.825,-13.));
#4084=CARTESIAN_POINT('',(45.825,-47.825,-13.));
#4085=CARTESIAN_POINT('',(201.825,-47.825,-13.));
#4086=CARTESIAN_POINT('Origin',(201.825,-39.625,-13.));
#4087=CARTESIAN_POINT('Origin',(201.825,-39.625,-13.));
#4088=CARTESIAN_POINT('Origin',(123.825,-28.575,-13.));
#4089=CARTESIAN_POINT('',(39.275,-28.575,-13.));
#4090=CARTESIAN_POINT('Origin',(40.825,-28.575,-13.));
#4091=CARTESIAN_POINT('',(205.275,-28.575,-13.));
#4092=CARTESIAN_POINT('Origin',(206.825,-28.575,-13.));
#4093=CARTESIAN_POINT('',(122.275,-28.575,-13.));
#4094=CARTESIAN_POINT('Origin',(123.825,-28.575,-13.));
#4095=CARTESIAN_POINT('Origin',(40.825,-28.575,0.));
#4096=CARTESIAN_POINT('',(39.275,-28.575,0.));
#4097=CARTESIAN_POINT('Origin',(206.825,-28.575,0.));
#4098=CARTESIAN_POINT('',(205.275,-28.575,0.));
#4099=CARTESIAN_POINT('Origin',(123.825,-28.575,0.));
#4100=CARTESIAN_POINT('',(122.275,-28.575,0.));
#4101=CARTESIAN_POINT('Origin',(234.05,-93.1047810463173,-13.276513950261));
#4102=CARTESIAN_POINT('',(229.,-93.0002525830496,-12.2819920548928));
#4103=CARTESIAN_POINT('',(229.,-93.1047810463173,-13.276513950261));
#4104=CARTESIAN_POINT('Origin',(234.05,-93.0002525830496,-12.2819920548928));
#4105=CARTESIAN_POINT('Origin',(234.05,-93.0002525830496,-12.2819920548928));
#4106=CARTESIAN_POINT('Origin',(13.6,-2.82030065495685,-22.7657952181539));
#4107=CARTESIAN_POINT('',(8.55,-2.7157721916892,-21.7712733227857));
#4108=CARTESIAN_POINT('',(8.55,-2.82030065495685,-22.7657952181539));
#4109=CARTESIAN_POINT('Origin',(13.6,-2.7157721916892,-21.7712733227857));
#4110=CARTESIAN_POINT('Origin',(13.6,-2.7157721916892,-21.7712733227857));
#4111=CARTESIAN_POINT('Origin',(234.05,-2.82030065495685,-22.7657952181539));
#4112=CARTESIAN_POINT('',(229.,-2.7157721916892,-21.7712733227857));
#4113=CARTESIAN_POINT('',(229.,-2.82030065495685,-22.7657952181539));
#4114=CARTESIAN_POINT('Origin',(234.05,-2.7157721916892,-21.7712733227857));
#4115=CARTESIAN_POINT('Origin',(234.05,-2.7157721916892,-21.7712733227857));
#4116=CARTESIAN_POINT('Origin',(13.6,-93.1047810463173,-13.276513950261));
#4117=CARTESIAN_POINT('',(8.55,-93.0002525830496,-12.2819920548928));
#4118=CARTESIAN_POINT('',(8.55,-93.1047810463173,-13.276513950261));
#4119=CARTESIAN_POINT('Origin',(13.6,-93.0002525830496,-12.2819920548928));
#4120=CARTESIAN_POINT('Origin',(13.6,-93.0002525830496,-12.2819920548928));
#4121=CARTESIAN_POINT('Origin',(249.05,-103.05,-11.));
#4122=CARTESIAN_POINT('Origin',(92.25,4.,-9.));
#4123=CARTESIAN_POINT('',(89.75,4.,-9.));
#4124=CARTESIAN_POINT('Origin',(92.25,4.,-9.));
#4125=CARTESIAN_POINT('',(89.75,4.,-9.));
#4126=CARTESIAN_POINT('Origin',(123.825,-47.625,-9.));
#4127=CARTESIAN_POINT('',(90.7,4.,-9.));
#4128=CARTESIAN_POINT('Origin',(92.25,4.,-9.));
#4129=CARTESIAN_POINT('Origin',(155.4,-99.25,-9.));
#4130=CARTESIAN_POINT('',(152.9,-99.25,-9.));
#4131=CARTESIAN_POINT('Origin',(155.4,-99.25,-9.));
#4132=CARTESIAN_POINT('',(152.9,-99.25,-9.));
#4133=CARTESIAN_POINT('Origin',(123.825,-47.625,-9.));
#4134=CARTESIAN_POINT('',(153.85,-99.25,-9.));
#4135=CARTESIAN_POINT('Origin',(155.4,-99.25,-9.));
#4136=CARTESIAN_POINT('Origin',(92.25,-99.25,-9.));
#4137=CARTESIAN_POINT('',(89.75,-99.25,-9.));
#4138=CARTESIAN_POINT('Origin',(92.25,-99.25,-9.));
#4139=CARTESIAN_POINT('',(89.75,-99.25,-9.));
#4140=CARTESIAN_POINT('Origin',(123.825,-47.625,-9.));
#4141=CARTESIAN_POINT('',(90.7,-99.25,-9.));
#4142=CARTESIAN_POINT('Origin',(92.25,-99.25,-9.));
#4143=CARTESIAN_POINT('Origin',(123.825,-47.625,-9.));
#4144=CARTESIAN_POINT('',(153.85,4.,-9.));
#4145=CARTESIAN_POINT('Origin',(155.4,4.,-9.));
#4146=CARTESIAN_POINT('Origin',(3.,4.,-9.));
#4147=CARTESIAN_POINT('',(0.5,4.,-9.));
#4148=CARTESIAN_POINT('Origin',(3.,4.,-9.));
#4149=CARTESIAN_POINT('',(0.5,4.,-9.));
#4150=CARTESIAN_POINT('Origin',(123.825,-47.625,-9.));
#4151=CARTESIAN_POINT('',(1.45,4.,-9.));
#4152=CARTESIAN_POINT('Origin',(3.,4.,-9.));
#4153=CARTESIAN_POINT('Origin',(244.65,-99.25,-9.));
#4154=CARTESIAN_POINT('',(242.15,-99.25,-9.));
#4155=CARTESIAN_POINT('Origin',(244.65,-99.25,-9.));
#4156=CARTESIAN_POINT('',(242.15,-99.25,-9.));
#4157=CARTESIAN_POINT('Origin',(123.825,-47.625,-9.));
#4158=CARTESIAN_POINT('',(243.1,-99.25,-9.));
#4159=CARTESIAN_POINT('Origin',(244.65,-99.25,-9.));
#4160=CARTESIAN_POINT('Origin',(3.,-99.25,-9.));
#4161=CARTESIAN_POINT('',(0.5,-99.25,-9.));
#4162=CARTESIAN_POINT('Origin',(3.,-99.25,-9.));
#4163=CARTESIAN_POINT('',(0.5,-99.25,-9.));
#4164=CARTESIAN_POINT('Origin',(123.825,-47.625,-9.));
#4165=CARTESIAN_POINT('',(1.45,-99.25,-9.));
#4166=CARTESIAN_POINT('Origin',(3.,-99.25,-9.));
#4167=CARTESIAN_POINT('Origin',(123.825,-47.625,-9.));
#4168=CARTESIAN_POINT('',(243.1,4.,-9.));
#4169=CARTESIAN_POINT('Origin',(244.65,4.,-9.));
#4170=CARTESIAN_POINT('Origin',(92.25,-99.25,0.));
#4171=CARTESIAN_POINT('',(90.7,-99.25,0.));
#4172=CARTESIAN_POINT('Origin',(155.4,4.,0.));
#4173=CARTESIAN_POINT('',(153.85,4.,0.));
#4174=CARTESIAN_POINT('Origin',(92.25,4.,0.));
#4175=CARTESIAN_POINT('',(90.7,4.,0.));
#4176=CARTESIAN_POINT('Origin',(155.4,-99.25,0.));
#4177=CARTESIAN_POINT('',(153.85,-99.25,0.));
#4178=CARTESIAN_POINT('Origin',(3.,-99.25,0.));
#4179=CARTESIAN_POINT('',(1.45,-99.25,0.));
#4180=CARTESIAN_POINT('Origin',(244.65,4.,0.));
#4181=CARTESIAN_POINT('',(243.1,4.,0.));
#4182=CARTESIAN_POINT('Origin',(3.,4.,0.));
#4183=CARTESIAN_POINT('',(1.45,4.,0.));
#4184=CARTESIAN_POINT('Origin',(244.65,-99.25,0.));
#4185=CARTESIAN_POINT('',(243.1,-99.25,0.));
#4186=CARTESIAN_POINT('Origin',(136.45967400008,10.8,-9.));
#4187=CARTESIAN_POINT('',(134.45967400008,10.8,-13.6));
#4188=CARTESIAN_POINT('Origin',(136.45967400008,10.8,-13.6));
#4189=CARTESIAN_POINT('',(134.45967400008,10.8,-9.));
#4190=CARTESIAN_POINT('Origin',(111.19091500013,10.8,-9.));
#4191=CARTESIAN_POINT('',(113.19091500013,10.8,-13.6));
#4192=CARTESIAN_POINT('',(113.19091500013,10.8,-9.));
#4193=CARTESIAN_POINT('Origin',(111.19091500013,10.8,-13.6));
#4194=CARTESIAN_POINT('Origin',(113.19091500013,-1.70000000000001,-7.));
#4195=CARTESIAN_POINT('',(113.19091500013,8.79999999999998,-8.6));
#4196=CARTESIAN_POINT('',(113.19091500013,8.79999999999998,-7.8));
#4197=CARTESIAN_POINT('',(113.19091500013,0.299999999999993,-8.6));
#4198=CARTESIAN_POINT('',(113.19091500013,1.42499999999999,-8.6));
#4199=CARTESIAN_POINT('',(113.19091500013,0.299999999999995,-11.));
#4200=CARTESIAN_POINT('',(113.19091500013,0.300000000000001,-7.));
#4201=CARTESIAN_POINT('',(113.19091500013,0.299999999999996,-13.6));
#4202=CARTESIAN_POINT('',(113.19091500013,0.299999999999996,-7.));
#4203=CARTESIAN_POINT('',(113.19091500013,1.92499999999999,-13.6));
#4204=CARTESIAN_POINT('Origin',(132.45967400008,0.299999999999996,-7.));
#4205=CARTESIAN_POINT('',(132.45967400008,-1.7,-13.6));
#4206=CARTESIAN_POINT('',(134.45967400008,0.299999999999996,-13.6));
#4207=CARTESIAN_POINT('Origin',(132.45967400008,0.299999999999996,-13.6));
#4208=CARTESIAN_POINT('',(132.45967400008,-1.7,-11.));
#4209=CARTESIAN_POINT('',(132.45967400008,-1.7,-7.));
#4210=CARTESIAN_POINT('',(134.45967400008,0.299999999999995,-11.));
#4211=CARTESIAN_POINT('Origin',(132.45967400008,0.299999999999996,-11.));
#4212=CARTESIAN_POINT('',(134.45967400008,0.299999999999996,-7.));
#4213=CARTESIAN_POINT('Origin',(134.45967400008,-1.7,-7.));
#4214=CARTESIAN_POINT('',(115.19091500013,-1.7,-13.6));
#4215=CARTESIAN_POINT('',(129.142484250093,-1.7,-13.6));
#4216=CARTESIAN_POINT('',(115.19091500013,-1.7,-11.));
#4217=CARTESIAN_POINT('',(115.19091500013,-1.7,-7.));
#4218=CARTESIAN_POINT('',(129.14233700004,-1.7,-11.));
#4219=CARTESIAN_POINT('Origin',(115.19091500013,0.299999999999996,-7.));
#4220=CARTESIAN_POINT('Origin',(115.19091500013,0.299999999999996,-13.6));
#4221=CARTESIAN_POINT('Origin',(115.19091500013,0.299999999999996,-11.));
#4222=CARTESIAN_POINT('Origin',(123.825294500105,5.54999999999999,-13.6));
#4223=CARTESIAN_POINT('',(134.45967400008,9.17499999999999,-13.6));
#4224=CARTESIAN_POINT('Origin',(99.825,6.8,-8.6));
#4225=CARTESIAN_POINT('',(99.825,8.8,-8.6));
#4226=CARTESIAN_POINT('',(97.825,6.8,-8.6));
#4227=CARTESIAN_POINT('Origin',(99.825,6.8,-8.6));
#4228=CARTESIAN_POINT('',(99.825,8.8,-8.6));
#4229=CARTESIAN_POINT('',(97.825,6.8,-8.6));
#4230=CARTESIAN_POINT('Origin',(123.825,4.54999999999998,-8.6));
#4231=CARTESIAN_POINT('',(97.825,0.300000000000034,-8.6));
#4232=CARTESIAN_POINT('',(97.825,2.42500000000003,-8.6));
#4233=CARTESIAN_POINT('',(185.3875,0.300000000000002,-8.6));
#4234=CARTESIAN_POINT('',(110.825,8.79999999999998,-8.6));
#4235=CARTESIAN_POINT('Origin',(97.825,8.8,-8.6));
#4236=CARTESIAN_POINT('',(97.825,0.3,-7.8));
#4237=CARTESIAN_POINT('Origin',(147.825,6.79999999999993,-8.6));
#4238=CARTESIAN_POINT('',(149.825,6.79999999999993,-8.6));
#4239=CARTESIAN_POINT('',(147.825,8.79999999999993,-8.6));
#4240=CARTESIAN_POINT('Origin',(147.825,6.79999999999993,-8.6));
#4241=CARTESIAN_POINT('',(149.825,6.79999999999993,-8.6));
#4242=CARTESIAN_POINT('',(147.825,8.79999999999993,-8.6));
#4243=CARTESIAN_POINT('Origin',(149.825,8.79999999999993,-8.6));
#4244=CARTESIAN_POINT('',(134.45967400008,8.79999999999995,-8.6));
#4245=CARTESIAN_POINT('',(134.45967400008,8.79999999999995,-7.8));
#4246=CARTESIAN_POINT('',(129.14233700004,8.79999999999996,-8.6));
#4247=CARTESIAN_POINT('Origin',(149.825,0.299999999999958,-8.6));
#4248=CARTESIAN_POINT('',(149.825,0.299999999999958,-8.6));
#4249=CARTESIAN_POINT('',(149.825,6.67499999999993,-8.6));
#4250=CARTESIAN_POINT('',(149.825,0.300000000000002,-7.8));
#4251=CARTESIAN_POINT('Origin',(123.825,4.54999999999998,-8.6));
#4252=CARTESIAN_POINT('',(134.45967400008,0.299999999999994,-8.6));
#4253=CARTESIAN_POINT('',(134.45967400008,8.67499999999999,-8.6));
#4254=CARTESIAN_POINT('',(185.3875,0.300000000000002,-8.6));
#4255=CARTESIAN_POINT('Origin',(113.19091500013,8.79999999999998,-8.6));
#4256=CARTESIAN_POINT('Origin',(246.95,0.300000000000004,-7.));
#4257=CARTESIAN_POINT('',(134.45967400008,0.3,-7.));
#4258=CARTESIAN_POINT('',(246.95,0.300000000000014,-11.));
#4259=CARTESIAN_POINT('',(68.1875,0.299999999999994,-11.));
#4260=CARTESIAN_POINT('',(246.95,0.300000000000014,-7.));
#4261=CARTESIAN_POINT('',(234.8,0.300000000000004,-3.5));
#4262=CARTESIAN_POINT('',(234.8,0.300000000000004,-5.25));
#4263=CARTESIAN_POINT('',(165.25,0.300000000000002,-3.5));
#4264=CARTESIAN_POINT('',(179.4625,0.300000000000002,-3.5));
#4265=CARTESIAN_POINT('',(165.25,0.300000000000002,-5.25));
#4266=CARTESIAN_POINT('Origin',(134.45967400008,12.8,-7.));
#4267=CARTESIAN_POINT('Origin',(123.825,-45.125,-11.));
#4268=CARTESIAN_POINT('',(0.699999999999998,0.299999999999994,-11.));
#4269=CARTESIAN_POINT('',(68.1875,0.299999999999994,-11.));
#4270=CARTESIAN_POINT('',(-0.299999999999999,-0.700000000000003,-11.));
#4271=CARTESIAN_POINT('Origin',(0.699999999999998,-0.700000000000003,-11.));
#4272=CARTESIAN_POINT('',(-0.299999999999997,-94.55,-11.));
#4273=CARTESIAN_POINT('',(-0.299999999999994,-22.9125,-11.));
#4274=CARTESIAN_POINT('',(0.700000000000003,-95.55,-11.));
#4275=CARTESIAN_POINT('Origin',(0.700000000000003,-94.55,-11.));
#4276=CARTESIAN_POINT('',(246.95,-95.55,-11.));
#4277=CARTESIAN_POINT('',(179.4625,-95.55,-11.));
#4278=CARTESIAN_POINT('',(247.95,-94.55,-11.));
#4279=CARTESIAN_POINT('Origin',(246.95,-94.55,-11.));
#4280=CARTESIAN_POINT('',(247.95,-0.700000000000001,-11.));
#4281=CARTESIAN_POINT('',(247.95,-69.8375,-11.));
#4282=CARTESIAN_POINT('Origin',(246.95,-0.7,-11.));
#4283=CARTESIAN_POINT('Origin',(246.95,0.300000000000004,-7.));
#4284=CARTESIAN_POINT('',(82.4,0.299999999999993,-3.5));
#4285=CARTESIAN_POINT('',(82.4,0.3,-5.25));
#4286=CARTESIAN_POINT('',(12.85,0.299999999999991,-3.5));
#4287=CARTESIAN_POINT('',(103.2625,0.299999999999994,-3.5));
#4288=CARTESIAN_POINT('',(12.85,0.299999999999998,-5.25));
#4289=CARTESIAN_POINT('',(0.699999999999998,0.299999999999994,-7.));
#4290=CARTESIAN_POINT('Origin',(175.,-98.25,-3.5));
#4291=CARTESIAN_POINT('',(175.,-99.25,-3.5));
#4292=CARTESIAN_POINT('',(175.,-97.25,-3.5));
#4293=CARTESIAN_POINT('Origin',(175.,-98.25,-3.5));
#4294=CARTESIAN_POINT('',(175.,-99.25,-4.));
#4295=CARTESIAN_POINT('',(175.,-99.25,-3.5));
#4296=CARTESIAN_POINT('',(175.,-97.25,-4.));
#4297=CARTESIAN_POINT('Origin',(175.,-98.25,-4.));
#4298=CARTESIAN_POINT('',(175.,-97.25,-3.5));
#4299=CARTESIAN_POINT('Origin',(225.05,-99.25,-3.5));
#4300=CARTESIAN_POINT('',(225.05,-99.25,-3.5));
#4301=CARTESIAN_POINT('',(174.4375,-99.25,-3.5));
#4302=CARTESIAN_POINT('',(225.05,-99.25,-4.));
#4303=CARTESIAN_POINT('',(225.05,-99.25,-3.5));
#4304=CARTESIAN_POINT('',(174.4375,-99.25,-4.));
#4305=CARTESIAN_POINT('Origin',(225.05,-98.25,-3.5));
#4306=CARTESIAN_POINT('',(225.05,-97.25,-3.5));
#4307=CARTESIAN_POINT('Origin',(225.05,-98.25,-3.5));
#4308=CARTESIAN_POINT('',(225.05,-97.25,-4.));
#4309=CARTESIAN_POINT('',(225.05,-97.25,-3.5));
#4310=CARTESIAN_POINT('Origin',(225.05,-98.25,-4.));
#4311=CARTESIAN_POINT('Origin',(175.,-97.25,-3.5));
#4312=CARTESIAN_POINT('',(149.4125,-97.25,-3.5));
#4313=CARTESIAN_POINT('',(149.4125,-97.25,-4.));
#4314=CARTESIAN_POINT('Origin',(123.825,-47.625,-4.));
#4315=CARTESIAN_POINT('Origin',(175.,3.,-3.5));
#4316=CARTESIAN_POINT('',(175.,2.,-3.5));
#4317=CARTESIAN_POINT('',(175.,4.,-3.5));
#4318=CARTESIAN_POINT('Origin',(175.,3.,-3.5));
#4319=CARTESIAN_POINT('',(175.,2.,-4.));
#4320=CARTESIAN_POINT('',(175.,2.,-3.5));
#4321=CARTESIAN_POINT('',(175.,4.,-4.));
#4322=CARTESIAN_POINT('Origin',(175.,3.,-4.));
#4323=CARTESIAN_POINT('',(175.,4.,-3.5));
#4324=CARTESIAN_POINT('Origin',(225.05,2.,-3.5));
#4325=CARTESIAN_POINT('',(225.05,2.,-3.5));
#4326=CARTESIAN_POINT('',(174.4375,2.,-3.5));
#4327=CARTESIAN_POINT('',(225.05,2.,-4.));
#4328=CARTESIAN_POINT('',(225.05,2.,-3.5));
#4329=CARTESIAN_POINT('',(174.4375,2.,-4.));
#4330=CARTESIAN_POINT('Origin',(225.05,3.,-3.5));
#4331=CARTESIAN_POINT('',(225.05,4.,-3.5));
#4332=CARTESIAN_POINT('Origin',(225.05,3.,-3.5));
#4333=CARTESIAN_POINT('',(225.05,4.,-4.));
#4334=CARTESIAN_POINT('',(225.05,4.,-3.5));
#4335=CARTESIAN_POINT('Origin',(225.05,3.,-4.));
#4336=CARTESIAN_POINT('Origin',(175.,3.99999999999999,-3.5));
#4337=CARTESIAN_POINT('',(149.4125,3.99999999999999,-3.5));
#4338=CARTESIAN_POINT('',(149.4125,3.99999999999999,-4.));
#4339=CARTESIAN_POINT('Origin',(123.825,-47.625,-4.));
#4340=CARTESIAN_POINT('Origin',(22.6,-98.25,-3.5));
#4341=CARTESIAN_POINT('',(22.6,-99.25,-3.5));
#4342=CARTESIAN_POINT('',(22.6,-97.25,-3.5));
#4343=CARTESIAN_POINT('Origin',(22.6,-98.25,-3.5));
#4344=CARTESIAN_POINT('',(22.6,-99.25,-4.));
#4345=CARTESIAN_POINT('',(22.6,-99.25,-3.5));
#4346=CARTESIAN_POINT('',(22.6,-97.25,-4.));
#4347=CARTESIAN_POINT('Origin',(22.6,-98.25,-4.));
#4348=CARTESIAN_POINT('',(22.6,-97.25,-3.5));
#4349=CARTESIAN_POINT('Origin',(72.65,-99.25,-3.5));
#4350=CARTESIAN_POINT('',(72.65,-99.25,-3.5));
#4351=CARTESIAN_POINT('',(98.2375,-99.25,-3.5));
#4352=CARTESIAN_POINT('',(72.65,-99.25,-4.));
#4353=CARTESIAN_POINT('',(72.65,-99.25,-3.5));
#4354=CARTESIAN_POINT('',(98.2375,-99.25,-4.));
#4355=CARTESIAN_POINT('Origin',(72.65,-98.25,-3.5));
#4356=CARTESIAN_POINT('',(72.65,-97.25,-3.5));
#4357=CARTESIAN_POINT('Origin',(72.65,-98.25,-3.5));
#4358=CARTESIAN_POINT('',(72.65,-97.25,-4.));
#4359=CARTESIAN_POINT('',(72.65,-97.25,-3.5));
#4360=CARTESIAN_POINT('Origin',(72.65,-98.25,-4.));
#4361=CARTESIAN_POINT('Origin',(22.6,-97.25,-3.5));
#4362=CARTESIAN_POINT('',(73.2125,-97.25,-3.5));
#4363=CARTESIAN_POINT('',(73.2125,-97.25,-4.));
#4364=CARTESIAN_POINT('Origin',(123.825,-47.625,-4.));
#4365=CARTESIAN_POINT('Origin',(22.6,3.,-3.5));
#4366=CARTESIAN_POINT('',(22.6,2.,-3.5));
#4367=CARTESIAN_POINT('',(22.6,4.,-3.5));
#4368=CARTESIAN_POINT('Origin',(22.6,3.,-3.5));
#4369=CARTESIAN_POINT('',(22.6,2.,-4.));
#4370=CARTESIAN_POINT('',(22.6,2.,-3.5));
#4371=CARTESIAN_POINT('',(22.6,4.,-4.));
#4372=CARTESIAN_POINT('Origin',(22.6,3.,-4.));
#4373=CARTESIAN_POINT('',(22.6,4.,-3.5));
#4374=CARTESIAN_POINT('Origin',(72.65,2.,-3.5));
#4375=CARTESIAN_POINT('',(72.65,2.,-3.5));
#4376=CARTESIAN_POINT('',(98.2375,2.,-3.5));
#4377=CARTESIAN_POINT('',(72.65,2.,-4.));
#4378=CARTESIAN_POINT('',(72.65,2.,-3.5));
#4379=CARTESIAN_POINT('',(98.2375,2.,-4.));
#4380=CARTESIAN_POINT('Origin',(72.65,3.,-3.5));
#4381=CARTESIAN_POINT('',(72.65,4.,-3.5));
#4382=CARTESIAN_POINT('Origin',(72.65,3.,-3.5));
#4383=CARTESIAN_POINT('',(72.65,4.,-4.));
#4384=CARTESIAN_POINT('',(72.65,4.,-3.5));
#4385=CARTESIAN_POINT('Origin',(72.65,3.,-4.));
#4386=CARTESIAN_POINT('Origin',(22.6,3.99999999999999,-3.5));
#4387=CARTESIAN_POINT('',(73.2125,3.99999999999999,-3.5));
#4388=CARTESIAN_POINT('',(73.2125,3.99999999999999,-4.));
#4389=CARTESIAN_POINT('Origin',(123.825,-47.625,-4.));
#4390=CARTESIAN_POINT('Origin',(167.95,-99.25,-3.5));
#4391=CARTESIAN_POINT('',(167.95,-101.95,-3.5));
#4392=CARTESIAN_POINT('',(167.95,-101.95,-3.5));
#4393=CARTESIAN_POINT('',(165.25,-99.25,-3.5));
#4394=CARTESIAN_POINT('Origin',(167.95,-99.25,-3.5));
#4395=CARTESIAN_POINT('',(165.25,-99.25,-3.5));
#4396=CARTESIAN_POINT('Origin',(232.1,-101.95,-3.5));
#4397=CARTESIAN_POINT('',(232.1,-101.95,-3.5));
#4398=CARTESIAN_POINT('',(232.1,-101.95,-3.5));
#4399=CARTESIAN_POINT('',(177.9625,-101.95,-3.5));
#4400=CARTESIAN_POINT('Origin',(232.1,-99.25,-3.5));
#4401=CARTESIAN_POINT('',(234.8,-99.25,-3.5));
#4402=CARTESIAN_POINT('',(234.8,-99.25,-3.5));
#4403=CARTESIAN_POINT('Origin',(232.1,-99.25,-3.5));
#4404=CARTESIAN_POINT('Origin',(234.8,-95.55,-3.5));
#4405=CARTESIAN_POINT('',(234.8,-95.55,-3.5));
#4406=CARTESIAN_POINT('',(234.8,-95.55,-5.25));
#4407=CARTESIAN_POINT('',(234.8,-71.5875,-3.5));
#4408=CARTESIAN_POINT('Origin',(165.25,-99.25,-3.5));
#4409=CARTESIAN_POINT('',(165.25,-95.55,-3.5));
#4410=CARTESIAN_POINT('',(165.25,-73.4375,-3.5));
#4411=CARTESIAN_POINT('',(165.25,-95.55,-5.25));
#4412=CARTESIAN_POINT('Origin',(123.825,-47.625,-3.5));
#4413=CARTESIAN_POINT('',(144.3875,-95.55,-3.5));
#4414=CARTESIAN_POINT('Origin',(79.7,3.99999999999998,-3.5));
#4415=CARTESIAN_POINT('',(79.7,6.7,-3.5));
#4416=CARTESIAN_POINT('',(79.7,6.7,-3.5));
#4417=CARTESIAN_POINT('',(82.4,4.,-3.5));
#4418=CARTESIAN_POINT('Origin',(79.7,3.99999999999998,-3.5));
#4419=CARTESIAN_POINT('',(82.4,4.,-3.5));
#4420=CARTESIAN_POINT('Origin',(15.55,6.7,-3.5));
#4421=CARTESIAN_POINT('',(15.55,6.7,-3.5));
#4422=CARTESIAN_POINT('',(15.55,6.7,-3.5));
#4423=CARTESIAN_POINT('',(69.6875,6.7,-3.5));
#4424=CARTESIAN_POINT('Origin',(15.55,4.,-3.5));
#4425=CARTESIAN_POINT('',(12.85,4.,-3.5));
#4426=CARTESIAN_POINT('',(12.85,4.,-3.5));
#4427=CARTESIAN_POINT('Origin',(15.55,4.,-3.5));
#4428=CARTESIAN_POINT('Origin',(12.85,0.299999999999994,-3.5));
#4429=CARTESIAN_POINT('',(12.85,-23.6625,-3.5));
#4430=CARTESIAN_POINT('Origin',(82.4,4.,-3.5));
#4431=CARTESIAN_POINT('',(82.4,-21.8125,-3.5));
#4432=CARTESIAN_POINT('Origin',(123.825,-47.625,-3.5));
#4433=CARTESIAN_POINT('Origin',(15.55,-99.25,-3.5));
#4434=CARTESIAN_POINT('',(15.55,-101.95,-3.5));
#4435=CARTESIAN_POINT('',(15.55,-101.95,-3.5));
#4436=CARTESIAN_POINT('',(12.85,-99.25,-3.5));
#4437=CARTESIAN_POINT('Origin',(15.55,-99.25,-3.5));
#4438=CARTESIAN_POINT('',(12.85,-99.25,-3.5));
#4439=CARTESIAN_POINT('Origin',(79.7,-101.95,-3.5));
#4440=CARTESIAN_POINT('',(79.7,-101.95,-3.5));
#4441=CARTESIAN_POINT('',(79.7,-101.95,-3.5));
#4442=CARTESIAN_POINT('',(101.7625,-101.95,-3.5));
#4443=CARTESIAN_POINT('Origin',(79.7,-99.25,-3.5));
#4444=CARTESIAN_POINT('',(82.4,-99.25,-3.5));
#4445=CARTESIAN_POINT('',(82.4,-99.25,-3.5));
#4446=CARTESIAN_POINT('Origin',(79.7,-99.25,-3.5));
#4447=CARTESIAN_POINT('Origin',(82.4,-95.55,-3.5));
#4448=CARTESIAN_POINT('',(82.4,-95.55,-3.5));
#4449=CARTESIAN_POINT('',(82.4,-95.55,-5.25));
#4450=CARTESIAN_POINT('',(82.3999999999998,-71.5875000000001,-3.5));
#4451=CARTESIAN_POINT('Origin',(12.85,-99.25,-3.5));
#4452=CARTESIAN_POINT('',(12.85,-95.55,-3.5));
#4453=CARTESIAN_POINT('',(12.8499999999999,-73.4375000000001,-3.5));
#4454=CARTESIAN_POINT('',(12.85,-95.55,-5.25));
#4455=CARTESIAN_POINT('Origin',(123.825,-47.625,-3.5));
#4456=CARTESIAN_POINT('',(68.1875,-95.55,-3.5));
#4457=CARTESIAN_POINT('Origin',(234.8,4.,-3.5));
#4458=CARTESIAN_POINT('',(234.8,4.,-3.5));
#4459=CARTESIAN_POINT('',(234.8,4.,-3.5));
#4460=CARTESIAN_POINT('',(234.8,-21.8125,-3.5));
#4461=CARTESIAN_POINT('Origin',(232.1,3.99999999999998,-3.5));
#4462=CARTESIAN_POINT('',(232.1,6.70000000000002,-3.5));
#4463=CARTESIAN_POINT('',(232.1,6.70000000000002,-3.5));
#4464=CARTESIAN_POINT('Origin',(232.1,3.99999999999998,-3.5));
#4465=CARTESIAN_POINT('Origin',(167.95,6.7,-3.5));
#4466=CARTESIAN_POINT('',(167.95,6.7,-3.5));
#4467=CARTESIAN_POINT('',(167.95,6.7,-3.5));
#4468=CARTESIAN_POINT('',(145.8875,6.69999999999999,-3.5));
#4469=CARTESIAN_POINT('Origin',(165.25,0.299999999999998,-3.5));
#4470=CARTESIAN_POINT('',(165.25,4.,-3.5));
#4471=CARTESIAN_POINT('',(165.25,-23.6625,-3.5));
#4472=CARTESIAN_POINT('',(165.25,4.,-3.5));
#4473=CARTESIAN_POINT('Origin',(167.95,4.,-3.5));
#4474=CARTESIAN_POINT('Origin',(167.95,4.,-3.5));
#4475=CARTESIAN_POINT('Origin',(123.825,-47.625,-3.5));
#4476=CARTESIAN_POINT('Origin',(0.700000000000003,-95.55,-7.));
#4477=CARTESIAN_POINT('',(0.700000000000003,-95.55,-7.));
#4478=CARTESIAN_POINT('',(246.95,-95.55,-7.));
#4479=CARTESIAN_POINT('Origin',(0.700000000000003,-94.55,-7.));
#4480=CARTESIAN_POINT('',(-0.299999999999997,-94.55,-7.));
#4481=CARTESIAN_POINT('Origin',(-0.299999999999995,-0.700000000000003,-7.));
#4482=CARTESIAN_POINT('',(-0.299999999999999,-0.700000000000003,-7.));
#4483=CARTESIAN_POINT('Origin',(0.699999999999998,-0.700000000000003,-7.));
#4484=CARTESIAN_POINT('Origin',(246.95,-0.7,-7.));
#4485=CARTESIAN_POINT('',(247.95,-0.700000000000001,-7.));
#4486=CARTESIAN_POINT('Origin',(247.95,-94.55,-7.));
#4487=CARTESIAN_POINT('',(247.95,-94.55,-7.));
#4488=CARTESIAN_POINT('Origin',(246.95,-94.55,-7.));
#4489=UNCERTAINTY_MEASURE_WITH_UNIT(LENGTH_MEASURE(0.01),#4493,
'DISTANCE_ACCURACY_VALUE',
'Maximum model space distance between geometric entities at asserted c
onnectivities');
#4490=UNCERTAINTY_MEASURE_WITH_UNIT(LENGTH_MEASURE(0.01),#4493,
'DISTANCE_ACCURACY_VALUE',
'Maximum model space distance between geometric entities at asserted c
onnectivities');
#4491=(
GEOMETRIC_REPRESENTATION_CONTEXT(3)
GLOBAL_UNCERTAINTY_ASSIGNED_CONTEXT((#4489))
GLOBAL_UNIT_ASSIGNED_CONTEXT((#4493,#4494,#4495))
REPRESENTATION_CONTEXT('','3D')
);
#4492=(
GEOMETRIC_REPRESENTATION_CONTEXT(3)
GLOBAL_UNCERTAINTY_ASSIGNED_CONTEXT((#4490))
GLOBAL_UNIT_ASSIGNED_CONTEXT((#4493,#4494,#4495))
REPRESENTATION_CONTEXT('','3D')
);
#4493=(
LENGTH_UNIT()
NAMED_UNIT(*)
SI_UNIT(.MILLI.,.METRE.)
);
#4494=(
NAMED_UNIT(*)
PLANE_ANGLE_UNIT()
SI_UNIT($,.RADIAN.)
);
#4495=(
NAMED_UNIT(*)
SI_UNIT($,.STERADIAN.)
SOLID_ANGLE_UNIT()
);
#4496=SHAPE_DEFINITION_REPRESENTATION(#4497,#4498);
#4497=PRODUCT_DEFINITION_SHAPE('',$,#4500);
#4498=SHAPE_REPRESENTATION('',(#2569),#4491);
#4499=PRODUCT_DEFINITION_CONTEXT('part definition',#4504,'design');
#4500=PRODUCT_DEFINITION('bny6x2 1','osprey5x',#4501,#4499);
#4501=PRODUCT_DEFINITION_FORMATION('',$,#4506);
#4502=PRODUCT_RELATED_PRODUCT_CATEGORY('osprey5x','osprey5x',(#4506));
#4503=APPLICATION_PROTOCOL_DEFINITION('international standard',
'automotive_design',2009,#4504);
#4504=APPLICATION_CONTEXT(
'Core Data for Automotive Mechanical Design Process');
#4505=PRODUCT_CONTEXT('part definition',#4504,'mechanical');
#4506=PRODUCT('bny6x2 1','osprey5x','KiCad electronic assembly',(#4505));
#4507=PRESENTATION_STYLE_ASSIGNMENT((#4513));
#4508=PRESENTATION_STYLE_ASSIGNMENT((#4514));
#4509=PRESENTATION_STYLE_ASSIGNMENT((#4515));
#4510=PRESENTATION_STYLE_ASSIGNMENT((#4516));
#4511=PRESENTATION_STYLE_ASSIGNMENT((#4517));
#4512=PRESENTATION_STYLE_ASSIGNMENT((#4518));
#4513=SURFACE_STYLE_USAGE(.BOTH.,#4519);
#4514=SURFACE_STYLE_USAGE(.BOTH.,#4520);
#4515=SURFACE_STYLE_USAGE(.BOTH.,#4521);
#4516=SURFACE_STYLE_USAGE(.BOTH.,#4522);
#4517=SURFACE_STYLE_USAGE(.BOTH.,#4523);
#4518=SURFACE_STYLE_USAGE(.BOTH.,#4524);
#4519=SURFACE_SIDE_STYLE('',(#4525));
#4520=SURFACE_SIDE_STYLE('',(#4526));
#4521=SURFACE_SIDE_STYLE('',(#4527));
#4522=SURFACE_SIDE_STYLE('',(#4528));
#4523=SURFACE_SIDE_STYLE('',(#4529));
#4524=SURFACE_SIDE_STYLE('',(#4530));
#4525=SURFACE_STYLE_FILL_AREA(#4531);
#4526=SURFACE_STYLE_FILL_AREA(#4532);
#4527=SURFACE_STYLE_FILL_AREA(#4533);
#4528=SURFACE_STYLE_FILL_AREA(#4534);
#4529=SURFACE_STYLE_FILL_AREA(#4535);
#4530=SURFACE_STYLE_FILL_AREA(#4536);
#4531=FILL_AREA_STYLE('\X2\92FC\X0\ - \X2\30B530C630F3\X0\',(#4537));
#4532=FILL_AREA_STYLE('FR4',(#4538));
#4533=FILL_AREA_STYLE('\X2\30A230EB30DF30CB30A630E0\X0\ - \X2\30B530C630F3\X0\',
(#4539));
#4534=FILL_AREA_STYLE('\X2\30A230EB30DF30CB30A630E0\X0\ - \X2\967D697591785316\X0\ 
\X2\51496CA2\X0\(\X2\8D64\X0\)',(#4540));
#4535=FILL_AREA_STYLE('\X2\30A230EB30DF30CB30A630E0\X0\ - \X2\967D697591785316\X0\ 
\X2\51496CA2\X0\(\X2\9752\X0\)',(#4541));
#4536=FILL_AREA_STYLE('\X2\30D630ED30F330BA\X0\ - \X2\3064308451FA3057\X0\',
(#4542));
#4537=FILL_AREA_STYLE_COLOUR('\X2\92FC\X0\ - \X2\30B530C630F3\X0\',#4543);
#4538=FILL_AREA_STYLE_COLOUR('FR4',#4544);
#4539=FILL_AREA_STYLE_COLOUR('\X2\30A230EB30DF30CB30A630E0\X0\ - \X2\30B530C630F3\X0\',
#4545);
#4540=FILL_AREA_STYLE_COLOUR(
'\X2\30A230EB30DF30CB30A630E0\X0\ - \X2\967D697591785316\X0\ \X2\51496CA2\X0\(
\X2\8D64\X0\)',#4546);
#4541=FILL_AREA_STYLE_COLOUR(
'\X2\30A230EB30DF30CB30A630E0\X0\ - \X2\967D697591785316\X0\ \X2\51496CA2\X0\(
\X2\9752\X0\)',#4547);
#4542=FILL_AREA_STYLE_COLOUR('\X2\30D630ED30F330BA\X0\ - \X2\3064308451FA3057\X0\',
#4548);
#4543=COLOUR_RGB('\X2\92FC\X0\ - \X2\30B530C630F3\X0\',0.627450980392157,
0.627450980392157,0.627450980392157);
#4544=COLOUR_RGB('FR4',0.266666666666667,0.466666666666667,0.4);
#4545=COLOUR_RGB('\X2\30A230EB30DF30CB30A630E0\X0\ - \X2\30B530C630F3\X0\',
0.96078431372549,0.96078431372549,0.964705882352941);
#4546=COLOUR_RGB('\X2\30A230EB30DF30CB30A630E0\X0\ - \X2\967D697591785316\X0\ 
\X2\51496CA2\X0\(\X2\8D64\X0\)',0.854901960784314,0.349019607843137,0.349019607843137);
#4547=COLOUR_RGB('\X2\30A230EB30DF30CB30A630E0\X0\ - \X2\967D697591785316\X0\ 
\X2\51496CA2\X0\(\X2\9752\X0\)',0.349019607843137,0.584313725490196,0.854901960784314);
#4548=COLOUR_RGB('\X2\30D630ED30F330BA\X0\ - \X2\3064308451FA3057\X0\',
0.607843137254902,0.525490196078431,0.364705882352941);
ENDSEC;
END-ISO-10303-21;
