ISO-10303-21;
HEADER;
/* Generated by software containing ST-Developer
 * from STEP Tools, Inc. (www.steptools.com) 
 */

FILE_DESCRIPTION(
/* description */ ('KiCad electronic assembly'),
/* implementation_level */ '2;1');

FILE_NAME(
/* name */ 'osprey5x_top.step',
/* time_stamp */ '2026-09-11T21:07:23+09:00',
/* author */ (''),
/* organization */ (''),
/* preprocessor_version */ 'ST-DEVELOPER v20.2',
/* originating_system */ 'Autodesk Translation Framework v15.15.0.0',
/* authorisation */ '');

FILE_SCHEMA (('AUTOMOTIVE_DESIGN { 1 0 10303 214 3 1 1 }'));
ENDSEC;

DATA;
#10=MECHANICAL_DESIGN_GEOMETRIC_PRESENTATION_REPRESENTATION('',(#13),#5625);
#11=SHAPE_REPRESENTATION_RELATIONSHIP('SRR','None',#5631,#12);
#12=ADVANCED_BREP_SHAPE_REPRESENTATION('',(#14),#5624);
#13=STYLED_ITEM('',(#5643),#14);
#14=MANIFOLD_SOLID_BREP('top',#3295);
#15=B_SPLINE_SURFACE_WITH_KNOTS('',3,3,((#4743,#4744,#4745,#4746,#4747),
(#4748,#4749,#4750,#4751,#4752),(#4753,#4754,#4755,#4756,#4757),(#4758,
#4759,#4760,#4761,#4762)),.UNSPECIFIED.,.F.,.F.,.F.,(4,4),(4,1,4),(0.,1.),
(-1.54467008725153,-0.882668621286594,-6.38378239159465E-15),
 .UNSPECIFIED.);
#16=B_SPLINE_SURFACE_WITH_KNOTS('',3,3,((#4784,#4785,#4786,#4787,#4788),
(#4789,#4790,#4791,#4792,#4793),(#4794,#4795,#4796,#4797,#4798),(#4799,
#4800,#4801,#4802,#4803)),.UNSPECIFIED.,.F.,.F.,.F.,(4,4),(4,1,4),(0.,1.),
(1.02695629777827E-15,0.882668621286588,1.54467008725153),.UNSPECIFIED.);
#17=B_SPLINE_SURFACE_WITH_KNOTS('',3,3,((#4816,#4817,#4818,#4819),(#4820,
#4821,#4822,#4823),(#4824,#4825,#4826,#4827),(#4828,#4829,#4830,#4831)),
 .UNSPECIFIED.,.F.,.F.,.F.,(4,4),(4,4),(0.,1.),(-1.57079632679489,-1.54467008725064),
 .UNSPECIFIED.);
#18=B_SPLINE_SURFACE_WITH_KNOTS('',3,3,((#4836,#4837,#4838,#4839),(#4840,
#4841,#4842,#4843),(#4844,#4845,#4846,#4847),(#4848,#4849,#4850,#4851)),
 .UNSPECIFIED.,.F.,.F.,.F.,(4,4),(4,4),(0.,1.),(1.54467008725066,1.5707963267949),
 .UNSPECIFIED.);
#19=FACE_BOUND('',#474,.T.);
#20=FACE_BOUND('',#506,.T.);
#21=FACE_BOUND('',#513,.T.);
#22=FACE_BOUND('',#514,.T.);
#23=FACE_BOUND('',#515,.T.);
#24=FACE_BOUND('',#516,.T.);
#25=FACE_BOUND('',#517,.T.);
#26=FACE_BOUND('',#518,.T.);
#27=FACE_BOUND('',#519,.T.);
#28=FACE_BOUND('',#520,.T.);
#29=FACE_BOUND('',#562,.T.);
#30=FACE_BOUND('',#580,.T.);
#31=FACE_BOUND('',#592,.T.);
#32=FACE_BOUND('',#595,.T.);
#33=FACE_BOUND('',#659,.T.);
#34=FACE_BOUND('',#660,.T.);
#35=FACE_BOUND('',#661,.T.);
#36=FACE_BOUND('',#663,.T.);
#37=FACE_BOUND('',#664,.T.);
#38=FACE_BOUND('',#665,.T.);
#39=FACE_BOUND('',#668,.T.);
#40=FACE_BOUND('',#669,.T.);
#41=FACE_BOUND('',#670,.T.);
#42=FACE_BOUND('',#672,.T.);
#43=FACE_BOUND('',#673,.T.);
#44=FACE_BOUND('',#674,.T.);
#45=CYLINDRICAL_SURFACE('',#3309,2.);
#46=CYLINDRICAL_SURFACE('',#3316,2.);
#47=CYLINDRICAL_SURFACE('',#3331,2.);
#48=CYLINDRICAL_SURFACE('',#3334,2.);
#49=CYLINDRICAL_SURFACE('',#3347,2.);
#50=CYLINDRICAL_SURFACE('',#3360,2.);
#51=CYLINDRICAL_SURFACE('',#3363,2.);
#52=CYLINDRICAL_SURFACE('',#3367,2.);
#53=CYLINDRICAL_SURFACE('',#3398,2.);
#54=CYLINDRICAL_SURFACE('',#3399,2.);
#55=CYLINDRICAL_SURFACE('',#3412,1.);
#56=CYLINDRICAL_SURFACE('',#3414,1.);
#57=CYLINDRICAL_SURFACE('',#3419,1.2645);
#58=CYLINDRICAL_SURFACE('',#3422,1.2645);
#59=CYLINDRICAL_SURFACE('',#3425,1.2645);
#60=CYLINDRICAL_SURFACE('',#3428,1.2645);
#61=CYLINDRICAL_SURFACE('',#3431,1.2645);
#62=CYLINDRICAL_SURFACE('',#3434,1.2645);
#63=CYLINDRICAL_SURFACE('',#3437,1.2645);
#64=CYLINDRICAL_SURFACE('',#3440,1.2645);
#65=CYLINDRICAL_SURFACE('',#3443,0.8115);
#66=CYLINDRICAL_SURFACE('',#3447,0.8115);
#67=CYLINDRICAL_SURFACE('',#3449,2.);
#68=CYLINDRICAL_SURFACE('',#3453,2.);
#69=CYLINDRICAL_SURFACE('',#3463,2.);
#70=CYLINDRICAL_SURFACE('',#3465,2.);
#71=CYLINDRICAL_SURFACE('',#3468,2.);
#72=CYLINDRICAL_SURFACE('',#3471,2.);
#73=CYLINDRICAL_SURFACE('',#3474,2.);
#74=CYLINDRICAL_SURFACE('',#3479,2.);
#75=CYLINDRICAL_SURFACE('',#3483,2.);
#76=CYLINDRICAL_SURFACE('',#3486,2.);
#77=CYLINDRICAL_SURFACE('',#3493,1.3);
#78=CYLINDRICAL_SURFACE('',#3495,1.3);
#79=CYLINDRICAL_SURFACE('',#3497,1.3);
#80=CYLINDRICAL_SURFACE('',#3499,1.3);
#81=CYLINDRICAL_SURFACE('',#3507,1.);
#82=CYLINDRICAL_SURFACE('',#3509,1.);
#83=CYLINDRICAL_SURFACE('',#3512,1.2645);
#84=CYLINDRICAL_SURFACE('',#3516,1.2645);
#85=CYLINDRICAL_SURFACE('',#3520,1.2645);
#86=CYLINDRICAL_SURFACE('',#3524,1.2645);
#87=CYLINDRICAL_SURFACE('',#3528,1.2645);
#88=CYLINDRICAL_SURFACE('',#3532,1.2645);
#89=CYLINDRICAL_SURFACE('',#3536,1.2645);
#90=CYLINDRICAL_SURFACE('',#3540,1.2645);
#91=CYLINDRICAL_SURFACE('',#3542,3.);
#92=CYLINDRICAL_SURFACE('',#3545,3.);
#93=CYLINDRICAL_SURFACE('',#3548,3.);
#94=CYLINDRICAL_SURFACE('',#3551,3.);
#95=CYLINDRICAL_SURFACE('',#3554,3.);
#96=CYLINDRICAL_SURFACE('',#3557,3.);
#97=CYLINDRICAL_SURFACE('',#3560,3.);
#98=CYLINDRICAL_SURFACE('',#3563,3.);
#99=CYLINDRICAL_SURFACE('',#3572,1.);
#100=CYLINDRICAL_SURFACE('',#3576,1.);
#101=CYLINDRICAL_SURFACE('',#3581,0.999999999999996);
#102=CYLINDRICAL_SURFACE('',#3585,0.999999999999996);
#103=CYLINDRICAL_SURFACE('',#3590,1.);
#104=CYLINDRICAL_SURFACE('',#3594,1.);
#105=CYLINDRICAL_SURFACE('',#3599,0.999999999999996);
#106=CYLINDRICAL_SURFACE('',#3603,0.999999999999996);
#107=B_SPLINE_CURVE_WITH_KNOTS('',3,(#4617,#4618,#4619,#4620),
 .UNSPECIFIED.,.F.,.F.,(4,4),(1.54467008725064,1.57079632679489),
 .UNSPECIFIED.);
#108=B_SPLINE_CURVE_WITH_KNOTS('',3,(#4656,#4657,#4658,#4659),
 .UNSPECIFIED.,.F.,.F.,(4,4),(-1.5707963267949,-1.54467008725066),
 .UNSPECIFIED.);
#109=B_SPLINE_CURVE_WITH_KNOTS('',3,(#4766,#4767,#4768,#4769,#4770),
 .UNSPECIFIED.,.F.,.F.,(4,1,4),(-1.54467008725153,-0.882668621286594,-6.38378239159465E-15),
 .UNSPECIFIED.);
#110=B_SPLINE_CURVE_WITH_KNOTS('',3,(#4773,#4774,#4775,#4776,#4777),
 .UNSPECIFIED.,.F.,.F.,(4,1,4),(6.38378239159465E-15,0.882668621286594,
1.54467008725153),.UNSPECIFIED.);
#111=B_SPLINE_CURVE_WITH_KNOTS('',3,(#4806,#4807,#4808,#4809,#4810),
 .UNSPECIFIED.,.F.,.F.,(4,1,4),(-1.54467008725153,-0.882668621286588,-1.02695629777827E-15),
 .UNSPECIFIED.);
#112=B_SPLINE_CURVE_WITH_KNOTS('',3,(#4811,#4812,#4813,#4814,#4815),
 .UNSPECIFIED.,.F.,.F.,(4,1,4),(1.02695629777827E-15,0.882668621286588,
1.54467008725153),.UNSPECIFIED.);
#113=B_SPLINE_CURVE_WITH_KNOTS('',3,(#4832,#4833,#4834,#4835),
 .UNSPECIFIED.,.F.,.F.,(4,4),(-1.57079632679489,-1.54467008725064),
 .UNSPECIFIED.);
#114=B_SPLINE_CURVE_WITH_KNOTS('',3,(#4852,#4853,#4854,#4855),
 .UNSPECIFIED.,.F.,.F.,(4,4),(1.54467008725066,1.5707963267949),
 .UNSPECIFIED.);
#115=ELLIPSE('',#3307,3.26598632371093,2.);
#116=ELLIPSE('',#3348,2.3094010767585,2.);
#117=ELLIPSE('',#3350,2.01101655912703,2.);
#118=ELLIPSE('',#3351,2.01101655912703,2.);
#119=ELLIPSE('',#3353,2.3094010767585,2.);
#120=ELLIPSE('',#3361,3.26598632371089,2.);
#121=CIRCLE('',#3299,2.);
#122=CIRCLE('',#3300,1.49999999999998);
#123=CIRCLE('',#3303,2.);
#124=CIRCLE('',#3304,1.5);
#125=CIRCLE('',#3310,2.);
#126=CIRCLE('',#3312,3.);
#127=CIRCLE('',#3313,3.);
#128=CIRCLE('',#3314,3.);
#129=CIRCLE('',#3315,3.);
#130=CIRCLE('',#3317,2.);
#131=CIRCLE('',#3321,2.);
#132=CIRCLE('',#3323,2.);
#133=CIRCLE('',#3327,2.);
#134=CIRCLE('',#3329,2.);
#135=CIRCLE('',#3332,2.);
#136=CIRCLE('',#3335,2.);
#137=CIRCLE('',#3341,1.5);
#138=CIRCLE('',#3344,1.49999999999998);
#139=CIRCLE('',#3356,1.50000000000001);
#140=CIRCLE('',#3357,1.5);
#141=CIRCLE('',#3358,1.5);
#142=CIRCLE('',#3359,1.50000000000002);
#143=CIRCLE('',#3364,2.);
#144=CIRCLE('',#3365,2.);
#145=CIRCLE('',#3368,2.);
#146=CIRCLE('',#3369,2.);
#147=CIRCLE('',#3371,2.);
#148=CIRCLE('',#3372,2.);
#149=CIRCLE('',#3373,3.);
#150=CIRCLE('',#3374,3.);
#151=CIRCLE('',#3375,1.);
#152=CIRCLE('',#3376,1.);
#153=CIRCLE('',#3377,3.);
#154=CIRCLE('',#3378,3.);
#155=CIRCLE('',#3379,3.);
#156=CIRCLE('',#3380,3.);
#157=CIRCLE('',#3381,1.);
#158=CIRCLE('',#3382,1.);
#159=CIRCLE('',#3383,3.);
#160=CIRCLE('',#3384,3.);
#161=CIRCLE('',#3385,2.);
#162=CIRCLE('',#3386,2.);
#163=CIRCLE('',#3387,2.);
#164=CIRCLE('',#3388,2.);
#165=CIRCLE('',#3389,1.2645);
#166=CIRCLE('',#3390,1.2645);
#167=CIRCLE('',#3391,1.2645);
#168=CIRCLE('',#3392,1.2645);
#169=CIRCLE('',#3393,1.2645);
#170=CIRCLE('',#3394,1.2645);
#171=CIRCLE('',#3395,1.2645);
#172=CIRCLE('',#3396,1.2645);
#173=CIRCLE('',#3402,1.);
#174=CIRCLE('',#3405,1.);
#175=CIRCLE('',#3408,1.);
#176=CIRCLE('',#3411,1.);
#177=CIRCLE('',#3418,1.2645);
#178=CIRCLE('',#3421,1.2645);
#179=CIRCLE('',#3424,1.2645);
#180=CIRCLE('',#3427,1.2645);
#181=CIRCLE('',#3430,1.2645);
#182=CIRCLE('',#3433,1.2645);
#183=CIRCLE('',#3436,1.2645);
#184=CIRCLE('',#3439,1.2645);
#185=CIRCLE('',#3442,0.8115);
#186=CIRCLE('',#3444,0.8115);
#187=CIRCLE('',#3446,0.8115);
#188=CIRCLE('',#3448,0.8115);
#189=CIRCLE('',#3450,2.);
#190=CIRCLE('',#3451,2.);
#191=CIRCLE('',#3454,2.);
#192=CIRCLE('',#3455,2.);
#193=CIRCLE('',#3457,2.);
#194=CIRCLE('',#3459,1.3);
#195=CIRCLE('',#3460,1.3);
#196=CIRCLE('',#3461,1.3);
#197=CIRCLE('',#3462,1.3);
#198=CIRCLE('',#3466,2.);
#199=CIRCLE('',#3469,2.);
#200=CIRCLE('',#3472,2.);
#201=CIRCLE('',#3475,2.);
#202=CIRCLE('',#3476,2.);
#203=CIRCLE('',#3478,2.);
#204=CIRCLE('',#3480,2.);
#205=CIRCLE('',#3484,2.);
#206=CIRCLE('',#3487,2.);
#207=CIRCLE('',#3489,1.3);
#208=CIRCLE('',#3490,1.3);
#209=CIRCLE('',#3491,1.3);
#210=CIRCLE('',#3492,1.3);
#211=CIRCLE('',#3511,1.2645);
#212=CIRCLE('',#3513,1.2645);
#213=CIRCLE('',#3515,1.2645);
#214=CIRCLE('',#3517,1.2645);
#215=CIRCLE('',#3519,1.2645);
#216=CIRCLE('',#3521,1.2645);
#217=CIRCLE('',#3523,1.2645);
#218=CIRCLE('',#3525,1.2645);
#219=CIRCLE('',#3527,1.2645);
#220=CIRCLE('',#3529,1.2645);
#221=CIRCLE('',#3531,1.2645);
#222=CIRCLE('',#3533,1.2645);
#223=CIRCLE('',#3535,1.2645);
#224=CIRCLE('',#3537,1.2645);
#225=CIRCLE('',#3539,1.2645);
#226=CIRCLE('',#3541,1.2645);
#227=CIRCLE('',#3543,3.);
#228=CIRCLE('',#3546,3.);
#229=CIRCLE('',#3549,3.);
#230=CIRCLE('',#3552,3.);
#231=CIRCLE('',#3555,3.);
#232=CIRCLE('',#3558,3.);
#233=CIRCLE('',#3561,3.);
#234=CIRCLE('',#3564,3.);
#235=CIRCLE('',#3573,1.);
#236=CIRCLE('',#3574,1.);
#237=CIRCLE('',#3577,1.);
#238=CIRCLE('',#3578,1.);
#239=CIRCLE('',#3582,0.999999999999996);
#240=CIRCLE('',#3583,0.999999999999996);
#241=CIRCLE('',#3586,0.999999999999996);
#242=CIRCLE('',#3587,0.999999999999996);
#243=CIRCLE('',#3591,1.);
#244=CIRCLE('',#3592,1.);
#245=CIRCLE('',#3595,1.);
#246=CIRCLE('',#3596,1.);
#247=CIRCLE('',#3600,0.999999999999996);
#248=CIRCLE('',#3601,0.999999999999996);
#249=CIRCLE('',#3604,0.999999999999996);
#250=CIRCLE('',#3605,0.999999999999996);
#251=CONICAL_SURFACE('',#3298,1.74999999999999,0.785398163397467);
#252=CONICAL_SURFACE('',#3302,1.75,0.785398163397448);
#253=CONICAL_SURFACE('',#3320,2.5,0.785398163397449);
#254=CONICAL_SURFACE('',#3322,2.5,0.785398163397448);
#255=CONICAL_SURFACE('',#3326,2.5,0.785398163397448);
#256=CONICAL_SURFACE('',#3328,2.5,0.785398163397449);
#257=CONICAL_SURFACE('',#3340,1.75,0.785398163397448);
#258=CONICAL_SURFACE('',#3343,1.74999999999999,0.785398163397471);
#259=CONICAL_SURFACE('',#3401,1.25000000000001,0.785398163397459);
#260=CONICAL_SURFACE('',#3404,1.25,0.785398163397447);
#261=CONICAL_SURFACE('',#3407,1.25,0.785398163397449);
#262=CONICAL_SURFACE('',#3410,1.25000000000001,0.785398163397465);
#263=CONICAL_SURFACE('',#3417,0.63225,1.02974425867665);
#264=CONICAL_SURFACE('',#3420,0.63225,1.02974425867665);
#265=CONICAL_SURFACE('',#3423,0.63225,1.02974425867665);
#266=CONICAL_SURFACE('',#3426,0.63225,1.02974425867665);
#267=CONICAL_SURFACE('',#3429,0.63225,1.02974425867665);
#268=CONICAL_SURFACE('',#3432,0.63225,1.02974425867665);
#269=CONICAL_SURFACE('',#3435,0.63225,1.02974425867665);
#270=CONICAL_SURFACE('',#3438,0.63225,1.02974425867665);
#271=CONICAL_SURFACE('',#3441,0.40575,1.02974425867665);
#272=CONICAL_SURFACE('',#3445,0.40575,1.02974425867665);
#273=CONICAL_SURFACE('',#3510,0.63225,1.02974425867665);
#274=CONICAL_SURFACE('',#3514,0.63225,1.02974425867665);
#275=CONICAL_SURFACE('',#3518,0.63225,1.02974425867665);
#276=CONICAL_SURFACE('',#3522,0.63225,1.02974425867665);
#277=CONICAL_SURFACE('',#3526,0.63225,1.02974425867665);
#278=CONICAL_SURFACE('',#3530,0.63225,1.02974425867665);
#279=CONICAL_SURFACE('',#3534,0.63225,1.02974425867665);
#280=CONICAL_SURFACE('',#3538,0.63225,1.02974425867665);
#281=FACE_OUTER_BOUND('',#465,.T.);
#282=FACE_OUTER_BOUND('',#466,.T.);
#283=FACE_OUTER_BOUND('',#467,.T.);
#284=FACE_OUTER_BOUND('',#468,.T.);
#285=FACE_OUTER_BOUND('',#469,.T.);
#286=FACE_OUTER_BOUND('',#470,.T.);
#287=FACE_OUTER_BOUND('',#471,.T.);
#288=FACE_OUTER_BOUND('',#472,.T.);
#289=FACE_OUTER_BOUND('',#473,.T.);
#290=FACE_OUTER_BOUND('',#475,.T.);
#291=FACE_OUTER_BOUND('',#476,.T.);
#292=FACE_OUTER_BOUND('',#477,.T.);
#293=FACE_OUTER_BOUND('',#478,.T.);
#294=FACE_OUTER_BOUND('',#479,.T.);
#295=FACE_OUTER_BOUND('',#480,.T.);
#296=FACE_OUTER_BOUND('',#481,.T.);
#297=FACE_OUTER_BOUND('',#482,.T.);
#298=FACE_OUTER_BOUND('',#483,.T.);
#299=FACE_OUTER_BOUND('',#484,.T.);
#300=FACE_OUTER_BOUND('',#485,.T.);
#301=FACE_OUTER_BOUND('',#486,.T.);
#302=FACE_OUTER_BOUND('',#487,.T.);
#303=FACE_OUTER_BOUND('',#488,.T.);
#304=FACE_OUTER_BOUND('',#489,.T.);
#305=FACE_OUTER_BOUND('',#490,.T.);
#306=FACE_OUTER_BOUND('',#491,.T.);
#307=FACE_OUTER_BOUND('',#492,.T.);
#308=FACE_OUTER_BOUND('',#493,.T.);
#309=FACE_OUTER_BOUND('',#494,.T.);
#310=FACE_OUTER_BOUND('',#495,.T.);
#311=FACE_OUTER_BOUND('',#496,.T.);
#312=FACE_OUTER_BOUND('',#497,.T.);
#313=FACE_OUTER_BOUND('',#498,.T.);
#314=FACE_OUTER_BOUND('',#499,.T.);
#315=FACE_OUTER_BOUND('',#500,.T.);
#316=FACE_OUTER_BOUND('',#501,.T.);
#317=FACE_OUTER_BOUND('',#502,.T.);
#318=FACE_OUTER_BOUND('',#503,.T.);
#319=FACE_OUTER_BOUND('',#504,.T.);
#320=FACE_OUTER_BOUND('',#505,.T.);
#321=FACE_OUTER_BOUND('',#507,.T.);
#322=FACE_OUTER_BOUND('',#508,.T.);
#323=FACE_OUTER_BOUND('',#509,.T.);
#324=FACE_OUTER_BOUND('',#510,.T.);
#325=FACE_OUTER_BOUND('',#511,.T.);
#326=FACE_OUTER_BOUND('',#512,.T.);
#327=FACE_OUTER_BOUND('',#521,.T.);
#328=FACE_OUTER_BOUND('',#522,.T.);
#329=FACE_OUTER_BOUND('',#523,.T.);
#330=FACE_OUTER_BOUND('',#524,.T.);
#331=FACE_OUTER_BOUND('',#525,.T.);
#332=FACE_OUTER_BOUND('',#526,.T.);
#333=FACE_OUTER_BOUND('',#527,.T.);
#334=FACE_OUTER_BOUND('',#528,.T.);
#335=FACE_OUTER_BOUND('',#529,.T.);
#336=FACE_OUTER_BOUND('',#530,.T.);
#337=FACE_OUTER_BOUND('',#531,.T.);
#338=FACE_OUTER_BOUND('',#532,.T.);
#339=FACE_OUTER_BOUND('',#533,.T.);
#340=FACE_OUTER_BOUND('',#534,.T.);
#341=FACE_OUTER_BOUND('',#535,.T.);
#342=FACE_OUTER_BOUND('',#536,.T.);
#343=FACE_OUTER_BOUND('',#537,.T.);
#344=FACE_OUTER_BOUND('',#538,.T.);
#345=FACE_OUTER_BOUND('',#539,.T.);
#346=FACE_OUTER_BOUND('',#540,.T.);
#347=FACE_OUTER_BOUND('',#541,.T.);
#348=FACE_OUTER_BOUND('',#542,.T.);
#349=FACE_OUTER_BOUND('',#543,.T.);
#350=FACE_OUTER_BOUND('',#544,.T.);
#351=FACE_OUTER_BOUND('',#545,.T.);
#352=FACE_OUTER_BOUND('',#546,.T.);
#353=FACE_OUTER_BOUND('',#547,.T.);
#354=FACE_OUTER_BOUND('',#548,.T.);
#355=FACE_OUTER_BOUND('',#549,.T.);
#356=FACE_OUTER_BOUND('',#550,.T.);
#357=FACE_OUTER_BOUND('',#551,.T.);
#358=FACE_OUTER_BOUND('',#552,.T.);
#359=FACE_OUTER_BOUND('',#553,.T.);
#360=FACE_OUTER_BOUND('',#554,.T.);
#361=FACE_OUTER_BOUND('',#555,.T.);
#362=FACE_OUTER_BOUND('',#556,.T.);
#363=FACE_OUTER_BOUND('',#557,.T.);
#364=FACE_OUTER_BOUND('',#558,.T.);
#365=FACE_OUTER_BOUND('',#559,.T.);
#366=FACE_OUTER_BOUND('',#560,.T.);
#367=FACE_OUTER_BOUND('',#561,.T.);
#368=FACE_OUTER_BOUND('',#563,.T.);
#369=FACE_OUTER_BOUND('',#564,.T.);
#370=FACE_OUTER_BOUND('',#565,.T.);
#371=FACE_OUTER_BOUND('',#566,.T.);
#372=FACE_OUTER_BOUND('',#567,.T.);
#373=FACE_OUTER_BOUND('',#568,.T.);
#374=FACE_OUTER_BOUND('',#569,.T.);
#375=FACE_OUTER_BOUND('',#570,.T.);
#376=FACE_OUTER_BOUND('',#571,.T.);
#377=FACE_OUTER_BOUND('',#572,.T.);
#378=FACE_OUTER_BOUND('',#573,.T.);
#379=FACE_OUTER_BOUND('',#574,.T.);
#380=FACE_OUTER_BOUND('',#575,.T.);
#381=FACE_OUTER_BOUND('',#576,.T.);
#382=FACE_OUTER_BOUND('',#577,.T.);
#383=FACE_OUTER_BOUND('',#578,.T.);
#384=FACE_OUTER_BOUND('',#579,.T.);
#385=FACE_OUTER_BOUND('',#581,.T.);
#386=FACE_OUTER_BOUND('',#582,.T.);
#387=FACE_OUTER_BOUND('',#583,.T.);
#388=FACE_OUTER_BOUND('',#584,.T.);
#389=FACE_OUTER_BOUND('',#585,.T.);
#390=FACE_OUTER_BOUND('',#586,.T.);
#391=FACE_OUTER_BOUND('',#587,.T.);
#392=FACE_OUTER_BOUND('',#588,.T.);
#393=FACE_OUTER_BOUND('',#589,.T.);
#394=FACE_OUTER_BOUND('',#590,.T.);
#395=FACE_OUTER_BOUND('',#591,.T.);
#396=FACE_OUTER_BOUND('',#593,.T.);
#397=FACE_OUTER_BOUND('',#594,.T.);
#398=FACE_OUTER_BOUND('',#596,.T.);
#399=FACE_OUTER_BOUND('',#597,.T.);
#400=FACE_OUTER_BOUND('',#598,.T.);
#401=FACE_OUTER_BOUND('',#599,.T.);
#402=FACE_OUTER_BOUND('',#600,.T.);
#403=FACE_OUTER_BOUND('',#601,.T.);
#404=FACE_OUTER_BOUND('',#602,.T.);
#405=FACE_OUTER_BOUND('',#603,.T.);
#406=FACE_OUTER_BOUND('',#604,.T.);
#407=FACE_OUTER_BOUND('',#605,.T.);
#408=FACE_OUTER_BOUND('',#606,.T.);
#409=FACE_OUTER_BOUND('',#607,.T.);
#410=FACE_OUTER_BOUND('',#608,.T.);
#411=FACE_OUTER_BOUND('',#609,.T.);
#412=FACE_OUTER_BOUND('',#610,.T.);
#413=FACE_OUTER_BOUND('',#611,.T.);
#414=FACE_OUTER_BOUND('',#612,.T.);
#415=FACE_OUTER_BOUND('',#613,.T.);
#416=FACE_OUTER_BOUND('',#614,.T.);
#417=FACE_OUTER_BOUND('',#615,.T.);
#418=FACE_OUTER_BOUND('',#616,.T.);
#419=FACE_OUTER_BOUND('',#617,.T.);
#420=FACE_OUTER_BOUND('',#618,.T.);
#421=FACE_OUTER_BOUND('',#619,.T.);
#422=FACE_OUTER_BOUND('',#620,.T.);
#423=FACE_OUTER_BOUND('',#621,.T.);
#424=FACE_OUTER_BOUND('',#622,.T.);
#425=FACE_OUTER_BOUND('',#623,.T.);
#426=FACE_OUTER_BOUND('',#624,.T.);
#427=FACE_OUTER_BOUND('',#625,.T.);
#428=FACE_OUTER_BOUND('',#626,.T.);
#429=FACE_OUTER_BOUND('',#627,.T.);
#430=FACE_OUTER_BOUND('',#628,.T.);
#431=FACE_OUTER_BOUND('',#629,.T.);
#432=FACE_OUTER_BOUND('',#630,.T.);
#433=FACE_OUTER_BOUND('',#631,.T.);
#434=FACE_OUTER_BOUND('',#632,.T.);
#435=FACE_OUTER_BOUND('',#633,.T.);
#436=FACE_OUTER_BOUND('',#634,.T.);
#437=FACE_OUTER_BOUND('',#635,.T.);
#438=FACE_OUTER_BOUND('',#636,.T.);
#439=FACE_OUTER_BOUND('',#637,.T.);
#440=FACE_OUTER_BOUND('',#638,.T.);
#441=FACE_OUTER_BOUND('',#639,.T.);
#442=FACE_OUTER_BOUND('',#640,.T.);
#443=FACE_OUTER_BOUND('',#641,.T.);
#444=FACE_OUTER_BOUND('',#642,.T.);
#445=FACE_OUTER_BOUND('',#643,.T.);
#446=FACE_OUTER_BOUND('',#644,.T.);
#447=FACE_OUTER_BOUND('',#645,.T.);
#448=FACE_OUTER_BOUND('',#646,.T.);
#449=FACE_OUTER_BOUND('',#647,.T.);
#450=FACE_OUTER_BOUND('',#648,.T.);
#451=FACE_OUTER_BOUND('',#649,.T.);
#452=FACE_OUTER_BOUND('',#650,.T.);
#453=FACE_OUTER_BOUND('',#651,.T.);
#454=FACE_OUTER_BOUND('',#652,.T.);
#455=FACE_OUTER_BOUND('',#653,.T.);
#456=FACE_OUTER_BOUND('',#654,.T.);
#457=FACE_OUTER_BOUND('',#655,.T.);
#458=FACE_OUTER_BOUND('',#656,.T.);
#459=FACE_OUTER_BOUND('',#657,.T.);
#460=FACE_OUTER_BOUND('',#658,.T.);
#461=FACE_OUTER_BOUND('',#662,.T.);
#462=FACE_OUTER_BOUND('',#666,.T.);
#463=FACE_OUTER_BOUND('',#667,.T.);
#464=FACE_OUTER_BOUND('',#671,.T.);
#465=EDGE_LOOP('',(#2091,#2092,#2093,#2094));
#466=EDGE_LOOP('',(#2095,#2096,#2097,#2098));
#467=EDGE_LOOP('',(#2099,#2100,#2101,#2102));
#468=EDGE_LOOP('',(#2103,#2104,#2105,#2106));
#469=EDGE_LOOP('',(#2107,#2108,#2109,#2110));
#470=EDGE_LOOP('',(#2111,#2112,#2113,#2114));
#471=EDGE_LOOP('',(#2115,#2116,#2117,#2118,#2119,#2120,#2121));
#472=EDGE_LOOP('',(#2122,#2123,#2124,#2125));
#473=EDGE_LOOP('',(#2126,#2127,#2128,#2129));
#474=EDGE_LOOP('',(#2130,#2131,#2132,#2133,#2134,#2135,#2136,#2137));
#475=EDGE_LOOP('',(#2138,#2139,#2140,#2141));
#476=EDGE_LOOP('',(#2142,#2143,#2144,#2145,#2146,#2147,#2148));
#477=EDGE_LOOP('',(#2149,#2150,#2151,#2152));
#478=EDGE_LOOP('',(#2153,#2154,#2155,#2156));
#479=EDGE_LOOP('',(#2157,#2158,#2159,#2160));
#480=EDGE_LOOP('',(#2161,#2162,#2163,#2164));
#481=EDGE_LOOP('',(#2165,#2166,#2167,#2168));
#482=EDGE_LOOP('',(#2169,#2170,#2171,#2172));
#483=EDGE_LOOP('',(#2173,#2174,#2175,#2176));
#484=EDGE_LOOP('',(#2177,#2178,#2179,#2180));
#485=EDGE_LOOP('',(#2181,#2182,#2183,#2184));
#486=EDGE_LOOP('',(#2185,#2186,#2187,#2188));
#487=EDGE_LOOP('',(#2189,#2190,#2191,#2192));
#488=EDGE_LOOP('',(#2193,#2194,#2195,#2196));
#489=EDGE_LOOP('',(#2197,#2198,#2199,#2200));
#490=EDGE_LOOP('',(#2201,#2202,#2203,#2204));
#491=EDGE_LOOP('',(#2205,#2206,#2207,#2208));
#492=EDGE_LOOP('',(#2209,#2210,#2211,#2212));
#493=EDGE_LOOP('',(#2213,#2214,#2215,#2216));
#494=EDGE_LOOP('',(#2217,#2218,#2219,#2220));
#495=EDGE_LOOP('',(#2221,#2222,#2223,#2224));
#496=EDGE_LOOP('',(#2225,#2226,#2227,#2228));
#497=EDGE_LOOP('',(#2229,#2230,#2231,#2232));
#498=EDGE_LOOP('',(#2233,#2234,#2235,#2236));
#499=EDGE_LOOP('',(#2237,#2238,#2239,#2240));
#500=EDGE_LOOP('',(#2241,#2242,#2243,#2244));
#501=EDGE_LOOP('',(#2245,#2246,#2247,#2248,#2249));
#502=EDGE_LOOP('',(#2250,#2251,#2252,#2253,#2254,#2255,#2256,#2257,#2258,
#2259,#2260,#2261,#2262,#2263));
#503=EDGE_LOOP('',(#2264,#2265,#2266,#2267,#2268,#2269));
#504=EDGE_LOOP('',(#2270,#2271,#2272,#2273));
#505=EDGE_LOOP('',(#2274,#2275,#2276,#2277,#2278,#2279));
#506=EDGE_LOOP('',(#2280,#2281,#2282,#2283,#2284,#2285,#2286,#2287));
#507=EDGE_LOOP('',(#2288,#2289,#2290,#2291,#2292));
#508=EDGE_LOOP('',(#2293,#2294,#2295,#2296));
#509=EDGE_LOOP('',(#2297,#2298,#2299,#2300));
#510=EDGE_LOOP('',(#2301,#2302,#2303,#2304,#2305));
#511=EDGE_LOOP('',(#2306,#2307,#2308,#2309));
#512=EDGE_LOOP('',(#2310,#2311,#2312,#2313,#2314,#2315,#2316,#2317,#2318,
#2319,#2320,#2321,#2322,#2323,#2324,#2325,#2326,#2327,#2328,#2329,#2330,
#2331,#2332,#2333,#2334,#2335,#2336,#2337,#2338,#2339,#2340,#2341,#2342,
#2343,#2344,#2345,#2346,#2347,#2348,#2349,#2350,#2351,#2352,#2353,#2354,
#2355,#2356,#2357,#2358,#2359,#2360,#2361));
#513=EDGE_LOOP('',(#2362));
#514=EDGE_LOOP('',(#2363));
#515=EDGE_LOOP('',(#2364));
#516=EDGE_LOOP('',(#2365));
#517=EDGE_LOOP('',(#2366));
#518=EDGE_LOOP('',(#2367));
#519=EDGE_LOOP('',(#2368));
#520=EDGE_LOOP('',(#2369));
#521=EDGE_LOOP('',(#2370,#2371,#2372,#2373,#2374));
#522=EDGE_LOOP('',(#2375,#2376,#2377,#2378));
#523=EDGE_LOOP('',(#2379,#2380,#2381,#2382));
#524=EDGE_LOOP('',(#2383,#2384,#2385,#2386));
#525=EDGE_LOOP('',(#2387,#2388,#2389,#2390));
#526=EDGE_LOOP('',(#2391,#2392,#2393,#2394));
#527=EDGE_LOOP('',(#2395,#2396,#2397,#2398));
#528=EDGE_LOOP('',(#2399,#2400,#2401,#2402));
#529=EDGE_LOOP('',(#2403,#2404,#2405,#2406));
#530=EDGE_LOOP('',(#2407,#2408,#2409,#2410));
#531=EDGE_LOOP('',(#2411,#2412,#2413,#2414));
#532=EDGE_LOOP('',(#2415,#2416,#2417,#2418));
#533=EDGE_LOOP('',(#2419,#2420,#2421,#2422,#2423,#2424,#2425,#2426,#2427,
#2428,#2429,#2430));
#534=EDGE_LOOP('',(#2431,#2432,#2433,#2434));
#535=EDGE_LOOP('',(#2435,#2436,#2437,#2438));
#536=EDGE_LOOP('',(#2439,#2440,#2441,#2442,#2443,#2444,#2445,#2446,#2447,
#2448,#2449,#2450));
#537=EDGE_LOOP('',(#2451,#2452,#2453));
#538=EDGE_LOOP('',(#2454,#2455,#2456,#2457));
#539=EDGE_LOOP('',(#2458,#2459,#2460));
#540=EDGE_LOOP('',(#2461,#2462,#2463,#2464));
#541=EDGE_LOOP('',(#2465,#2466,#2467));
#542=EDGE_LOOP('',(#2468,#2469,#2470,#2471));
#543=EDGE_LOOP('',(#2472,#2473,#2474));
#544=EDGE_LOOP('',(#2475,#2476,#2477,#2478));
#545=EDGE_LOOP('',(#2479,#2480,#2481));
#546=EDGE_LOOP('',(#2482,#2483,#2484,#2485));
#547=EDGE_LOOP('',(#2486,#2487,#2488));
#548=EDGE_LOOP('',(#2489,#2490,#2491,#2492));
#549=EDGE_LOOP('',(#2493,#2494,#2495));
#550=EDGE_LOOP('',(#2496,#2497,#2498,#2499));
#551=EDGE_LOOP('',(#2500,#2501,#2502));
#552=EDGE_LOOP('',(#2503,#2504,#2505,#2506));
#553=EDGE_LOOP('',(#2507,#2508,#2509));
#554=EDGE_LOOP('',(#2510,#2511,#2512,#2513));
#555=EDGE_LOOP('',(#2514,#2515,#2516));
#556=EDGE_LOOP('',(#2517,#2518,#2519,#2520));
#557=EDGE_LOOP('',(#2521,#2522,#2523,#2524));
#558=EDGE_LOOP('',(#2525,#2526,#2527,#2528));
#559=EDGE_LOOP('',(#2529,#2530,#2531,#2532));
#560=EDGE_LOOP('',(#2533,#2534,#2535,#2536,#2537,#2538));
#561=EDGE_LOOP('',(#2539,#2540,#2541,#2542,#2543,#2544,#2545,#2546,#2547,
#2548,#2549,#2550,#2551,#2552,#2553,#2554));
#562=EDGE_LOOP('',(#2555,#2556,#2557,#2558,#2559,#2560,#2561,#2562));
#563=EDGE_LOOP('',(#2563,#2564,#2565,#2566));
#564=EDGE_LOOP('',(#2567,#2568,#2569,#2570));
#565=EDGE_LOOP('',(#2571,#2572,#2573,#2574));
#566=EDGE_LOOP('',(#2575,#2576,#2577,#2578,#2579,#2580));
#567=EDGE_LOOP('',(#2581,#2582,#2583,#2584));
#568=EDGE_LOOP('',(#2585,#2586,#2587,#2588));
#569=EDGE_LOOP('',(#2589,#2590,#2591,#2592));
#570=EDGE_LOOP('',(#2593,#2594,#2595,#2596,#2597,#2598,#2599,#2600));
#571=EDGE_LOOP('',(#2601,#2602,#2603,#2604));
#572=EDGE_LOOP('',(#2605,#2606,#2607,#2608,#2609,#2610));
#573=EDGE_LOOP('',(#2611,#2612,#2613,#2614));
#574=EDGE_LOOP('',(#2615,#2616,#2617,#2618));
#575=EDGE_LOOP('',(#2619,#2620,#2621,#2622));
#576=EDGE_LOOP('',(#2623,#2624,#2625,#2626));
#577=EDGE_LOOP('',(#2627,#2628,#2629,#2630));
#578=EDGE_LOOP('',(#2631,#2632,#2633,#2634));
#579=EDGE_LOOP('',(#2635,#2636,#2637,#2638,#2639,#2640,#2641,#2642));
#580=EDGE_LOOP('',(#2643,#2644,#2645,#2646,#2647,#2648,#2649,#2650));
#581=EDGE_LOOP('',(#2651,#2652,#2653,#2654));
#582=EDGE_LOOP('',(#2655,#2656,#2657,#2658));
#583=EDGE_LOOP('',(#2659,#2660,#2661,#2662));
#584=EDGE_LOOP('',(#2663,#2664,#2665,#2666));
#585=EDGE_LOOP('',(#2667,#2668,#2669,#2670));
#586=EDGE_LOOP('',(#2671,#2672,#2673,#2674));
#587=EDGE_LOOP('',(#2675,#2676,#2677,#2678));
#588=EDGE_LOOP('',(#2679,#2680,#2681,#2682));
#589=EDGE_LOOP('',(#2683,#2684,#2685,#2686));
#590=EDGE_LOOP('',(#2687,#2688,#2689,#2690,#2691,#2692));
#591=EDGE_LOOP('',(#2693,#2694,#2695,#2696,#2697,#2698));
#592=EDGE_LOOP('',(#2699));
#593=EDGE_LOOP('',(#2700,#2701,#2702,#2703));
#594=EDGE_LOOP('',(#2704,#2705,#2706,#2707,#2708,#2709));
#595=EDGE_LOOP('',(#2710));
#596=EDGE_LOOP('',(#2711,#2712,#2713,#2714));
#597=EDGE_LOOP('',(#2715,#2716,#2717,#2718));
#598=EDGE_LOOP('',(#2719,#2720,#2721,#2722,#2723,#2724,#2725,#2726,#2727,
#2728,#2729,#2730,#2731,#2732,#2733,#2734,#2735,#2736,#2737,#2738,#2739,
#2740,#2741,#2742));
#599=EDGE_LOOP('',(#2743,#2744,#2745,#2746));
#600=EDGE_LOOP('',(#2747,#2748,#2749));
#601=EDGE_LOOP('',(#2750,#2751,#2752,#2753));
#602=EDGE_LOOP('',(#2754,#2755,#2756));
#603=EDGE_LOOP('',(#2757,#2758,#2759,#2760));
#604=EDGE_LOOP('',(#2761,#2762,#2763));
#605=EDGE_LOOP('',(#2764,#2765,#2766,#2767));
#606=EDGE_LOOP('',(#2768,#2769,#2770));
#607=EDGE_LOOP('',(#2771,#2772,#2773,#2774));
#608=EDGE_LOOP('',(#2775,#2776,#2777));
#609=EDGE_LOOP('',(#2778,#2779,#2780,#2781));
#610=EDGE_LOOP('',(#2782,#2783,#2784));
#611=EDGE_LOOP('',(#2785,#2786,#2787,#2788));
#612=EDGE_LOOP('',(#2789,#2790,#2791));
#613=EDGE_LOOP('',(#2792,#2793,#2794,#2795));
#614=EDGE_LOOP('',(#2796,#2797,#2798));
#615=EDGE_LOOP('',(#2799,#2800,#2801,#2802));
#616=EDGE_LOOP('',(#2803,#2804,#2805,#2806));
#617=EDGE_LOOP('',(#2807,#2808,#2809,#2810));
#618=EDGE_LOOP('',(#2811,#2812,#2813,#2814));
#619=EDGE_LOOP('',(#2815,#2816,#2817,#2818));
#620=EDGE_LOOP('',(#2819,#2820,#2821,#2822));
#621=EDGE_LOOP('',(#2823,#2824,#2825,#2826));
#622=EDGE_LOOP('',(#2827,#2828,#2829,#2830));
#623=EDGE_LOOP('',(#2831,#2832,#2833,#2834));
#624=EDGE_LOOP('',(#2835,#2836,#2837,#2838));
#625=EDGE_LOOP('',(#2839,#2840,#2841,#2842));
#626=EDGE_LOOP('',(#2843,#2844,#2845,#2846));
#627=EDGE_LOOP('',(#2847,#2848,#2849,#2850));
#628=EDGE_LOOP('',(#2851,#2852,#2853,#2854));
#629=EDGE_LOOP('',(#2855,#2856,#2857,#2858));
#630=EDGE_LOOP('',(#2859,#2860,#2861,#2862));
#631=EDGE_LOOP('',(#2863,#2864,#2865,#2866));
#632=EDGE_LOOP('',(#2867,#2868,#2869,#2870));
#633=EDGE_LOOP('',(#2871,#2872,#2873,#2874));
#634=EDGE_LOOP('',(#2875,#2876,#2877,#2878));
#635=EDGE_LOOP('',(#2879,#2880,#2881,#2882));
#636=EDGE_LOOP('',(#2883,#2884,#2885,#2886));
#637=EDGE_LOOP('',(#2887,#2888,#2889,#2890));
#638=EDGE_LOOP('',(#2891,#2892,#2893,#2894));
#639=EDGE_LOOP('',(#2895,#2896,#2897,#2898));
#640=EDGE_LOOP('',(#2899,#2900,#2901,#2902));
#641=EDGE_LOOP('',(#2903,#2904,#2905,#2906));
#642=EDGE_LOOP('',(#2907,#2908,#2909,#2910));
#643=EDGE_LOOP('',(#2911,#2912,#2913,#2914));
#644=EDGE_LOOP('',(#2915,#2916,#2917,#2918));
#645=EDGE_LOOP('',(#2919,#2920,#2921,#2922));
#646=EDGE_LOOP('',(#2923,#2924,#2925,#2926));
#647=EDGE_LOOP('',(#2927,#2928,#2929,#2930));
#648=EDGE_LOOP('',(#2931,#2932,#2933,#2934));
#649=EDGE_LOOP('',(#2935,#2936,#2937,#2938));
#650=EDGE_LOOP('',(#2939,#2940,#2941,#2942));
#651=EDGE_LOOP('',(#2943,#2944,#2945,#2946));
#652=EDGE_LOOP('',(#2947,#2948,#2949,#2950));
#653=EDGE_LOOP('',(#2951,#2952,#2953,#2954));
#654=EDGE_LOOP('',(#2955,#2956,#2957,#2958));
#655=EDGE_LOOP('',(#2959,#2960,#2961,#2962));
#656=EDGE_LOOP('',(#2963,#2964,#2965,#2966));
#657=EDGE_LOOP('',(#2967,#2968,#2969,#2970));
#658=EDGE_LOOP('',(#2971,#2972,#2973,#2974,#2975,#2976));
#659=EDGE_LOOP('',(#2977));
#660=EDGE_LOOP('',(#2978));
#661=EDGE_LOOP('',(#2979,#2980,#2981,#2982));
#662=EDGE_LOOP('',(#2983,#2984,#2985,#2986,#2987,#2988));
#663=EDGE_LOOP('',(#2989));
#664=EDGE_LOOP('',(#2990));
#665=EDGE_LOOP('',(#2991,#2992,#2993,#2994));
#666=EDGE_LOOP('',(#2995,#2996,#2997,#2998));
#667=EDGE_LOOP('',(#2999,#3000,#3001,#3002,#3003,#3004));
#668=EDGE_LOOP('',(#3005));
#669=EDGE_LOOP('',(#3006));
#670=EDGE_LOOP('',(#3007,#3008,#3009,#3010));
#671=EDGE_LOOP('',(#3011,#3012,#3013,#3014,#3015,#3016));
#672=EDGE_LOOP('',(#3017));
#673=EDGE_LOOP('',(#3018));
#674=EDGE_LOOP('',(#3019,#3020,#3021,#3022));
#675=LINE('',#4573,#997);
#676=LINE('',#4575,#998);
#677=LINE('',#4577,#999);
#678=LINE('',#4578,#1000);
#679=LINE('',#4583,#1001);
#680=LINE('',#4588,#1002);
#681=LINE('',#4589,#1003);
#682=LINE('',#4590,#1004);
#683=LINE('',#4595,#1005);
#684=LINE('',#4600,#1006);
#685=LINE('',#4601,#1007);
#686=LINE('',#4602,#1008);
#687=LINE('',#4605,#1009);
#688=LINE('',#4608,#1010);
#689=LINE('',#4611,#1011);
#690=LINE('',#4613,#1012);
#691=LINE('',#4615,#1013);
#692=LINE('',#4621,#1014);
#693=LINE('',#4624,#1015);
#694=LINE('',#4628,#1016);
#695=LINE('',#4629,#1017);
#696=LINE('',#4632,#1018);
#697=LINE('',#4636,#1019);
#698=LINE('',#4640,#1020);
#699=LINE('',#4644,#1021);
#700=LINE('',#4648,#1022);
#701=LINE('',#4652,#1023);
#702=LINE('',#4654,#1024);
#703=LINE('',#4661,#1025);
#704=LINE('',#4662,#1026);
#705=LINE('',#4665,#1027);
#706=LINE('',#4667,#1028);
#707=LINE('',#4668,#1029);
#708=LINE('',#4671,#1030);
#709=LINE('',#4676,#1031);
#710=LINE('',#4679,#1032);
#711=LINE('',#4680,#1033);
#712=LINE('',#4683,#1034);
#713=LINE('',#4684,#1035);
#714=LINE('',#4687,#1036);
#715=LINE('',#4692,#1037);
#716=LINE('',#4694,#1038);
#717=LINE('',#4697,#1039);
#718=LINE('',#4700,#1040);
#719=LINE('',#4703,#1041);
#720=LINE('',#4704,#1042);
#721=LINE('',#4707,#1043);
#722=LINE('',#4711,#1044);
#723=LINE('',#4712,#1045);
#724=LINE('',#4715,#1046);
#725=LINE('',#4717,#1047);
#726=LINE('',#4718,#1048);
#727=LINE('',#4721,#1049);
#728=LINE('',#4723,#1050);
#729=LINE('',#4724,#1051);
#730=LINE('',#4727,#1052);
#731=LINE('',#4728,#1053);
#732=LINE('',#4731,#1054);
#733=LINE('',#4735,#1055);
#734=LINE('',#4736,#1056);
#735=LINE('',#4739,#1057);
#736=LINE('',#4742,#1058);
#737=LINE('',#4764,#1059);
#738=LINE('',#4772,#1060);
#739=LINE('',#4781,#1061);
#740=LINE('',#4782,#1062);
#741=LINE('',#4783,#1063);
#742=LINE('',#4805,#1064);
#743=LINE('',#4858,#1065);
#744=LINE('',#4862,#1066);
#745=LINE('',#4864,#1067);
#746=LINE('',#4868,#1068);
#747=LINE('',#4872,#1069);
#748=LINE('',#4873,#1070);
#749=LINE('',#4876,#1071);
#750=LINE('',#4879,#1072);
#751=LINE('',#4880,#1073);
#752=LINE('',#4882,#1074);
#753=LINE('',#4886,#1075);
#754=LINE('',#4890,#1076);
#755=LINE('',#4894,#1077);
#756=LINE('',#4898,#1078);
#757=LINE('',#4908,#1079);
#758=LINE('',#4911,#1080);
#759=LINE('',#4914,#1081);
#760=LINE('',#4915,#1082);
#761=LINE('',#4916,#1083);
#762=LINE('',#4922,#1084);
#763=LINE('',#4925,#1085);
#764=LINE('',#4928,#1086);
#765=LINE('',#4932,#1087);
#766=LINE('',#4934,#1088);
#767=LINE('',#4938,#1089);
#768=LINE('',#4940,#1090);
#769=LINE('',#4942,#1091);
#770=LINE('',#4946,#1092);
#771=LINE('',#4950,#1093);
#772=LINE('',#4952,#1094);
#773=LINE('',#4956,#1095);
#774=LINE('',#4960,#1096);
#775=LINE('',#4962,#1097);
#776=LINE('',#4966,#1098);
#777=LINE('',#4970,#1099);
#778=LINE('',#4972,#1100);
#779=LINE('',#4974,#1101);
#780=LINE('',#4978,#1102);
#781=LINE('',#4982,#1103);
#782=LINE('',#4984,#1104);
#783=LINE('',#4988,#1105);
#784=LINE('',#4992,#1106);
#785=LINE('',#4994,#1107);
#786=LINE('',#4998,#1108);
#787=LINE('',#5002,#1109);
#788=LINE('',#5004,#1110);
#789=LINE('',#5006,#1111);
#790=LINE('',#5010,#1112);
#791=LINE('',#5012,#1113);
#792=LINE('',#5015,#1114);
#793=LINE('',#5017,#1115);
#794=LINE('',#5021,#1116);
#795=LINE('',#5040,#1117);
#796=LINE('',#5041,#1118);
#797=LINE('',#5043,#1119);
#798=LINE('',#5045,#1120);
#799=LINE('',#5048,#1121);
#800=LINE('',#5050,#1122);
#801=LINE('',#5051,#1123);
#802=LINE('',#5055,#1124);
#803=LINE('',#5058,#1125);
#804=LINE('',#5059,#1126);
#805=LINE('',#5063,#1127);
#806=LINE('',#5066,#1128);
#807=LINE('',#5067,#1129);
#808=LINE('',#5071,#1130);
#809=LINE('',#5074,#1131);
#810=LINE('',#5075,#1132);
#811=LINE('',#5079,#1133);
#812=LINE('',#5080,#1134);
#813=LINE('',#5082,#1135);
#814=LINE('',#5084,#1136);
#815=LINE('',#5086,#1137);
#816=LINE('',#5087,#1138);
#817=LINE('',#5089,#1139);
#818=LINE('',#5091,#1140);
#819=LINE('',#5092,#1141);
#820=LINE('',#5094,#1142);
#821=LINE('',#5096,#1143);
#822=LINE('',#5098,#1144);
#823=LINE('',#5103,#1145);
#824=LINE('',#5105,#1146);
#825=LINE('',#5110,#1147);
#826=LINE('',#5112,#1148);
#827=LINE('',#5117,#1149);
#828=LINE('',#5119,#1150);
#829=LINE('',#5124,#1151);
#830=LINE('',#5126,#1152);
#831=LINE('',#5131,#1153);
#832=LINE('',#5133,#1154);
#833=LINE('',#5138,#1155);
#834=LINE('',#5140,#1156);
#835=LINE('',#5145,#1157);
#836=LINE('',#5147,#1158);
#837=LINE('',#5152,#1159);
#838=LINE('',#5154,#1160);
#839=LINE('',#5159,#1161);
#840=LINE('',#5163,#1162);
#841=LINE('',#5168,#1163);
#842=LINE('',#5172,#1164);
#843=LINE('',#5178,#1165);
#844=LINE('',#5181,#1166);
#845=LINE('',#5184,#1167);
#846=LINE('',#5186,#1168);
#847=LINE('',#5187,#1169);
#848=LINE('',#5193,#1170);
#849=LINE('',#5196,#1171);
#850=LINE('',#5199,#1172);
#851=LINE('',#5203,#1173);
#852=LINE('',#5205,#1174);
#853=LINE('',#5206,#1175);
#854=LINE('',#5209,#1176);
#855=LINE('',#5210,#1177);
#856=LINE('',#5212,#1178);
#857=LINE('',#5214,#1179);
#858=LINE('',#5215,#1180);
#859=LINE('',#5216,#1181);
#860=LINE('',#5218,#1182);
#861=LINE('',#5220,#1183);
#862=LINE('',#5222,#1184);
#863=LINE('',#5224,#1185);
#864=LINE('',#5225,#1186);
#865=LINE('',#5228,#1187);
#866=LINE('',#5232,#1188);
#867=LINE('',#5236,#1189);
#868=LINE('',#5240,#1190);
#869=LINE('',#5243,#1191);
#870=LINE('',#5245,#1192);
#871=LINE('',#5249,#1193);
#872=LINE('',#5252,#1194);
#873=LINE('',#5253,#1195);
#874=LINE('',#5256,#1196);
#875=LINE('',#5259,#1197);
#876=LINE('',#5261,#1198);
#877=LINE('',#5264,#1199);
#878=LINE('',#5267,#1200);
#879=LINE('',#5269,#1201);
#880=LINE('',#5274,#1202);
#881=LINE('',#5280,#1203);
#882=LINE('',#5282,#1204);
#883=LINE('',#5283,#1205);
#884=LINE('',#5287,#1206);
#885=LINE('',#5290,#1207);
#886=LINE('',#5291,#1208);
#887=LINE('',#5294,#1209);
#888=LINE('',#5295,#1210);
#889=LINE('',#5299,#1211);
#890=LINE('',#5302,#1212);
#891=LINE('',#5303,#1213);
#892=LINE('',#5309,#1214);
#893=LINE('',#5313,#1215);
#894=LINE('',#5317,#1216);
#895=LINE('',#5321,#1217);
#896=LINE('',#5324,#1218);
#897=LINE('',#5325,#1219);
#898=LINE('',#5327,#1220);
#899=LINE('',#5329,#1221);
#900=LINE('',#5330,#1222);
#901=LINE('',#5333,#1223);
#902=LINE('',#5334,#1224);
#903=LINE('',#5337,#1225);
#904=LINE('',#5340,#1226);
#905=LINE('',#5344,#1227);
#906=LINE('',#5345,#1228);
#907=LINE('',#5347,#1229);
#908=LINE('',#5350,#1230);
#909=LINE('',#5351,#1231);
#910=LINE('',#5353,#1232);
#911=LINE('',#5355,#1233);
#912=LINE('',#5356,#1234);
#913=LINE('',#5359,#1235);
#914=LINE('',#5361,#1236);
#915=LINE('',#5362,#1237);
#916=LINE('',#5363,#1238);
#917=LINE('',#5365,#1239);
#918=LINE('',#5367,#1240);
#919=LINE('',#5368,#1241);
#920=LINE('',#5369,#1242);
#921=LINE('',#5375,#1243);
#922=LINE('',#5379,#1244);
#923=LINE('',#5384,#1245);
#924=LINE('',#5388,#1246);
#925=LINE('',#5393,#1247);
#926=LINE('',#5397,#1248);
#927=LINE('',#5402,#1249);
#928=LINE('',#5406,#1250);
#929=LINE('',#5411,#1251);
#930=LINE('',#5415,#1252);
#931=LINE('',#5420,#1253);
#932=LINE('',#5424,#1254);
#933=LINE('',#5429,#1255);
#934=LINE('',#5433,#1256);
#935=LINE('',#5438,#1257);
#936=LINE('',#5442,#1258);
#937=LINE('',#5447,#1259);
#938=LINE('',#5448,#1260);
#939=LINE('',#5450,#1261);
#940=LINE('',#5455,#1262);
#941=LINE('',#5456,#1263);
#942=LINE('',#5458,#1264);
#943=LINE('',#5463,#1265);
#944=LINE('',#5464,#1266);
#945=LINE('',#5466,#1267);
#946=LINE('',#5471,#1268);
#947=LINE('',#5472,#1269);
#948=LINE('',#5474,#1270);
#949=LINE('',#5479,#1271);
#950=LINE('',#5480,#1272);
#951=LINE('',#5483,#1273);
#952=LINE('',#5484,#1274);
#953=LINE('',#5488,#1275);
#954=LINE('',#5490,#1276);
#955=LINE('',#5495,#1277);
#956=LINE('',#5496,#1278);
#957=LINE('',#5498,#1279);
#958=LINE('',#5503,#1280);
#959=LINE('',#5504,#1281);
#960=LINE('',#5506,#1282);
#961=LINE('',#5509,#1283);
#962=LINE('',#5511,#1284);
#963=LINE('',#5514,#1285);
#964=LINE('',#5521,#1286);
#965=LINE('',#5524,#1287);
#966=LINE('',#5527,#1288);
#967=LINE('',#5529,#1289);
#968=LINE('',#5530,#1290);
#969=LINE('',#5535,#1291);
#970=LINE('',#5538,#1292);
#971=LINE('',#5539,#1293);
#972=LINE('',#5546,#1294);
#973=LINE('',#5549,#1295);
#974=LINE('',#5552,#1296);
#975=LINE('',#5554,#1297);
#976=LINE('',#5555,#1298);
#977=LINE('',#5560,#1299);
#978=LINE('',#5563,#1300);
#979=LINE('',#5564,#1301);
#980=LINE('',#5571,#1302);
#981=LINE('',#5574,#1303);
#982=LINE('',#5577,#1304);
#983=LINE('',#5579,#1305);
#984=LINE('',#5580,#1306);
#985=LINE('',#5585,#1307);
#986=LINE('',#5588,#1308);
#987=LINE('',#5589,#1309);
#988=LINE('',#5596,#1310);
#989=LINE('',#5599,#1311);
#990=LINE('',#5602,#1312);
#991=LINE('',#5604,#1313);
#992=LINE('',#5605,#1314);
#993=LINE('',#5610,#1315);
#994=LINE('',#5613,#1316);
#995=LINE('',#5614,#1317);
#996=LINE('',#5618,#1318);
#997=VECTOR('',#3617,10.);
#998=VECTOR('',#3618,10.);
#999=VECTOR('',#3619,10.);
#1000=VECTOR('',#3620,10.);
#1001=VECTOR('',#3625,10.);
#1002=VECTOR('',#3630,10.);
#1003=VECTOR('',#3631,10.);
#1004=VECTOR('',#3632,10.);
#1005=VECTOR('',#3637,10.);
#1006=VECTOR('',#3642,10.);
#1007=VECTOR('',#3643,10.);
#1008=VECTOR('',#3644,10.);
#1009=VECTOR('',#3647,10.);
#1010=VECTOR('',#3650,10.);
#1011=VECTOR('',#3653,10.);
#1012=VECTOR('',#3654,10.);
#1013=VECTOR('',#3655,10.);
#1014=VECTOR('',#3656,10.);
#1015=VECTOR('',#3659,10.);
#1016=VECTOR('',#3664,10.);
#1017=VECTOR('',#3665,10.);
#1018=VECTOR('',#3666,10.);
#1019=VECTOR('',#3669,10.);
#1020=VECTOR('',#3672,10.);
#1021=VECTOR('',#3675,10.);
#1022=VECTOR('',#3680,10.);
#1023=VECTOR('',#3685,10.);
#1024=VECTOR('',#3686,10.);
#1025=VECTOR('',#3687,10.);
#1026=VECTOR('',#3688,10.);
#1027=VECTOR('',#3691,10.);
#1028=VECTOR('',#3692,10.);
#1029=VECTOR('',#3693,10.);
#1030=VECTOR('',#3696,10.);
#1031=VECTOR('',#3703,10.);
#1032=VECTOR('',#3706,10.);
#1033=VECTOR('',#3707,10.);
#1034=VECTOR('',#3710,10.);
#1035=VECTOR('',#3711,10.);
#1036=VECTOR('',#3714,10.);
#1037=VECTOR('',#3721,10.);
#1038=VECTOR('',#3724,10.);
#1039=VECTOR('',#3727,10.);
#1040=VECTOR('',#3730,10.);
#1041=VECTOR('',#3733,10.);
#1042=VECTOR('',#3734,10.);
#1043=VECTOR('',#3737,10.);
#1044=VECTOR('',#3742,10.);
#1045=VECTOR('',#3743,10.);
#1046=VECTOR('',#3746,10.);
#1047=VECTOR('',#3747,10.);
#1048=VECTOR('',#3748,10.);
#1049=VECTOR('',#3751,10.);
#1050=VECTOR('',#3752,10.);
#1051=VECTOR('',#3753,10.);
#1052=VECTOR('',#3756,10.);
#1053=VECTOR('',#3757,10.);
#1054=VECTOR('',#3760,10.);
#1055=VECTOR('',#3765,10.);
#1056=VECTOR('',#3766,10.);
#1057=VECTOR('',#3769,10.);
#1058=VECTOR('',#3774,10.);
#1059=VECTOR('',#3775,10.);
#1060=VECTOR('',#3776,10.);
#1061=VECTOR('',#3779,10.);
#1062=VECTOR('',#3780,10.);
#1063=VECTOR('',#3781,10.);
#1064=VECTOR('',#3782,10.);
#1065=VECTOR('',#3785,10.);
#1066=VECTOR('',#3790,10.);
#1067=VECTOR('',#3791,10.);
#1068=VECTOR('',#3794,10.);
#1069=VECTOR('',#3797,10.);
#1070=VECTOR('',#3798,10.);
#1071=VECTOR('',#3801,10.);
#1072=VECTOR('',#3804,10.);
#1073=VECTOR('',#3805,10.);
#1074=VECTOR('',#3808,10.);
#1075=VECTOR('',#3811,10.);
#1076=VECTOR('',#3814,10.);
#1077=VECTOR('',#3817,10.);
#1078=VECTOR('',#3820,10.);
#1079=VECTOR('',#3833,10.);
#1080=VECTOR('',#3836,10.);
#1081=VECTOR('',#3839,10.);
#1082=VECTOR('',#3840,10.);
#1083=VECTOR('',#3841,10.);
#1084=VECTOR('',#3846,10.);
#1085=VECTOR('',#3849,10.);
#1086=VECTOR('',#3852,10.);
#1087=VECTOR('',#3855,10.);
#1088=VECTOR('',#3856,10.);
#1089=VECTOR('',#3859,10.);
#1090=VECTOR('',#3860,10.);
#1091=VECTOR('',#3861,10.);
#1092=VECTOR('',#3864,10.);
#1093=VECTOR('',#3867,10.);
#1094=VECTOR('',#3868,10.);
#1095=VECTOR('',#3871,10.);
#1096=VECTOR('',#3874,10.);
#1097=VECTOR('',#3875,10.);
#1098=VECTOR('',#3878,10.);
#1099=VECTOR('',#3881,10.);
#1100=VECTOR('',#3882,10.);
#1101=VECTOR('',#3883,10.);
#1102=VECTOR('',#3886,10.);
#1103=VECTOR('',#3889,10.);
#1104=VECTOR('',#3890,10.);
#1105=VECTOR('',#3893,10.);
#1106=VECTOR('',#3896,10.);
#1107=VECTOR('',#3897,10.);
#1108=VECTOR('',#3900,10.);
#1109=VECTOR('',#3903,10.);
#1110=VECTOR('',#3904,10.);
#1111=VECTOR('',#3905,10.);
#1112=VECTOR('',#3908,10.);
#1113=VECTOR('',#3909,10.);
#1114=VECTOR('',#3912,10.);
#1115=VECTOR('',#3913,10.);
#1116=VECTOR('',#3916,10.);
#1117=VECTOR('',#3937,10.);
#1118=VECTOR('',#3938,10.);
#1119=VECTOR('',#3941,10.);
#1120=VECTOR('',#3944,10.);
#1121=VECTOR('',#3947,10.);
#1122=VECTOR('',#3948,10.);
#1123=VECTOR('',#3949,10.);
#1124=VECTOR('',#3954,10.);
#1125=VECTOR('',#3957,10.);
#1126=VECTOR('',#3958,10.);
#1127=VECTOR('',#3963,10.);
#1128=VECTOR('',#3966,10.);
#1129=VECTOR('',#3967,10.);
#1130=VECTOR('',#3972,10.);
#1131=VECTOR('',#3975,10.);
#1132=VECTOR('',#3976,10.);
#1133=VECTOR('',#3983,10.);
#1134=VECTOR('',#3984,10.);
#1135=VECTOR('',#3987,10.);
#1136=VECTOR('',#3988,10.);
#1137=VECTOR('',#3989,10.);
#1138=VECTOR('',#3990,10.);
#1139=VECTOR('',#3991,10.);
#1140=VECTOR('',#3992,10.);
#1141=VECTOR('',#3993,10.);
#1142=VECTOR('',#3996,10.);
#1143=VECTOR('',#3999,10.);
#1144=VECTOR('',#4002,10.);
#1145=VECTOR('',#4007,0.63225);
#1146=VECTOR('',#4010,1.2645);
#1147=VECTOR('',#4015,0.63225);
#1148=VECTOR('',#4018,1.2645);
#1149=VECTOR('',#4023,0.63225);
#1150=VECTOR('',#4026,1.2645);
#1151=VECTOR('',#4031,0.63225);
#1152=VECTOR('',#4034,1.2645);
#1153=VECTOR('',#4039,0.63225);
#1154=VECTOR('',#4042,1.2645);
#1155=VECTOR('',#4047,0.63225);
#1156=VECTOR('',#4050,1.2645);
#1157=VECTOR('',#4055,0.63225);
#1158=VECTOR('',#4058,1.2645);
#1159=VECTOR('',#4063,0.63225);
#1160=VECTOR('',#4066,1.2645);
#1161=VECTOR('',#4071,0.40575);
#1162=VECTOR('',#4076,0.8115);
#1163=VECTOR('',#4081,0.40575);
#1164=VECTOR('',#4086,0.8115);
#1165=VECTOR('',#4091,10.);
#1166=VECTOR('',#4094,10.);
#1167=VECTOR('',#4097,10.);
#1168=VECTOR('',#4098,10.);
#1169=VECTOR('',#4099,10.);
#1170=VECTOR('',#4104,10.);
#1171=VECTOR('',#4107,10.);
#1172=VECTOR('',#4110,10.);
#1173=VECTOR('',#4113,10.);
#1174=VECTOR('',#4114,10.);
#1175=VECTOR('',#4115,10.);
#1176=VECTOR('',#4118,10.);
#1177=VECTOR('',#4119,10.);
#1178=VECTOR('',#4120,10.);
#1179=VECTOR('',#4121,10.);
#1180=VECTOR('',#4122,10.);
#1181=VECTOR('',#4123,10.);
#1182=VECTOR('',#4124,10.);
#1183=VECTOR('',#4125,10.);
#1184=VECTOR('',#4126,10.);
#1185=VECTOR('',#4127,10.);
#1186=VECTOR('',#4128,10.);
#1187=VECTOR('',#4129,10.);
#1188=VECTOR('',#4132,10.);
#1189=VECTOR('',#4135,10.);
#1190=VECTOR('',#4138,10.);
#1191=VECTOR('',#4143,10.);
#1192=VECTOR('',#4146,10.);
#1193=VECTOR('',#4151,10.);
#1194=VECTOR('',#4154,10.);
#1195=VECTOR('',#4155,10.);
#1196=VECTOR('',#4158,10.);
#1197=VECTOR('',#4161,10.);
#1198=VECTOR('',#4164,10.);
#1199=VECTOR('',#4167,10.);
#1200=VECTOR('',#4170,10.);
#1201=VECTOR('',#4173,10.);
#1202=VECTOR('',#4178,10.);
#1203=VECTOR('',#4185,10.);
#1204=VECTOR('',#4186,10.);
#1205=VECTOR('',#4187,10.);
#1206=VECTOR('',#4192,10.);
#1207=VECTOR('',#4195,10.);
#1208=VECTOR('',#4196,10.);
#1209=VECTOR('',#4199,10.);
#1210=VECTOR('',#4200,10.);
#1211=VECTOR('',#4205,10.);
#1212=VECTOR('',#4208,10.);
#1213=VECTOR('',#4209,10.);
#1214=VECTOR('',#4216,10.);
#1215=VECTOR('',#4219,10.);
#1216=VECTOR('',#4222,10.);
#1217=VECTOR('',#4225,10.);
#1218=VECTOR('',#4230,10.);
#1219=VECTOR('',#4231,10.);
#1220=VECTOR('',#4234,10.);
#1221=VECTOR('',#4237,10.);
#1222=VECTOR('',#4238,10.);
#1223=VECTOR('',#4243,10.);
#1224=VECTOR('',#4244,10.);
#1225=VECTOR('',#4249,10.);
#1226=VECTOR('',#4254,10.);
#1227=VECTOR('',#4259,10.);
#1228=VECTOR('',#4260,10.);
#1229=VECTOR('',#4263,10.);
#1230=VECTOR('',#4266,10.);
#1231=VECTOR('',#4267,10.);
#1232=VECTOR('',#4270,10.);
#1233=VECTOR('',#4273,10.);
#1234=VECTOR('',#4274,10.);
#1235=VECTOR('',#4277,10.);
#1236=VECTOR('',#4278,10.);
#1237=VECTOR('',#4279,10.);
#1238=VECTOR('',#4280,10.);
#1239=VECTOR('',#4281,10.);
#1240=VECTOR('',#4282,10.);
#1241=VECTOR('',#4283,10.);
#1242=VECTOR('',#4284,10.);
#1243=VECTOR('',#4291,0.63225);
#1244=VECTOR('',#4296,1.2645);
#1245=VECTOR('',#4301,0.63225);
#1246=VECTOR('',#4306,1.2645);
#1247=VECTOR('',#4311,0.63225);
#1248=VECTOR('',#4316,1.2645);
#1249=VECTOR('',#4321,0.63225);
#1250=VECTOR('',#4326,1.2645);
#1251=VECTOR('',#4331,0.63225);
#1252=VECTOR('',#4336,1.2645);
#1253=VECTOR('',#4341,0.63225);
#1254=VECTOR('',#4346,1.2645);
#1255=VECTOR('',#4351,0.63225);
#1256=VECTOR('',#4356,1.2645);
#1257=VECTOR('',#4361,0.63225);
#1258=VECTOR('',#4366,1.2645);
#1259=VECTOR('',#4371,10.);
#1260=VECTOR('',#4372,10.);
#1261=VECTOR('',#4375,10.);
#1262=VECTOR('',#4380,10.);
#1263=VECTOR('',#4381,10.);
#1264=VECTOR('',#4384,10.);
#1265=VECTOR('',#4389,10.);
#1266=VECTOR('',#4390,10.);
#1267=VECTOR('',#4393,10.);
#1268=VECTOR('',#4398,10.);
#1269=VECTOR('',#4399,10.);
#1270=VECTOR('',#4402,10.);
#1271=VECTOR('',#4407,10.);
#1272=VECTOR('',#4408,10.);
#1273=VECTOR('',#4411,10.);
#1274=VECTOR('',#4412,10.);
#1275=VECTOR('',#4417,10.);
#1276=VECTOR('',#4420,10.);
#1277=VECTOR('',#4425,10.);
#1278=VECTOR('',#4426,10.);
#1279=VECTOR('',#4429,10.);
#1280=VECTOR('',#4434,10.);
#1281=VECTOR('',#4435,10.);
#1282=VECTOR('',#4438,10.);
#1283=VECTOR('',#4443,10.);
#1284=VECTOR('',#4446,10.);
#1285=VECTOR('',#4451,10.);
#1286=VECTOR('',#4458,10.);
#1287=VECTOR('',#4461,10.);
#1288=VECTOR('',#4464,10.);
#1289=VECTOR('',#4465,10.);
#1290=VECTOR('',#4466,10.);
#1291=VECTOR('',#4471,10.);
#1292=VECTOR('',#4476,10.);
#1293=VECTOR('',#4477,10.);
#1294=VECTOR('',#4484,10.);
#1295=VECTOR('',#4487,10.);
#1296=VECTOR('',#4490,10.);
#1297=VECTOR('',#4491,10.);
#1298=VECTOR('',#4492,10.);
#1299=VECTOR('',#4497,10.);
#1300=VECTOR('',#4502,10.);
#1301=VECTOR('',#4503,10.);
#1302=VECTOR('',#4510,10.);
#1303=VECTOR('',#4513,10.);
#1304=VECTOR('',#4516,10.);
#1305=VECTOR('',#4517,10.);
#1306=VECTOR('',#4518,10.);
#1307=VECTOR('',#4523,10.);
#1308=VECTOR('',#4528,10.);
#1309=VECTOR('',#4529,10.);
#1310=VECTOR('',#4536,10.);
#1311=VECTOR('',#4539,10.);
#1312=VECTOR('',#4542,10.);
#1313=VECTOR('',#4543,10.);
#1314=VECTOR('',#4544,10.);
#1315=VECTOR('',#4549,10.);
#1316=VECTOR('',#4554,10.);
#1317=VECTOR('',#4555,10.);
#1318=VECTOR('',#4562,10.);
#1319=VERTEX_POINT('',#4571);
#1320=VERTEX_POINT('',#4572);
#1321=VERTEX_POINT('',#4574);
#1322=VERTEX_POINT('',#4576);
#1323=VERTEX_POINT('',#4580);
#1324=VERTEX_POINT('',#4582);
#1325=VERTEX_POINT('',#4586);
#1326=VERTEX_POINT('',#4587);
#1327=VERTEX_POINT('',#4592);
#1328=VERTEX_POINT('',#4594);
#1329=VERTEX_POINT('',#4598);
#1330=VERTEX_POINT('',#4599);
#1331=VERTEX_POINT('',#4604);
#1332=VERTEX_POINT('',#4606);
#1333=VERTEX_POINT('',#4610);
#1334=VERTEX_POINT('',#4612);
#1335=VERTEX_POINT('',#4614);
#1336=VERTEX_POINT('',#4616);
#1337=VERTEX_POINT('',#4623);
#1338=VERTEX_POINT('',#4627);
#1339=VERTEX_POINT('',#4630);
#1340=VERTEX_POINT('',#4631);
#1341=VERTEX_POINT('',#4633);
#1342=VERTEX_POINT('',#4635);
#1343=VERTEX_POINT('',#4637);
#1344=VERTEX_POINT('',#4639);
#1345=VERTEX_POINT('',#4641);
#1346=VERTEX_POINT('',#4643);
#1347=VERTEX_POINT('',#4647);
#1348=VERTEX_POINT('',#4651);
#1349=VERTEX_POINT('',#4653);
#1350=VERTEX_POINT('',#4655);
#1351=VERTEX_POINT('',#4660);
#1352=VERTEX_POINT('',#4664);
#1353=VERTEX_POINT('',#4666);
#1354=VERTEX_POINT('',#4670);
#1355=VERTEX_POINT('',#4674);
#1356=VERTEX_POINT('',#4678);
#1357=VERTEX_POINT('',#4682);
#1358=VERTEX_POINT('',#4686);
#1359=VERTEX_POINT('',#4690);
#1360=VERTEX_POINT('',#4696);
#1361=VERTEX_POINT('',#4698);
#1362=VERTEX_POINT('',#4702);
#1363=VERTEX_POINT('',#4706);
#1364=VERTEX_POINT('',#4710);
#1365=VERTEX_POINT('',#4714);
#1366=VERTEX_POINT('',#4716);
#1367=VERTEX_POINT('',#4720);
#1368=VERTEX_POINT('',#4722);
#1369=VERTEX_POINT('',#4726);
#1370=VERTEX_POINT('',#4730);
#1371=VERTEX_POINT('',#4734);
#1372=VERTEX_POINT('',#4738);
#1373=VERTEX_POINT('',#4763);
#1374=VERTEX_POINT('',#4765);
#1375=VERTEX_POINT('',#4771);
#1376=VERTEX_POINT('',#4779);
#1377=VERTEX_POINT('',#4780);
#1378=VERTEX_POINT('',#4804);
#1379=VERTEX_POINT('',#4857);
#1380=VERTEX_POINT('',#4861);
#1381=VERTEX_POINT('',#4863);
#1382=VERTEX_POINT('',#4865);
#1383=VERTEX_POINT('',#4867);
#1384=VERTEX_POINT('',#4869);
#1385=VERTEX_POINT('',#4871);
#1386=VERTEX_POINT('',#4875);
#1387=VERTEX_POINT('',#4877);
#1388=VERTEX_POINT('',#4884);
#1389=VERTEX_POINT('',#4885);
#1390=VERTEX_POINT('',#4887);
#1391=VERTEX_POINT('',#4889);
#1392=VERTEX_POINT('',#4891);
#1393=VERTEX_POINT('',#4893);
#1394=VERTEX_POINT('',#4895);
#1395=VERTEX_POINT('',#4897);
#1396=VERTEX_POINT('',#4904);
#1397=VERTEX_POINT('',#4905);
#1398=VERTEX_POINT('',#4907);
#1399=VERTEX_POINT('',#4909);
#1400=VERTEX_POINT('',#4913);
#1401=VERTEX_POINT('',#4918);
#1402=VERTEX_POINT('',#4919);
#1403=VERTEX_POINT('',#4921);
#1404=VERTEX_POINT('',#4923);
#1405=VERTEX_POINT('',#4927);
#1406=VERTEX_POINT('',#4929);
#1407=VERTEX_POINT('',#4931);
#1408=VERTEX_POINT('',#4933);
#1409=VERTEX_POINT('',#4935);
#1410=VERTEX_POINT('',#4937);
#1411=VERTEX_POINT('',#4939);
#1412=VERTEX_POINT('',#4941);
#1413=VERTEX_POINT('',#4943);
#1414=VERTEX_POINT('',#4945);
#1415=VERTEX_POINT('',#4947);
#1416=VERTEX_POINT('',#4949);
#1417=VERTEX_POINT('',#4951);
#1418=VERTEX_POINT('',#4953);
#1419=VERTEX_POINT('',#4955);
#1420=VERTEX_POINT('',#4957);
#1421=VERTEX_POINT('',#4959);
#1422=VERTEX_POINT('',#4961);
#1423=VERTEX_POINT('',#4963);
#1424=VERTEX_POINT('',#4965);
#1425=VERTEX_POINT('',#4967);
#1426=VERTEX_POINT('',#4969);
#1427=VERTEX_POINT('',#4971);
#1428=VERTEX_POINT('',#4973);
#1429=VERTEX_POINT('',#4975);
#1430=VERTEX_POINT('',#4977);
#1431=VERTEX_POINT('',#4979);
#1432=VERTEX_POINT('',#4981);
#1433=VERTEX_POINT('',#4983);
#1434=VERTEX_POINT('',#4985);
#1435=VERTEX_POINT('',#4987);
#1436=VERTEX_POINT('',#4989);
#1437=VERTEX_POINT('',#4991);
#1438=VERTEX_POINT('',#4993);
#1439=VERTEX_POINT('',#4995);
#1440=VERTEX_POINT('',#4997);
#1441=VERTEX_POINT('',#4999);
#1442=VERTEX_POINT('',#5001);
#1443=VERTEX_POINT('',#5003);
#1444=VERTEX_POINT('',#5005);
#1445=VERTEX_POINT('',#5007);
#1446=VERTEX_POINT('',#5009);
#1447=VERTEX_POINT('',#5011);
#1448=VERTEX_POINT('',#5013);
#1449=VERTEX_POINT('',#5016);
#1450=VERTEX_POINT('',#5018);
#1451=VERTEX_POINT('',#5020);
#1452=VERTEX_POINT('',#5023);
#1453=VERTEX_POINT('',#5025);
#1454=VERTEX_POINT('',#5027);
#1455=VERTEX_POINT('',#5029);
#1456=VERTEX_POINT('',#5031);
#1457=VERTEX_POINT('',#5033);
#1458=VERTEX_POINT('',#5035);
#1459=VERTEX_POINT('',#5037);
#1460=VERTEX_POINT('',#5047);
#1461=VERTEX_POINT('',#5049);
#1462=VERTEX_POINT('',#5053);
#1463=VERTEX_POINT('',#5057);
#1464=VERTEX_POINT('',#5061);
#1465=VERTEX_POINT('',#5065);
#1466=VERTEX_POINT('',#5069);
#1467=VERTEX_POINT('',#5073);
#1468=VERTEX_POINT('',#5083);
#1469=VERTEX_POINT('',#5085);
#1470=VERTEX_POINT('',#5088);
#1471=VERTEX_POINT('',#5090);
#1472=VERTEX_POINT('',#5100);
#1473=VERTEX_POINT('',#5102);
#1474=VERTEX_POINT('',#5107);
#1475=VERTEX_POINT('',#5109);
#1476=VERTEX_POINT('',#5114);
#1477=VERTEX_POINT('',#5116);
#1478=VERTEX_POINT('',#5121);
#1479=VERTEX_POINT('',#5123);
#1480=VERTEX_POINT('',#5128);
#1481=VERTEX_POINT('',#5130);
#1482=VERTEX_POINT('',#5135);
#1483=VERTEX_POINT('',#5137);
#1484=VERTEX_POINT('',#5142);
#1485=VERTEX_POINT('',#5144);
#1486=VERTEX_POINT('',#5149);
#1487=VERTEX_POINT('',#5151);
#1488=VERTEX_POINT('',#5156);
#1489=VERTEX_POINT('',#5158);
#1490=VERTEX_POINT('',#5161);
#1491=VERTEX_POINT('',#5165);
#1492=VERTEX_POINT('',#5167);
#1493=VERTEX_POINT('',#5170);
#1494=VERTEX_POINT('',#5174);
#1495=VERTEX_POINT('',#5175);
#1496=VERTEX_POINT('',#5177);
#1497=VERTEX_POINT('',#5179);
#1498=VERTEX_POINT('',#5183);
#1499=VERTEX_POINT('',#5185);
#1500=VERTEX_POINT('',#5189);
#1501=VERTEX_POINT('',#5190);
#1502=VERTEX_POINT('',#5192);
#1503=VERTEX_POINT('',#5194);
#1504=VERTEX_POINT('',#5198);
#1505=VERTEX_POINT('',#5200);
#1506=VERTEX_POINT('',#5202);
#1507=VERTEX_POINT('',#5204);
#1508=VERTEX_POINT('',#5208);
#1509=VERTEX_POINT('',#5211);
#1510=VERTEX_POINT('',#5213);
#1511=VERTEX_POINT('',#5217);
#1512=VERTEX_POINT('',#5219);
#1513=VERTEX_POINT('',#5221);
#1514=VERTEX_POINT('',#5223);
#1515=VERTEX_POINT('',#5226);
#1516=VERTEX_POINT('',#5227);
#1517=VERTEX_POINT('',#5229);
#1518=VERTEX_POINT('',#5231);
#1519=VERTEX_POINT('',#5233);
#1520=VERTEX_POINT('',#5235);
#1521=VERTEX_POINT('',#5237);
#1522=VERTEX_POINT('',#5239);
#1523=VERTEX_POINT('',#5247);
#1524=VERTEX_POINT('',#5251);
#1525=VERTEX_POINT('',#5255);
#1526=VERTEX_POINT('',#5257);
#1527=VERTEX_POINT('',#5263);
#1528=VERTEX_POINT('',#5265);
#1529=VERTEX_POINT('',#5271);
#1530=VERTEX_POINT('',#5273);
#1531=VERTEX_POINT('',#5277);
#1532=VERTEX_POINT('',#5279);
#1533=VERTEX_POINT('',#5281);
#1534=VERTEX_POINT('',#5285);
#1535=VERTEX_POINT('',#5289);
#1536=VERTEX_POINT('',#5293);
#1537=VERTEX_POINT('',#5297);
#1538=VERTEX_POINT('',#5301);
#1539=VERTEX_POINT('',#5307);
#1540=VERTEX_POINT('',#5308);
#1541=VERTEX_POINT('',#5310);
#1542=VERTEX_POINT('',#5312);
#1543=VERTEX_POINT('',#5314);
#1544=VERTEX_POINT('',#5316);
#1545=VERTEX_POINT('',#5318);
#1546=VERTEX_POINT('',#5320);
#1547=VERTEX_POINT('',#5343);
#1548=VERTEX_POINT('',#5349);
#1549=VERTEX_POINT('',#5358);
#1550=VERTEX_POINT('',#5360);
#1551=VERTEX_POINT('',#5364);
#1552=VERTEX_POINT('',#5366);
#1553=VERTEX_POINT('',#5372);
#1554=VERTEX_POINT('',#5374);
#1555=VERTEX_POINT('',#5377);
#1556=VERTEX_POINT('',#5381);
#1557=VERTEX_POINT('',#5383);
#1558=VERTEX_POINT('',#5386);
#1559=VERTEX_POINT('',#5390);
#1560=VERTEX_POINT('',#5392);
#1561=VERTEX_POINT('',#5395);
#1562=VERTEX_POINT('',#5399);
#1563=VERTEX_POINT('',#5401);
#1564=VERTEX_POINT('',#5404);
#1565=VERTEX_POINT('',#5408);
#1566=VERTEX_POINT('',#5410);
#1567=VERTEX_POINT('',#5413);
#1568=VERTEX_POINT('',#5417);
#1569=VERTEX_POINT('',#5419);
#1570=VERTEX_POINT('',#5422);
#1571=VERTEX_POINT('',#5426);
#1572=VERTEX_POINT('',#5428);
#1573=VERTEX_POINT('',#5431);
#1574=VERTEX_POINT('',#5435);
#1575=VERTEX_POINT('',#5437);
#1576=VERTEX_POINT('',#5440);
#1577=VERTEX_POINT('',#5444);
#1578=VERTEX_POINT('',#5445);
#1579=VERTEX_POINT('',#5452);
#1580=VERTEX_POINT('',#5453);
#1581=VERTEX_POINT('',#5460);
#1582=VERTEX_POINT('',#5461);
#1583=VERTEX_POINT('',#5468);
#1584=VERTEX_POINT('',#5469);
#1585=VERTEX_POINT('',#5476);
#1586=VERTEX_POINT('',#5477);
#1587=VERTEX_POINT('',#5482);
#1588=VERTEX_POINT('',#5486);
#1589=VERTEX_POINT('',#5492);
#1590=VERTEX_POINT('',#5493);
#1591=VERTEX_POINT('',#5500);
#1592=VERTEX_POINT('',#5501);
#1593=VERTEX_POINT('',#5517);
#1594=VERTEX_POINT('',#5518);
#1595=VERTEX_POINT('',#5520);
#1596=VERTEX_POINT('',#5522);
#1597=VERTEX_POINT('',#5526);
#1598=VERTEX_POINT('',#5528);
#1599=VERTEX_POINT('',#5532);
#1600=VERTEX_POINT('',#5534);
#1601=VERTEX_POINT('',#5542);
#1602=VERTEX_POINT('',#5543);
#1603=VERTEX_POINT('',#5545);
#1604=VERTEX_POINT('',#5547);
#1605=VERTEX_POINT('',#5551);
#1606=VERTEX_POINT('',#5553);
#1607=VERTEX_POINT('',#5557);
#1608=VERTEX_POINT('',#5559);
#1609=VERTEX_POINT('',#5567);
#1610=VERTEX_POINT('',#5568);
#1611=VERTEX_POINT('',#5570);
#1612=VERTEX_POINT('',#5572);
#1613=VERTEX_POINT('',#5576);
#1614=VERTEX_POINT('',#5578);
#1615=VERTEX_POINT('',#5582);
#1616=VERTEX_POINT('',#5584);
#1617=VERTEX_POINT('',#5592);
#1618=VERTEX_POINT('',#5593);
#1619=VERTEX_POINT('',#5595);
#1620=VERTEX_POINT('',#5597);
#1621=VERTEX_POINT('',#5601);
#1622=VERTEX_POINT('',#5603);
#1623=VERTEX_POINT('',#5607);
#1624=VERTEX_POINT('',#5609);
#1625=EDGE_CURVE('',#1319,#1320,#675,.T.);
#1626=EDGE_CURVE('',#1320,#1321,#676,.T.);
#1627=EDGE_CURVE('',#1321,#1322,#677,.T.);
#1628=EDGE_CURVE('',#1322,#1319,#678,.T.);
#1629=EDGE_CURVE('',#1321,#1323,#121,.T.);
#1630=EDGE_CURVE('',#1323,#1324,#679,.T.);
#1631=EDGE_CURVE('',#1324,#1322,#122,.T.);
#1632=EDGE_CURVE('',#1325,#1326,#680,.T.);
#1633=EDGE_CURVE('',#1326,#1324,#681,.T.);
#1634=EDGE_CURVE('',#1323,#1325,#682,.T.);
#1635=EDGE_CURVE('',#1325,#1327,#123,.T.);
#1636=EDGE_CURVE('',#1327,#1328,#683,.T.);
#1637=EDGE_CURVE('',#1328,#1326,#124,.T.);
#1638=EDGE_CURVE('',#1329,#1330,#684,.T.);
#1639=EDGE_CURVE('',#1330,#1328,#685,.T.);
#1640=EDGE_CURVE('',#1327,#1329,#686,.T.);
#1641=EDGE_CURVE('',#1329,#1331,#687,.T.);
#1642=EDGE_CURVE('',#1332,#1331,#115,.T.);
#1643=EDGE_CURVE('',#1332,#1330,#688,.T.);
#1644=EDGE_CURVE('',#1333,#1327,#689,.T.);
#1645=EDGE_CURVE('',#1334,#1333,#690,.T.);
#1646=EDGE_CURVE('',#1335,#1334,#691,.T.);
#1647=EDGE_CURVE('',#1336,#1335,#107,.T.);
#1648=EDGE_CURVE('',#1331,#1336,#692,.T.);
#1649=EDGE_CURVE('',#1325,#1337,#693,.T.);
#1650=EDGE_CURVE('',#1333,#1337,#125,.T.);
#1651=EDGE_CURVE('',#1338,#1323,#694,.T.);
#1652=EDGE_CURVE('',#1337,#1338,#695,.T.);
#1653=EDGE_CURVE('',#1339,#1340,#696,.T.);
#1654=EDGE_CURVE('',#1341,#1339,#126,.T.);
#1655=EDGE_CURVE('',#1342,#1341,#697,.T.);
#1656=EDGE_CURVE('',#1343,#1342,#127,.T.);
#1657=EDGE_CURVE('',#1344,#1343,#698,.T.);
#1658=EDGE_CURVE('',#1345,#1344,#128,.T.);
#1659=EDGE_CURVE('',#1346,#1345,#699,.T.);
#1660=EDGE_CURVE('',#1340,#1346,#129,.T.);
#1661=EDGE_CURVE('',#1321,#1347,#700,.T.);
#1662=EDGE_CURVE('',#1338,#1347,#130,.T.);
#1663=EDGE_CURVE('',#1348,#1320,#701,.T.);
#1664=EDGE_CURVE('',#1349,#1348,#702,.T.);
#1665=EDGE_CURVE('',#1350,#1349,#108,.T.);
#1666=EDGE_CURVE('',#1351,#1350,#703,.T.);
#1667=EDGE_CURVE('',#1347,#1351,#704,.T.);
#1668=EDGE_CURVE('',#1352,#1339,#705,.T.);
#1669=EDGE_CURVE('',#1340,#1353,#706,.T.);
#1670=EDGE_CURVE('',#1353,#1352,#707,.T.);
#1671=EDGE_CURVE('',#1346,#1354,#708,.T.);
#1672=EDGE_CURVE('',#1354,#1353,#131,.T.);
#1673=EDGE_CURVE('',#1352,#1355,#132,.T.);
#1674=EDGE_CURVE('',#1355,#1341,#709,.T.);
#1675=EDGE_CURVE('',#1345,#1356,#710,.T.);
#1676=EDGE_CURVE('',#1356,#1354,#711,.T.);
#1677=EDGE_CURVE('',#1357,#1342,#712,.T.);
#1678=EDGE_CURVE('',#1355,#1357,#713,.T.);
#1679=EDGE_CURVE('',#1344,#1358,#714,.T.);
#1680=EDGE_CURVE('',#1358,#1356,#133,.T.);
#1681=EDGE_CURVE('',#1357,#1359,#134,.T.);
#1682=EDGE_CURVE('',#1359,#1343,#715,.T.);
#1683=EDGE_CURVE('',#1359,#1358,#716,.T.);
#1684=EDGE_CURVE('',#1357,#1360,#717,.T.);
#1685=EDGE_CURVE('',#1361,#1360,#135,.T.);
#1686=EDGE_CURVE('',#1361,#1359,#718,.T.);
#1687=EDGE_CURVE('',#1362,#1355,#719,.T.);
#1688=EDGE_CURVE('',#1360,#1362,#720,.T.);
#1689=EDGE_CURVE('',#1352,#1363,#721,.T.);
#1690=EDGE_CURVE('',#1362,#1363,#136,.T.);
#1691=EDGE_CURVE('',#1364,#1353,#722,.T.);
#1692=EDGE_CURVE('',#1363,#1364,#723,.T.);
#1693=EDGE_CURVE('',#1350,#1365,#724,.T.);
#1694=EDGE_CURVE('',#1365,#1366,#725,.T.);
#1695=EDGE_CURVE('',#1366,#1351,#726,.T.);
#1696=EDGE_CURVE('',#1333,#1367,#727,.T.);
#1697=EDGE_CURVE('',#1367,#1368,#728,.T.);
#1698=EDGE_CURVE('',#1368,#1334,#729,.T.);
#1699=EDGE_CURVE('',#1368,#1369,#730,.T.);
#1700=EDGE_CURVE('',#1369,#1335,#731,.T.);
#1701=EDGE_CURVE('',#1337,#1370,#732,.T.);
#1702=EDGE_CURVE('',#1370,#1367,#137,.T.);
#1703=EDGE_CURVE('',#1338,#1371,#733,.T.);
#1704=EDGE_CURVE('',#1371,#1370,#734,.T.);
#1705=EDGE_CURVE('',#1347,#1372,#735,.T.);
#1706=EDGE_CURVE('',#1372,#1371,#138,.T.);
#1707=EDGE_CURVE('',#1366,#1372,#736,.T.);
#1708=EDGE_CURVE('',#1336,#1373,#737,.T.);
#1709=EDGE_CURVE('',#1373,#1374,#109,.T.);
#1710=EDGE_CURVE('',#1374,#1375,#738,.T.);
#1711=EDGE_CURVE('',#1375,#1336,#110,.T.);
#1712=EDGE_CURVE('',#1376,#1377,#739,.T.);
#1713=EDGE_CURVE('',#1377,#1375,#740,.T.);
#1714=EDGE_CURVE('',#1374,#1376,#741,.T.);
#1715=EDGE_CURVE('',#1378,#1349,#742,.T.);
#1716=EDGE_CURVE('',#1349,#1377,#111,.T.);
#1717=EDGE_CURVE('',#1376,#1378,#112,.T.);
#1718=EDGE_CURVE('',#1369,#1373,#113,.T.);
#1719=EDGE_CURVE('',#1378,#1365,#114,.T.);
#1720=EDGE_CURVE('',#1375,#1379,#743,.T.);
#1721=EDGE_CURVE('',#1379,#1332,#116,.T.);
#1722=EDGE_CURVE('',#1380,#1368,#744,.T.);
#1723=EDGE_CURVE('',#1381,#1380,#745,.T.);
#1724=EDGE_CURVE('',#1382,#1381,#117,.T.);
#1725=EDGE_CURVE('',#1383,#1382,#746,.T.);
#1726=EDGE_CURVE('',#1384,#1383,#118,.T.);
#1727=EDGE_CURVE('',#1385,#1384,#747,.T.);
#1728=EDGE_CURVE('',#1366,#1385,#748,.T.);
#1729=EDGE_CURVE('',#1379,#1386,#749,.T.);
#1730=EDGE_CURVE('',#1387,#1386,#119,.T.);
#1731=EDGE_CURVE('',#1319,#1387,#750,.T.);
#1732=EDGE_CURVE('',#1319,#1330,#751,.T.);
#1733=EDGE_CURVE('',#1386,#1377,#752,.T.);
#1734=EDGE_CURVE('',#1388,#1389,#753,.T.);
#1735=EDGE_CURVE('',#1390,#1388,#139,.T.);
#1736=EDGE_CURVE('',#1391,#1390,#754,.T.);
#1737=EDGE_CURVE('',#1392,#1391,#140,.T.);
#1738=EDGE_CURVE('',#1393,#1392,#755,.T.);
#1739=EDGE_CURVE('',#1394,#1393,#141,.T.);
#1740=EDGE_CURVE('',#1395,#1394,#756,.T.);
#1741=EDGE_CURVE('',#1389,#1395,#142,.T.);
#1742=EDGE_CURVE('',#1348,#1387,#120,.T.);
#1743=EDGE_CURVE('',#1396,#1397,#143,.T.);
#1744=EDGE_CURVE('',#1396,#1398,#757,.T.);
#1745=EDGE_CURVE('',#1398,#1399,#144,.T.);
#1746=EDGE_CURVE('',#1399,#1397,#758,.T.);
#1747=EDGE_CURVE('',#1396,#1400,#759,.T.);
#1748=EDGE_CURVE('',#1381,#1400,#760,.T.);
#1749=EDGE_CURVE('',#1398,#1380,#761,.T.);
#1750=EDGE_CURVE('',#1401,#1402,#145,.T.);
#1751=EDGE_CURVE('',#1401,#1403,#762,.T.);
#1752=EDGE_CURVE('',#1403,#1404,#146,.T.);
#1753=EDGE_CURVE('',#1404,#1402,#763,.T.);
#1754=EDGE_CURVE('',#1405,#1397,#764,.T.);
#1755=EDGE_CURVE('',#1405,#1406,#147,.T.);
#1756=EDGE_CURVE('',#1406,#1407,#765,.T.);
#1757=EDGE_CURVE('',#1408,#1407,#766,.T.);
#1758=EDGE_CURVE('',#1409,#1408,#148,.T.);
#1759=EDGE_CURVE('',#1410,#1409,#767,.T.);
#1760=EDGE_CURVE('',#1411,#1410,#768,.T.);
#1761=EDGE_CURVE('',#1412,#1411,#769,.T.);
#1762=EDGE_CURVE('',#1413,#1412,#149,.T.);
#1763=EDGE_CURVE('',#1414,#1413,#770,.T.);
#1764=EDGE_CURVE('',#1415,#1414,#150,.T.);
#1765=EDGE_CURVE('',#1416,#1415,#771,.T.);
#1766=EDGE_CURVE('',#1417,#1416,#772,.T.);
#1767=EDGE_CURVE('',#1418,#1417,#151,.T.);
#1768=EDGE_CURVE('',#1419,#1418,#773,.T.);
#1769=EDGE_CURVE('',#1420,#1419,#152,.T.);
#1770=EDGE_CURVE('',#1421,#1420,#774,.T.);
#1771=EDGE_CURVE('',#1422,#1421,#775,.T.);
#1772=EDGE_CURVE('',#1423,#1422,#153,.T.);
#1773=EDGE_CURVE('',#1424,#1423,#776,.T.);
#1774=EDGE_CURVE('',#1425,#1424,#154,.T.);
#1775=EDGE_CURVE('',#1426,#1425,#777,.T.);
#1776=EDGE_CURVE('',#1427,#1426,#778,.T.);
#1777=EDGE_CURVE('',#1428,#1427,#779,.T.);
#1778=EDGE_CURVE('',#1429,#1428,#155,.T.);
#1779=EDGE_CURVE('',#1430,#1429,#780,.T.);
#1780=EDGE_CURVE('',#1431,#1430,#156,.T.);
#1781=EDGE_CURVE('',#1432,#1431,#781,.T.);
#1782=EDGE_CURVE('',#1433,#1432,#782,.T.);
#1783=EDGE_CURVE('',#1434,#1433,#157,.T.);
#1784=EDGE_CURVE('',#1435,#1434,#783,.T.);
#1785=EDGE_CURVE('',#1436,#1435,#158,.T.);
#1786=EDGE_CURVE('',#1437,#1436,#784,.T.);
#1787=EDGE_CURVE('',#1438,#1437,#785,.T.);
#1788=EDGE_CURVE('',#1439,#1438,#159,.T.);
#1789=EDGE_CURVE('',#1440,#1439,#786,.T.);
#1790=EDGE_CURVE('',#1441,#1440,#160,.T.);
#1791=EDGE_CURVE('',#1442,#1441,#787,.T.);
#1792=EDGE_CURVE('',#1443,#1442,#788,.T.);
#1793=EDGE_CURVE('',#1444,#1443,#789,.T.);
#1794=EDGE_CURVE('',#1445,#1444,#161,.T.);
#1795=EDGE_CURVE('',#1446,#1445,#790,.T.);
#1796=EDGE_CURVE('',#1446,#1447,#791,.T.);
#1797=EDGE_CURVE('',#1447,#1448,#162,.T.);
#1798=EDGE_CURVE('',#1401,#1448,#792,.T.);
#1799=EDGE_CURVE('',#1449,#1402,#793,.T.);
#1800=EDGE_CURVE('',#1449,#1450,#163,.T.);
#1801=EDGE_CURVE('',#1451,#1450,#794,.T.);
#1802=EDGE_CURVE('',#1451,#1400,#164,.T.);
#1803=EDGE_CURVE('',#1452,#1452,#165,.T.);
#1804=EDGE_CURVE('',#1453,#1453,#166,.T.);
#1805=EDGE_CURVE('',#1454,#1454,#167,.T.);
#1806=EDGE_CURVE('',#1455,#1455,#168,.T.);
#1807=EDGE_CURVE('',#1456,#1456,#169,.T.);
#1808=EDGE_CURVE('',#1457,#1457,#170,.T.);
#1809=EDGE_CURVE('',#1458,#1458,#171,.T.);
#1810=EDGE_CURVE('',#1459,#1459,#172,.T.);
#1811=EDGE_CURVE('',#1385,#1404,#795,.T.);
#1812=EDGE_CURVE('',#1449,#1384,#796,.T.);
#1813=EDGE_CURVE('',#1383,#1450,#797,.T.);
#1814=EDGE_CURVE('',#1451,#1382,#798,.T.);
#1815=EDGE_CURVE('',#1460,#1388,#799,.T.);
#1816=EDGE_CURVE('',#1389,#1461,#800,.T.);
#1817=EDGE_CURVE('',#1461,#1460,#801,.T.);
#1818=EDGE_CURVE('',#1460,#1462,#173,.T.);
#1819=EDGE_CURVE('',#1462,#1390,#802,.T.);
#1820=EDGE_CURVE('',#1463,#1391,#803,.T.);
#1821=EDGE_CURVE('',#1462,#1463,#804,.T.);
#1822=EDGE_CURVE('',#1463,#1464,#174,.T.);
#1823=EDGE_CURVE('',#1464,#1392,#805,.T.);
#1824=EDGE_CURVE('',#1465,#1393,#806,.T.);
#1825=EDGE_CURVE('',#1464,#1465,#807,.T.);
#1826=EDGE_CURVE('',#1465,#1466,#175,.T.);
#1827=EDGE_CURVE('',#1466,#1394,#808,.T.);
#1828=EDGE_CURVE('',#1467,#1395,#809,.T.);
#1829=EDGE_CURVE('',#1466,#1467,#810,.T.);
#1830=EDGE_CURVE('',#1467,#1461,#176,.T.);
#1831=EDGE_CURVE('',#1463,#1420,#811,.T.);
#1832=EDGE_CURVE('',#1419,#1464,#812,.T.);
#1833=EDGE_CURVE('',#1433,#1462,#813,.T.);
#1834=EDGE_CURVE('',#1432,#1468,#814,.T.);
#1835=EDGE_CURVE('',#1468,#1469,#815,.T.);
#1836=EDGE_CURVE('',#1469,#1427,#816,.T.);
#1837=EDGE_CURVE('',#1426,#1470,#817,.T.);
#1838=EDGE_CURVE('',#1470,#1471,#818,.T.);
#1839=EDGE_CURVE('',#1471,#1421,#819,.T.);
#1840=EDGE_CURVE('',#1460,#1434,#820,.T.);
#1841=EDGE_CURVE('',#1435,#1461,#821,.T.);
#1842=EDGE_CURVE('',#1403,#1399,#822,.T.);
#1843=EDGE_CURVE('',#1472,#1472,#177,.T.);
#1844=EDGE_CURVE('',#1472,#1473,#823,.T.);
#1845=EDGE_CURVE('',#1459,#1472,#824,.T.);
#1846=EDGE_CURVE('',#1474,#1474,#178,.T.);
#1847=EDGE_CURVE('',#1474,#1475,#825,.T.);
#1848=EDGE_CURVE('',#1458,#1474,#826,.T.);
#1849=EDGE_CURVE('',#1476,#1476,#179,.T.);
#1850=EDGE_CURVE('',#1476,#1477,#827,.T.);
#1851=EDGE_CURVE('',#1457,#1476,#828,.T.);
#1852=EDGE_CURVE('',#1478,#1478,#180,.T.);
#1853=EDGE_CURVE('',#1478,#1479,#829,.T.);
#1854=EDGE_CURVE('',#1456,#1478,#830,.T.);
#1855=EDGE_CURVE('',#1480,#1480,#181,.T.);
#1856=EDGE_CURVE('',#1480,#1481,#831,.T.);
#1857=EDGE_CURVE('',#1455,#1480,#832,.T.);
#1858=EDGE_CURVE('',#1482,#1482,#182,.T.);
#1859=EDGE_CURVE('',#1482,#1483,#833,.T.);
#1860=EDGE_CURVE('',#1454,#1482,#834,.T.);
#1861=EDGE_CURVE('',#1484,#1484,#183,.T.);
#1862=EDGE_CURVE('',#1484,#1485,#835,.T.);
#1863=EDGE_CURVE('',#1453,#1484,#836,.T.);
#1864=EDGE_CURVE('',#1486,#1486,#184,.T.);
#1865=EDGE_CURVE('',#1486,#1487,#837,.T.);
#1866=EDGE_CURVE('',#1452,#1486,#838,.T.);
#1867=EDGE_CURVE('',#1488,#1488,#185,.T.);
#1868=EDGE_CURVE('',#1488,#1489,#839,.T.);
#1869=EDGE_CURVE('',#1490,#1490,#186,.T.);
#1870=EDGE_CURVE('',#1490,#1488,#840,.T.);
#1871=EDGE_CURVE('',#1491,#1491,#187,.T.);
#1872=EDGE_CURVE('',#1491,#1492,#841,.T.);
#1873=EDGE_CURVE('',#1493,#1493,#188,.T.);
#1874=EDGE_CURVE('',#1493,#1491,#842,.T.);
#1875=EDGE_CURVE('',#1494,#1495,#189,.T.);
#1876=EDGE_CURVE('',#1494,#1496,#843,.T.);
#1877=EDGE_CURVE('',#1496,#1497,#190,.T.);
#1878=EDGE_CURVE('',#1497,#1495,#844,.T.);
#1879=EDGE_CURVE('',#1498,#1497,#845,.T.);
#1880=EDGE_CURVE('',#1499,#1498,#846,.T.);
#1881=EDGE_CURVE('',#1495,#1499,#847,.T.);
#1882=EDGE_CURVE('',#1500,#1501,#191,.T.);
#1883=EDGE_CURVE('',#1500,#1502,#848,.T.);
#1884=EDGE_CURVE('',#1502,#1503,#192,.T.);
#1885=EDGE_CURVE('',#1503,#1501,#849,.T.);
#1886=EDGE_CURVE('',#1501,#1504,#850,.T.);
#1887=EDGE_CURVE('',#1504,#1505,#193,.T.);
#1888=EDGE_CURVE('',#1505,#1506,#851,.T.);
#1889=EDGE_CURVE('',#1507,#1506,#852,.T.);
#1890=EDGE_CURVE('',#1507,#1500,#853,.T.);
#1891=EDGE_CURVE('',#1508,#1494,#854,.T.);
#1892=EDGE_CURVE('',#1408,#1508,#855,.T.);
#1893=EDGE_CURVE('',#1407,#1509,#856,.T.);
#1894=EDGE_CURVE('',#1510,#1509,#857,.T.);
#1895=EDGE_CURVE('',#1446,#1510,#858,.T.);
#1896=EDGE_CURVE('',#1504,#1445,#859,.T.);
#1897=EDGE_CURVE('',#1511,#1503,#860,.T.);
#1898=EDGE_CURVE('',#1512,#1511,#861,.T.);
#1899=EDGE_CURVE('',#1513,#1512,#862,.T.);
#1900=EDGE_CURVE('',#1514,#1513,#863,.T.);
#1901=EDGE_CURVE('',#1496,#1514,#864,.T.);
#1902=EDGE_CURVE('',#1515,#1516,#865,.T.);
#1903=EDGE_CURVE('',#1517,#1516,#194,.T.);
#1904=EDGE_CURVE('',#1517,#1518,#866,.T.);
#1905=EDGE_CURVE('',#1519,#1518,#195,.T.);
#1906=EDGE_CURVE('',#1519,#1520,#867,.T.);
#1907=EDGE_CURVE('',#1521,#1520,#196,.T.);
#1908=EDGE_CURVE('',#1521,#1522,#868,.T.);
#1909=EDGE_CURVE('',#1515,#1522,#197,.T.);
#1910=EDGE_CURVE('',#1444,#1505,#869,.T.);
#1911=EDGE_CURVE('',#1506,#1443,#870,.T.);
#1912=EDGE_CURVE('',#1523,#1508,#198,.T.);
#1913=EDGE_CURVE('',#1523,#1409,#871,.T.);
#1914=EDGE_CURVE('',#1524,#1499,#872,.T.);
#1915=EDGE_CURVE('',#1524,#1523,#873,.T.);
#1916=EDGE_CURVE('',#1405,#1525,#874,.T.);
#1917=EDGE_CURVE('',#1525,#1526,#199,.T.);
#1918=EDGE_CURVE('',#1526,#1406,#875,.T.);
#1919=EDGE_CURVE('',#1509,#1526,#876,.T.);
#1920=EDGE_CURVE('',#1447,#1527,#877,.T.);
#1921=EDGE_CURVE('',#1527,#1528,#200,.T.);
#1922=EDGE_CURVE('',#1528,#1448,#878,.T.);
#1923=EDGE_CURVE('',#1528,#1525,#879,.T.);
#1924=EDGE_CURVE('',#1529,#1513,#201,.T.);
#1925=EDGE_CURVE('',#1529,#1530,#880,.T.);
#1926=EDGE_CURVE('',#1530,#1514,#202,.T.);
#1927=EDGE_CURVE('',#1512,#1531,#203,.T.);
#1928=EDGE_CURVE('',#1531,#1532,#881,.T.);
#1929=EDGE_CURVE('',#1533,#1532,#882,.T.);
#1930=EDGE_CURVE('',#1533,#1529,#883,.T.);
#1931=EDGE_CURVE('',#1511,#1534,#204,.T.);
#1932=EDGE_CURVE('',#1534,#1531,#884,.T.);
#1933=EDGE_CURVE('',#1535,#1534,#885,.T.);
#1934=EDGE_CURVE('',#1532,#1535,#886,.T.);
#1935=EDGE_CURVE('',#1536,#1361,#887,.T.);
#1936=EDGE_CURVE('',#1358,#1536,#888,.T.);
#1937=EDGE_CURVE('',#1537,#1536,#205,.T.);
#1938=EDGE_CURVE('',#1537,#1356,#889,.T.);
#1939=EDGE_CURVE('',#1538,#1537,#890,.T.);
#1940=EDGE_CURVE('',#1354,#1538,#891,.T.);
#1941=EDGE_CURVE('',#1364,#1538,#206,.T.);
#1942=EDGE_CURVE('',#1539,#1540,#892,.T.);
#1943=EDGE_CURVE('',#1541,#1539,#207,.T.);
#1944=EDGE_CURVE('',#1542,#1541,#893,.T.);
#1945=EDGE_CURVE('',#1543,#1542,#208,.T.);
#1946=EDGE_CURVE('',#1544,#1543,#894,.T.);
#1947=EDGE_CURVE('',#1545,#1544,#209,.T.);
#1948=EDGE_CURVE('',#1546,#1545,#895,.T.);
#1949=EDGE_CURVE('',#1540,#1546,#210,.T.);
#1950=EDGE_CURVE('',#1516,#1540,#896,.T.);
#1951=EDGE_CURVE('',#1546,#1517,#897,.T.);
#1952=EDGE_CURVE('',#1539,#1515,#898,.T.);
#1953=EDGE_CURVE('',#1518,#1545,#899,.T.);
#1954=EDGE_CURVE('',#1544,#1519,#900,.T.);
#1955=EDGE_CURVE('',#1520,#1543,#901,.T.);
#1956=EDGE_CURVE('',#1542,#1521,#902,.T.);
#1957=EDGE_CURVE('',#1522,#1541,#903,.T.);
#1958=EDGE_CURVE('',#1527,#1510,#904,.T.);
#1959=EDGE_CURVE('',#1530,#1547,#905,.T.);
#1960=EDGE_CURVE('',#1547,#1498,#906,.T.);
#1961=EDGE_CURVE('',#1533,#1547,#907,.T.);
#1962=EDGE_CURVE('',#1502,#1548,#908,.T.);
#1963=EDGE_CURVE('',#1548,#1535,#909,.T.);
#1964=EDGE_CURVE('',#1507,#1548,#910,.T.);
#1965=EDGE_CURVE('',#1465,#1418,#911,.T.);
#1966=EDGE_CURVE('',#1417,#1466,#912,.T.);
#1967=EDGE_CURVE('',#1416,#1549,#913,.T.);
#1968=EDGE_CURVE('',#1549,#1550,#914,.T.);
#1969=EDGE_CURVE('',#1550,#1411,#915,.T.);
#1970=EDGE_CURVE('',#1410,#1524,#916,.T.);
#1971=EDGE_CURVE('',#1442,#1551,#917,.T.);
#1972=EDGE_CURVE('',#1551,#1552,#918,.T.);
#1973=EDGE_CURVE('',#1552,#1437,#919,.T.);
#1974=EDGE_CURVE('',#1467,#1436,#920,.T.);
#1975=EDGE_CURVE('',#1553,#1553,#211,.T.);
#1976=EDGE_CURVE('',#1553,#1554,#921,.T.);
#1977=EDGE_CURVE('',#1555,#1555,#212,.T.);
#1978=EDGE_CURVE('',#1555,#1553,#922,.T.);
#1979=EDGE_CURVE('',#1556,#1556,#213,.T.);
#1980=EDGE_CURVE('',#1556,#1557,#923,.T.);
#1981=EDGE_CURVE('',#1558,#1558,#214,.T.);
#1982=EDGE_CURVE('',#1558,#1556,#924,.T.);
#1983=EDGE_CURVE('',#1559,#1559,#215,.T.);
#1984=EDGE_CURVE('',#1559,#1560,#925,.T.);
#1985=EDGE_CURVE('',#1561,#1561,#216,.T.);
#1986=EDGE_CURVE('',#1561,#1559,#926,.T.);
#1987=EDGE_CURVE('',#1562,#1562,#217,.T.);
#1988=EDGE_CURVE('',#1562,#1563,#927,.T.);
#1989=EDGE_CURVE('',#1564,#1564,#218,.T.);
#1990=EDGE_CURVE('',#1564,#1562,#928,.T.);
#1991=EDGE_CURVE('',#1565,#1565,#219,.T.);
#1992=EDGE_CURVE('',#1565,#1566,#929,.T.);
#1993=EDGE_CURVE('',#1567,#1567,#220,.T.);
#1994=EDGE_CURVE('',#1567,#1565,#930,.T.);
#1995=EDGE_CURVE('',#1568,#1568,#221,.T.);
#1996=EDGE_CURVE('',#1568,#1569,#931,.T.);
#1997=EDGE_CURVE('',#1570,#1570,#222,.T.);
#1998=EDGE_CURVE('',#1570,#1568,#932,.T.);
#1999=EDGE_CURVE('',#1571,#1571,#223,.T.);
#2000=EDGE_CURVE('',#1571,#1572,#933,.T.);
#2001=EDGE_CURVE('',#1573,#1573,#224,.T.);
#2002=EDGE_CURVE('',#1573,#1571,#934,.T.);
#2003=EDGE_CURVE('',#1574,#1574,#225,.T.);
#2004=EDGE_CURVE('',#1574,#1575,#935,.T.);
#2005=EDGE_CURVE('',#1576,#1576,#226,.T.);
#2006=EDGE_CURVE('',#1576,#1574,#936,.T.);
#2007=EDGE_CURVE('',#1577,#1578,#227,.T.);
#2008=EDGE_CURVE('',#1577,#1423,#937,.T.);
#2009=EDGE_CURVE('',#1422,#1578,#938,.T.);
#2010=EDGE_CURVE('',#1578,#1471,#939,.T.);
#2011=EDGE_CURVE('',#1579,#1580,#228,.T.);
#2012=EDGE_CURVE('',#1579,#1425,#940,.T.);
#2013=EDGE_CURVE('',#1424,#1580,#941,.T.);
#2014=EDGE_CURVE('',#1580,#1577,#942,.T.);
#2015=EDGE_CURVE('',#1581,#1582,#229,.T.);
#2016=EDGE_CURVE('',#1581,#1429,#943,.T.);
#2017=EDGE_CURVE('',#1428,#1582,#944,.T.);
#2018=EDGE_CURVE('',#1582,#1469,#945,.T.);
#2019=EDGE_CURVE('',#1583,#1584,#230,.T.);
#2020=EDGE_CURVE('',#1583,#1431,#946,.T.);
#2021=EDGE_CURVE('',#1430,#1584,#947,.T.);
#2022=EDGE_CURVE('',#1584,#1581,#948,.T.);
#2023=EDGE_CURVE('',#1585,#1586,#231,.T.);
#2024=EDGE_CURVE('',#1585,#1439,#949,.T.);
#2025=EDGE_CURVE('',#1438,#1586,#950,.T.);
#2026=EDGE_CURVE('',#1585,#1587,#951,.T.);
#2027=EDGE_CURVE('',#1440,#1587,#952,.T.);
#2028=EDGE_CURVE('',#1588,#1587,#232,.T.);
#2029=EDGE_CURVE('',#1588,#1441,#953,.T.);
#2030=EDGE_CURVE('',#1588,#1551,#954,.T.);
#2031=EDGE_CURVE('',#1589,#1590,#233,.T.);
#2032=EDGE_CURVE('',#1589,#1413,#955,.T.);
#2033=EDGE_CURVE('',#1412,#1590,#956,.T.);
#2034=EDGE_CURVE('',#1550,#1590,#957,.T.);
#2035=EDGE_CURVE('',#1591,#1592,#234,.T.);
#2036=EDGE_CURVE('',#1591,#1415,#958,.T.);
#2037=EDGE_CURVE('',#1414,#1592,#959,.T.);
#2038=EDGE_CURVE('',#1589,#1592,#960,.T.);
#2039=EDGE_CURVE('',#1468,#1583,#961,.T.);
#2040=EDGE_CURVE('',#1470,#1579,#962,.T.);
#2041=EDGE_CURVE('',#1591,#1549,#963,.T.);
#2042=EDGE_CURVE('',#1593,#1594,#235,.T.);
#2043=EDGE_CURVE('',#1593,#1595,#964,.T.);
#2044=EDGE_CURVE('',#1595,#1596,#236,.T.);
#2045=EDGE_CURVE('',#1594,#1596,#965,.T.);
#2046=EDGE_CURVE('',#1597,#1593,#966,.T.);
#2047=EDGE_CURVE('',#1597,#1598,#967,.T.);
#2048=EDGE_CURVE('',#1598,#1595,#968,.T.);
#2049=EDGE_CURVE('',#1599,#1597,#237,.T.);
#2050=EDGE_CURVE('',#1599,#1600,#969,.T.);
#2051=EDGE_CURVE('',#1600,#1598,#238,.T.);
#2052=EDGE_CURVE('',#1594,#1599,#970,.T.);
#2053=EDGE_CURVE('',#1596,#1600,#971,.T.);
#2054=EDGE_CURVE('',#1601,#1602,#239,.T.);
#2055=EDGE_CURVE('',#1601,#1603,#972,.T.);
#2056=EDGE_CURVE('',#1603,#1604,#240,.T.);
#2057=EDGE_CURVE('',#1602,#1604,#973,.T.);
#2058=EDGE_CURVE('',#1605,#1601,#974,.T.);
#2059=EDGE_CURVE('',#1605,#1606,#975,.T.);
#2060=EDGE_CURVE('',#1606,#1603,#976,.T.);
#2061=EDGE_CURVE('',#1607,#1605,#241,.T.);
#2062=EDGE_CURVE('',#1607,#1608,#977,.T.);
#2063=EDGE_CURVE('',#1608,#1606,#242,.T.);
#2064=EDGE_CURVE('',#1602,#1607,#978,.T.);
#2065=EDGE_CURVE('',#1604,#1608,#979,.T.);
#2066=EDGE_CURVE('',#1609,#1610,#243,.T.);
#2067=EDGE_CURVE('',#1609,#1611,#980,.T.);
#2068=EDGE_CURVE('',#1611,#1612,#244,.T.);
#2069=EDGE_CURVE('',#1610,#1612,#981,.T.);
#2070=EDGE_CURVE('',#1613,#1609,#982,.T.);
#2071=EDGE_CURVE('',#1613,#1614,#983,.T.);
#2072=EDGE_CURVE('',#1614,#1611,#984,.T.);
#2073=EDGE_CURVE('',#1615,#1613,#245,.T.);
#2074=EDGE_CURVE('',#1615,#1616,#985,.T.);
#2075=EDGE_CURVE('',#1616,#1614,#246,.T.);
#2076=EDGE_CURVE('',#1610,#1615,#986,.T.);
#2077=EDGE_CURVE('',#1612,#1616,#987,.T.);
#2078=EDGE_CURVE('',#1617,#1618,#247,.T.);
#2079=EDGE_CURVE('',#1617,#1619,#988,.T.);
#2080=EDGE_CURVE('',#1619,#1620,#248,.T.);
#2081=EDGE_CURVE('',#1618,#1620,#989,.T.);
#2082=EDGE_CURVE('',#1621,#1617,#990,.T.);
#2083=EDGE_CURVE('',#1621,#1622,#991,.T.);
#2084=EDGE_CURVE('',#1622,#1619,#992,.T.);
#2085=EDGE_CURVE('',#1623,#1621,#249,.T.);
#2086=EDGE_CURVE('',#1623,#1624,#993,.T.);
#2087=EDGE_CURVE('',#1624,#1622,#250,.T.);
#2088=EDGE_CURVE('',#1618,#1623,#994,.T.);
#2089=EDGE_CURVE('',#1620,#1624,#995,.T.);
#2090=EDGE_CURVE('',#1552,#1586,#996,.T.);
#2091=ORIENTED_EDGE('',*,*,#1625,.T.);
#2092=ORIENTED_EDGE('',*,*,#1626,.T.);
#2093=ORIENTED_EDGE('',*,*,#1627,.T.);
#2094=ORIENTED_EDGE('',*,*,#1628,.T.);
#2095=ORIENTED_EDGE('',*,*,#1627,.F.);
#2096=ORIENTED_EDGE('',*,*,#1629,.T.);
#2097=ORIENTED_EDGE('',*,*,#1630,.T.);
#2098=ORIENTED_EDGE('',*,*,#1631,.T.);
#2099=ORIENTED_EDGE('',*,*,#1632,.T.);
#2100=ORIENTED_EDGE('',*,*,#1633,.T.);
#2101=ORIENTED_EDGE('',*,*,#1630,.F.);
#2102=ORIENTED_EDGE('',*,*,#1634,.T.);
#2103=ORIENTED_EDGE('',*,*,#1632,.F.);
#2104=ORIENTED_EDGE('',*,*,#1635,.T.);
#2105=ORIENTED_EDGE('',*,*,#1636,.T.);
#2106=ORIENTED_EDGE('',*,*,#1637,.T.);
#2107=ORIENTED_EDGE('',*,*,#1638,.T.);
#2108=ORIENTED_EDGE('',*,*,#1639,.T.);
#2109=ORIENTED_EDGE('',*,*,#1636,.F.);
#2110=ORIENTED_EDGE('',*,*,#1640,.T.);
#2111=ORIENTED_EDGE('',*,*,#1638,.F.);
#2112=ORIENTED_EDGE('',*,*,#1641,.T.);
#2113=ORIENTED_EDGE('',*,*,#1642,.F.);
#2114=ORIENTED_EDGE('',*,*,#1643,.T.);
#2115=ORIENTED_EDGE('',*,*,#1640,.F.);
#2116=ORIENTED_EDGE('',*,*,#1644,.F.);
#2117=ORIENTED_EDGE('',*,*,#1645,.F.);
#2118=ORIENTED_EDGE('',*,*,#1646,.F.);
#2119=ORIENTED_EDGE('',*,*,#1647,.F.);
#2120=ORIENTED_EDGE('',*,*,#1648,.F.);
#2121=ORIENTED_EDGE('',*,*,#1641,.F.);
#2122=ORIENTED_EDGE('',*,*,#1635,.F.);
#2123=ORIENTED_EDGE('',*,*,#1649,.T.);
#2124=ORIENTED_EDGE('',*,*,#1650,.F.);
#2125=ORIENTED_EDGE('',*,*,#1644,.T.);
#2126=ORIENTED_EDGE('',*,*,#1634,.F.);
#2127=ORIENTED_EDGE('',*,*,#1651,.F.);
#2128=ORIENTED_EDGE('',*,*,#1652,.F.);
#2129=ORIENTED_EDGE('',*,*,#1649,.F.);
#2130=ORIENTED_EDGE('',*,*,#1653,.F.);
#2131=ORIENTED_EDGE('',*,*,#1654,.F.);
#2132=ORIENTED_EDGE('',*,*,#1655,.F.);
#2133=ORIENTED_EDGE('',*,*,#1656,.F.);
#2134=ORIENTED_EDGE('',*,*,#1657,.F.);
#2135=ORIENTED_EDGE('',*,*,#1658,.F.);
#2136=ORIENTED_EDGE('',*,*,#1659,.F.);
#2137=ORIENTED_EDGE('',*,*,#1660,.F.);
#2138=ORIENTED_EDGE('',*,*,#1629,.F.);
#2139=ORIENTED_EDGE('',*,*,#1661,.T.);
#2140=ORIENTED_EDGE('',*,*,#1662,.F.);
#2141=ORIENTED_EDGE('',*,*,#1651,.T.);
#2142=ORIENTED_EDGE('',*,*,#1626,.F.);
#2143=ORIENTED_EDGE('',*,*,#1663,.F.);
#2144=ORIENTED_EDGE('',*,*,#1664,.F.);
#2145=ORIENTED_EDGE('',*,*,#1665,.F.);
#2146=ORIENTED_EDGE('',*,*,#1666,.F.);
#2147=ORIENTED_EDGE('',*,*,#1667,.F.);
#2148=ORIENTED_EDGE('',*,*,#1661,.F.);
#2149=ORIENTED_EDGE('',*,*,#1668,.T.);
#2150=ORIENTED_EDGE('',*,*,#1653,.T.);
#2151=ORIENTED_EDGE('',*,*,#1669,.T.);
#2152=ORIENTED_EDGE('',*,*,#1670,.T.);
#2153=ORIENTED_EDGE('',*,*,#1671,.T.);
#2154=ORIENTED_EDGE('',*,*,#1672,.T.);
#2155=ORIENTED_EDGE('',*,*,#1669,.F.);
#2156=ORIENTED_EDGE('',*,*,#1660,.T.);
#2157=ORIENTED_EDGE('',*,*,#1668,.F.);
#2158=ORIENTED_EDGE('',*,*,#1673,.T.);
#2159=ORIENTED_EDGE('',*,*,#1674,.T.);
#2160=ORIENTED_EDGE('',*,*,#1654,.T.);
#2161=ORIENTED_EDGE('',*,*,#1671,.F.);
#2162=ORIENTED_EDGE('',*,*,#1659,.T.);
#2163=ORIENTED_EDGE('',*,*,#1675,.T.);
#2164=ORIENTED_EDGE('',*,*,#1676,.T.);
#2165=ORIENTED_EDGE('',*,*,#1677,.T.);
#2166=ORIENTED_EDGE('',*,*,#1655,.T.);
#2167=ORIENTED_EDGE('',*,*,#1674,.F.);
#2168=ORIENTED_EDGE('',*,*,#1678,.T.);
#2169=ORIENTED_EDGE('',*,*,#1679,.T.);
#2170=ORIENTED_EDGE('',*,*,#1680,.T.);
#2171=ORIENTED_EDGE('',*,*,#1675,.F.);
#2172=ORIENTED_EDGE('',*,*,#1658,.T.);
#2173=ORIENTED_EDGE('',*,*,#1677,.F.);
#2174=ORIENTED_EDGE('',*,*,#1681,.T.);
#2175=ORIENTED_EDGE('',*,*,#1682,.T.);
#2176=ORIENTED_EDGE('',*,*,#1656,.T.);
#2177=ORIENTED_EDGE('',*,*,#1679,.F.);
#2178=ORIENTED_EDGE('',*,*,#1657,.T.);
#2179=ORIENTED_EDGE('',*,*,#1682,.F.);
#2180=ORIENTED_EDGE('',*,*,#1683,.T.);
#2181=ORIENTED_EDGE('',*,*,#1681,.F.);
#2182=ORIENTED_EDGE('',*,*,#1684,.T.);
#2183=ORIENTED_EDGE('',*,*,#1685,.F.);
#2184=ORIENTED_EDGE('',*,*,#1686,.T.);
#2185=ORIENTED_EDGE('',*,*,#1678,.F.);
#2186=ORIENTED_EDGE('',*,*,#1687,.F.);
#2187=ORIENTED_EDGE('',*,*,#1688,.F.);
#2188=ORIENTED_EDGE('',*,*,#1684,.F.);
#2189=ORIENTED_EDGE('',*,*,#1673,.F.);
#2190=ORIENTED_EDGE('',*,*,#1689,.T.);
#2191=ORIENTED_EDGE('',*,*,#1690,.F.);
#2192=ORIENTED_EDGE('',*,*,#1687,.T.);
#2193=ORIENTED_EDGE('',*,*,#1670,.F.);
#2194=ORIENTED_EDGE('',*,*,#1691,.F.);
#2195=ORIENTED_EDGE('',*,*,#1692,.F.);
#2196=ORIENTED_EDGE('',*,*,#1689,.F.);
#2197=ORIENTED_EDGE('',*,*,#1666,.T.);
#2198=ORIENTED_EDGE('',*,*,#1693,.T.);
#2199=ORIENTED_EDGE('',*,*,#1694,.T.);
#2200=ORIENTED_EDGE('',*,*,#1695,.T.);
#2201=ORIENTED_EDGE('',*,*,#1645,.T.);
#2202=ORIENTED_EDGE('',*,*,#1696,.T.);
#2203=ORIENTED_EDGE('',*,*,#1697,.T.);
#2204=ORIENTED_EDGE('',*,*,#1698,.T.);
#2205=ORIENTED_EDGE('',*,*,#1699,.T.);
#2206=ORIENTED_EDGE('',*,*,#1700,.T.);
#2207=ORIENTED_EDGE('',*,*,#1646,.T.);
#2208=ORIENTED_EDGE('',*,*,#1698,.F.);
#2209=ORIENTED_EDGE('',*,*,#1696,.F.);
#2210=ORIENTED_EDGE('',*,*,#1650,.T.);
#2211=ORIENTED_EDGE('',*,*,#1701,.T.);
#2212=ORIENTED_EDGE('',*,*,#1702,.T.);
#2213=ORIENTED_EDGE('',*,*,#1703,.T.);
#2214=ORIENTED_EDGE('',*,*,#1704,.T.);
#2215=ORIENTED_EDGE('',*,*,#1701,.F.);
#2216=ORIENTED_EDGE('',*,*,#1652,.T.);
#2217=ORIENTED_EDGE('',*,*,#1703,.F.);
#2218=ORIENTED_EDGE('',*,*,#1662,.T.);
#2219=ORIENTED_EDGE('',*,*,#1705,.T.);
#2220=ORIENTED_EDGE('',*,*,#1706,.T.);
#2221=ORIENTED_EDGE('',*,*,#1707,.T.);
#2222=ORIENTED_EDGE('',*,*,#1705,.F.);
#2223=ORIENTED_EDGE('',*,*,#1667,.T.);
#2224=ORIENTED_EDGE('',*,*,#1695,.F.);
#2225=ORIENTED_EDGE('',*,*,#1708,.T.);
#2226=ORIENTED_EDGE('',*,*,#1709,.T.);
#2227=ORIENTED_EDGE('',*,*,#1710,.T.);
#2228=ORIENTED_EDGE('',*,*,#1711,.T.);
#2229=ORIENTED_EDGE('',*,*,#1712,.T.);
#2230=ORIENTED_EDGE('',*,*,#1713,.T.);
#2231=ORIENTED_EDGE('',*,*,#1710,.F.);
#2232=ORIENTED_EDGE('',*,*,#1714,.T.);
#2233=ORIENTED_EDGE('',*,*,#1715,.T.);
#2234=ORIENTED_EDGE('',*,*,#1716,.T.);
#2235=ORIENTED_EDGE('',*,*,#1712,.F.);
#2236=ORIENTED_EDGE('',*,*,#1717,.T.);
#2237=ORIENTED_EDGE('',*,*,#1708,.F.);
#2238=ORIENTED_EDGE('',*,*,#1647,.T.);
#2239=ORIENTED_EDGE('',*,*,#1700,.F.);
#2240=ORIENTED_EDGE('',*,*,#1718,.T.);
#2241=ORIENTED_EDGE('',*,*,#1693,.F.);
#2242=ORIENTED_EDGE('',*,*,#1665,.T.);
#2243=ORIENTED_EDGE('',*,*,#1715,.F.);
#2244=ORIENTED_EDGE('',*,*,#1719,.T.);
#2245=ORIENTED_EDGE('',*,*,#1711,.F.);
#2246=ORIENTED_EDGE('',*,*,#1720,.T.);
#2247=ORIENTED_EDGE('',*,*,#1721,.T.);
#2248=ORIENTED_EDGE('',*,*,#1642,.T.);
#2249=ORIENTED_EDGE('',*,*,#1648,.T.);
#2250=ORIENTED_EDGE('',*,*,#1694,.F.);
#2251=ORIENTED_EDGE('',*,*,#1719,.F.);
#2252=ORIENTED_EDGE('',*,*,#1717,.F.);
#2253=ORIENTED_EDGE('',*,*,#1714,.F.);
#2254=ORIENTED_EDGE('',*,*,#1709,.F.);
#2255=ORIENTED_EDGE('',*,*,#1718,.F.);
#2256=ORIENTED_EDGE('',*,*,#1699,.F.);
#2257=ORIENTED_EDGE('',*,*,#1722,.F.);
#2258=ORIENTED_EDGE('',*,*,#1723,.F.);
#2259=ORIENTED_EDGE('',*,*,#1724,.F.);
#2260=ORIENTED_EDGE('',*,*,#1725,.F.);
#2261=ORIENTED_EDGE('',*,*,#1726,.F.);
#2262=ORIENTED_EDGE('',*,*,#1727,.F.);
#2263=ORIENTED_EDGE('',*,*,#1728,.F.);
#2264=ORIENTED_EDGE('',*,*,#1721,.F.);
#2265=ORIENTED_EDGE('',*,*,#1729,.T.);
#2266=ORIENTED_EDGE('',*,*,#1730,.F.);
#2267=ORIENTED_EDGE('',*,*,#1731,.F.);
#2268=ORIENTED_EDGE('',*,*,#1732,.T.);
#2269=ORIENTED_EDGE('',*,*,#1643,.F.);
#2270=ORIENTED_EDGE('',*,*,#1713,.F.);
#2271=ORIENTED_EDGE('',*,*,#1733,.F.);
#2272=ORIENTED_EDGE('',*,*,#1729,.F.);
#2273=ORIENTED_EDGE('',*,*,#1720,.F.);
#2274=ORIENTED_EDGE('',*,*,#1639,.F.);
#2275=ORIENTED_EDGE('',*,*,#1732,.F.);
#2276=ORIENTED_EDGE('',*,*,#1628,.F.);
#2277=ORIENTED_EDGE('',*,*,#1631,.F.);
#2278=ORIENTED_EDGE('',*,*,#1633,.F.);
#2279=ORIENTED_EDGE('',*,*,#1637,.F.);
#2280=ORIENTED_EDGE('',*,*,#1734,.F.);
#2281=ORIENTED_EDGE('',*,*,#1735,.F.);
#2282=ORIENTED_EDGE('',*,*,#1736,.F.);
#2283=ORIENTED_EDGE('',*,*,#1737,.F.);
#2284=ORIENTED_EDGE('',*,*,#1738,.F.);
#2285=ORIENTED_EDGE('',*,*,#1739,.F.);
#2286=ORIENTED_EDGE('',*,*,#1740,.F.);
#2287=ORIENTED_EDGE('',*,*,#1741,.F.);
#2288=ORIENTED_EDGE('',*,*,#1716,.F.);
#2289=ORIENTED_EDGE('',*,*,#1664,.T.);
#2290=ORIENTED_EDGE('',*,*,#1742,.T.);
#2291=ORIENTED_EDGE('',*,*,#1730,.T.);
#2292=ORIENTED_EDGE('',*,*,#1733,.T.);
#2293=ORIENTED_EDGE('',*,*,#1625,.F.);
#2294=ORIENTED_EDGE('',*,*,#1731,.T.);
#2295=ORIENTED_EDGE('',*,*,#1742,.F.);
#2296=ORIENTED_EDGE('',*,*,#1663,.T.);
#2297=ORIENTED_EDGE('',*,*,#1743,.F.);
#2298=ORIENTED_EDGE('',*,*,#1744,.T.);
#2299=ORIENTED_EDGE('',*,*,#1745,.T.);
#2300=ORIENTED_EDGE('',*,*,#1746,.T.);
#2301=ORIENTED_EDGE('',*,*,#1744,.F.);
#2302=ORIENTED_EDGE('',*,*,#1747,.T.);
#2303=ORIENTED_EDGE('',*,*,#1748,.F.);
#2304=ORIENTED_EDGE('',*,*,#1723,.T.);
#2305=ORIENTED_EDGE('',*,*,#1749,.F.);
#2306=ORIENTED_EDGE('',*,*,#1750,.F.);
#2307=ORIENTED_EDGE('',*,*,#1751,.T.);
#2308=ORIENTED_EDGE('',*,*,#1752,.T.);
#2309=ORIENTED_EDGE('',*,*,#1753,.T.);
#2310=ORIENTED_EDGE('',*,*,#1743,.T.);
#2311=ORIENTED_EDGE('',*,*,#1754,.F.);
#2312=ORIENTED_EDGE('',*,*,#1755,.T.);
#2313=ORIENTED_EDGE('',*,*,#1756,.T.);
#2314=ORIENTED_EDGE('',*,*,#1757,.F.);
#2315=ORIENTED_EDGE('',*,*,#1758,.F.);
#2316=ORIENTED_EDGE('',*,*,#1759,.F.);
#2317=ORIENTED_EDGE('',*,*,#1760,.F.);
#2318=ORIENTED_EDGE('',*,*,#1761,.F.);
#2319=ORIENTED_EDGE('',*,*,#1762,.F.);
#2320=ORIENTED_EDGE('',*,*,#1763,.F.);
#2321=ORIENTED_EDGE('',*,*,#1764,.F.);
#2322=ORIENTED_EDGE('',*,*,#1765,.F.);
#2323=ORIENTED_EDGE('',*,*,#1766,.F.);
#2324=ORIENTED_EDGE('',*,*,#1767,.F.);
#2325=ORIENTED_EDGE('',*,*,#1768,.F.);
#2326=ORIENTED_EDGE('',*,*,#1769,.F.);
#2327=ORIENTED_EDGE('',*,*,#1770,.F.);
#2328=ORIENTED_EDGE('',*,*,#1771,.F.);
#2329=ORIENTED_EDGE('',*,*,#1772,.F.);
#2330=ORIENTED_EDGE('',*,*,#1773,.F.);
#2331=ORIENTED_EDGE('',*,*,#1774,.F.);
#2332=ORIENTED_EDGE('',*,*,#1775,.F.);
#2333=ORIENTED_EDGE('',*,*,#1776,.F.);
#2334=ORIENTED_EDGE('',*,*,#1777,.F.);
#2335=ORIENTED_EDGE('',*,*,#1778,.F.);
#2336=ORIENTED_EDGE('',*,*,#1779,.F.);
#2337=ORIENTED_EDGE('',*,*,#1780,.F.);
#2338=ORIENTED_EDGE('',*,*,#1781,.F.);
#2339=ORIENTED_EDGE('',*,*,#1782,.F.);
#2340=ORIENTED_EDGE('',*,*,#1783,.F.);
#2341=ORIENTED_EDGE('',*,*,#1784,.F.);
#2342=ORIENTED_EDGE('',*,*,#1785,.F.);
#2343=ORIENTED_EDGE('',*,*,#1786,.F.);
#2344=ORIENTED_EDGE('',*,*,#1787,.F.);
#2345=ORIENTED_EDGE('',*,*,#1788,.F.);
#2346=ORIENTED_EDGE('',*,*,#1789,.F.);
#2347=ORIENTED_EDGE('',*,*,#1790,.F.);
#2348=ORIENTED_EDGE('',*,*,#1791,.F.);
#2349=ORIENTED_EDGE('',*,*,#1792,.F.);
#2350=ORIENTED_EDGE('',*,*,#1793,.F.);
#2351=ORIENTED_EDGE('',*,*,#1794,.F.);
#2352=ORIENTED_EDGE('',*,*,#1795,.F.);
#2353=ORIENTED_EDGE('',*,*,#1796,.T.);
#2354=ORIENTED_EDGE('',*,*,#1797,.T.);
#2355=ORIENTED_EDGE('',*,*,#1798,.F.);
#2356=ORIENTED_EDGE('',*,*,#1750,.T.);
#2357=ORIENTED_EDGE('',*,*,#1799,.F.);
#2358=ORIENTED_EDGE('',*,*,#1800,.T.);
#2359=ORIENTED_EDGE('',*,*,#1801,.F.);
#2360=ORIENTED_EDGE('',*,*,#1802,.T.);
#2361=ORIENTED_EDGE('',*,*,#1747,.F.);
#2362=ORIENTED_EDGE('',*,*,#1803,.T.);
#2363=ORIENTED_EDGE('',*,*,#1804,.T.);
#2364=ORIENTED_EDGE('',*,*,#1805,.T.);
#2365=ORIENTED_EDGE('',*,*,#1806,.T.);
#2366=ORIENTED_EDGE('',*,*,#1807,.T.);
#2367=ORIENTED_EDGE('',*,*,#1808,.T.);
#2368=ORIENTED_EDGE('',*,*,#1809,.T.);
#2369=ORIENTED_EDGE('',*,*,#1810,.T.);
#2370=ORIENTED_EDGE('',*,*,#1753,.F.);
#2371=ORIENTED_EDGE('',*,*,#1811,.F.);
#2372=ORIENTED_EDGE('',*,*,#1727,.T.);
#2373=ORIENTED_EDGE('',*,*,#1812,.F.);
#2374=ORIENTED_EDGE('',*,*,#1799,.T.);
#2375=ORIENTED_EDGE('',*,*,#1800,.F.);
#2376=ORIENTED_EDGE('',*,*,#1812,.T.);
#2377=ORIENTED_EDGE('',*,*,#1726,.T.);
#2378=ORIENTED_EDGE('',*,*,#1813,.T.);
#2379=ORIENTED_EDGE('',*,*,#1802,.F.);
#2380=ORIENTED_EDGE('',*,*,#1814,.T.);
#2381=ORIENTED_EDGE('',*,*,#1724,.T.);
#2382=ORIENTED_EDGE('',*,*,#1748,.T.);
#2383=ORIENTED_EDGE('',*,*,#1815,.T.);
#2384=ORIENTED_EDGE('',*,*,#1734,.T.);
#2385=ORIENTED_EDGE('',*,*,#1816,.T.);
#2386=ORIENTED_EDGE('',*,*,#1817,.T.);
#2387=ORIENTED_EDGE('',*,*,#1815,.F.);
#2388=ORIENTED_EDGE('',*,*,#1818,.T.);
#2389=ORIENTED_EDGE('',*,*,#1819,.T.);
#2390=ORIENTED_EDGE('',*,*,#1735,.T.);
#2391=ORIENTED_EDGE('',*,*,#1820,.T.);
#2392=ORIENTED_EDGE('',*,*,#1736,.T.);
#2393=ORIENTED_EDGE('',*,*,#1819,.F.);
#2394=ORIENTED_EDGE('',*,*,#1821,.T.);
#2395=ORIENTED_EDGE('',*,*,#1820,.F.);
#2396=ORIENTED_EDGE('',*,*,#1822,.T.);
#2397=ORIENTED_EDGE('',*,*,#1823,.T.);
#2398=ORIENTED_EDGE('',*,*,#1737,.T.);
#2399=ORIENTED_EDGE('',*,*,#1824,.T.);
#2400=ORIENTED_EDGE('',*,*,#1738,.T.);
#2401=ORIENTED_EDGE('',*,*,#1823,.F.);
#2402=ORIENTED_EDGE('',*,*,#1825,.T.);
#2403=ORIENTED_EDGE('',*,*,#1824,.F.);
#2404=ORIENTED_EDGE('',*,*,#1826,.T.);
#2405=ORIENTED_EDGE('',*,*,#1827,.T.);
#2406=ORIENTED_EDGE('',*,*,#1739,.T.);
#2407=ORIENTED_EDGE('',*,*,#1828,.T.);
#2408=ORIENTED_EDGE('',*,*,#1740,.T.);
#2409=ORIENTED_EDGE('',*,*,#1827,.F.);
#2410=ORIENTED_EDGE('',*,*,#1829,.T.);
#2411=ORIENTED_EDGE('',*,*,#1828,.F.);
#2412=ORIENTED_EDGE('',*,*,#1830,.T.);
#2413=ORIENTED_EDGE('',*,*,#1816,.F.);
#2414=ORIENTED_EDGE('',*,*,#1741,.T.);
#2415=ORIENTED_EDGE('',*,*,#1822,.F.);
#2416=ORIENTED_EDGE('',*,*,#1831,.T.);
#2417=ORIENTED_EDGE('',*,*,#1769,.T.);
#2418=ORIENTED_EDGE('',*,*,#1832,.T.);
#2419=ORIENTED_EDGE('',*,*,#1821,.F.);
#2420=ORIENTED_EDGE('',*,*,#1833,.F.);
#2421=ORIENTED_EDGE('',*,*,#1782,.T.);
#2422=ORIENTED_EDGE('',*,*,#1834,.T.);
#2423=ORIENTED_EDGE('',*,*,#1835,.T.);
#2424=ORIENTED_EDGE('',*,*,#1836,.T.);
#2425=ORIENTED_EDGE('',*,*,#1776,.T.);
#2426=ORIENTED_EDGE('',*,*,#1837,.T.);
#2427=ORIENTED_EDGE('',*,*,#1838,.T.);
#2428=ORIENTED_EDGE('',*,*,#1839,.T.);
#2429=ORIENTED_EDGE('',*,*,#1770,.T.);
#2430=ORIENTED_EDGE('',*,*,#1831,.F.);
#2431=ORIENTED_EDGE('',*,*,#1818,.F.);
#2432=ORIENTED_EDGE('',*,*,#1840,.T.);
#2433=ORIENTED_EDGE('',*,*,#1783,.T.);
#2434=ORIENTED_EDGE('',*,*,#1833,.T.);
#2435=ORIENTED_EDGE('',*,*,#1817,.F.);
#2436=ORIENTED_EDGE('',*,*,#1841,.F.);
#2437=ORIENTED_EDGE('',*,*,#1784,.T.);
#2438=ORIENTED_EDGE('',*,*,#1840,.F.);
#2439=ORIENTED_EDGE('',*,*,#1707,.F.);
#2440=ORIENTED_EDGE('',*,*,#1728,.T.);
#2441=ORIENTED_EDGE('',*,*,#1811,.T.);
#2442=ORIENTED_EDGE('',*,*,#1752,.F.);
#2443=ORIENTED_EDGE('',*,*,#1842,.T.);
#2444=ORIENTED_EDGE('',*,*,#1745,.F.);
#2445=ORIENTED_EDGE('',*,*,#1749,.T.);
#2446=ORIENTED_EDGE('',*,*,#1722,.T.);
#2447=ORIENTED_EDGE('',*,*,#1697,.F.);
#2448=ORIENTED_EDGE('',*,*,#1702,.F.);
#2449=ORIENTED_EDGE('',*,*,#1704,.F.);
#2450=ORIENTED_EDGE('',*,*,#1706,.F.);
#2451=ORIENTED_EDGE('',*,*,#1843,.F.);
#2452=ORIENTED_EDGE('',*,*,#1844,.T.);
#2453=ORIENTED_EDGE('',*,*,#1844,.F.);
#2454=ORIENTED_EDGE('',*,*,#1810,.F.);
#2455=ORIENTED_EDGE('',*,*,#1845,.T.);
#2456=ORIENTED_EDGE('',*,*,#1843,.T.);
#2457=ORIENTED_EDGE('',*,*,#1845,.F.);
#2458=ORIENTED_EDGE('',*,*,#1846,.F.);
#2459=ORIENTED_EDGE('',*,*,#1847,.T.);
#2460=ORIENTED_EDGE('',*,*,#1847,.F.);
#2461=ORIENTED_EDGE('',*,*,#1809,.F.);
#2462=ORIENTED_EDGE('',*,*,#1848,.T.);
#2463=ORIENTED_EDGE('',*,*,#1846,.T.);
#2464=ORIENTED_EDGE('',*,*,#1848,.F.);
#2465=ORIENTED_EDGE('',*,*,#1849,.F.);
#2466=ORIENTED_EDGE('',*,*,#1850,.T.);
#2467=ORIENTED_EDGE('',*,*,#1850,.F.);
#2468=ORIENTED_EDGE('',*,*,#1808,.F.);
#2469=ORIENTED_EDGE('',*,*,#1851,.T.);
#2470=ORIENTED_EDGE('',*,*,#1849,.T.);
#2471=ORIENTED_EDGE('',*,*,#1851,.F.);
#2472=ORIENTED_EDGE('',*,*,#1852,.F.);
#2473=ORIENTED_EDGE('',*,*,#1853,.T.);
#2474=ORIENTED_EDGE('',*,*,#1853,.F.);
#2475=ORIENTED_EDGE('',*,*,#1807,.F.);
#2476=ORIENTED_EDGE('',*,*,#1854,.T.);
#2477=ORIENTED_EDGE('',*,*,#1852,.T.);
#2478=ORIENTED_EDGE('',*,*,#1854,.F.);
#2479=ORIENTED_EDGE('',*,*,#1855,.F.);
#2480=ORIENTED_EDGE('',*,*,#1856,.T.);
#2481=ORIENTED_EDGE('',*,*,#1856,.F.);
#2482=ORIENTED_EDGE('',*,*,#1806,.F.);
#2483=ORIENTED_EDGE('',*,*,#1857,.T.);
#2484=ORIENTED_EDGE('',*,*,#1855,.T.);
#2485=ORIENTED_EDGE('',*,*,#1857,.F.);
#2486=ORIENTED_EDGE('',*,*,#1858,.F.);
#2487=ORIENTED_EDGE('',*,*,#1859,.T.);
#2488=ORIENTED_EDGE('',*,*,#1859,.F.);
#2489=ORIENTED_EDGE('',*,*,#1805,.F.);
#2490=ORIENTED_EDGE('',*,*,#1860,.T.);
#2491=ORIENTED_EDGE('',*,*,#1858,.T.);
#2492=ORIENTED_EDGE('',*,*,#1860,.F.);
#2493=ORIENTED_EDGE('',*,*,#1861,.F.);
#2494=ORIENTED_EDGE('',*,*,#1862,.T.);
#2495=ORIENTED_EDGE('',*,*,#1862,.F.);
#2496=ORIENTED_EDGE('',*,*,#1804,.F.);
#2497=ORIENTED_EDGE('',*,*,#1863,.T.);
#2498=ORIENTED_EDGE('',*,*,#1861,.T.);
#2499=ORIENTED_EDGE('',*,*,#1863,.F.);
#2500=ORIENTED_EDGE('',*,*,#1864,.F.);
#2501=ORIENTED_EDGE('',*,*,#1865,.T.);
#2502=ORIENTED_EDGE('',*,*,#1865,.F.);
#2503=ORIENTED_EDGE('',*,*,#1803,.F.);
#2504=ORIENTED_EDGE('',*,*,#1866,.T.);
#2505=ORIENTED_EDGE('',*,*,#1864,.T.);
#2506=ORIENTED_EDGE('',*,*,#1866,.F.);
#2507=ORIENTED_EDGE('',*,*,#1867,.F.);
#2508=ORIENTED_EDGE('',*,*,#1868,.T.);
#2509=ORIENTED_EDGE('',*,*,#1868,.F.);
#2510=ORIENTED_EDGE('',*,*,#1869,.F.);
#2511=ORIENTED_EDGE('',*,*,#1870,.T.);
#2512=ORIENTED_EDGE('',*,*,#1867,.T.);
#2513=ORIENTED_EDGE('',*,*,#1870,.F.);
#2514=ORIENTED_EDGE('',*,*,#1871,.F.);
#2515=ORIENTED_EDGE('',*,*,#1872,.T.);
#2516=ORIENTED_EDGE('',*,*,#1872,.F.);
#2517=ORIENTED_EDGE('',*,*,#1873,.F.);
#2518=ORIENTED_EDGE('',*,*,#1874,.T.);
#2519=ORIENTED_EDGE('',*,*,#1871,.T.);
#2520=ORIENTED_EDGE('',*,*,#1874,.F.);
#2521=ORIENTED_EDGE('',*,*,#1875,.F.);
#2522=ORIENTED_EDGE('',*,*,#1876,.T.);
#2523=ORIENTED_EDGE('',*,*,#1877,.T.);
#2524=ORIENTED_EDGE('',*,*,#1878,.T.);
#2525=ORIENTED_EDGE('',*,*,#1878,.F.);
#2526=ORIENTED_EDGE('',*,*,#1879,.F.);
#2527=ORIENTED_EDGE('',*,*,#1880,.F.);
#2528=ORIENTED_EDGE('',*,*,#1881,.F.);
#2529=ORIENTED_EDGE('',*,*,#1882,.F.);
#2530=ORIENTED_EDGE('',*,*,#1883,.T.);
#2531=ORIENTED_EDGE('',*,*,#1884,.T.);
#2532=ORIENTED_EDGE('',*,*,#1885,.T.);
#2533=ORIENTED_EDGE('',*,*,#1882,.T.);
#2534=ORIENTED_EDGE('',*,*,#1886,.T.);
#2535=ORIENTED_EDGE('',*,*,#1887,.T.);
#2536=ORIENTED_EDGE('',*,*,#1888,.T.);
#2537=ORIENTED_EDGE('',*,*,#1889,.F.);
#2538=ORIENTED_EDGE('',*,*,#1890,.T.);
#2539=ORIENTED_EDGE('',*,*,#1876,.F.);
#2540=ORIENTED_EDGE('',*,*,#1891,.F.);
#2541=ORIENTED_EDGE('',*,*,#1892,.F.);
#2542=ORIENTED_EDGE('',*,*,#1757,.T.);
#2543=ORIENTED_EDGE('',*,*,#1893,.T.);
#2544=ORIENTED_EDGE('',*,*,#1894,.F.);
#2545=ORIENTED_EDGE('',*,*,#1895,.F.);
#2546=ORIENTED_EDGE('',*,*,#1795,.T.);
#2547=ORIENTED_EDGE('',*,*,#1896,.F.);
#2548=ORIENTED_EDGE('',*,*,#1886,.F.);
#2549=ORIENTED_EDGE('',*,*,#1885,.F.);
#2550=ORIENTED_EDGE('',*,*,#1897,.F.);
#2551=ORIENTED_EDGE('',*,*,#1898,.F.);
#2552=ORIENTED_EDGE('',*,*,#1899,.F.);
#2553=ORIENTED_EDGE('',*,*,#1900,.F.);
#2554=ORIENTED_EDGE('',*,*,#1901,.F.);
#2555=ORIENTED_EDGE('',*,*,#1902,.T.);
#2556=ORIENTED_EDGE('',*,*,#1903,.F.);
#2557=ORIENTED_EDGE('',*,*,#1904,.T.);
#2558=ORIENTED_EDGE('',*,*,#1905,.F.);
#2559=ORIENTED_EDGE('',*,*,#1906,.T.);
#2560=ORIENTED_EDGE('',*,*,#1907,.F.);
#2561=ORIENTED_EDGE('',*,*,#1908,.T.);
#2562=ORIENTED_EDGE('',*,*,#1909,.F.);
#2563=ORIENTED_EDGE('',*,*,#1887,.F.);
#2564=ORIENTED_EDGE('',*,*,#1896,.T.);
#2565=ORIENTED_EDGE('',*,*,#1794,.T.);
#2566=ORIENTED_EDGE('',*,*,#1910,.T.);
#2567=ORIENTED_EDGE('',*,*,#1910,.F.);
#2568=ORIENTED_EDGE('',*,*,#1793,.T.);
#2569=ORIENTED_EDGE('',*,*,#1911,.F.);
#2570=ORIENTED_EDGE('',*,*,#1888,.F.);
#2571=ORIENTED_EDGE('',*,*,#1912,.F.);
#2572=ORIENTED_EDGE('',*,*,#1913,.T.);
#2573=ORIENTED_EDGE('',*,*,#1758,.T.);
#2574=ORIENTED_EDGE('',*,*,#1892,.T.);
#2575=ORIENTED_EDGE('',*,*,#1875,.T.);
#2576=ORIENTED_EDGE('',*,*,#1881,.T.);
#2577=ORIENTED_EDGE('',*,*,#1914,.F.);
#2578=ORIENTED_EDGE('',*,*,#1915,.T.);
#2579=ORIENTED_EDGE('',*,*,#1912,.T.);
#2580=ORIENTED_EDGE('',*,*,#1891,.T.);
#2581=ORIENTED_EDGE('',*,*,#1755,.F.);
#2582=ORIENTED_EDGE('',*,*,#1916,.T.);
#2583=ORIENTED_EDGE('',*,*,#1917,.T.);
#2584=ORIENTED_EDGE('',*,*,#1918,.T.);
#2585=ORIENTED_EDGE('',*,*,#1918,.F.);
#2586=ORIENTED_EDGE('',*,*,#1919,.F.);
#2587=ORIENTED_EDGE('',*,*,#1893,.F.);
#2588=ORIENTED_EDGE('',*,*,#1756,.F.);
#2589=ORIENTED_EDGE('',*,*,#1797,.F.);
#2590=ORIENTED_EDGE('',*,*,#1920,.T.);
#2591=ORIENTED_EDGE('',*,*,#1921,.T.);
#2592=ORIENTED_EDGE('',*,*,#1922,.T.);
#2593=ORIENTED_EDGE('',*,*,#1746,.F.);
#2594=ORIENTED_EDGE('',*,*,#1842,.F.);
#2595=ORIENTED_EDGE('',*,*,#1751,.F.);
#2596=ORIENTED_EDGE('',*,*,#1798,.T.);
#2597=ORIENTED_EDGE('',*,*,#1922,.F.);
#2598=ORIENTED_EDGE('',*,*,#1923,.T.);
#2599=ORIENTED_EDGE('',*,*,#1916,.F.);
#2600=ORIENTED_EDGE('',*,*,#1754,.T.);
#2601=ORIENTED_EDGE('',*,*,#1924,.F.);
#2602=ORIENTED_EDGE('',*,*,#1925,.T.);
#2603=ORIENTED_EDGE('',*,*,#1926,.T.);
#2604=ORIENTED_EDGE('',*,*,#1900,.T.);
#2605=ORIENTED_EDGE('',*,*,#1924,.T.);
#2606=ORIENTED_EDGE('',*,*,#1899,.T.);
#2607=ORIENTED_EDGE('',*,*,#1927,.T.);
#2608=ORIENTED_EDGE('',*,*,#1928,.T.);
#2609=ORIENTED_EDGE('',*,*,#1929,.F.);
#2610=ORIENTED_EDGE('',*,*,#1930,.T.);
#2611=ORIENTED_EDGE('',*,*,#1927,.F.);
#2612=ORIENTED_EDGE('',*,*,#1898,.T.);
#2613=ORIENTED_EDGE('',*,*,#1931,.T.);
#2614=ORIENTED_EDGE('',*,*,#1932,.T.);
#2615=ORIENTED_EDGE('',*,*,#1932,.F.);
#2616=ORIENTED_EDGE('',*,*,#1933,.F.);
#2617=ORIENTED_EDGE('',*,*,#1934,.F.);
#2618=ORIENTED_EDGE('',*,*,#1928,.F.);
#2619=ORIENTED_EDGE('',*,*,#1683,.F.);
#2620=ORIENTED_EDGE('',*,*,#1686,.F.);
#2621=ORIENTED_EDGE('',*,*,#1935,.F.);
#2622=ORIENTED_EDGE('',*,*,#1936,.F.);
#2623=ORIENTED_EDGE('',*,*,#1680,.F.);
#2624=ORIENTED_EDGE('',*,*,#1936,.T.);
#2625=ORIENTED_EDGE('',*,*,#1937,.F.);
#2626=ORIENTED_EDGE('',*,*,#1938,.T.);
#2627=ORIENTED_EDGE('',*,*,#1676,.F.);
#2628=ORIENTED_EDGE('',*,*,#1938,.F.);
#2629=ORIENTED_EDGE('',*,*,#1939,.F.);
#2630=ORIENTED_EDGE('',*,*,#1940,.F.);
#2631=ORIENTED_EDGE('',*,*,#1672,.F.);
#2632=ORIENTED_EDGE('',*,*,#1940,.T.);
#2633=ORIENTED_EDGE('',*,*,#1941,.F.);
#2634=ORIENTED_EDGE('',*,*,#1691,.T.);
#2635=ORIENTED_EDGE('',*,*,#1690,.T.);
#2636=ORIENTED_EDGE('',*,*,#1692,.T.);
#2637=ORIENTED_EDGE('',*,*,#1941,.T.);
#2638=ORIENTED_EDGE('',*,*,#1939,.T.);
#2639=ORIENTED_EDGE('',*,*,#1937,.T.);
#2640=ORIENTED_EDGE('',*,*,#1935,.T.);
#2641=ORIENTED_EDGE('',*,*,#1685,.T.);
#2642=ORIENTED_EDGE('',*,*,#1688,.T.);
#2643=ORIENTED_EDGE('',*,*,#1942,.F.);
#2644=ORIENTED_EDGE('',*,*,#1943,.F.);
#2645=ORIENTED_EDGE('',*,*,#1944,.F.);
#2646=ORIENTED_EDGE('',*,*,#1945,.F.);
#2647=ORIENTED_EDGE('',*,*,#1946,.F.);
#2648=ORIENTED_EDGE('',*,*,#1947,.F.);
#2649=ORIENTED_EDGE('',*,*,#1948,.F.);
#2650=ORIENTED_EDGE('',*,*,#1949,.F.);
#2651=ORIENTED_EDGE('',*,*,#1903,.T.);
#2652=ORIENTED_EDGE('',*,*,#1950,.T.);
#2653=ORIENTED_EDGE('',*,*,#1949,.T.);
#2654=ORIENTED_EDGE('',*,*,#1951,.T.);
#2655=ORIENTED_EDGE('',*,*,#1950,.F.);
#2656=ORIENTED_EDGE('',*,*,#1902,.F.);
#2657=ORIENTED_EDGE('',*,*,#1952,.F.);
#2658=ORIENTED_EDGE('',*,*,#1942,.T.);
#2659=ORIENTED_EDGE('',*,*,#1905,.T.);
#2660=ORIENTED_EDGE('',*,*,#1953,.T.);
#2661=ORIENTED_EDGE('',*,*,#1947,.T.);
#2662=ORIENTED_EDGE('',*,*,#1954,.T.);
#2663=ORIENTED_EDGE('',*,*,#1951,.F.);
#2664=ORIENTED_EDGE('',*,*,#1948,.T.);
#2665=ORIENTED_EDGE('',*,*,#1953,.F.);
#2666=ORIENTED_EDGE('',*,*,#1904,.F.);
#2667=ORIENTED_EDGE('',*,*,#1907,.T.);
#2668=ORIENTED_EDGE('',*,*,#1955,.T.);
#2669=ORIENTED_EDGE('',*,*,#1945,.T.);
#2670=ORIENTED_EDGE('',*,*,#1956,.T.);
#2671=ORIENTED_EDGE('',*,*,#1954,.F.);
#2672=ORIENTED_EDGE('',*,*,#1946,.T.);
#2673=ORIENTED_EDGE('',*,*,#1955,.F.);
#2674=ORIENTED_EDGE('',*,*,#1906,.F.);
#2675=ORIENTED_EDGE('',*,*,#1909,.T.);
#2676=ORIENTED_EDGE('',*,*,#1957,.T.);
#2677=ORIENTED_EDGE('',*,*,#1943,.T.);
#2678=ORIENTED_EDGE('',*,*,#1952,.T.);
#2679=ORIENTED_EDGE('',*,*,#1956,.F.);
#2680=ORIENTED_EDGE('',*,*,#1944,.T.);
#2681=ORIENTED_EDGE('',*,*,#1957,.F.);
#2682=ORIENTED_EDGE('',*,*,#1908,.F.);
#2683=ORIENTED_EDGE('',*,*,#1920,.F.);
#2684=ORIENTED_EDGE('',*,*,#1796,.F.);
#2685=ORIENTED_EDGE('',*,*,#1895,.T.);
#2686=ORIENTED_EDGE('',*,*,#1958,.F.);
#2687=ORIENTED_EDGE('',*,*,#1923,.F.);
#2688=ORIENTED_EDGE('',*,*,#1921,.F.);
#2689=ORIENTED_EDGE('',*,*,#1958,.T.);
#2690=ORIENTED_EDGE('',*,*,#1894,.T.);
#2691=ORIENTED_EDGE('',*,*,#1919,.T.);
#2692=ORIENTED_EDGE('',*,*,#1917,.F.);
#2693=ORIENTED_EDGE('',*,*,#1901,.T.);
#2694=ORIENTED_EDGE('',*,*,#1926,.F.);
#2695=ORIENTED_EDGE('',*,*,#1959,.T.);
#2696=ORIENTED_EDGE('',*,*,#1960,.T.);
#2697=ORIENTED_EDGE('',*,*,#1879,.T.);
#2698=ORIENTED_EDGE('',*,*,#1877,.F.);
#2699=ORIENTED_EDGE('',*,*,#1869,.T.);
#2700=ORIENTED_EDGE('',*,*,#1925,.F.);
#2701=ORIENTED_EDGE('',*,*,#1930,.F.);
#2702=ORIENTED_EDGE('',*,*,#1961,.T.);
#2703=ORIENTED_EDGE('',*,*,#1959,.F.);
#2704=ORIENTED_EDGE('',*,*,#1897,.T.);
#2705=ORIENTED_EDGE('',*,*,#1884,.F.);
#2706=ORIENTED_EDGE('',*,*,#1962,.T.);
#2707=ORIENTED_EDGE('',*,*,#1963,.T.);
#2708=ORIENTED_EDGE('',*,*,#1933,.T.);
#2709=ORIENTED_EDGE('',*,*,#1931,.F.);
#2710=ORIENTED_EDGE('',*,*,#1873,.T.);
#2711=ORIENTED_EDGE('',*,*,#1883,.F.);
#2712=ORIENTED_EDGE('',*,*,#1890,.F.);
#2713=ORIENTED_EDGE('',*,*,#1964,.T.);
#2714=ORIENTED_EDGE('',*,*,#1962,.F.);
#2715=ORIENTED_EDGE('',*,*,#1826,.F.);
#2716=ORIENTED_EDGE('',*,*,#1965,.T.);
#2717=ORIENTED_EDGE('',*,*,#1767,.T.);
#2718=ORIENTED_EDGE('',*,*,#1966,.T.);
#2719=ORIENTED_EDGE('',*,*,#1829,.F.);
#2720=ORIENTED_EDGE('',*,*,#1966,.F.);
#2721=ORIENTED_EDGE('',*,*,#1766,.T.);
#2722=ORIENTED_EDGE('',*,*,#1967,.T.);
#2723=ORIENTED_EDGE('',*,*,#1968,.T.);
#2724=ORIENTED_EDGE('',*,*,#1969,.T.);
#2725=ORIENTED_EDGE('',*,*,#1760,.T.);
#2726=ORIENTED_EDGE('',*,*,#1970,.T.);
#2727=ORIENTED_EDGE('',*,*,#1914,.T.);
#2728=ORIENTED_EDGE('',*,*,#1880,.T.);
#2729=ORIENTED_EDGE('',*,*,#1960,.F.);
#2730=ORIENTED_EDGE('',*,*,#1961,.F.);
#2731=ORIENTED_EDGE('',*,*,#1929,.T.);
#2732=ORIENTED_EDGE('',*,*,#1934,.T.);
#2733=ORIENTED_EDGE('',*,*,#1963,.F.);
#2734=ORIENTED_EDGE('',*,*,#1964,.F.);
#2735=ORIENTED_EDGE('',*,*,#1889,.T.);
#2736=ORIENTED_EDGE('',*,*,#1911,.T.);
#2737=ORIENTED_EDGE('',*,*,#1792,.T.);
#2738=ORIENTED_EDGE('',*,*,#1971,.T.);
#2739=ORIENTED_EDGE('',*,*,#1972,.T.);
#2740=ORIENTED_EDGE('',*,*,#1973,.T.);
#2741=ORIENTED_EDGE('',*,*,#1786,.T.);
#2742=ORIENTED_EDGE('',*,*,#1974,.F.);
#2743=ORIENTED_EDGE('',*,*,#1830,.F.);
#2744=ORIENTED_EDGE('',*,*,#1974,.T.);
#2745=ORIENTED_EDGE('',*,*,#1785,.T.);
#2746=ORIENTED_EDGE('',*,*,#1841,.T.);
#2747=ORIENTED_EDGE('',*,*,#1975,.F.);
#2748=ORIENTED_EDGE('',*,*,#1976,.T.);
#2749=ORIENTED_EDGE('',*,*,#1976,.F.);
#2750=ORIENTED_EDGE('',*,*,#1977,.F.);
#2751=ORIENTED_EDGE('',*,*,#1978,.T.);
#2752=ORIENTED_EDGE('',*,*,#1975,.T.);
#2753=ORIENTED_EDGE('',*,*,#1978,.F.);
#2754=ORIENTED_EDGE('',*,*,#1979,.F.);
#2755=ORIENTED_EDGE('',*,*,#1980,.T.);
#2756=ORIENTED_EDGE('',*,*,#1980,.F.);
#2757=ORIENTED_EDGE('',*,*,#1981,.F.);
#2758=ORIENTED_EDGE('',*,*,#1982,.T.);
#2759=ORIENTED_EDGE('',*,*,#1979,.T.);
#2760=ORIENTED_EDGE('',*,*,#1982,.F.);
#2761=ORIENTED_EDGE('',*,*,#1983,.F.);
#2762=ORIENTED_EDGE('',*,*,#1984,.T.);
#2763=ORIENTED_EDGE('',*,*,#1984,.F.);
#2764=ORIENTED_EDGE('',*,*,#1985,.F.);
#2765=ORIENTED_EDGE('',*,*,#1986,.T.);
#2766=ORIENTED_EDGE('',*,*,#1983,.T.);
#2767=ORIENTED_EDGE('',*,*,#1986,.F.);
#2768=ORIENTED_EDGE('',*,*,#1987,.F.);
#2769=ORIENTED_EDGE('',*,*,#1988,.T.);
#2770=ORIENTED_EDGE('',*,*,#1988,.F.);
#2771=ORIENTED_EDGE('',*,*,#1989,.F.);
#2772=ORIENTED_EDGE('',*,*,#1990,.T.);
#2773=ORIENTED_EDGE('',*,*,#1987,.T.);
#2774=ORIENTED_EDGE('',*,*,#1990,.F.);
#2775=ORIENTED_EDGE('',*,*,#1991,.F.);
#2776=ORIENTED_EDGE('',*,*,#1992,.T.);
#2777=ORIENTED_EDGE('',*,*,#1992,.F.);
#2778=ORIENTED_EDGE('',*,*,#1993,.F.);
#2779=ORIENTED_EDGE('',*,*,#1994,.T.);
#2780=ORIENTED_EDGE('',*,*,#1991,.T.);
#2781=ORIENTED_EDGE('',*,*,#1994,.F.);
#2782=ORIENTED_EDGE('',*,*,#1995,.F.);
#2783=ORIENTED_EDGE('',*,*,#1996,.T.);
#2784=ORIENTED_EDGE('',*,*,#1996,.F.);
#2785=ORIENTED_EDGE('',*,*,#1997,.F.);
#2786=ORIENTED_EDGE('',*,*,#1998,.T.);
#2787=ORIENTED_EDGE('',*,*,#1995,.T.);
#2788=ORIENTED_EDGE('',*,*,#1998,.F.);
#2789=ORIENTED_EDGE('',*,*,#1999,.F.);
#2790=ORIENTED_EDGE('',*,*,#2000,.T.);
#2791=ORIENTED_EDGE('',*,*,#2000,.F.);
#2792=ORIENTED_EDGE('',*,*,#2001,.F.);
#2793=ORIENTED_EDGE('',*,*,#2002,.T.);
#2794=ORIENTED_EDGE('',*,*,#1999,.T.);
#2795=ORIENTED_EDGE('',*,*,#2002,.F.);
#2796=ORIENTED_EDGE('',*,*,#2003,.F.);
#2797=ORIENTED_EDGE('',*,*,#2004,.T.);
#2798=ORIENTED_EDGE('',*,*,#2004,.F.);
#2799=ORIENTED_EDGE('',*,*,#2005,.F.);
#2800=ORIENTED_EDGE('',*,*,#2006,.T.);
#2801=ORIENTED_EDGE('',*,*,#2003,.T.);
#2802=ORIENTED_EDGE('',*,*,#2006,.F.);
#2803=ORIENTED_EDGE('',*,*,#2007,.F.);
#2804=ORIENTED_EDGE('',*,*,#2008,.T.);
#2805=ORIENTED_EDGE('',*,*,#1772,.T.);
#2806=ORIENTED_EDGE('',*,*,#2009,.T.);
#2807=ORIENTED_EDGE('',*,*,#2009,.F.);
#2808=ORIENTED_EDGE('',*,*,#1771,.T.);
#2809=ORIENTED_EDGE('',*,*,#1839,.F.);
#2810=ORIENTED_EDGE('',*,*,#2010,.F.);
#2811=ORIENTED_EDGE('',*,*,#2011,.F.);
#2812=ORIENTED_EDGE('',*,*,#2012,.T.);
#2813=ORIENTED_EDGE('',*,*,#1774,.T.);
#2814=ORIENTED_EDGE('',*,*,#2013,.T.);
#2815=ORIENTED_EDGE('',*,*,#2008,.F.);
#2816=ORIENTED_EDGE('',*,*,#2014,.F.);
#2817=ORIENTED_EDGE('',*,*,#2013,.F.);
#2818=ORIENTED_EDGE('',*,*,#1773,.T.);
#2819=ORIENTED_EDGE('',*,*,#2015,.F.);
#2820=ORIENTED_EDGE('',*,*,#2016,.T.);
#2821=ORIENTED_EDGE('',*,*,#1778,.T.);
#2822=ORIENTED_EDGE('',*,*,#2017,.T.);
#2823=ORIENTED_EDGE('',*,*,#2017,.F.);
#2824=ORIENTED_EDGE('',*,*,#1777,.T.);
#2825=ORIENTED_EDGE('',*,*,#1836,.F.);
#2826=ORIENTED_EDGE('',*,*,#2018,.F.);
#2827=ORIENTED_EDGE('',*,*,#2019,.F.);
#2828=ORIENTED_EDGE('',*,*,#2020,.T.);
#2829=ORIENTED_EDGE('',*,*,#1780,.T.);
#2830=ORIENTED_EDGE('',*,*,#2021,.T.);
#2831=ORIENTED_EDGE('',*,*,#2016,.F.);
#2832=ORIENTED_EDGE('',*,*,#2022,.F.);
#2833=ORIENTED_EDGE('',*,*,#2021,.F.);
#2834=ORIENTED_EDGE('',*,*,#1779,.T.);
#2835=ORIENTED_EDGE('',*,*,#2023,.F.);
#2836=ORIENTED_EDGE('',*,*,#2024,.T.);
#2837=ORIENTED_EDGE('',*,*,#1788,.T.);
#2838=ORIENTED_EDGE('',*,*,#2025,.T.);
#2839=ORIENTED_EDGE('',*,*,#2024,.F.);
#2840=ORIENTED_EDGE('',*,*,#2026,.T.);
#2841=ORIENTED_EDGE('',*,*,#2027,.F.);
#2842=ORIENTED_EDGE('',*,*,#1789,.T.);
#2843=ORIENTED_EDGE('',*,*,#2028,.F.);
#2844=ORIENTED_EDGE('',*,*,#2029,.T.);
#2845=ORIENTED_EDGE('',*,*,#1790,.T.);
#2846=ORIENTED_EDGE('',*,*,#2027,.T.);
#2847=ORIENTED_EDGE('',*,*,#2029,.F.);
#2848=ORIENTED_EDGE('',*,*,#2030,.T.);
#2849=ORIENTED_EDGE('',*,*,#1971,.F.);
#2850=ORIENTED_EDGE('',*,*,#1791,.T.);
#2851=ORIENTED_EDGE('',*,*,#2031,.F.);
#2852=ORIENTED_EDGE('',*,*,#2032,.T.);
#2853=ORIENTED_EDGE('',*,*,#1762,.T.);
#2854=ORIENTED_EDGE('',*,*,#2033,.T.);
#2855=ORIENTED_EDGE('',*,*,#2033,.F.);
#2856=ORIENTED_EDGE('',*,*,#1761,.T.);
#2857=ORIENTED_EDGE('',*,*,#1969,.F.);
#2858=ORIENTED_EDGE('',*,*,#2034,.T.);
#2859=ORIENTED_EDGE('',*,*,#2035,.F.);
#2860=ORIENTED_EDGE('',*,*,#2036,.T.);
#2861=ORIENTED_EDGE('',*,*,#1764,.T.);
#2862=ORIENTED_EDGE('',*,*,#2037,.T.);
#2863=ORIENTED_EDGE('',*,*,#2032,.F.);
#2864=ORIENTED_EDGE('',*,*,#2038,.T.);
#2865=ORIENTED_EDGE('',*,*,#2037,.F.);
#2866=ORIENTED_EDGE('',*,*,#1763,.T.);
#2867=ORIENTED_EDGE('',*,*,#1813,.F.);
#2868=ORIENTED_EDGE('',*,*,#1725,.T.);
#2869=ORIENTED_EDGE('',*,*,#1814,.F.);
#2870=ORIENTED_EDGE('',*,*,#1801,.T.);
#2871=ORIENTED_EDGE('',*,*,#2020,.F.);
#2872=ORIENTED_EDGE('',*,*,#2039,.F.);
#2873=ORIENTED_EDGE('',*,*,#1834,.F.);
#2874=ORIENTED_EDGE('',*,*,#1781,.T.);
#2875=ORIENTED_EDGE('',*,*,#2012,.F.);
#2876=ORIENTED_EDGE('',*,*,#2040,.F.);
#2877=ORIENTED_EDGE('',*,*,#1837,.F.);
#2878=ORIENTED_EDGE('',*,*,#1775,.T.);
#2879=ORIENTED_EDGE('',*,*,#1825,.F.);
#2880=ORIENTED_EDGE('',*,*,#1832,.F.);
#2881=ORIENTED_EDGE('',*,*,#1768,.T.);
#2882=ORIENTED_EDGE('',*,*,#1965,.F.);
#2883=ORIENTED_EDGE('',*,*,#2036,.F.);
#2884=ORIENTED_EDGE('',*,*,#2041,.T.);
#2885=ORIENTED_EDGE('',*,*,#1967,.F.);
#2886=ORIENTED_EDGE('',*,*,#1765,.T.);
#2887=ORIENTED_EDGE('',*,*,#1913,.F.);
#2888=ORIENTED_EDGE('',*,*,#1915,.F.);
#2889=ORIENTED_EDGE('',*,*,#1970,.F.);
#2890=ORIENTED_EDGE('',*,*,#1759,.T.);
#2891=ORIENTED_EDGE('',*,*,#2042,.F.);
#2892=ORIENTED_EDGE('',*,*,#2043,.T.);
#2893=ORIENTED_EDGE('',*,*,#2044,.T.);
#2894=ORIENTED_EDGE('',*,*,#2045,.F.);
#2895=ORIENTED_EDGE('',*,*,#2046,.F.);
#2896=ORIENTED_EDGE('',*,*,#2047,.T.);
#2897=ORIENTED_EDGE('',*,*,#2048,.T.);
#2898=ORIENTED_EDGE('',*,*,#2043,.F.);
#2899=ORIENTED_EDGE('',*,*,#2049,.F.);
#2900=ORIENTED_EDGE('',*,*,#2050,.T.);
#2901=ORIENTED_EDGE('',*,*,#2051,.T.);
#2902=ORIENTED_EDGE('',*,*,#2047,.F.);
#2903=ORIENTED_EDGE('',*,*,#2052,.F.);
#2904=ORIENTED_EDGE('',*,*,#2045,.T.);
#2905=ORIENTED_EDGE('',*,*,#2053,.T.);
#2906=ORIENTED_EDGE('',*,*,#2050,.F.);
#2907=ORIENTED_EDGE('',*,*,#2053,.F.);
#2908=ORIENTED_EDGE('',*,*,#2044,.F.);
#2909=ORIENTED_EDGE('',*,*,#2048,.F.);
#2910=ORIENTED_EDGE('',*,*,#2051,.F.);
#2911=ORIENTED_EDGE('',*,*,#2054,.F.);
#2912=ORIENTED_EDGE('',*,*,#2055,.T.);
#2913=ORIENTED_EDGE('',*,*,#2056,.T.);
#2914=ORIENTED_EDGE('',*,*,#2057,.F.);
#2915=ORIENTED_EDGE('',*,*,#2058,.F.);
#2916=ORIENTED_EDGE('',*,*,#2059,.T.);
#2917=ORIENTED_EDGE('',*,*,#2060,.T.);
#2918=ORIENTED_EDGE('',*,*,#2055,.F.);
#2919=ORIENTED_EDGE('',*,*,#2061,.F.);
#2920=ORIENTED_EDGE('',*,*,#2062,.T.);
#2921=ORIENTED_EDGE('',*,*,#2063,.T.);
#2922=ORIENTED_EDGE('',*,*,#2059,.F.);
#2923=ORIENTED_EDGE('',*,*,#2064,.F.);
#2924=ORIENTED_EDGE('',*,*,#2057,.T.);
#2925=ORIENTED_EDGE('',*,*,#2065,.T.);
#2926=ORIENTED_EDGE('',*,*,#2062,.F.);
#2927=ORIENTED_EDGE('',*,*,#2065,.F.);
#2928=ORIENTED_EDGE('',*,*,#2056,.F.);
#2929=ORIENTED_EDGE('',*,*,#2060,.F.);
#2930=ORIENTED_EDGE('',*,*,#2063,.F.);
#2931=ORIENTED_EDGE('',*,*,#2066,.F.);
#2932=ORIENTED_EDGE('',*,*,#2067,.T.);
#2933=ORIENTED_EDGE('',*,*,#2068,.T.);
#2934=ORIENTED_EDGE('',*,*,#2069,.F.);
#2935=ORIENTED_EDGE('',*,*,#2070,.F.);
#2936=ORIENTED_EDGE('',*,*,#2071,.T.);
#2937=ORIENTED_EDGE('',*,*,#2072,.T.);
#2938=ORIENTED_EDGE('',*,*,#2067,.F.);
#2939=ORIENTED_EDGE('',*,*,#2073,.F.);
#2940=ORIENTED_EDGE('',*,*,#2074,.T.);
#2941=ORIENTED_EDGE('',*,*,#2075,.T.);
#2942=ORIENTED_EDGE('',*,*,#2071,.F.);
#2943=ORIENTED_EDGE('',*,*,#2076,.F.);
#2944=ORIENTED_EDGE('',*,*,#2069,.T.);
#2945=ORIENTED_EDGE('',*,*,#2077,.T.);
#2946=ORIENTED_EDGE('',*,*,#2074,.F.);
#2947=ORIENTED_EDGE('',*,*,#2077,.F.);
#2948=ORIENTED_EDGE('',*,*,#2068,.F.);
#2949=ORIENTED_EDGE('',*,*,#2072,.F.);
#2950=ORIENTED_EDGE('',*,*,#2075,.F.);
#2951=ORIENTED_EDGE('',*,*,#2078,.F.);
#2952=ORIENTED_EDGE('',*,*,#2079,.T.);
#2953=ORIENTED_EDGE('',*,*,#2080,.T.);
#2954=ORIENTED_EDGE('',*,*,#2081,.F.);
#2955=ORIENTED_EDGE('',*,*,#2082,.F.);
#2956=ORIENTED_EDGE('',*,*,#2083,.T.);
#2957=ORIENTED_EDGE('',*,*,#2084,.T.);
#2958=ORIENTED_EDGE('',*,*,#2079,.F.);
#2959=ORIENTED_EDGE('',*,*,#2085,.F.);
#2960=ORIENTED_EDGE('',*,*,#2086,.T.);
#2961=ORIENTED_EDGE('',*,*,#2087,.T.);
#2962=ORIENTED_EDGE('',*,*,#2083,.F.);
#2963=ORIENTED_EDGE('',*,*,#2088,.F.);
#2964=ORIENTED_EDGE('',*,*,#2081,.T.);
#2965=ORIENTED_EDGE('',*,*,#2089,.T.);
#2966=ORIENTED_EDGE('',*,*,#2086,.F.);
#2967=ORIENTED_EDGE('',*,*,#2089,.F.);
#2968=ORIENTED_EDGE('',*,*,#2080,.F.);
#2969=ORIENTED_EDGE('',*,*,#2084,.F.);
#2970=ORIENTED_EDGE('',*,*,#2087,.F.);
#2971=ORIENTED_EDGE('',*,*,#2015,.T.);
#2972=ORIENTED_EDGE('',*,*,#2018,.T.);
#2973=ORIENTED_EDGE('',*,*,#1835,.F.);
#2974=ORIENTED_EDGE('',*,*,#2039,.T.);
#2975=ORIENTED_EDGE('',*,*,#2019,.T.);
#2976=ORIENTED_EDGE('',*,*,#2022,.T.);
#2977=ORIENTED_EDGE('',*,*,#1989,.T.);
#2978=ORIENTED_EDGE('',*,*,#1993,.T.);
#2979=ORIENTED_EDGE('',*,*,#2078,.T.);
#2980=ORIENTED_EDGE('',*,*,#2088,.T.);
#2981=ORIENTED_EDGE('',*,*,#2085,.T.);
#2982=ORIENTED_EDGE('',*,*,#2082,.T.);
#2983=ORIENTED_EDGE('',*,*,#2023,.T.);
#2984=ORIENTED_EDGE('',*,*,#2090,.F.);
#2985=ORIENTED_EDGE('',*,*,#1972,.F.);
#2986=ORIENTED_EDGE('',*,*,#2030,.F.);
#2987=ORIENTED_EDGE('',*,*,#2028,.T.);
#2988=ORIENTED_EDGE('',*,*,#2026,.F.);
#2989=ORIENTED_EDGE('',*,*,#1977,.T.);
#2990=ORIENTED_EDGE('',*,*,#2005,.T.);
#2991=ORIENTED_EDGE('',*,*,#2066,.T.);
#2992=ORIENTED_EDGE('',*,*,#2076,.T.);
#2993=ORIENTED_EDGE('',*,*,#2073,.T.);
#2994=ORIENTED_EDGE('',*,*,#2070,.T.);
#2995=ORIENTED_EDGE('',*,*,#2025,.F.);
#2996=ORIENTED_EDGE('',*,*,#1787,.T.);
#2997=ORIENTED_EDGE('',*,*,#1973,.F.);
#2998=ORIENTED_EDGE('',*,*,#2090,.T.);
#2999=ORIENTED_EDGE('',*,*,#2007,.T.);
#3000=ORIENTED_EDGE('',*,*,#2010,.T.);
#3001=ORIENTED_EDGE('',*,*,#1838,.F.);
#3002=ORIENTED_EDGE('',*,*,#2040,.T.);
#3003=ORIENTED_EDGE('',*,*,#2011,.T.);
#3004=ORIENTED_EDGE('',*,*,#2014,.T.);
#3005=ORIENTED_EDGE('',*,*,#1985,.T.);
#3006=ORIENTED_EDGE('',*,*,#1997,.T.);
#3007=ORIENTED_EDGE('',*,*,#2054,.T.);
#3008=ORIENTED_EDGE('',*,*,#2064,.T.);
#3009=ORIENTED_EDGE('',*,*,#2061,.T.);
#3010=ORIENTED_EDGE('',*,*,#2058,.T.);
#3011=ORIENTED_EDGE('',*,*,#2031,.T.);
#3012=ORIENTED_EDGE('',*,*,#2034,.F.);
#3013=ORIENTED_EDGE('',*,*,#1968,.F.);
#3014=ORIENTED_EDGE('',*,*,#2041,.F.);
#3015=ORIENTED_EDGE('',*,*,#2035,.T.);
#3016=ORIENTED_EDGE('',*,*,#2038,.F.);
#3017=ORIENTED_EDGE('',*,*,#1981,.T.);
#3018=ORIENTED_EDGE('',*,*,#2001,.T.);
#3019=ORIENTED_EDGE('',*,*,#2042,.T.);
#3020=ORIENTED_EDGE('',*,*,#2052,.T.);
#3021=ORIENTED_EDGE('',*,*,#2049,.T.);
#3022=ORIENTED_EDGE('',*,*,#2046,.T.);
#3023=PLANE('',#3297);
#3024=PLANE('',#3301);
#3025=PLANE('',#3305);
#3026=PLANE('',#3306);
#3027=PLANE('',#3308);
#3028=PLANE('',#3311);
#3029=PLANE('',#3318);
#3030=PLANE('',#3319);
#3031=PLANE('',#3324);
#3032=PLANE('',#3325);
#3033=PLANE('',#3330);
#3034=PLANE('',#3333);
#3035=PLANE('',#3336);
#3036=PLANE('',#3337);
#3037=PLANE('',#3338);
#3038=PLANE('',#3339);
#3039=PLANE('',#3342);
#3040=PLANE('',#3345);
#3041=PLANE('',#3346);
#3042=PLANE('',#3349);
#3043=PLANE('',#3352);
#3044=PLANE('',#3354);
#3045=PLANE('',#3355);
#3046=PLANE('',#3362);
#3047=PLANE('',#3366);
#3048=PLANE('',#3370);
#3049=PLANE('',#3397);
#3050=PLANE('',#3400);
#3051=PLANE('',#3403);
#3052=PLANE('',#3406);
#3053=PLANE('',#3409);
#3054=PLANE('',#3413);
#3055=PLANE('',#3415);
#3056=PLANE('',#3416);
#3057=PLANE('',#3452);
#3058=PLANE('',#3456);
#3059=PLANE('',#3458);
#3060=PLANE('',#3464);
#3061=PLANE('',#3467);
#3062=PLANE('',#3470);
#3063=PLANE('',#3473);
#3064=PLANE('',#3477);
#3065=PLANE('',#3481);
#3066=PLANE('',#3482);
#3067=PLANE('',#3485);
#3068=PLANE('',#3488);
#3069=PLANE('',#3494);
#3070=PLANE('',#3496);
#3071=PLANE('',#3498);
#3072=PLANE('',#3500);
#3073=PLANE('',#3501);
#3074=PLANE('',#3502);
#3075=PLANE('',#3503);
#3076=PLANE('',#3504);
#3077=PLANE('',#3505);
#3078=PLANE('',#3506);
#3079=PLANE('',#3508);
#3080=PLANE('',#3544);
#3081=PLANE('',#3547);
#3082=PLANE('',#3550);
#3083=PLANE('',#3553);
#3084=PLANE('',#3556);
#3085=PLANE('',#3559);
#3086=PLANE('',#3562);
#3087=PLANE('',#3565);
#3088=PLANE('',#3566);
#3089=PLANE('',#3567);
#3090=PLANE('',#3568);
#3091=PLANE('',#3569);
#3092=PLANE('',#3570);
#3093=PLANE('',#3571);
#3094=PLANE('',#3575);
#3095=PLANE('',#3579);
#3096=PLANE('',#3580);
#3097=PLANE('',#3584);
#3098=PLANE('',#3588);
#3099=PLANE('',#3589);
#3100=PLANE('',#3593);
#3101=PLANE('',#3597);
#3102=PLANE('',#3598);
#3103=PLANE('',#3602);
#3104=PLANE('',#3606);
#3105=PLANE('',#3607);
#3106=PLANE('',#3608);
#3107=PLANE('',#3609);
#3108=PLANE('',#3610);
#3109=PLANE('',#3611);
#3110=PLANE('',#3612);
#3111=ADVANCED_FACE('',(#281),#3023,.T.);
#3112=ADVANCED_FACE('',(#282),#251,.T.);
#3113=ADVANCED_FACE('',(#283),#3024,.T.);
#3114=ADVANCED_FACE('',(#284),#252,.T.);
#3115=ADVANCED_FACE('',(#285),#3025,.T.);
#3116=ADVANCED_FACE('',(#286),#3026,.T.);
#3117=ADVANCED_FACE('',(#287),#3027,.T.);
#3118=ADVANCED_FACE('',(#288),#45,.T.);
#3119=ADVANCED_FACE('',(#289,#19),#3028,.T.);
#3120=ADVANCED_FACE('',(#290),#46,.T.);
#3121=ADVANCED_FACE('',(#291),#3029,.T.);
#3122=ADVANCED_FACE('',(#292),#3030,.T.);
#3123=ADVANCED_FACE('',(#293),#253,.F.);
#3124=ADVANCED_FACE('',(#294),#254,.F.);
#3125=ADVANCED_FACE('',(#295),#3031,.T.);
#3126=ADVANCED_FACE('',(#296),#3032,.T.);
#3127=ADVANCED_FACE('',(#297),#255,.F.);
#3128=ADVANCED_FACE('',(#298),#256,.F.);
#3129=ADVANCED_FACE('',(#299),#3033,.T.);
#3130=ADVANCED_FACE('',(#300),#47,.F.);
#3131=ADVANCED_FACE('',(#301),#3034,.F.);
#3132=ADVANCED_FACE('',(#302),#48,.F.);
#3133=ADVANCED_FACE('',(#303),#3035,.F.);
#3134=ADVANCED_FACE('',(#304),#3036,.T.);
#3135=ADVANCED_FACE('',(#305),#3037,.T.);
#3136=ADVANCED_FACE('',(#306),#3038,.T.);
#3137=ADVANCED_FACE('',(#307),#257,.T.);
#3138=ADVANCED_FACE('',(#308),#3039,.T.);
#3139=ADVANCED_FACE('',(#309),#258,.T.);
#3140=ADVANCED_FACE('',(#310),#3040,.T.);
#3141=ADVANCED_FACE('',(#311),#15,.T.);
#3142=ADVANCED_FACE('',(#312),#3041,.T.);
#3143=ADVANCED_FACE('',(#313),#16,.T.);
#3144=ADVANCED_FACE('',(#314),#17,.T.);
#3145=ADVANCED_FACE('',(#315),#18,.T.);
#3146=ADVANCED_FACE('',(#316),#49,.T.);
#3147=ADVANCED_FACE('',(#317),#3042,.F.);
#3148=ADVANCED_FACE('',(#318),#3043,.T.);
#3149=ADVANCED_FACE('',(#319),#3044,.T.);
#3150=ADVANCED_FACE('',(#320,#20),#3045,.T.);
#3151=ADVANCED_FACE('',(#321),#50,.T.);
#3152=ADVANCED_FACE('',(#322),#3046,.T.);
#3153=ADVANCED_FACE('',(#323),#51,.F.);
#3154=ADVANCED_FACE('',(#324),#3047,.F.);
#3155=ADVANCED_FACE('',(#325),#52,.F.);
#3156=ADVANCED_FACE('',(#326,#21,#22,#23,#24,#25,#26,#27,#28),#3048,.T.);
#3157=ADVANCED_FACE('',(#327),#3049,.F.);
#3158=ADVANCED_FACE('',(#328),#53,.F.);
#3159=ADVANCED_FACE('',(#329),#54,.F.);
#3160=ADVANCED_FACE('',(#330),#3050,.T.);
#3161=ADVANCED_FACE('',(#331),#259,.F.);
#3162=ADVANCED_FACE('',(#332),#3051,.T.);
#3163=ADVANCED_FACE('',(#333),#260,.F.);
#3164=ADVANCED_FACE('',(#334),#3052,.T.);
#3165=ADVANCED_FACE('',(#335),#261,.F.);
#3166=ADVANCED_FACE('',(#336),#3053,.T.);
#3167=ADVANCED_FACE('',(#337),#262,.F.);
#3168=ADVANCED_FACE('',(#338),#55,.F.);
#3169=ADVANCED_FACE('',(#339),#3054,.T.);
#3170=ADVANCED_FACE('',(#340),#56,.F.);
#3171=ADVANCED_FACE('',(#341),#3055,.T.);
#3172=ADVANCED_FACE('',(#342),#3056,.T.);
#3173=ADVANCED_FACE('',(#343),#263,.F.);
#3174=ADVANCED_FACE('',(#344),#57,.F.);
#3175=ADVANCED_FACE('',(#345),#264,.F.);
#3176=ADVANCED_FACE('',(#346),#58,.F.);
#3177=ADVANCED_FACE('',(#347),#265,.F.);
#3178=ADVANCED_FACE('',(#348),#59,.F.);
#3179=ADVANCED_FACE('',(#349),#266,.F.);
#3180=ADVANCED_FACE('',(#350),#60,.F.);
#3181=ADVANCED_FACE('',(#351),#267,.F.);
#3182=ADVANCED_FACE('',(#352),#61,.F.);
#3183=ADVANCED_FACE('',(#353),#268,.F.);
#3184=ADVANCED_FACE('',(#354),#62,.F.);
#3185=ADVANCED_FACE('',(#355),#269,.F.);
#3186=ADVANCED_FACE('',(#356),#63,.F.);
#3187=ADVANCED_FACE('',(#357),#270,.F.);
#3188=ADVANCED_FACE('',(#358),#64,.F.);
#3189=ADVANCED_FACE('',(#359),#271,.F.);
#3190=ADVANCED_FACE('',(#360),#65,.F.);
#3191=ADVANCED_FACE('',(#361),#272,.F.);
#3192=ADVANCED_FACE('',(#362),#66,.F.);
#3193=ADVANCED_FACE('',(#363),#67,.F.);
#3194=ADVANCED_FACE('',(#364),#3057,.T.);
#3195=ADVANCED_FACE('',(#365),#68,.F.);
#3196=ADVANCED_FACE('',(#366),#3058,.F.);
#3197=ADVANCED_FACE('',(#367,#29),#3059,.T.);
#3198=ADVANCED_FACE('',(#368),#69,.F.);
#3199=ADVANCED_FACE('',(#369),#3060,.F.);
#3200=ADVANCED_FACE('',(#370),#70,.F.);
#3201=ADVANCED_FACE('',(#371),#3061,.F.);
#3202=ADVANCED_FACE('',(#372),#71,.F.);
#3203=ADVANCED_FACE('',(#373),#3062,.T.);
#3204=ADVANCED_FACE('',(#374),#72,.F.);
#3205=ADVANCED_FACE('',(#375),#3063,.F.);
#3206=ADVANCED_FACE('',(#376),#73,.F.);
#3207=ADVANCED_FACE('',(#377),#3064,.F.);
#3208=ADVANCED_FACE('',(#378),#74,.F.);
#3209=ADVANCED_FACE('',(#379),#3065,.T.);
#3210=ADVANCED_FACE('',(#380),#3066,.F.);
#3211=ADVANCED_FACE('',(#381),#75,.F.);
#3212=ADVANCED_FACE('',(#382),#3067,.F.);
#3213=ADVANCED_FACE('',(#383),#76,.F.);
#3214=ADVANCED_FACE('',(#384,#30),#3068,.F.);
#3215=ADVANCED_FACE('',(#385),#77,.F.);
#3216=ADVANCED_FACE('',(#386),#3069,.F.);
#3217=ADVANCED_FACE('',(#387),#78,.F.);
#3218=ADVANCED_FACE('',(#388),#3070,.F.);
#3219=ADVANCED_FACE('',(#389),#79,.F.);
#3220=ADVANCED_FACE('',(#390),#3071,.F.);
#3221=ADVANCED_FACE('',(#391),#80,.F.);
#3222=ADVANCED_FACE('',(#392),#3072,.F.);
#3223=ADVANCED_FACE('',(#393),#3073,.T.);
#3224=ADVANCED_FACE('',(#394),#3074,.T.);
#3225=ADVANCED_FACE('',(#395,#31),#3075,.F.);
#3226=ADVANCED_FACE('',(#396),#3076,.T.);
#3227=ADVANCED_FACE('',(#397,#32),#3077,.F.);
#3228=ADVANCED_FACE('',(#398),#3078,.T.);
#3229=ADVANCED_FACE('',(#399),#81,.F.);
#3230=ADVANCED_FACE('',(#400),#3079,.T.);
#3231=ADVANCED_FACE('',(#401),#82,.F.);
#3232=ADVANCED_FACE('',(#402),#273,.F.);
#3233=ADVANCED_FACE('',(#403),#83,.F.);
#3234=ADVANCED_FACE('',(#404),#274,.F.);
#3235=ADVANCED_FACE('',(#405),#84,.F.);
#3236=ADVANCED_FACE('',(#406),#275,.F.);
#3237=ADVANCED_FACE('',(#407),#85,.F.);
#3238=ADVANCED_FACE('',(#408),#276,.F.);
#3239=ADVANCED_FACE('',(#409),#86,.F.);
#3240=ADVANCED_FACE('',(#410),#277,.F.);
#3241=ADVANCED_FACE('',(#411),#87,.F.);
#3242=ADVANCED_FACE('',(#412),#278,.F.);
#3243=ADVANCED_FACE('',(#413),#88,.F.);
#3244=ADVANCED_FACE('',(#414),#279,.F.);
#3245=ADVANCED_FACE('',(#415),#89,.F.);
#3246=ADVANCED_FACE('',(#416),#280,.F.);
#3247=ADVANCED_FACE('',(#417),#90,.F.);
#3248=ADVANCED_FACE('',(#418),#91,.F.);
#3249=ADVANCED_FACE('',(#419),#3080,.F.);
#3250=ADVANCED_FACE('',(#420),#92,.F.);
#3251=ADVANCED_FACE('',(#421),#3081,.F.);
#3252=ADVANCED_FACE('',(#422),#93,.F.);
#3253=ADVANCED_FACE('',(#423),#3082,.F.);
#3254=ADVANCED_FACE('',(#424),#94,.F.);
#3255=ADVANCED_FACE('',(#425),#3083,.F.);
#3256=ADVANCED_FACE('',(#426),#95,.F.);
#3257=ADVANCED_FACE('',(#427),#3084,.F.);
#3258=ADVANCED_FACE('',(#428),#96,.F.);
#3259=ADVANCED_FACE('',(#429),#3085,.F.);
#3260=ADVANCED_FACE('',(#430),#97,.F.);
#3261=ADVANCED_FACE('',(#431),#3086,.F.);
#3262=ADVANCED_FACE('',(#432),#98,.F.);
#3263=ADVANCED_FACE('',(#433),#3087,.F.);
#3264=ADVANCED_FACE('',(#434),#3088,.F.);
#3265=ADVANCED_FACE('',(#435),#3089,.F.);
#3266=ADVANCED_FACE('',(#436),#3090,.F.);
#3267=ADVANCED_FACE('',(#437),#3091,.T.);
#3268=ADVANCED_FACE('',(#438),#3092,.F.);
#3269=ADVANCED_FACE('',(#439),#3093,.F.);
#3270=ADVANCED_FACE('',(#440),#99,.F.);
#3271=ADVANCED_FACE('',(#441),#3094,.F.);
#3272=ADVANCED_FACE('',(#442),#100,.F.);
#3273=ADVANCED_FACE('',(#443),#3095,.F.);
#3274=ADVANCED_FACE('',(#444),#3096,.T.);
#3275=ADVANCED_FACE('',(#445),#101,.F.);
#3276=ADVANCED_FACE('',(#446),#3097,.F.);
#3277=ADVANCED_FACE('',(#447),#102,.F.);
#3278=ADVANCED_FACE('',(#448),#3098,.F.);
#3279=ADVANCED_FACE('',(#449),#3099,.T.);
#3280=ADVANCED_FACE('',(#450),#103,.F.);
#3281=ADVANCED_FACE('',(#451),#3100,.F.);
#3282=ADVANCED_FACE('',(#452),#104,.F.);
#3283=ADVANCED_FACE('',(#453),#3101,.F.);
#3284=ADVANCED_FACE('',(#454),#3102,.T.);
#3285=ADVANCED_FACE('',(#455),#105,.F.);
#3286=ADVANCED_FACE('',(#456),#3103,.F.);
#3287=ADVANCED_FACE('',(#457),#106,.F.);
#3288=ADVANCED_FACE('',(#458),#3104,.F.);
#3289=ADVANCED_FACE('',(#459),#3105,.T.);
#3290=ADVANCED_FACE('',(#460,#33,#34,#35),#3106,.F.);
#3291=ADVANCED_FACE('',(#461,#36,#37,#38),#3107,.F.);
#3292=ADVANCED_FACE('',(#462),#3108,.F.);
#3293=ADVANCED_FACE('',(#463,#39,#40,#41),#3109,.F.);
#3294=ADVANCED_FACE('',(#464,#42,#43,#44),#3110,.F.);
#3295=CLOSED_SHELL('',(#3111,#3112,#3113,#3114,#3115,#3116,#3117,#3118,
#3119,#3120,#3121,#3122,#3123,#3124,#3125,#3126,#3127,#3128,#3129,#3130,
#3131,#3132,#3133,#3134,#3135,#3136,#3137,#3138,#3139,#3140,#3141,#3142,
#3143,#3144,#3145,#3146,#3147,#3148,#3149,#3150,#3151,#3152,#3153,#3154,
#3155,#3156,#3157,#3158,#3159,#3160,#3161,#3162,#3163,#3164,#3165,#3166,
#3167,#3168,#3169,#3170,#3171,#3172,#3173,#3174,#3175,#3176,#3177,#3178,
#3179,#3180,#3181,#3182,#3183,#3184,#3185,#3186,#3187,#3188,#3189,#3190,
#3191,#3192,#3193,#3194,#3195,#3196,#3197,#3198,#3199,#3200,#3201,#3202,
#3203,#3204,#3205,#3206,#3207,#3208,#3209,#3210,#3211,#3212,#3213,#3214,
#3215,#3216,#3217,#3218,#3219,#3220,#3221,#3222,#3223,#3224,#3225,#3226,
#3227,#3228,#3229,#3230,#3231,#3232,#3233,#3234,#3235,#3236,#3237,#3238,
#3239,#3240,#3241,#3242,#3243,#3244,#3245,#3246,#3247,#3248,#3249,#3250,
#3251,#3252,#3253,#3254,#3255,#3256,#3257,#3258,#3259,#3260,#3261,#3262,
#3263,#3264,#3265,#3266,#3267,#3268,#3269,#3270,#3271,#3272,#3273,#3274,
#3275,#3276,#3277,#3278,#3279,#3280,#3281,#3282,#3283,#3284,#3285,#3286,
#3287,#3288,#3289,#3290,#3291,#3292,#3293,#3294));
#3296=AXIS2_PLACEMENT_3D('',#4569,#3613,#3614);
#3297=AXIS2_PLACEMENT_3D('',#4570,#3615,#3616);
#3298=AXIS2_PLACEMENT_3D('',#4579,#3621,#3622);
#3299=AXIS2_PLACEMENT_3D('',#4581,#3623,#3624);
#3300=AXIS2_PLACEMENT_3D('',#4584,#3626,#3627);
#3301=AXIS2_PLACEMENT_3D('',#4585,#3628,#3629);
#3302=AXIS2_PLACEMENT_3D('',#4591,#3633,#3634);
#3303=AXIS2_PLACEMENT_3D('',#4593,#3635,#3636);
#3304=AXIS2_PLACEMENT_3D('',#4596,#3638,#3639);
#3305=AXIS2_PLACEMENT_3D('',#4597,#3640,#3641);
#3306=AXIS2_PLACEMENT_3D('',#4603,#3645,#3646);
#3307=AXIS2_PLACEMENT_3D('',#4607,#3648,#3649);
#3308=AXIS2_PLACEMENT_3D('',#4609,#3651,#3652);
#3309=AXIS2_PLACEMENT_3D('',#4622,#3657,#3658);
#3310=AXIS2_PLACEMENT_3D('',#4625,#3660,#3661);
#3311=AXIS2_PLACEMENT_3D('',#4626,#3662,#3663);
#3312=AXIS2_PLACEMENT_3D('',#4634,#3667,#3668);
#3313=AXIS2_PLACEMENT_3D('',#4638,#3670,#3671);
#3314=AXIS2_PLACEMENT_3D('',#4642,#3673,#3674);
#3315=AXIS2_PLACEMENT_3D('',#4645,#3676,#3677);
#3316=AXIS2_PLACEMENT_3D('',#4646,#3678,#3679);
#3317=AXIS2_PLACEMENT_3D('',#4649,#3681,#3682);
#3318=AXIS2_PLACEMENT_3D('',#4650,#3683,#3684);
#3319=AXIS2_PLACEMENT_3D('',#4663,#3689,#3690);
#3320=AXIS2_PLACEMENT_3D('',#4669,#3694,#3695);
#3321=AXIS2_PLACEMENT_3D('',#4672,#3697,#3698);
#3322=AXIS2_PLACEMENT_3D('',#4673,#3699,#3700);
#3323=AXIS2_PLACEMENT_3D('',#4675,#3701,#3702);
#3324=AXIS2_PLACEMENT_3D('',#4677,#3704,#3705);
#3325=AXIS2_PLACEMENT_3D('',#4681,#3708,#3709);
#3326=AXIS2_PLACEMENT_3D('',#4685,#3712,#3713);
#3327=AXIS2_PLACEMENT_3D('',#4688,#3715,#3716);
#3328=AXIS2_PLACEMENT_3D('',#4689,#3717,#3718);
#3329=AXIS2_PLACEMENT_3D('',#4691,#3719,#3720);
#3330=AXIS2_PLACEMENT_3D('',#4693,#3722,#3723);
#3331=AXIS2_PLACEMENT_3D('',#4695,#3725,#3726);
#3332=AXIS2_PLACEMENT_3D('',#4699,#3728,#3729);
#3333=AXIS2_PLACEMENT_3D('',#4701,#3731,#3732);
#3334=AXIS2_PLACEMENT_3D('',#4705,#3735,#3736);
#3335=AXIS2_PLACEMENT_3D('',#4708,#3738,#3739);
#3336=AXIS2_PLACEMENT_3D('',#4709,#3740,#3741);
#3337=AXIS2_PLACEMENT_3D('',#4713,#3744,#3745);
#3338=AXIS2_PLACEMENT_3D('',#4719,#3749,#3750);
#3339=AXIS2_PLACEMENT_3D('',#4725,#3754,#3755);
#3340=AXIS2_PLACEMENT_3D('',#4729,#3758,#3759);
#3341=AXIS2_PLACEMENT_3D('',#4732,#3761,#3762);
#3342=AXIS2_PLACEMENT_3D('',#4733,#3763,#3764);
#3343=AXIS2_PLACEMENT_3D('',#4737,#3767,#3768);
#3344=AXIS2_PLACEMENT_3D('',#4740,#3770,#3771);
#3345=AXIS2_PLACEMENT_3D('',#4741,#3772,#3773);
#3346=AXIS2_PLACEMENT_3D('',#4778,#3777,#3778);
#3347=AXIS2_PLACEMENT_3D('',#4856,#3783,#3784);
#3348=AXIS2_PLACEMENT_3D('',#4859,#3786,#3787);
#3349=AXIS2_PLACEMENT_3D('',#4860,#3788,#3789);
#3350=AXIS2_PLACEMENT_3D('',#4866,#3792,#3793);
#3351=AXIS2_PLACEMENT_3D('',#4870,#3795,#3796);
#3352=AXIS2_PLACEMENT_3D('',#4874,#3799,#3800);
#3353=AXIS2_PLACEMENT_3D('',#4878,#3802,#3803);
#3354=AXIS2_PLACEMENT_3D('',#4881,#3806,#3807);
#3355=AXIS2_PLACEMENT_3D('',#4883,#3809,#3810);
#3356=AXIS2_PLACEMENT_3D('',#4888,#3812,#3813);
#3357=AXIS2_PLACEMENT_3D('',#4892,#3815,#3816);
#3358=AXIS2_PLACEMENT_3D('',#4896,#3818,#3819);
#3359=AXIS2_PLACEMENT_3D('',#4899,#3821,#3822);
#3360=AXIS2_PLACEMENT_3D('',#4900,#3823,#3824);
#3361=AXIS2_PLACEMENT_3D('',#4901,#3825,#3826);
#3362=AXIS2_PLACEMENT_3D('',#4902,#3827,#3828);
#3363=AXIS2_PLACEMENT_3D('',#4903,#3829,#3830);
#3364=AXIS2_PLACEMENT_3D('',#4906,#3831,#3832);
#3365=AXIS2_PLACEMENT_3D('',#4910,#3834,#3835);
#3366=AXIS2_PLACEMENT_3D('',#4912,#3837,#3838);
#3367=AXIS2_PLACEMENT_3D('',#4917,#3842,#3843);
#3368=AXIS2_PLACEMENT_3D('',#4920,#3844,#3845);
#3369=AXIS2_PLACEMENT_3D('',#4924,#3847,#3848);
#3370=AXIS2_PLACEMENT_3D('',#4926,#3850,#3851);
#3371=AXIS2_PLACEMENT_3D('',#4930,#3853,#3854);
#3372=AXIS2_PLACEMENT_3D('',#4936,#3857,#3858);
#3373=AXIS2_PLACEMENT_3D('',#4944,#3862,#3863);
#3374=AXIS2_PLACEMENT_3D('',#4948,#3865,#3866);
#3375=AXIS2_PLACEMENT_3D('',#4954,#3869,#3870);
#3376=AXIS2_PLACEMENT_3D('',#4958,#3872,#3873);
#3377=AXIS2_PLACEMENT_3D('',#4964,#3876,#3877);
#3378=AXIS2_PLACEMENT_3D('',#4968,#3879,#3880);
#3379=AXIS2_PLACEMENT_3D('',#4976,#3884,#3885);
#3380=AXIS2_PLACEMENT_3D('',#4980,#3887,#3888);
#3381=AXIS2_PLACEMENT_3D('',#4986,#3891,#3892);
#3382=AXIS2_PLACEMENT_3D('',#4990,#3894,#3895);
#3383=AXIS2_PLACEMENT_3D('',#4996,#3898,#3899);
#3384=AXIS2_PLACEMENT_3D('',#5000,#3901,#3902);
#3385=AXIS2_PLACEMENT_3D('',#5008,#3906,#3907);
#3386=AXIS2_PLACEMENT_3D('',#5014,#3910,#3911);
#3387=AXIS2_PLACEMENT_3D('',#5019,#3914,#3915);
#3388=AXIS2_PLACEMENT_3D('',#5022,#3917,#3918);
#3389=AXIS2_PLACEMENT_3D('',#5024,#3919,#3920);
#3390=AXIS2_PLACEMENT_3D('',#5026,#3921,#3922);
#3391=AXIS2_PLACEMENT_3D('',#5028,#3923,#3924);
#3392=AXIS2_PLACEMENT_3D('',#5030,#3925,#3926);
#3393=AXIS2_PLACEMENT_3D('',#5032,#3927,#3928);
#3394=AXIS2_PLACEMENT_3D('',#5034,#3929,#3930);
#3395=AXIS2_PLACEMENT_3D('',#5036,#3931,#3932);
#3396=AXIS2_PLACEMENT_3D('',#5038,#3933,#3934);
#3397=AXIS2_PLACEMENT_3D('',#5039,#3935,#3936);
#3398=AXIS2_PLACEMENT_3D('',#5042,#3939,#3940);
#3399=AXIS2_PLACEMENT_3D('',#5044,#3942,#3943);
#3400=AXIS2_PLACEMENT_3D('',#5046,#3945,#3946);
#3401=AXIS2_PLACEMENT_3D('',#5052,#3950,#3951);
#3402=AXIS2_PLACEMENT_3D('',#5054,#3952,#3953);
#3403=AXIS2_PLACEMENT_3D('',#5056,#3955,#3956);
#3404=AXIS2_PLACEMENT_3D('',#5060,#3959,#3960);
#3405=AXIS2_PLACEMENT_3D('',#5062,#3961,#3962);
#3406=AXIS2_PLACEMENT_3D('',#5064,#3964,#3965);
#3407=AXIS2_PLACEMENT_3D('',#5068,#3968,#3969);
#3408=AXIS2_PLACEMENT_3D('',#5070,#3970,#3971);
#3409=AXIS2_PLACEMENT_3D('',#5072,#3973,#3974);
#3410=AXIS2_PLACEMENT_3D('',#5076,#3977,#3978);
#3411=AXIS2_PLACEMENT_3D('',#5077,#3979,#3980);
#3412=AXIS2_PLACEMENT_3D('',#5078,#3981,#3982);
#3413=AXIS2_PLACEMENT_3D('',#5081,#3985,#3986);
#3414=AXIS2_PLACEMENT_3D('',#5093,#3994,#3995);
#3415=AXIS2_PLACEMENT_3D('',#5095,#3997,#3998);
#3416=AXIS2_PLACEMENT_3D('',#5097,#4000,#4001);
#3417=AXIS2_PLACEMENT_3D('',#5099,#4003,#4004);
#3418=AXIS2_PLACEMENT_3D('',#5101,#4005,#4006);
#3419=AXIS2_PLACEMENT_3D('',#5104,#4008,#4009);
#3420=AXIS2_PLACEMENT_3D('',#5106,#4011,#4012);
#3421=AXIS2_PLACEMENT_3D('',#5108,#4013,#4014);
#3422=AXIS2_PLACEMENT_3D('',#5111,#4016,#4017);
#3423=AXIS2_PLACEMENT_3D('',#5113,#4019,#4020);
#3424=AXIS2_PLACEMENT_3D('',#5115,#4021,#4022);
#3425=AXIS2_PLACEMENT_3D('',#5118,#4024,#4025);
#3426=AXIS2_PLACEMENT_3D('',#5120,#4027,#4028);
#3427=AXIS2_PLACEMENT_3D('',#5122,#4029,#4030);
#3428=AXIS2_PLACEMENT_3D('',#5125,#4032,#4033);
#3429=AXIS2_PLACEMENT_3D('',#5127,#4035,#4036);
#3430=AXIS2_PLACEMENT_3D('',#5129,#4037,#4038);
#3431=AXIS2_PLACEMENT_3D('',#5132,#4040,#4041);
#3432=AXIS2_PLACEMENT_3D('',#5134,#4043,#4044);
#3433=AXIS2_PLACEMENT_3D('',#5136,#4045,#4046);
#3434=AXIS2_PLACEMENT_3D('',#5139,#4048,#4049);
#3435=AXIS2_PLACEMENT_3D('',#5141,#4051,#4052);
#3436=AXIS2_PLACEMENT_3D('',#5143,#4053,#4054);
#3437=AXIS2_PLACEMENT_3D('',#5146,#4056,#4057);
#3438=AXIS2_PLACEMENT_3D('',#5148,#4059,#4060);
#3439=AXIS2_PLACEMENT_3D('',#5150,#4061,#4062);
#3440=AXIS2_PLACEMENT_3D('',#5153,#4064,#4065);
#3441=AXIS2_PLACEMENT_3D('',#5155,#4067,#4068);
#3442=AXIS2_PLACEMENT_3D('',#5157,#4069,#4070);
#3443=AXIS2_PLACEMENT_3D('',#5160,#4072,#4073);
#3444=AXIS2_PLACEMENT_3D('',#5162,#4074,#4075);
#3445=AXIS2_PLACEMENT_3D('',#5164,#4077,#4078);
#3446=AXIS2_PLACEMENT_3D('',#5166,#4079,#4080);
#3447=AXIS2_PLACEMENT_3D('',#5169,#4082,#4083);
#3448=AXIS2_PLACEMENT_3D('',#5171,#4084,#4085);
#3449=AXIS2_PLACEMENT_3D('',#5173,#4087,#4088);
#3450=AXIS2_PLACEMENT_3D('',#5176,#4089,#4090);
#3451=AXIS2_PLACEMENT_3D('',#5180,#4092,#4093);
#3452=AXIS2_PLACEMENT_3D('',#5182,#4095,#4096);
#3453=AXIS2_PLACEMENT_3D('',#5188,#4100,#4101);
#3454=AXIS2_PLACEMENT_3D('',#5191,#4102,#4103);
#3455=AXIS2_PLACEMENT_3D('',#5195,#4105,#4106);
#3456=AXIS2_PLACEMENT_3D('',#5197,#4108,#4109);
#3457=AXIS2_PLACEMENT_3D('',#5201,#4111,#4112);
#3458=AXIS2_PLACEMENT_3D('',#5207,#4116,#4117);
#3459=AXIS2_PLACEMENT_3D('',#5230,#4130,#4131);
#3460=AXIS2_PLACEMENT_3D('',#5234,#4133,#4134);
#3461=AXIS2_PLACEMENT_3D('',#5238,#4136,#4137);
#3462=AXIS2_PLACEMENT_3D('',#5241,#4139,#4140);
#3463=AXIS2_PLACEMENT_3D('',#5242,#4141,#4142);
#3464=AXIS2_PLACEMENT_3D('',#5244,#4144,#4145);
#3465=AXIS2_PLACEMENT_3D('',#5246,#4147,#4148);
#3466=AXIS2_PLACEMENT_3D('',#5248,#4149,#4150);
#3467=AXIS2_PLACEMENT_3D('',#5250,#4152,#4153);
#3468=AXIS2_PLACEMENT_3D('',#5254,#4156,#4157);
#3469=AXIS2_PLACEMENT_3D('',#5258,#4159,#4160);
#3470=AXIS2_PLACEMENT_3D('',#5260,#4162,#4163);
#3471=AXIS2_PLACEMENT_3D('',#5262,#4165,#4166);
#3472=AXIS2_PLACEMENT_3D('',#5266,#4168,#4169);
#3473=AXIS2_PLACEMENT_3D('',#5268,#4171,#4172);
#3474=AXIS2_PLACEMENT_3D('',#5270,#4174,#4175);
#3475=AXIS2_PLACEMENT_3D('',#5272,#4176,#4177);
#3476=AXIS2_PLACEMENT_3D('',#5275,#4179,#4180);
#3477=AXIS2_PLACEMENT_3D('',#5276,#4181,#4182);
#3478=AXIS2_PLACEMENT_3D('',#5278,#4183,#4184);
#3479=AXIS2_PLACEMENT_3D('',#5284,#4188,#4189);
#3480=AXIS2_PLACEMENT_3D('',#5286,#4190,#4191);
#3481=AXIS2_PLACEMENT_3D('',#5288,#4193,#4194);
#3482=AXIS2_PLACEMENT_3D('',#5292,#4197,#4198);
#3483=AXIS2_PLACEMENT_3D('',#5296,#4201,#4202);
#3484=AXIS2_PLACEMENT_3D('',#5298,#4203,#4204);
#3485=AXIS2_PLACEMENT_3D('',#5300,#4206,#4207);
#3486=AXIS2_PLACEMENT_3D('',#5304,#4210,#4211);
#3487=AXIS2_PLACEMENT_3D('',#5305,#4212,#4213);
#3488=AXIS2_PLACEMENT_3D('',#5306,#4214,#4215);
#3489=AXIS2_PLACEMENT_3D('',#5311,#4217,#4218);
#3490=AXIS2_PLACEMENT_3D('',#5315,#4220,#4221);
#3491=AXIS2_PLACEMENT_3D('',#5319,#4223,#4224);
#3492=AXIS2_PLACEMENT_3D('',#5322,#4226,#4227);
#3493=AXIS2_PLACEMENT_3D('',#5323,#4228,#4229);
#3494=AXIS2_PLACEMENT_3D('',#5326,#4232,#4233);
#3495=AXIS2_PLACEMENT_3D('',#5328,#4235,#4236);
#3496=AXIS2_PLACEMENT_3D('',#5331,#4239,#4240);
#3497=AXIS2_PLACEMENT_3D('',#5332,#4241,#4242);
#3498=AXIS2_PLACEMENT_3D('',#5335,#4245,#4246);
#3499=AXIS2_PLACEMENT_3D('',#5336,#4247,#4248);
#3500=AXIS2_PLACEMENT_3D('',#5338,#4250,#4251);
#3501=AXIS2_PLACEMENT_3D('',#5339,#4252,#4253);
#3502=AXIS2_PLACEMENT_3D('',#5341,#4255,#4256);
#3503=AXIS2_PLACEMENT_3D('',#5342,#4257,#4258);
#3504=AXIS2_PLACEMENT_3D('',#5346,#4261,#4262);
#3505=AXIS2_PLACEMENT_3D('',#5348,#4264,#4265);
#3506=AXIS2_PLACEMENT_3D('',#5352,#4268,#4269);
#3507=AXIS2_PLACEMENT_3D('',#5354,#4271,#4272);
#3508=AXIS2_PLACEMENT_3D('',#5357,#4275,#4276);
#3509=AXIS2_PLACEMENT_3D('',#5370,#4285,#4286);
#3510=AXIS2_PLACEMENT_3D('',#5371,#4287,#4288);
#3511=AXIS2_PLACEMENT_3D('',#5373,#4289,#4290);
#3512=AXIS2_PLACEMENT_3D('',#5376,#4292,#4293);
#3513=AXIS2_PLACEMENT_3D('',#5378,#4294,#4295);
#3514=AXIS2_PLACEMENT_3D('',#5380,#4297,#4298);
#3515=AXIS2_PLACEMENT_3D('',#5382,#4299,#4300);
#3516=AXIS2_PLACEMENT_3D('',#5385,#4302,#4303);
#3517=AXIS2_PLACEMENT_3D('',#5387,#4304,#4305);
#3518=AXIS2_PLACEMENT_3D('',#5389,#4307,#4308);
#3519=AXIS2_PLACEMENT_3D('',#5391,#4309,#4310);
#3520=AXIS2_PLACEMENT_3D('',#5394,#4312,#4313);
#3521=AXIS2_PLACEMENT_3D('',#5396,#4314,#4315);
#3522=AXIS2_PLACEMENT_3D('',#5398,#4317,#4318);
#3523=AXIS2_PLACEMENT_3D('',#5400,#4319,#4320);
#3524=AXIS2_PLACEMENT_3D('',#5403,#4322,#4323);
#3525=AXIS2_PLACEMENT_3D('',#5405,#4324,#4325);
#3526=AXIS2_PLACEMENT_3D('',#5407,#4327,#4328);
#3527=AXIS2_PLACEMENT_3D('',#5409,#4329,#4330);
#3528=AXIS2_PLACEMENT_3D('',#5412,#4332,#4333);
#3529=AXIS2_PLACEMENT_3D('',#5414,#4334,#4335);
#3530=AXIS2_PLACEMENT_3D('',#5416,#4337,#4338);
#3531=AXIS2_PLACEMENT_3D('',#5418,#4339,#4340);
#3532=AXIS2_PLACEMENT_3D('',#5421,#4342,#4343);
#3533=AXIS2_PLACEMENT_3D('',#5423,#4344,#4345);
#3534=AXIS2_PLACEMENT_3D('',#5425,#4347,#4348);
#3535=AXIS2_PLACEMENT_3D('',#5427,#4349,#4350);
#3536=AXIS2_PLACEMENT_3D('',#5430,#4352,#4353);
#3537=AXIS2_PLACEMENT_3D('',#5432,#4354,#4355);
#3538=AXIS2_PLACEMENT_3D('',#5434,#4357,#4358);
#3539=AXIS2_PLACEMENT_3D('',#5436,#4359,#4360);
#3540=AXIS2_PLACEMENT_3D('',#5439,#4362,#4363);
#3541=AXIS2_PLACEMENT_3D('',#5441,#4364,#4365);
#3542=AXIS2_PLACEMENT_3D('',#5443,#4367,#4368);
#3543=AXIS2_PLACEMENT_3D('',#5446,#4369,#4370);
#3544=AXIS2_PLACEMENT_3D('',#5449,#4373,#4374);
#3545=AXIS2_PLACEMENT_3D('',#5451,#4376,#4377);
#3546=AXIS2_PLACEMENT_3D('',#5454,#4378,#4379);
#3547=AXIS2_PLACEMENT_3D('',#5457,#4382,#4383);
#3548=AXIS2_PLACEMENT_3D('',#5459,#4385,#4386);
#3549=AXIS2_PLACEMENT_3D('',#5462,#4387,#4388);
#3550=AXIS2_PLACEMENT_3D('',#5465,#4391,#4392);
#3551=AXIS2_PLACEMENT_3D('',#5467,#4394,#4395);
#3552=AXIS2_PLACEMENT_3D('',#5470,#4396,#4397);
#3553=AXIS2_PLACEMENT_3D('',#5473,#4400,#4401);
#3554=AXIS2_PLACEMENT_3D('',#5475,#4403,#4404);
#3555=AXIS2_PLACEMENT_3D('',#5478,#4405,#4406);
#3556=AXIS2_PLACEMENT_3D('',#5481,#4409,#4410);
#3557=AXIS2_PLACEMENT_3D('',#5485,#4413,#4414);
#3558=AXIS2_PLACEMENT_3D('',#5487,#4415,#4416);
#3559=AXIS2_PLACEMENT_3D('',#5489,#4418,#4419);
#3560=AXIS2_PLACEMENT_3D('',#5491,#4421,#4422);
#3561=AXIS2_PLACEMENT_3D('',#5494,#4423,#4424);
#3562=AXIS2_PLACEMENT_3D('',#5497,#4427,#4428);
#3563=AXIS2_PLACEMENT_3D('',#5499,#4430,#4431);
#3564=AXIS2_PLACEMENT_3D('',#5502,#4432,#4433);
#3565=AXIS2_PLACEMENT_3D('',#5505,#4436,#4437);
#3566=AXIS2_PLACEMENT_3D('',#5507,#4439,#4440);
#3567=AXIS2_PLACEMENT_3D('',#5508,#4441,#4442);
#3568=AXIS2_PLACEMENT_3D('',#5510,#4444,#4445);
#3569=AXIS2_PLACEMENT_3D('',#5512,#4447,#4448);
#3570=AXIS2_PLACEMENT_3D('',#5513,#4449,#4450);
#3571=AXIS2_PLACEMENT_3D('',#5515,#4452,#4453);
#3572=AXIS2_PLACEMENT_3D('',#5516,#4454,#4455);
#3573=AXIS2_PLACEMENT_3D('',#5519,#4456,#4457);
#3574=AXIS2_PLACEMENT_3D('',#5523,#4459,#4460);
#3575=AXIS2_PLACEMENT_3D('',#5525,#4462,#4463);
#3576=AXIS2_PLACEMENT_3D('',#5531,#4467,#4468);
#3577=AXIS2_PLACEMENT_3D('',#5533,#4469,#4470);
#3578=AXIS2_PLACEMENT_3D('',#5536,#4472,#4473);
#3579=AXIS2_PLACEMENT_3D('',#5537,#4474,#4475);
#3580=AXIS2_PLACEMENT_3D('',#5540,#4478,#4479);
#3581=AXIS2_PLACEMENT_3D('',#5541,#4480,#4481);
#3582=AXIS2_PLACEMENT_3D('',#5544,#4482,#4483);
#3583=AXIS2_PLACEMENT_3D('',#5548,#4485,#4486);
#3584=AXIS2_PLACEMENT_3D('',#5550,#4488,#4489);
#3585=AXIS2_PLACEMENT_3D('',#5556,#4493,#4494);
#3586=AXIS2_PLACEMENT_3D('',#5558,#4495,#4496);
#3587=AXIS2_PLACEMENT_3D('',#5561,#4498,#4499);
#3588=AXIS2_PLACEMENT_3D('',#5562,#4500,#4501);
#3589=AXIS2_PLACEMENT_3D('',#5565,#4504,#4505);
#3590=AXIS2_PLACEMENT_3D('',#5566,#4506,#4507);
#3591=AXIS2_PLACEMENT_3D('',#5569,#4508,#4509);
#3592=AXIS2_PLACEMENT_3D('',#5573,#4511,#4512);
#3593=AXIS2_PLACEMENT_3D('',#5575,#4514,#4515);
#3594=AXIS2_PLACEMENT_3D('',#5581,#4519,#4520);
#3595=AXIS2_PLACEMENT_3D('',#5583,#4521,#4522);
#3596=AXIS2_PLACEMENT_3D('',#5586,#4524,#4525);
#3597=AXIS2_PLACEMENT_3D('',#5587,#4526,#4527);
#3598=AXIS2_PLACEMENT_3D('',#5590,#4530,#4531);
#3599=AXIS2_PLACEMENT_3D('',#5591,#4532,#4533);
#3600=AXIS2_PLACEMENT_3D('',#5594,#4534,#4535);
#3601=AXIS2_PLACEMENT_3D('',#5598,#4537,#4538);
#3602=AXIS2_PLACEMENT_3D('',#5600,#4540,#4541);
#3603=AXIS2_PLACEMENT_3D('',#5606,#4545,#4546);
#3604=AXIS2_PLACEMENT_3D('',#5608,#4547,#4548);
#3605=AXIS2_PLACEMENT_3D('',#5611,#4550,#4551);
#3606=AXIS2_PLACEMENT_3D('',#5612,#4552,#4553);
#3607=AXIS2_PLACEMENT_3D('',#5615,#4556,#4557);
#3608=AXIS2_PLACEMENT_3D('',#5616,#4558,#4559);
#3609=AXIS2_PLACEMENT_3D('',#5617,#4560,#4561);
#3610=AXIS2_PLACEMENT_3D('',#5619,#4563,#4564);
#3611=AXIS2_PLACEMENT_3D('',#5620,#4565,#4566);
#3612=AXIS2_PLACEMENT_3D('',#5621,#4567,#4568);
#3613=DIRECTION('axis',(0.,0.,1.));
#3614=DIRECTION('refdir',(1.,0.,0.));
#3615=DIRECTION('center_axis',(0.707106781186543,0.,0.707106781186552));
#3616=DIRECTION('ref_axis',(0.707106781186552,0.,-0.707106781186543));
#3617=DIRECTION('',(0.694746590606869,0.186156787897392,-0.69474659060686));
#3618=DIRECTION('',(0.,1.,0.));
#3619=DIRECTION('',(-0.707106781186552,0.,0.707106781186543));
#3620=DIRECTION('',(0.,-1.,0.));
#3621=DIRECTION('center_axis',(0.,0.,-1.));
#3622=DIRECTION('ref_axis',(0.707106781186541,0.707106781186554,0.));
#3623=DIRECTION('center_axis',(0.,0.,1.));
#3624=DIRECTION('ref_axis',(0.707106781186541,0.707106781186554,0.));
#3625=DIRECTION('',(0.,-0.707106781186555,0.70710678118654));
#3626=DIRECTION('center_axis',(0.,0.,-1.));
#3627=DIRECTION('ref_axis',(0.707106781186541,0.707106781186554,0.));
#3628=DIRECTION('center_axis',(0.,0.707106781186549,0.707106781186546));
#3629=DIRECTION('ref_axis',(1.,0.,0.));
#3630=DIRECTION('',(0.,-0.707106781186546,0.707106781186549));
#3631=DIRECTION('',(1.,0.,0.));
#3632=DIRECTION('',(-1.,0.,0.));
#3633=DIRECTION('center_axis',(0.,0.,-1.));
#3634=DIRECTION('ref_axis',(-0.707106781186547,0.707106781186548,0.));
#3635=DIRECTION('center_axis',(0.,0.,1.));
#3636=DIRECTION('ref_axis',(-0.707106781186547,0.707106781186548,0.));
#3637=DIRECTION('',(0.707106781186546,0.,0.707106781186549));
#3638=DIRECTION('center_axis',(0.,0.,-1.));
#3639=DIRECTION('ref_axis',(-0.707106781186547,0.707106781186548,0.));
#3640=DIRECTION('center_axis',(-0.707106781186545,0.,0.70710678118655));
#3641=DIRECTION('ref_axis',(0.70710678118655,0.,0.707106781186545));
#3642=DIRECTION('',(0.694746590606865,-0.186156787897415,0.694746590606859));
#3643=DIRECTION('',(0.,1.,0.));
#3644=DIRECTION('',(0.,-1.,0.));
#3645=DIRECTION('center_axis',(-0.707106781186553,-0.353553390593271,0.61237243569579));
#3646=DIRECTION('ref_axis',(0.654653670707972,0.,0.755928946018459));
#3647=DIRECTION('',(0.,-0.866025403784439,-0.5));
#3648=DIRECTION('center_axis',(0.707106781186553,0.353553390593271,-0.61237243569579));
#3649=DIRECTION('ref_axis',(-0.547722557505164,-0.273861278752578,-0.790569415042098));
#3650=DIRECTION('',(0.,0.866025403784439,0.5));
#3651=DIRECTION('center_axis',(-1.,0.,0.));
#3652=DIRECTION('ref_axis',(0.,-1.,0.));
#3653=DIRECTION('',(0.,0.,1.));
#3654=DIRECTION('',(0.,1.,0.));
#3655=DIRECTION('',(0.,0.994521895368273,-0.104528463267654));
#3656=DIRECTION('',(0.,0.,-1.));
#3657=DIRECTION('center_axis',(0.,0.,1.));
#3658=DIRECTION('ref_axis',(-0.707106781186547,0.707106781186548,0.));
#3659=DIRECTION('',(0.,0.,-1.));
#3660=DIRECTION('center_axis',(0.,0.,-1.));
#3661=DIRECTION('ref_axis',(-0.707106781186547,0.707106781186548,0.));
#3662=DIRECTION('center_axis',(0.,1.,0.));
#3663=DIRECTION('ref_axis',(-1.,0.,0.));
#3664=DIRECTION('',(0.,0.,1.));
#3665=DIRECTION('',(1.,0.,0.));
#3666=DIRECTION('',(1.,0.,0.));
#3667=DIRECTION('center_axis',(0.,1.,0.));
#3668=DIRECTION('ref_axis',(-0.707106781186546,0.,0.707106781186549));
#3669=DIRECTION('',(0.,0.,1.));
#3670=DIRECTION('center_axis',(0.,1.,0.));
#3671=DIRECTION('ref_axis',(-0.707106781186547,0.,-0.707106781186548));
#3672=DIRECTION('',(-1.,0.,0.));
#3673=DIRECTION('center_axis',(0.,1.,0.));
#3674=DIRECTION('ref_axis',(0.707106781186547,0.,-0.707106781186548));
#3675=DIRECTION('',(0.,0.,-1.));
#3676=DIRECTION('center_axis',(0.,1.,0.));
#3677=DIRECTION('ref_axis',(0.707106781186546,0.,0.707106781186549));
#3678=DIRECTION('center_axis',(0.,0.,-1.));
#3679=DIRECTION('ref_axis',(0.707106781186541,0.707106781186554,0.));
#3680=DIRECTION('',(0.,0.,-1.));
#3681=DIRECTION('center_axis',(0.,0.,-1.));
#3682=DIRECTION('ref_axis',(0.707106781186541,0.707106781186554,0.));
#3683=DIRECTION('center_axis',(1.,0.,0.));
#3684=DIRECTION('ref_axis',(0.,1.,0.));
#3685=DIRECTION('',(0.,0.866025403784439,0.5));
#3686=DIRECTION('',(0.,0.,1.));
#3687=DIRECTION('',(0.,-0.994521895368273,0.104528463267654));
#3688=DIRECTION('',(0.,-1.,0.));
#3689=DIRECTION('center_axis',(0.,0.707106781186547,-0.707106781186548));
#3690=DIRECTION('ref_axis',(-1.,0.,0.));
#3691=DIRECTION('',(0.,0.707106781186548,0.707106781186547));
#3692=DIRECTION('',(0.,-0.707106781186548,-0.707106781186547));
#3693=DIRECTION('',(-1.,0.,0.));
#3694=DIRECTION('center_axis',(0.,1.,0.));
#3695=DIRECTION('ref_axis',(0.707106781186546,0.,0.707106781186549));
#3696=DIRECTION('',(-0.707106781186548,-0.707106781186548,0.));
#3697=DIRECTION('center_axis',(0.,-1.,0.));
#3698=DIRECTION('ref_axis',(0.707106781186546,0.,0.707106781186549));
#3699=DIRECTION('center_axis',(0.,1.,0.));
#3700=DIRECTION('ref_axis',(-0.707106781186546,0.,0.707106781186549));
#3701=DIRECTION('center_axis',(0.,-1.,0.));
#3702=DIRECTION('ref_axis',(-0.707106781186546,0.,0.707106781186549));
#3703=DIRECTION('',(-0.707106781186547,0.707106781186548,0.));
#3704=DIRECTION('center_axis',(-0.707106781186548,0.707106781186548,0.));
#3705=DIRECTION('ref_axis',(0.,0.,1.));
#3706=DIRECTION('',(-0.707106781186548,-0.707106781186548,0.));
#3707=DIRECTION('',(0.,0.,1.));
#3708=DIRECTION('center_axis',(0.707106781186548,0.707106781186548,0.));
#3709=DIRECTION('ref_axis',(0.,0.,-1.));
#3710=DIRECTION('',(-0.707106781186548,0.707106781186548,0.));
#3711=DIRECTION('',(0.,0.,-1.));
#3712=DIRECTION('center_axis',(0.,1.,0.));
#3713=DIRECTION('ref_axis',(0.707106781186547,0.,-0.707106781186548));
#3714=DIRECTION('',(0.,-0.707106781186548,0.707106781186547));
#3715=DIRECTION('center_axis',(0.,-1.,0.));
#3716=DIRECTION('ref_axis',(0.707106781186547,0.,-0.707106781186548));
#3717=DIRECTION('center_axis',(0.,1.,0.));
#3718=DIRECTION('ref_axis',(-0.707106781186547,0.,-0.707106781186548));
#3719=DIRECTION('center_axis',(0.,-1.,0.));
#3720=DIRECTION('ref_axis',(-0.707106781186547,0.,-0.707106781186548));
#3721=DIRECTION('',(0.,0.707106781186548,-0.707106781186548));
#3722=DIRECTION('center_axis',(0.,0.707106781186548,0.707106781186548));
#3723=DIRECTION('ref_axis',(1.,0.,0.));
#3724=DIRECTION('',(1.,0.,0.));
#3725=DIRECTION('center_axis',(0.,1.,0.));
#3726=DIRECTION('ref_axis',(-0.707106781186547,0.,-0.707106781186548));
#3727=DIRECTION('',(0.,-1.,0.));
#3728=DIRECTION('center_axis',(0.,1.,0.));
#3729=DIRECTION('ref_axis',(-0.707106781186547,0.,-0.707106781186548));
#3730=DIRECTION('',(0.,1.,0.));
#3731=DIRECTION('center_axis',(-1.,0.,0.));
#3732=DIRECTION('ref_axis',(0.,0.,1.));
#3733=DIRECTION('',(0.,1.,0.));
#3734=DIRECTION('',(0.,0.,1.));
#3735=DIRECTION('center_axis',(0.,1.,0.));
#3736=DIRECTION('ref_axis',(-0.707106781186546,0.,0.707106781186549));
#3737=DIRECTION('',(0.,-1.,0.));
#3738=DIRECTION('center_axis',(0.,1.,0.));
#3739=DIRECTION('ref_axis',(-0.707106781186546,0.,0.707106781186549));
#3740=DIRECTION('center_axis',(0.,0.,1.));
#3741=DIRECTION('ref_axis',(1.,0.,0.));
#3742=DIRECTION('',(0.,1.,0.));
#3743=DIRECTION('',(1.,0.,0.));
#3744=DIRECTION('center_axis',(0.707106781186542,-0.0739127852035674,-0.703233176253409));
#3745=DIRECTION('ref_axis',(-0.705161999394285,0.,-0.709046228824506));
#3746=DIRECTION('',(-0.707106781186553,-0.0739127852035576,-0.7032331762534));
#3747=DIRECTION('',(0.,0.994521895368273,-0.104528463267654));
#3748=DIRECTION('',(0.706621750184628,0.0370324767202812,0.706621750184619));
#3749=DIRECTION('center_axis',(-0.707106781186545,0.,-0.70710678118655));
#3750=DIRECTION('ref_axis',(-0.70710678118655,0.,0.707106781186545));
#3751=DIRECTION('',(0.70710678118655,0.,-0.707106781186545));
#3752=DIRECTION('',(0.,-1.,0.));
#3753=DIRECTION('',(-0.70662175018462,0.037032476720357,0.706621750184624));
#3754=DIRECTION('center_axis',(-0.707106781186552,-0.0739127852035664,-0.7032331762534));
#3755=DIRECTION('ref_axis',(-0.705161999394276,0.,0.709046228824516));
#3756=DIRECTION('',(0.,-0.994521895368273,0.104528463267654));
#3757=DIRECTION('',(-0.707106781186543,0.0739127852035828,0.703233176253407));
#3758=DIRECTION('center_axis',(0.,0.,1.));
#3759=DIRECTION('ref_axis',(-0.707106781186547,0.707106781186548,0.));
#3760=DIRECTION('',(0.,-0.707106781186547,-0.707106781186547));
#3761=DIRECTION('center_axis',(0.,0.,1.));
#3762=DIRECTION('ref_axis',(-0.707106781186547,0.707106781186548,0.));
#3763=DIRECTION('center_axis',(0.,0.707106781186549,-0.707106781186546));
#3764=DIRECTION('ref_axis',(-1.,0.,0.));
#3765=DIRECTION('',(0.,-0.707106781186546,-0.707106781186549));
#3766=DIRECTION('',(-1.,0.,0.));
#3767=DIRECTION('center_axis',(0.,0.,1.));
#3768=DIRECTION('ref_axis',(0.707106781186541,0.707106781186554,0.));
#3769=DIRECTION('',(-0.707106781186552,0.,-0.707106781186543));
#3770=DIRECTION('center_axis',(0.,0.,1.));
#3771=DIRECTION('ref_axis',(0.707106781186541,0.707106781186554,0.));
#3772=DIRECTION('center_axis',(0.707106781186543,0.,-0.707106781186552));
#3773=DIRECTION('ref_axis',(-0.707106781186552,0.,-0.707106781186543));
#3774=DIRECTION('',(0.,1.,0.));
#3775=DIRECTION('',(0.707106781485702,-0.0556114708670248,-0.704916565194022));
#3776=DIRECTION('',(0.,-0.70710678118655,0.707106781186545));
#3777=DIRECTION('center_axis',(0.,-0.707106781186545,-0.70710678118655));
#3778=DIRECTION('ref_axis',(-1.,0.,0.));
#3779=DIRECTION('',(0.,-0.70710678118655,0.707106781186545));
#3780=DIRECTION('',(-1.,0.,0.));
#3781=DIRECTION('',(1.,0.,0.));
#3782=DIRECTION('',(0.707106781485742,0.0556114708669964,0.704916565193984));
#3783=DIRECTION('center_axis',(0.,0.,1.));
#3784=DIRECTION('ref_axis',(-0.707106781186549,-0.707106781186546,0.));
#3785=DIRECTION('',(0.,0.,1.));
#3786=DIRECTION('center_axis',(0.,0.5,-0.866025403784439));
#3787=DIRECTION('ref_axis',(0.,-0.866025403784439,-0.5));
#3788=DIRECTION('center_axis',(0.,0.104528463267654,0.994521895368273));
#3789=DIRECTION('ref_axis',(0.,-0.994521895368273,0.104528463267654));
#3790=DIRECTION('',(-1.,0.,0.));
#3791=DIRECTION('',(9.49798801489641E-17,0.994521895368273,-0.104528463267654));
#3792=DIRECTION('center_axis',(0.,-0.104528463267654,-0.994521895368273));
#3793=DIRECTION('ref_axis',(2.829361586E-15,-0.994521895368273,0.104528463267654));
#3794=DIRECTION('',(-1.,0.,0.));
#3795=DIRECTION('center_axis',(0.,-0.104528463267654,-0.994521895368273));
#3796=DIRECTION('ref_axis',(-1.03513228756098E-15,-0.994521895368273,0.104528463267654));
#3797=DIRECTION('',(0.,-0.994521895368273,0.104528463267654));
#3798=DIRECTION('',(-1.,0.,0.));
#3799=DIRECTION('center_axis',(0.,-0.5,0.866025403784439));
#3800=DIRECTION('ref_axis',(1.,0.,0.));
#3801=DIRECTION('',(1.,0.,0.));
#3802=DIRECTION('center_axis',(0.,0.5,-0.866025403784439));
#3803=DIRECTION('ref_axis',(6.00925839494864E-17,-0.866025403784439,-0.5));
#3804=DIRECTION('',(0.,-0.866025403784439,-0.5));
#3805=DIRECTION('',(-1.,0.,0.));
#3806=DIRECTION('center_axis',(0.,-1.,0.));
#3807=DIRECTION('ref_axis',(1.,0.,0.));
#3808=DIRECTION('',(0.,0.,-1.));
#3809=DIRECTION('center_axis',(0.,0.,1.));
#3810=DIRECTION('ref_axis',(1.,0.,0.));
#3811=DIRECTION('',(0.,1.,0.));
#3812=DIRECTION('center_axis',(0.,0.,1.));
#3813=DIRECTION('ref_axis',(0.70710678118656,-0.707106781186535,0.));
#3814=DIRECTION('',(1.,0.,0.));
#3815=DIRECTION('center_axis',(0.,0.,1.));
#3816=DIRECTION('ref_axis',(-0.70710678118656,-0.707106781186535,0.));
#3817=DIRECTION('',(-9.66968440802556E-17,-1.,0.));
#3818=DIRECTION('center_axis',(0.,0.,1.));
#3819=DIRECTION('ref_axis',(-0.707106781186549,0.707106781186546,0.));
#3820=DIRECTION('',(-1.,-2.57151355149835E-17,0.));
#3821=DIRECTION('center_axis',(0.,0.,1.));
#3822=DIRECTION('ref_axis',(0.707106781186553,0.707106781186542,0.));
#3823=DIRECTION('center_axis',(0.,0.,1.));
#3824=DIRECTION('ref_axis',(0.707106781186541,-0.707106781186554,0.));
#3825=DIRECTION('center_axis',(-0.707106781186545,0.353553390593275,-0.612372435695797));
#3826=DIRECTION('ref_axis',(0.547722557505167,-0.273861278752586,-0.790569415042093));
#3827=DIRECTION('center_axis',(0.707106781186545,-0.353553390593275,0.612372435695797));
#3828=DIRECTION('ref_axis',(0.65465367070798,0.,-0.755928946018452));
#3829=DIRECTION('center_axis',(0.,0.,-1.));
#3830=DIRECTION('ref_axis',(-0.707106781186547,0.707106781186548,0.));
#3831=DIRECTION('center_axis',(0.,0.,-1.));
#3832=DIRECTION('ref_axis',(-0.707106781186547,0.707106781186548,0.));
#3833=DIRECTION('',(0.,0.,-1.));
#3834=DIRECTION('center_axis',(0.,0.,-1.));
#3835=DIRECTION('ref_axis',(-0.707106781186547,0.707106781186548,0.));
#3836=DIRECTION('',(0.,0.,1.));
#3837=DIRECTION('center_axis',(-1.,9.55030558817339E-17,0.));
#3838=DIRECTION('ref_axis',(9.55030558817339E-17,1.,0.));
#3839=DIRECTION('',(-9.55030558817339E-17,-1.,0.));
#3840=DIRECTION('',(0.,0.,1.));
#3841=DIRECTION('',(-9.55030558817339E-17,-1.,0.));
#3842=DIRECTION('center_axis',(0.,0.,-1.));
#3843=DIRECTION('ref_axis',(0.70710678118654,0.707106781186555,0.));
#3844=DIRECTION('center_axis',(0.,0.,-1.));
#3845=DIRECTION('ref_axis',(0.70710678118654,0.707106781186555,0.));
#3846=DIRECTION('',(0.,0.,-1.));
#3847=DIRECTION('center_axis',(0.,0.,-1.));
#3848=DIRECTION('ref_axis',(0.70710678118654,0.707106781186555,0.));
#3849=DIRECTION('',(0.,0.,1.));
#3850=DIRECTION('center_axis',(0.,0.,-1.));
#3851=DIRECTION('ref_axis',(-1.,0.,0.));
#3852=DIRECTION('',(-1.,0.,0.));
#3853=DIRECTION('center_axis',(0.,0.,-1.));
#3854=DIRECTION('ref_axis',(0.707106781186546,0.707106781186549,0.));
#3855=DIRECTION('',(0.,-1.,0.));
#3856=DIRECTION('',(1.,0.,0.));
#3857=DIRECTION('center_axis',(0.,0.,-1.));
#3858=DIRECTION('ref_axis',(-0.707106781186546,0.707106781186549,0.));
#3859=DIRECTION('',(0.,1.,0.));
#3860=DIRECTION('',(1.,2.57151355149835E-17,0.));
#3861=DIRECTION('',(0.,-1.,0.));
#3862=DIRECTION('center_axis',(0.,0.,-1.));
#3863=DIRECTION('ref_axis',(0.707106781186548,0.707106781186547,0.));
#3864=DIRECTION('',(1.,-4.74792455292298E-17,0.));
#3865=DIRECTION('center_axis',(0.,0.,-1.));
#3866=DIRECTION('ref_axis',(-0.707106781186548,0.707106781186547,0.));
#3867=DIRECTION('',(0.,1.,0.));
#3868=DIRECTION('',(1.,2.57151355149835E-17,0.));
#3869=DIRECTION('center_axis',(0.,0.,-1.));
#3870=DIRECTION('ref_axis',(-0.707106781186549,0.707106781186546,0.));
#3871=DIRECTION('',(9.66968440802556E-17,1.,0.));
#3872=DIRECTION('center_axis',(0.,0.,-1.));
#3873=DIRECTION('ref_axis',(-0.70710678118656,-0.707106781186535,0.));
#3874=DIRECTION('',(-1.,0.,0.));
#3875=DIRECTION('',(0.,1.,0.));
#3876=DIRECTION('center_axis',(0.,0.,-1.));
#3877=DIRECTION('ref_axis',(-0.707106781186546,-0.707106781186549,0.));
#3878=DIRECTION('',(-1.,0.,0.));
#3879=DIRECTION('center_axis',(0.,0.,-1.));
#3880=DIRECTION('ref_axis',(0.707106781186545,-0.70710678118655,0.));
#3881=DIRECTION('',(0.,-1.,0.));
#3882=DIRECTION('',(-1.,0.,0.));
#3883=DIRECTION('',(0.,1.,0.));
#3884=DIRECTION('center_axis',(0.,0.,-1.));
#3885=DIRECTION('ref_axis',(-0.707106781186543,-0.707106781186552,0.));
#3886=DIRECTION('',(-1.,0.,0.));
#3887=DIRECTION('center_axis',(0.,0.,-1.));
#3888=DIRECTION('ref_axis',(0.707106781186552,-0.707106781186543,0.));
#3889=DIRECTION('',(0.,-1.,0.));
#3890=DIRECTION('',(-1.,0.,0.));
#3891=DIRECTION('center_axis',(0.,0.,-1.));
#3892=DIRECTION('ref_axis',(0.70710678118656,-0.707106781186535,0.));
#3893=DIRECTION('',(0.,-1.,0.));
#3894=DIRECTION('center_axis',(0.,0.,-1.));
#3895=DIRECTION('ref_axis',(0.707106781186553,0.707106781186543,0.));
#3896=DIRECTION('',(1.,2.57151355149835E-17,0.));
#3897=DIRECTION('',(0.,-1.,0.));
#3898=DIRECTION('center_axis',(0.,0.,-1.));
#3899=DIRECTION('ref_axis',(0.707106781186544,0.707106781186551,0.));
#3900=DIRECTION('',(1.,0.,0.));
#3901=DIRECTION('center_axis',(0.,0.,-1.));
#3902=DIRECTION('ref_axis',(-0.707106781186553,0.707106781186543,0.));
#3903=DIRECTION('',(0.,1.,0.));
#3904=DIRECTION('',(1.,2.57151355149835E-17,0.));
#3905=DIRECTION('',(0.,-1.,0.));
#3906=DIRECTION('center_axis',(0.,0.,-1.));
#3907=DIRECTION('ref_axis',(0.707106781186546,0.707106781186549,0.));
#3908=DIRECTION('',(1.,0.,0.));
#3909=DIRECTION('',(0.,1.,0.));
#3910=DIRECTION('center_axis',(0.,0.,-1.));
#3911=DIRECTION('ref_axis',(-0.707106781186546,0.707106781186549,0.));
#3912=DIRECTION('',(-1.,0.,0.));
#3913=DIRECTION('',(0.,1.,0.));
#3914=DIRECTION('center_axis',(0.,0.,-1.));
#3915=DIRECTION('ref_axis',(0.707106781186541,-0.707106781186554,0.));
#3916=DIRECTION('',(1.,0.,0.));
#3917=DIRECTION('center_axis',(0.,0.,-1.));
#3918=DIRECTION('ref_axis',(-0.707106781186551,-0.707106781186544,0.));
#3919=DIRECTION('center_axis',(0.,0.,1.));
#3920=DIRECTION('ref_axis',(-1.,0.,0.));
#3921=DIRECTION('center_axis',(0.,0.,1.));
#3922=DIRECTION('ref_axis',(-1.,0.,0.));
#3923=DIRECTION('center_axis',(0.,0.,1.));
#3924=DIRECTION('ref_axis',(-1.,0.,0.));
#3925=DIRECTION('center_axis',(0.,0.,1.));
#3926=DIRECTION('ref_axis',(-1.,0.,0.));
#3927=DIRECTION('center_axis',(0.,0.,1.));
#3928=DIRECTION('ref_axis',(-1.,0.,0.));
#3929=DIRECTION('center_axis',(0.,0.,1.));
#3930=DIRECTION('ref_axis',(-1.,0.,0.));
#3931=DIRECTION('center_axis',(0.,0.,1.));
#3932=DIRECTION('ref_axis',(-1.,0.,0.));
#3933=DIRECTION('center_axis',(0.,0.,1.));
#3934=DIRECTION('ref_axis',(-1.,0.,0.));
#3935=DIRECTION('center_axis',(1.,0.,0.));
#3936=DIRECTION('ref_axis',(0.,-1.,0.));
#3937=DIRECTION('',(0.,1.,0.));
#3938=DIRECTION('',(0.,0.,-1.));
#3939=DIRECTION('center_axis',(0.,0.,-1.));
#3940=DIRECTION('ref_axis',(0.707106781186541,-0.707106781186554,0.));
#3941=DIRECTION('',(0.,0.,1.));
#3942=DIRECTION('center_axis',(0.,0.,-1.));
#3943=DIRECTION('ref_axis',(-0.707106781186551,-0.707106781186544,0.));
#3944=DIRECTION('',(0.,0.,-1.));
#3945=DIRECTION('center_axis',(-0.707106781186543,0.,0.707106781186552));
#3946=DIRECTION('ref_axis',(0.707106781186552,0.,0.707106781186543));
#3947=DIRECTION('',(0.707106781186552,0.,0.707106781186543));
#3948=DIRECTION('',(-0.707106781186552,-2.35513868802564E-15,-0.707106781186543));
#3949=DIRECTION('',(0.,-1.,0.));
#3950=DIRECTION('center_axis',(0.,0.,1.));
#3951=DIRECTION('ref_axis',(0.70710678118656,-0.707106781186535,0.));
#3952=DIRECTION('center_axis',(0.,0.,-1.));
#3953=DIRECTION('ref_axis',(0.70710678118656,-0.707106781186535,0.));
#3954=DIRECTION('',(0.,-0.707106781186552,0.707106781186543));
#3955=DIRECTION('center_axis',(0.,0.707106781186543,0.707106781186552));
#3956=DIRECTION('ref_axis',(1.,0.,0.));
#3957=DIRECTION('',(0.,-0.707106781186552,0.707106781186543));
#3958=DIRECTION('',(-1.,0.,0.));
#3959=DIRECTION('center_axis',(0.,0.,1.));
#3960=DIRECTION('ref_axis',(-0.70710678118656,-0.707106781186535,0.));
#3961=DIRECTION('center_axis',(0.,0.,-1.));
#3962=DIRECTION('ref_axis',(-0.70710678118656,-0.707106781186535,0.));
#3963=DIRECTION('',(-0.707106781186536,0.,0.707106781186559));
#3964=DIRECTION('center_axis',(0.707106781186547,-6.8374994168487E-17,0.707106781186548));
#3965=DIRECTION('ref_axis',(0.707106781186548,0.,-0.707106781186547));
#3966=DIRECTION('',(-0.707106781186547,-1.96261557335472E-16,0.707106781186547));
#3967=DIRECTION('',(9.66968440802556E-17,1.,0.));
#3968=DIRECTION('center_axis',(0.,0.,1.));
#3969=DIRECTION('ref_axis',(-0.707106781186549,0.707106781186546,0.));
#3970=DIRECTION('center_axis',(0.,0.,-1.));
#3971=DIRECTION('ref_axis',(-0.707106781186549,0.707106781186546,0.));
#3972=DIRECTION('',(0.,0.70710678118655,0.707106781186545));
#3973=DIRECTION('center_axis',(1.81833467017759E-17,-0.70710678118655,0.707106781186545));
#3974=DIRECTION('ref_axis',(1.,0.,-2.57151355149837E-17));
#3975=DIRECTION('',(0.,0.707106781186545,0.70710678118655));
#3976=DIRECTION('',(1.,2.57151355149835E-17,0.));
#3977=DIRECTION('center_axis',(0.,0.,1.));
#3978=DIRECTION('ref_axis',(0.707106781186552,0.707106781186542,0.));
#3979=DIRECTION('center_axis',(0.,0.,-1.));
#3980=DIRECTION('ref_axis',(0.707106781186553,0.707106781186543,0.));
#3981=DIRECTION('center_axis',(0.,0.,-1.));
#3982=DIRECTION('ref_axis',(-0.70710678118656,-0.707106781186535,0.));
#3983=DIRECTION('',(0.,0.,-1.));
#3984=DIRECTION('',(0.,0.,1.));
#3985=DIRECTION('center_axis',(0.,1.,0.));
#3986=DIRECTION('ref_axis',(-1.,0.,0.));
#3987=DIRECTION('',(0.,0.,1.));
#3988=DIRECTION('',(0.,0.,1.));
#3989=DIRECTION('',(-1.,0.,0.));
#3990=DIRECTION('',(0.,0.,-1.));
#3991=DIRECTION('',(0.,0.,1.));
#3992=DIRECTION('',(-1.,0.,0.));
#3993=DIRECTION('',(0.,0.,-1.));
#3994=DIRECTION('center_axis',(0.,0.,1.));
#3995=DIRECTION('ref_axis',(0.70710678118656,-0.707106781186535,0.));
#3996=DIRECTION('',(0.,0.,-1.));
#3997=DIRECTION('center_axis',(-1.,0.,0.));
#3998=DIRECTION('ref_axis',(0.,-1.,0.));
#3999=DIRECTION('',(0.,0.,1.));
#4000=DIRECTION('center_axis',(0.,0.,-1.));
#4001=DIRECTION('ref_axis',(-1.,0.,0.));
#4002=DIRECTION('',(-1.,0.,0.));
#4003=DIRECTION('center_axis',(0.,0.,-1.));
#4004=DIRECTION('ref_axis',(-1.,0.,0.));
#4005=DIRECTION('center_axis',(0.,0.,1.));
#4006=DIRECTION('ref_axis',(-1.,0.,0.));
#4007=DIRECTION('',(-0.857167300702112,-1.04972719113862E-16,0.515038074910054));
#4008=DIRECTION('center_axis',(0.,0.,1.));
#4009=DIRECTION('ref_axis',(-1.,0.,0.));
#4010=DIRECTION('',(0.,0.,1.));
#4011=DIRECTION('center_axis',(0.,0.,-1.));
#4012=DIRECTION('ref_axis',(-1.,0.,0.));
#4013=DIRECTION('center_axis',(0.,0.,1.));
#4014=DIRECTION('ref_axis',(-1.,0.,0.));
#4015=DIRECTION('',(-0.857167300702112,-1.04972719113862E-16,0.515038074910054));
#4016=DIRECTION('center_axis',(0.,0.,1.));
#4017=DIRECTION('ref_axis',(-1.,0.,0.));
#4018=DIRECTION('',(0.,0.,1.));
#4019=DIRECTION('center_axis',(0.,0.,-1.));
#4020=DIRECTION('ref_axis',(-1.,0.,0.));
#4021=DIRECTION('center_axis',(0.,0.,1.));
#4022=DIRECTION('ref_axis',(-1.,0.,0.));
#4023=DIRECTION('',(-0.857167300702112,-1.04972719113862E-16,0.515038074910054));
#4024=DIRECTION('center_axis',(0.,0.,1.));
#4025=DIRECTION('ref_axis',(-1.,0.,0.));
#4026=DIRECTION('',(0.,0.,1.));
#4027=DIRECTION('center_axis',(0.,0.,-1.));
#4028=DIRECTION('ref_axis',(-1.,0.,0.));
#4029=DIRECTION('center_axis',(0.,0.,1.));
#4030=DIRECTION('ref_axis',(-1.,0.,0.));
#4031=DIRECTION('',(-0.857167300702112,-1.04972719113862E-16,0.515038074910054));
#4032=DIRECTION('center_axis',(0.,0.,1.));
#4033=DIRECTION('ref_axis',(-1.,0.,0.));
#4034=DIRECTION('',(0.,0.,1.));
#4035=DIRECTION('center_axis',(0.,0.,-1.));
#4036=DIRECTION('ref_axis',(-1.,0.,0.));
#4037=DIRECTION('center_axis',(0.,0.,1.));
#4038=DIRECTION('ref_axis',(-1.,0.,0.));
#4039=DIRECTION('',(-0.857167300702112,-1.04972719113862E-16,0.515038074910054));
#4040=DIRECTION('center_axis',(0.,0.,1.));
#4041=DIRECTION('ref_axis',(-1.,0.,0.));
#4042=DIRECTION('',(0.,0.,1.));
#4043=DIRECTION('center_axis',(0.,0.,-1.));
#4044=DIRECTION('ref_axis',(-1.,0.,0.));
#4045=DIRECTION('center_axis',(0.,0.,1.));
#4046=DIRECTION('ref_axis',(-1.,0.,0.));
#4047=DIRECTION('',(-0.857167300702112,-1.04972719113862E-16,0.515038074910054));
#4048=DIRECTION('center_axis',(0.,0.,1.));
#4049=DIRECTION('ref_axis',(-1.,0.,0.));
#4050=DIRECTION('',(0.,0.,1.));
#4051=DIRECTION('center_axis',(0.,0.,-1.));
#4052=DIRECTION('ref_axis',(-1.,0.,0.));
#4053=DIRECTION('center_axis',(0.,0.,1.));
#4054=DIRECTION('ref_axis',(-1.,0.,0.));
#4055=DIRECTION('',(-0.857167300702112,-1.04972719113862E-16,0.515038074910054));
#4056=DIRECTION('center_axis',(0.,0.,1.));
#4057=DIRECTION('ref_axis',(-1.,0.,0.));
#4058=DIRECTION('',(0.,0.,1.));
#4059=DIRECTION('center_axis',(0.,0.,-1.));
#4060=DIRECTION('ref_axis',(-1.,0.,0.));
#4061=DIRECTION('center_axis',(0.,0.,1.));
#4062=DIRECTION('ref_axis',(-1.,0.,0.));
#4063=DIRECTION('',(-0.857167300702112,-1.04972719113862E-16,0.515038074910054));
#4064=DIRECTION('center_axis',(0.,0.,1.));
#4065=DIRECTION('ref_axis',(-1.,0.,0.));
#4066=DIRECTION('',(0.,0.,1.));
#4067=DIRECTION('center_axis',(0.,0.,-1.));
#4068=DIRECTION('ref_axis',(-1.,0.,0.));
#4069=DIRECTION('center_axis',(0.,0.,1.));
#4070=DIRECTION('ref_axis',(-1.,0.,0.));
#4071=DIRECTION('',(-0.857167300702112,-1.04972719113862E-16,0.515038074910054));
#4072=DIRECTION('center_axis',(0.,0.,1.));
#4073=DIRECTION('ref_axis',(-1.,0.,0.));
#4074=DIRECTION('center_axis',(0.,0.,1.));
#4075=DIRECTION('ref_axis',(-1.,0.,0.));
#4076=DIRECTION('',(0.,0.,1.));
#4077=DIRECTION('center_axis',(0.,0.,-1.));
#4078=DIRECTION('ref_axis',(-1.,0.,0.));
#4079=DIRECTION('center_axis',(0.,0.,1.));
#4080=DIRECTION('ref_axis',(-1.,0.,0.));
#4081=DIRECTION('',(-0.857167300702112,-1.04972719113862E-16,0.515038074910054));
#4082=DIRECTION('center_axis',(0.,0.,1.));
#4083=DIRECTION('ref_axis',(-1.,0.,0.));
#4084=DIRECTION('center_axis',(0.,0.,1.));
#4085=DIRECTION('ref_axis',(-1.,0.,0.));
#4086=DIRECTION('',(0.,0.,1.));
#4087=DIRECTION('center_axis',(0.,0.,-1.));
#4088=DIRECTION('ref_axis',(0.707106781186546,0.707106781186549,0.));
#4089=DIRECTION('center_axis',(0.,0.,-1.));
#4090=DIRECTION('ref_axis',(0.707106781186546,0.707106781186549,0.));
#4091=DIRECTION('',(0.,0.,-1.));
#4092=DIRECTION('center_axis',(0.,0.,-1.));
#4093=DIRECTION('ref_axis',(0.707106781186546,0.707106781186549,0.));
#4094=DIRECTION('',(0.,0.,1.));
#4095=DIRECTION('center_axis',(-1.,0.,0.));
#4096=DIRECTION('ref_axis',(0.,1.,0.));
#4097=DIRECTION('',(0.,1.,0.));
#4098=DIRECTION('',(0.,0.,-1.));
#4099=DIRECTION('',(0.,-1.,0.));
#4100=DIRECTION('center_axis',(0.,0.,1.));
#4101=DIRECTION('ref_axis',(-0.707106781186546,0.707106781186549,0.));
#4102=DIRECTION('center_axis',(0.,0.,-1.));
#4103=DIRECTION('ref_axis',(-0.707106781186546,0.707106781186549,0.));
#4104=DIRECTION('',(0.,0.,-1.));
#4105=DIRECTION('center_axis',(0.,0.,-1.));
#4106=DIRECTION('ref_axis',(-0.707106781186546,0.707106781186549,0.));
#4107=DIRECTION('',(0.,0.,1.));
#4108=DIRECTION('center_axis',(0.,0.,1.));
#4109=DIRECTION('ref_axis',(1.,0.,0.));
#4110=DIRECTION('',(1.,0.,0.));
#4111=DIRECTION('center_axis',(0.,0.,-1.));
#4112=DIRECTION('ref_axis',(0.707106781186546,0.707106781186549,0.));
#4113=DIRECTION('',(0.,-1.,0.));
#4114=DIRECTION('',(1.,2.57151355149835E-17,0.));
#4115=DIRECTION('',(0.,1.,0.));
#4116=DIRECTION('center_axis',(0.,-1.,0.));
#4117=DIRECTION('ref_axis',(-1.,0.,0.));
#4118=DIRECTION('',(1.,0.,0.));
#4119=DIRECTION('',(0.,0.,1.));
#4120=DIRECTION('',(0.,0.,-1.));
#4121=DIRECTION('',(-1.,0.,0.));
#4122=DIRECTION('',(0.,0.,-1.));
#4123=DIRECTION('',(0.,0.,-1.));
#4124=DIRECTION('',(1.,0.,0.));
#4125=DIRECTION('',(0.,0.,-1.));
#4126=DIRECTION('',(1.,0.,0.));
#4127=DIRECTION('',(0.,0.,1.));
#4128=DIRECTION('',(1.,0.,0.));
#4129=DIRECTION('',(-1.,0.,0.));
#4130=DIRECTION('center_axis',(0.,-1.,0.));
#4131=DIRECTION('ref_axis',(-0.707106781186554,0.,-0.707106781186541));
#4132=DIRECTION('',(0.,0.,1.));
#4133=DIRECTION('center_axis',(0.,-1.,0.));
#4134=DIRECTION('ref_axis',(-0.707106781186555,0.,0.70710678118654));
#4135=DIRECTION('',(1.,0.,0.));
#4136=DIRECTION('center_axis',(0.,-1.,0.));
#4137=DIRECTION('ref_axis',(0.707106781186555,0.,0.70710678118654));
#4138=DIRECTION('',(0.,0.,-1.));
#4139=DIRECTION('center_axis',(0.,-1.,0.));
#4140=DIRECTION('ref_axis',(0.707106781186554,0.,-0.707106781186541));
#4141=DIRECTION('center_axis',(0.,0.,-1.));
#4142=DIRECTION('ref_axis',(0.707106781186546,0.707106781186549,0.));
#4143=DIRECTION('',(0.,0.,1.));
#4144=DIRECTION('center_axis',(1.,0.,0.));
#4145=DIRECTION('ref_axis',(0.,-1.,0.));
#4146=DIRECTION('',(0.,0.,-1.));
#4147=DIRECTION('center_axis',(0.,0.,1.));
#4148=DIRECTION('ref_axis',(-0.707106781186546,0.707106781186549,0.));
#4149=DIRECTION('center_axis',(0.,0.,-1.));
#4150=DIRECTION('ref_axis',(-0.707106781186546,0.707106781186549,0.));
#4151=DIRECTION('',(0.,0.,-1.));
#4152=DIRECTION('center_axis',(0.,0.,1.));
#4153=DIRECTION('ref_axis',(1.,0.,0.));
#4154=DIRECTION('',(1.,2.57151355149835E-17,0.));
#4155=DIRECTION('',(0.,1.,0.));
#4156=DIRECTION('center_axis',(0.,0.,1.));
#4157=DIRECTION('ref_axis',(0.707106781186546,0.707106781186549,0.));
#4158=DIRECTION('',(0.,0.,-1.));
#4159=DIRECTION('center_axis',(0.,0.,-1.));
#4160=DIRECTION('ref_axis',(0.707106781186546,0.707106781186549,0.));
#4161=DIRECTION('',(0.,0.,1.));
#4162=DIRECTION('center_axis',(-1.,0.,0.));
#4163=DIRECTION('ref_axis',(0.,1.,0.));
#4164=DIRECTION('',(0.,1.,0.));
#4165=DIRECTION('center_axis',(0.,0.,-1.));
#4166=DIRECTION('ref_axis',(-0.707106781186546,0.707106781186549,0.));
#4167=DIRECTION('',(0.,0.,-1.));
#4168=DIRECTION('center_axis',(0.,0.,-1.));
#4169=DIRECTION('ref_axis',(-0.707106781186546,0.707106781186549,0.));
#4170=DIRECTION('',(0.,0.,1.));
#4171=DIRECTION('center_axis',(1.78887899234668E-17,1.,0.));
#4172=DIRECTION('ref_axis',(1.,-1.78887899234668E-17,0.));
#4173=DIRECTION('',(-1.,1.78887899234668E-17,0.));
#4174=DIRECTION('center_axis',(0.,0.,1.));
#4175=DIRECTION('ref_axis',(-0.707106781186546,0.707106781186549,0.));
#4176=DIRECTION('center_axis',(0.,0.,-1.));
#4177=DIRECTION('ref_axis',(-0.707106781186546,0.707106781186549,0.));
#4178=DIRECTION('',(0.,0.,-1.));
#4179=DIRECTION('center_axis',(0.,0.,-1.));
#4180=DIRECTION('ref_axis',(-0.707106781186546,0.707106781186549,0.));
#4181=DIRECTION('center_axis',(0.,0.,1.));
#4182=DIRECTION('ref_axis',(1.,0.,0.));
#4183=DIRECTION('center_axis',(0.,0.,-1.));
#4184=DIRECTION('ref_axis',(0.707106781186546,0.707106781186549,0.));
#4185=DIRECTION('',(0.,-1.,0.));
#4186=DIRECTION('',(1.,2.57151355149835E-17,0.));
#4187=DIRECTION('',(0.,1.,0.));
#4188=DIRECTION('center_axis',(0.,0.,-1.));
#4189=DIRECTION('ref_axis',(0.707106781186546,0.707106781186549,0.));
#4190=DIRECTION('center_axis',(0.,0.,-1.));
#4191=DIRECTION('ref_axis',(0.707106781186546,0.707106781186549,0.));
#4192=DIRECTION('',(0.,0.,1.));
#4193=DIRECTION('center_axis',(-1.,0.,0.));
#4194=DIRECTION('ref_axis',(0.,1.,0.));
#4195=DIRECTION('',(0.,1.,0.));
#4196=DIRECTION('',(0.,0.,-1.));
#4197=DIRECTION('center_axis',(0.,0.,-1.));
#4198=DIRECTION('ref_axis',(-1.,0.,0.));
#4199=DIRECTION('',(-1.,0.,0.));
#4200=DIRECTION('',(0.,-1.,0.));
#4201=DIRECTION('center_axis',(0.,1.,0.));
#4202=DIRECTION('ref_axis',(0.707106781186547,0.,-0.707106781186548));
#4203=DIRECTION('center_axis',(0.,1.,0.));
#4204=DIRECTION('ref_axis',(0.707106781186547,0.,-0.707106781186548));
#4205=DIRECTION('',(0.,1.,0.));
#4206=DIRECTION('center_axis',(1.,0.,0.));
#4207=DIRECTION('ref_axis',(0.,0.,-1.));
#4208=DIRECTION('',(0.,0.,-1.));
#4209=DIRECTION('',(0.,-1.,0.));
#4210=DIRECTION('center_axis',(0.,1.,0.));
#4211=DIRECTION('ref_axis',(0.707106781186546,0.,0.707106781186549));
#4212=DIRECTION('center_axis',(0.,1.,0.));
#4213=DIRECTION('ref_axis',(0.707106781186546,0.,0.707106781186549));
#4214=DIRECTION('center_axis',(0.,-1.,0.));
#4215=DIRECTION('ref_axis',(0.,0.,-1.));
#4216=DIRECTION('',(-1.,0.,0.));
#4217=DIRECTION('center_axis',(0.,1.,0.));
#4218=DIRECTION('ref_axis',(0.707106781186554,0.,-0.707106781186541));
#4219=DIRECTION('',(0.,0.,-1.));
#4220=DIRECTION('center_axis',(0.,1.,0.));
#4221=DIRECTION('ref_axis',(0.707106781186555,0.,0.70710678118654));
#4222=DIRECTION('',(1.,0.,0.));
#4223=DIRECTION('center_axis',(0.,1.,0.));
#4224=DIRECTION('ref_axis',(-0.707106781186555,0.,0.70710678118654));
#4225=DIRECTION('',(0.,0.,1.));
#4226=DIRECTION('center_axis',(0.,1.,0.));
#4227=DIRECTION('ref_axis',(-0.707106781186554,0.,-0.707106781186541));
#4228=DIRECTION('center_axis',(0.,1.,0.));
#4229=DIRECTION('ref_axis',(-0.707106781186554,0.,-0.707106781186541));
#4230=DIRECTION('',(0.,1.,0.));
#4231=DIRECTION('',(0.,-1.,0.));
#4232=DIRECTION('center_axis',(0.,0.,-1.));
#4233=DIRECTION('ref_axis',(-1.,0.,0.));
#4234=DIRECTION('',(0.,-1.,0.));
#4235=DIRECTION('center_axis',(0.,1.,0.));
#4236=DIRECTION('ref_axis',(-0.707106781186555,0.,0.70710678118654));
#4237=DIRECTION('',(0.,1.,0.));
#4238=DIRECTION('',(0.,-1.,0.));
#4239=DIRECTION('center_axis',(-1.,0.,0.));
#4240=DIRECTION('ref_axis',(0.,0.,1.));
#4241=DIRECTION('center_axis',(0.,1.,0.));
#4242=DIRECTION('ref_axis',(0.707106781186555,0.,0.70710678118654));
#4243=DIRECTION('',(0.,1.,0.));
#4244=DIRECTION('',(0.,-1.,0.));
#4245=DIRECTION('center_axis',(0.,0.,1.));
#4246=DIRECTION('ref_axis',(1.,0.,0.));
#4247=DIRECTION('center_axis',(0.,1.,0.));
#4248=DIRECTION('ref_axis',(0.707106781186554,0.,-0.707106781186541));
#4249=DIRECTION('',(0.,1.,0.));
#4250=DIRECTION('center_axis',(1.,0.,0.));
#4251=DIRECTION('ref_axis',(0.,0.,-1.));
#4252=DIRECTION('center_axis',(1.,0.,0.));
#4253=DIRECTION('ref_axis',(0.,-1.,0.));
#4254=DIRECTION('',(0.,-1.,0.));
#4255=DIRECTION('center_axis',(0.,0.,-1.));
#4256=DIRECTION('ref_axis',(-1.,0.,0.));
#4257=DIRECTION('center_axis',(0.,0.,1.));
#4258=DIRECTION('ref_axis',(1.,0.,0.));
#4259=DIRECTION('',(0.,-1.,0.));
#4260=DIRECTION('',(-1.,0.,0.));
#4261=DIRECTION('center_axis',(1.,0.,0.));
#4262=DIRECTION('ref_axis',(0.,-1.,0.));
#4263=DIRECTION('',(0.,0.,-1.));
#4264=DIRECTION('center_axis',(0.,0.,1.));
#4265=DIRECTION('ref_axis',(1.,0.,0.));
#4266=DIRECTION('',(0.,-1.,0.));
#4267=DIRECTION('',(-1.,0.,0.));
#4268=DIRECTION('center_axis',(1.,0.,0.));
#4269=DIRECTION('ref_axis',(0.,-1.,0.));
#4270=DIRECTION('',(0.,0.,-1.));
#4271=DIRECTION('center_axis',(0.,0.,1.));
#4272=DIRECTION('ref_axis',(-0.707106781186549,0.707106781186546,0.));
#4273=DIRECTION('',(0.,0.,-1.));
#4274=DIRECTION('',(0.,0.,1.));
#4275=DIRECTION('center_axis',(2.57151355149835E-17,-1.,0.));
#4276=DIRECTION('ref_axis',(1.,2.57151355149835E-17,0.));
#4277=DIRECTION('',(0.,0.,1.));
#4278=DIRECTION('',(1.,2.57151355149835E-17,0.));
#4279=DIRECTION('',(0.,0.,-1.));
#4280=DIRECTION('',(0.,0.,1.));
#4281=DIRECTION('',(0.,0.,1.));
#4282=DIRECTION('',(1.,2.57151355149835E-17,0.));
#4283=DIRECTION('',(0.,0.,-1.));
#4284=DIRECTION('',(0.,0.,-1.));
#4285=DIRECTION('center_axis',(0.,0.,1.));
#4286=DIRECTION('ref_axis',(0.707106781186553,0.707106781186543,0.));
#4287=DIRECTION('center_axis',(0.,0.,-1.));
#4288=DIRECTION('ref_axis',(-1.,0.,0.));
#4289=DIRECTION('center_axis',(0.,0.,1.));
#4290=DIRECTION('ref_axis',(-1.,0.,0.));
#4291=DIRECTION('',(-0.857167300702112,-1.04972719113862E-16,0.515038074910054));
#4292=DIRECTION('center_axis',(0.,0.,1.));
#4293=DIRECTION('ref_axis',(-1.,0.,0.));
#4294=DIRECTION('center_axis',(0.,0.,1.));
#4295=DIRECTION('ref_axis',(-1.,0.,0.));
#4296=DIRECTION('',(0.,0.,1.));
#4297=DIRECTION('center_axis',(0.,0.,-1.));
#4298=DIRECTION('ref_axis',(-1.,0.,0.));
#4299=DIRECTION('center_axis',(0.,0.,1.));
#4300=DIRECTION('ref_axis',(-1.,0.,0.));
#4301=DIRECTION('',(-0.857167300702112,-1.04972719113862E-16,0.515038074910054));
#4302=DIRECTION('center_axis',(0.,0.,1.));
#4303=DIRECTION('ref_axis',(-1.,0.,0.));
#4304=DIRECTION('center_axis',(0.,0.,1.));
#4305=DIRECTION('ref_axis',(-1.,0.,0.));
#4306=DIRECTION('',(0.,0.,1.));
#4307=DIRECTION('center_axis',(0.,0.,-1.));
#4308=DIRECTION('ref_axis',(-1.,0.,0.));
#4309=DIRECTION('center_axis',(0.,0.,1.));
#4310=DIRECTION('ref_axis',(-1.,0.,0.));
#4311=DIRECTION('',(-0.857167300702112,-1.04972719113862E-16,0.515038074910054));
#4312=DIRECTION('center_axis',(0.,0.,1.));
#4313=DIRECTION('ref_axis',(-1.,0.,0.));
#4314=DIRECTION('center_axis',(0.,0.,1.));
#4315=DIRECTION('ref_axis',(-1.,0.,0.));
#4316=DIRECTION('',(0.,0.,1.));
#4317=DIRECTION('center_axis',(0.,0.,-1.));
#4318=DIRECTION('ref_axis',(-1.,0.,0.));
#4319=DIRECTION('center_axis',(0.,0.,1.));
#4320=DIRECTION('ref_axis',(-1.,0.,0.));
#4321=DIRECTION('',(-0.857167300702112,-1.04972719113862E-16,0.515038074910054));
#4322=DIRECTION('center_axis',(0.,0.,1.));
#4323=DIRECTION('ref_axis',(-1.,0.,0.));
#4324=DIRECTION('center_axis',(0.,0.,1.));
#4325=DIRECTION('ref_axis',(-1.,0.,0.));
#4326=DIRECTION('',(0.,0.,1.));
#4327=DIRECTION('center_axis',(0.,0.,-1.));
#4328=DIRECTION('ref_axis',(-1.,0.,0.));
#4329=DIRECTION('center_axis',(0.,0.,1.));
#4330=DIRECTION('ref_axis',(-1.,0.,0.));
#4331=DIRECTION('',(-0.857167300702112,-1.04972719113862E-16,0.515038074910054));
#4332=DIRECTION('center_axis',(0.,0.,1.));
#4333=DIRECTION('ref_axis',(-1.,0.,0.));
#4334=DIRECTION('center_axis',(0.,0.,1.));
#4335=DIRECTION('ref_axis',(-1.,0.,0.));
#4336=DIRECTION('',(0.,0.,1.));
#4337=DIRECTION('center_axis',(0.,0.,-1.));
#4338=DIRECTION('ref_axis',(-1.,0.,0.));
#4339=DIRECTION('center_axis',(0.,0.,1.));
#4340=DIRECTION('ref_axis',(-1.,0.,0.));
#4341=DIRECTION('',(-0.857167300702112,-1.04972719113862E-16,0.515038074910054));
#4342=DIRECTION('center_axis',(0.,0.,1.));
#4343=DIRECTION('ref_axis',(-1.,0.,0.));
#4344=DIRECTION('center_axis',(0.,0.,1.));
#4345=DIRECTION('ref_axis',(-1.,0.,0.));
#4346=DIRECTION('',(0.,0.,1.));
#4347=DIRECTION('center_axis',(0.,0.,-1.));
#4348=DIRECTION('ref_axis',(-1.,0.,0.));
#4349=DIRECTION('center_axis',(0.,0.,1.));
#4350=DIRECTION('ref_axis',(-1.,0.,0.));
#4351=DIRECTION('',(-0.857167300702112,-1.04972719113862E-16,0.515038074910054));
#4352=DIRECTION('center_axis',(0.,0.,1.));
#4353=DIRECTION('ref_axis',(-1.,0.,0.));
#4354=DIRECTION('center_axis',(0.,0.,1.));
#4355=DIRECTION('ref_axis',(-1.,0.,0.));
#4356=DIRECTION('',(0.,0.,1.));
#4357=DIRECTION('center_axis',(0.,0.,-1.));
#4358=DIRECTION('ref_axis',(-1.,0.,0.));
#4359=DIRECTION('center_axis',(0.,0.,1.));
#4360=DIRECTION('ref_axis',(-1.,0.,0.));
#4361=DIRECTION('',(-0.857167300702112,-1.04972719113862E-16,0.515038074910054));
#4362=DIRECTION('center_axis',(0.,0.,1.));
#4363=DIRECTION('ref_axis',(-1.,0.,0.));
#4364=DIRECTION('center_axis',(0.,0.,1.));
#4365=DIRECTION('ref_axis',(-1.,0.,0.));
#4366=DIRECTION('',(0.,0.,1.));
#4367=DIRECTION('center_axis',(0.,0.,-1.));
#4368=DIRECTION('ref_axis',(-0.707106781186546,-0.707106781186549,0.));
#4369=DIRECTION('center_axis',(0.,0.,-1.));
#4370=DIRECTION('ref_axis',(-0.707106781186546,-0.707106781186549,0.));
#4371=DIRECTION('',(0.,0.,-1.));
#4372=DIRECTION('',(0.,0.,1.));
#4373=DIRECTION('center_axis',(-1.,0.,0.));
#4374=DIRECTION('ref_axis',(0.,1.,0.));
#4375=DIRECTION('',(0.,1.,0.));
#4376=DIRECTION('center_axis',(0.,0.,-1.));
#4377=DIRECTION('ref_axis',(0.707106781186545,-0.70710678118655,0.));
#4378=DIRECTION('center_axis',(0.,0.,-1.));
#4379=DIRECTION('ref_axis',(0.707106781186545,-0.70710678118655,0.));
#4380=DIRECTION('',(0.,0.,-1.));
#4381=DIRECTION('',(0.,0.,1.));
#4382=DIRECTION('center_axis',(0.,-1.,0.));
#4383=DIRECTION('ref_axis',(-1.,0.,0.));
#4384=DIRECTION('',(-1.,0.,0.));
#4385=DIRECTION('center_axis',(0.,0.,-1.));
#4386=DIRECTION('ref_axis',(-0.707106781186543,-0.707106781186552,0.));
#4387=DIRECTION('center_axis',(0.,0.,-1.));
#4388=DIRECTION('ref_axis',(-0.707106781186543,-0.707106781186552,0.));
#4389=DIRECTION('',(0.,0.,-1.));
#4390=DIRECTION('',(0.,0.,1.));
#4391=DIRECTION('center_axis',(-1.,0.,0.));
#4392=DIRECTION('ref_axis',(0.,1.,0.));
#4393=DIRECTION('',(0.,1.,0.));
#4394=DIRECTION('center_axis',(0.,0.,-1.));
#4395=DIRECTION('ref_axis',(0.707106781186552,-0.707106781186543,0.));
#4396=DIRECTION('center_axis',(0.,0.,-1.));
#4397=DIRECTION('ref_axis',(0.707106781186552,-0.707106781186543,0.));
#4398=DIRECTION('',(0.,0.,-1.));
#4399=DIRECTION('',(0.,0.,1.));
#4400=DIRECTION('center_axis',(0.,-1.,0.));
#4401=DIRECTION('ref_axis',(-1.,0.,0.));
#4402=DIRECTION('',(-1.,0.,0.));
#4403=DIRECTION('center_axis',(0.,0.,-1.));
#4404=DIRECTION('ref_axis',(0.707106781186544,0.707106781186551,0.));
#4405=DIRECTION('center_axis',(0.,0.,-1.));
#4406=DIRECTION('ref_axis',(0.707106781186544,0.707106781186551,0.));
#4407=DIRECTION('',(0.,0.,-1.));
#4408=DIRECTION('',(0.,0.,1.));
#4409=DIRECTION('center_axis',(0.,1.,0.));
#4410=DIRECTION('ref_axis',(1.,0.,0.));
#4411=DIRECTION('',(-1.,0.,0.));
#4412=DIRECTION('',(0.,0.,1.));
#4413=DIRECTION('center_axis',(0.,0.,-1.));
#4414=DIRECTION('ref_axis',(-0.707106781186553,0.707106781186543,0.));
#4415=DIRECTION('center_axis',(0.,0.,-1.));
#4416=DIRECTION('ref_axis',(-0.707106781186553,0.707106781186543,0.));
#4417=DIRECTION('',(0.,0.,-1.));
#4418=DIRECTION('center_axis',(-1.,0.,0.));
#4419=DIRECTION('ref_axis',(0.,1.,0.));
#4420=DIRECTION('',(0.,-1.,0.));
#4421=DIRECTION('center_axis',(0.,0.,-1.));
#4422=DIRECTION('ref_axis',(0.707106781186548,0.707106781186547,0.));
#4423=DIRECTION('center_axis',(0.,0.,-1.));
#4424=DIRECTION('ref_axis',(0.707106781186548,0.707106781186547,0.));
#4425=DIRECTION('',(0.,0.,-1.));
#4426=DIRECTION('',(0.,0.,1.));
#4427=DIRECTION('center_axis',(1.,0.,0.));
#4428=DIRECTION('ref_axis',(0.,-1.,0.));
#4429=DIRECTION('',(0.,1.,0.));
#4430=DIRECTION('center_axis',(0.,0.,-1.));
#4431=DIRECTION('ref_axis',(-0.707106781186548,0.707106781186547,0.));
#4432=DIRECTION('center_axis',(0.,0.,-1.));
#4433=DIRECTION('ref_axis',(-0.707106781186548,0.707106781186547,0.));
#4434=DIRECTION('',(0.,0.,-1.));
#4435=DIRECTION('',(0.,0.,1.));
#4436=DIRECTION('center_axis',(4.74792455292298E-17,1.,0.));
#4437=DIRECTION('ref_axis',(1.,-4.74792455292298E-17,0.));
#4438=DIRECTION('',(-1.,4.74792455292298E-17,0.));
#4439=DIRECTION('center_axis',(0.,-1.,0.));
#4440=DIRECTION('ref_axis',(-1.,0.,0.));
#4441=DIRECTION('center_axis',(1.,0.,0.));
#4442=DIRECTION('ref_axis',(0.,-1.,0.));
#4443=DIRECTION('',(0.,-1.,0.));
#4444=DIRECTION('center_axis',(1.,0.,0.));
#4445=DIRECTION('ref_axis',(0.,-1.,0.));
#4446=DIRECTION('',(0.,-1.,0.));
#4447=DIRECTION('center_axis',(1.,-9.66968440802556E-17,0.));
#4448=DIRECTION('ref_axis',(9.66968440802556E-17,1.,0.));
#4449=DIRECTION('center_axis',(-1.,0.,0.));
#4450=DIRECTION('ref_axis',(0.,1.,0.));
#4451=DIRECTION('',(0.,-1.,0.));
#4452=DIRECTION('center_axis',(-1.,0.,0.));
#4453=DIRECTION('ref_axis',(0.,1.,0.));
#4454=DIRECTION('center_axis',(0.,0.,1.));
#4455=DIRECTION('ref_axis',(0.,-1.,0.));
#4456=DIRECTION('center_axis',(0.,0.,1.));
#4457=DIRECTION('ref_axis',(0.,-1.,0.));
#4458=DIRECTION('',(0.,0.,1.));
#4459=DIRECTION('center_axis',(0.,0.,1.));
#4460=DIRECTION('ref_axis',(0.,-1.,0.));
#4461=DIRECTION('',(0.,0.,1.));
#4462=DIRECTION('center_axis',(5.54556955357221E-17,-1.,0.));
#4463=DIRECTION('ref_axis',(1.,5.54556955357221E-17,0.));
#4464=DIRECTION('',(1.,5.54556955357221E-17,0.));
#4465=DIRECTION('',(0.,0.,1.));
#4466=DIRECTION('',(1.,5.54556955357221E-17,0.));
#4467=DIRECTION('center_axis',(0.,0.,1.));
#4468=DIRECTION('ref_axis',(4.44089209850062E-15,1.,0.));
#4469=DIRECTION('center_axis',(0.,0.,1.));
#4470=DIRECTION('ref_axis',(4.44089209850062E-15,1.,0.));
#4471=DIRECTION('',(0.,0.,1.));
#4472=DIRECTION('center_axis',(0.,0.,1.));
#4473=DIRECTION('ref_axis',(4.44089209850062E-15,1.,0.));
#4474=DIRECTION('center_axis',(-3.32734173214333E-17,1.,0.));
#4475=DIRECTION('ref_axis',(-1.,-3.32734173214333E-17,0.));
#4476=DIRECTION('',(-1.,-3.32734173214333E-17,0.));
#4477=DIRECTION('',(-1.,-3.32734173214333E-17,0.));
#4478=DIRECTION('center_axis',(0.,0.,-1.));
#4479=DIRECTION('ref_axis',(-1.,0.,0.));
#4480=DIRECTION('center_axis',(0.,0.,1.));
#4481=DIRECTION('ref_axis',(-8.88178419700128E-15,-1.,0.));
#4482=DIRECTION('center_axis',(0.,0.,1.));
#4483=DIRECTION('ref_axis',(-8.88178419700128E-15,-1.,0.));
#4484=DIRECTION('',(0.,0.,1.));
#4485=DIRECTION('center_axis',(0.,0.,1.));
#4486=DIRECTION('ref_axis',(-8.88178419700128E-15,-1.,0.));
#4487=DIRECTION('',(0.,0.,1.));
#4488=DIRECTION('center_axis',(0.,-1.,0.));
#4489=DIRECTION('ref_axis',(1.,0.,0.));
#4490=DIRECTION('',(1.,0.,0.));
#4491=DIRECTION('',(0.,0.,1.));
#4492=DIRECTION('',(1.,0.,0.));
#4493=DIRECTION('center_axis',(0.,0.,1.));
#4494=DIRECTION('ref_axis',(8.88178419700128E-15,1.,0.));
#4495=DIRECTION('center_axis',(0.,0.,1.));
#4496=DIRECTION('ref_axis',(8.88178419700128E-15,1.,0.));
#4497=DIRECTION('',(0.,0.,1.));
#4498=DIRECTION('center_axis',(0.,0.,1.));
#4499=DIRECTION('ref_axis',(8.88178419700128E-15,1.,0.));
#4500=DIRECTION('center_axis',(0.,1.,0.));
#4501=DIRECTION('ref_axis',(-1.,0.,0.));
#4502=DIRECTION('',(-1.,0.,0.));
#4503=DIRECTION('',(-1.,0.,0.));
#4504=DIRECTION('center_axis',(0.,0.,-1.));
#4505=DIRECTION('ref_axis',(-1.,0.,0.));
#4506=DIRECTION('center_axis',(0.,0.,1.));
#4507=DIRECTION('ref_axis',(0.,-1.,0.));
#4508=DIRECTION('center_axis',(0.,0.,1.));
#4509=DIRECTION('ref_axis',(0.,-1.,0.));
#4510=DIRECTION('',(0.,0.,1.));
#4511=DIRECTION('center_axis',(0.,0.,1.));
#4512=DIRECTION('ref_axis',(0.,-1.,0.));
#4513=DIRECTION('',(0.,0.,1.));
#4514=DIRECTION('center_axis',(-1.10911391071444E-17,-1.,0.));
#4515=DIRECTION('ref_axis',(1.,-1.10911391071444E-17,0.));
#4516=DIRECTION('',(1.,-1.10911391071444E-17,0.));
#4517=DIRECTION('',(0.,0.,1.));
#4518=DIRECTION('',(1.,-1.10911391071444E-17,0.));
#4519=DIRECTION('center_axis',(0.,0.,1.));
#4520=DIRECTION('ref_axis',(0.,1.,0.));
#4521=DIRECTION('center_axis',(0.,0.,1.));
#4522=DIRECTION('ref_axis',(0.,1.,0.));
#4523=DIRECTION('',(0.,0.,1.));
#4524=DIRECTION('center_axis',(0.,0.,1.));
#4525=DIRECTION('ref_axis',(0.,1.,0.));
#4526=DIRECTION('center_axis',(2.21822782142888E-17,1.,0.));
#4527=DIRECTION('ref_axis',(-1.,2.21822782142888E-17,0.));
#4528=DIRECTION('',(-1.,2.21822782142888E-17,0.));
#4529=DIRECTION('',(-1.,2.21822782142888E-17,0.));
#4530=DIRECTION('center_axis',(0.,0.,-1.));
#4531=DIRECTION('ref_axis',(-1.,0.,0.));
#4532=DIRECTION('center_axis',(0.,0.,1.));
#4533=DIRECTION('ref_axis',(-3.55271367880051E-14,-1.,0.));
#4534=DIRECTION('center_axis',(0.,0.,1.));
#4535=DIRECTION('ref_axis',(-3.55271367880051E-14,-1.,0.));
#4536=DIRECTION('',(0.,0.,1.));
#4537=DIRECTION('center_axis',(0.,0.,1.));
#4538=DIRECTION('ref_axis',(-3.55271367880051E-14,-1.,0.));
#4539=DIRECTION('',(0.,0.,1.));
#4540=DIRECTION('center_axis',(0.,-1.,0.));
#4541=DIRECTION('ref_axis',(1.,0.,0.));
#4542=DIRECTION('',(1.,0.,0.));
#4543=DIRECTION('',(0.,0.,1.));
#4544=DIRECTION('',(1.,0.,0.));
#4545=DIRECTION('center_axis',(0.,0.,1.));
#4546=DIRECTION('ref_axis',(3.55271367880051E-14,1.,0.));
#4547=DIRECTION('center_axis',(0.,0.,1.));
#4548=DIRECTION('ref_axis',(3.55271367880051E-14,1.,0.));
#4549=DIRECTION('',(0.,0.,1.));
#4550=DIRECTION('center_axis',(0.,0.,1.));
#4551=DIRECTION('ref_axis',(3.55271367880051E-14,1.,0.));
#4552=DIRECTION('center_axis',(0.,1.,0.));
#4553=DIRECTION('ref_axis',(-1.,0.,0.));
#4554=DIRECTION('',(-1.,0.,0.));
#4555=DIRECTION('',(-1.,0.,0.));
#4556=DIRECTION('center_axis',(0.,0.,-1.));
#4557=DIRECTION('ref_axis',(-1.,0.,0.));
#4558=DIRECTION('center_axis',(0.,0.,1.));
#4559=DIRECTION('ref_axis',(1.,0.,0.));
#4560=DIRECTION('center_axis',(0.,0.,1.));
#4561=DIRECTION('ref_axis',(1.,0.,0.));
#4562=DIRECTION('',(0.,1.,0.));
#4563=DIRECTION('center_axis',(1.,0.,0.));
#4564=DIRECTION('ref_axis',(0.,-1.,0.));
#4565=DIRECTION('center_axis',(0.,0.,1.));
#4566=DIRECTION('ref_axis',(1.,0.,0.));
#4567=DIRECTION('center_axis',(0.,0.,1.));
#4568=DIRECTION('ref_axis',(1.,0.,0.));
#4569=CARTESIAN_POINT('',(0.,0.,0.));
#4570=CARTESIAN_POINT('Origin',(251.,-75.1875,6.75));
#4571=CARTESIAN_POINT('',(250.75,-96.55,7.));
#4572=CARTESIAN_POINT('',(251.25,-96.4160254037844,6.5));
#4573=CARTESIAN_POINT('',(252.891943697045,-95.9760679161438,4.8580563029551));
#4574=CARTESIAN_POINT('',(251.25,13.,6.5));
#4575=CARTESIAN_POINT('',(251.25,-75.1875,6.5));
#4576=CARTESIAN_POINT('',(250.75,13.,7.));
#4577=CARTESIAN_POINT('',(251.25,13.,6.5));
#4578=CARTESIAN_POINT('',(250.75,-75.1875,7.));
#4579=CARTESIAN_POINT('Origin',(249.25,13.,6.75));
#4580=CARTESIAN_POINT('',(249.25,15.,6.5));
#4581=CARTESIAN_POINT('Origin',(249.25,13.,6.5));
#4582=CARTESIAN_POINT('',(249.25,14.5,7.));
#4583=CARTESIAN_POINT('',(249.25,15.,6.5));
#4584=CARTESIAN_POINT('Origin',(249.25,13.,7.));
#4585=CARTESIAN_POINT('Origin',(187.5375,14.75,6.75));
#4586=CARTESIAN_POINT('',(-1.6,15.,6.5));
#4587=CARTESIAN_POINT('',(-1.6,14.5,7.));
#4588=CARTESIAN_POINT('',(-1.6,15.,6.5));
#4589=CARTESIAN_POINT('',(187.5375,14.5,7.));
#4590=CARTESIAN_POINT('',(187.5375,15.,6.5));
#4591=CARTESIAN_POINT('Origin',(-1.6,13.,6.75));
#4592=CARTESIAN_POINT('',(-3.6,13.,6.5));
#4593=CARTESIAN_POINT('Origin',(-1.6,13.,6.5));
#4594=CARTESIAN_POINT('',(-3.1,13.,7.));
#4595=CARTESIAN_POINT('',(-3.6,13.,6.5));
#4596=CARTESIAN_POINT('Origin',(-1.6,13.,7.));
#4597=CARTESIAN_POINT('Origin',(-3.35,-15.0625,6.75));
#4598=CARTESIAN_POINT('',(-3.6,-96.4160254037844,6.5));
#4599=CARTESIAN_POINT('',(-3.1,-96.55,7.));
#4600=CARTESIAN_POINT('',(-5.76284189067777,-95.836493665821,4.33715810932225));
#4601=CARTESIAN_POINT('',(-3.1,-15.0625,7.));
#4602=CARTESIAN_POINT('',(-3.6,-15.0625,6.5));
#4603=CARTESIAN_POINT('Origin',(-3.35,-58.2842944566228,28.804040261605));
#4604=CARTESIAN_POINT('',(-3.6,-103.25,2.55440292723986));
#4605=CARTESIAN_POINT('',(-3.6,-58.1592944566228,28.5875339106589));
#4606=CARTESIAN_POINT('',(-3.1,-104.572875655532,2.36799058060353));
#4607=CARTESIAN_POINT('Origin',(-1.6,-103.25,4.86380400399841));
#4608=CARTESIAN_POINT('',(-3.1,-58.4092944566228,29.0205466125511));
#4609=CARTESIAN_POINT('Origin',(-3.6,15.,0.));
#4610=CARTESIAN_POINT('',(-3.6,13.,-15.5));
#4611=CARTESIAN_POINT('',(-3.6,13.,0.));
#4612=CARTESIAN_POINT('',(-3.6,-67.1663382934682,-15.5));
#4613=CARTESIAN_POINT('',(-3.6,-15.0625,-15.5));
#4614=CARTESIAN_POINT('',(-3.6,-103.197735768366,-11.7129475228472));
#4615=CARTESIAN_POINT('',(-3.6,-27.3246796853143,-19.6875270597262));
#4616=CARTESIAN_POINT('',(-3.6,-103.249999993458,-11.7074548008702));
#4617=CARTESIAN_POINT('Ctrl Pts',(-3.6,-103.249999993387,-11.7074548001904));
#4618=CARTESIAN_POINT('Ctrl Pts',(-3.6,-103.232570736021,-11.709286063787));
#4619=CARTESIAN_POINT('Ctrl Pts',(-3.6,-103.215153261396,-11.7111168705621));
#4620=CARTESIAN_POINT('Ctrl Pts',(-3.6,-103.197735768366,-11.7129475228472));
#4621=CARTESIAN_POINT('',(-3.6,-103.25,0.));
#4622=CARTESIAN_POINT('Origin',(-1.6,13.,0.));
#4623=CARTESIAN_POINT('',(-1.6,15.,-15.5));
#4624=CARTESIAN_POINT('',(-1.6,15.,0.));
#4625=CARTESIAN_POINT('Origin',(-1.6,13.,-15.5));
#4626=CARTESIAN_POINT('Origin',(251.25,15.,0.));
#4627=CARTESIAN_POINT('',(249.25,15.,-15.5));
#4628=CARTESIAN_POINT('',(249.25,15.,0.));
#4629=CARTESIAN_POINT('',(187.5375,15.,-15.5));
#4630=CARTESIAN_POINT('',(119.625,15.,-3.65));
#4631=CARTESIAN_POINT('',(128.025,15.,-3.65));
#4632=CARTESIAN_POINT('',(184.4375,15.,-3.65));
#4633=CARTESIAN_POINT('',(116.625,15.,-6.65));
#4634=CARTESIAN_POINT('Origin',(119.625,15.,-6.65));
#4635=CARTESIAN_POINT('',(116.625,15.,-9.6));
#4636=CARTESIAN_POINT('',(116.625,15.,-5.8));
#4637=CARTESIAN_POINT('',(119.625,15.,-12.6));
#4638=CARTESIAN_POINT('Origin',(119.625,15.,-9.6));
#4639=CARTESIAN_POINT('',(128.025,15.,-12.6));
#4640=CARTESIAN_POINT('',(190.6375,15.,-12.6));
#4641=CARTESIAN_POINT('',(131.025,15.,-9.6));
#4642=CARTESIAN_POINT('Origin',(128.025,15.,-9.6));
#4643=CARTESIAN_POINT('',(131.025,15.,-6.65));
#4644=CARTESIAN_POINT('',(131.025,15.,-2.325));
#4645=CARTESIAN_POINT('Origin',(128.025,15.,-6.65));
#4646=CARTESIAN_POINT('Origin',(249.25,13.,0.));
#4647=CARTESIAN_POINT('',(251.25,13.,-15.5));
#4648=CARTESIAN_POINT('',(251.25,13.,0.));
#4649=CARTESIAN_POINT('Origin',(249.25,13.,-15.5));
#4650=CARTESIAN_POINT('Origin',(251.25,-105.25,0.));
#4651=CARTESIAN_POINT('',(251.25,-103.25,2.55440292723988));
#4652=CARTESIAN_POINT('',(251.25,-103.253044456623,2.55264520938919));
#4653=CARTESIAN_POINT('',(251.25,-103.249999993458,-11.7074548008702));
#4654=CARTESIAN_POINT('',(251.25,-103.25,0.));
#4655=CARTESIAN_POINT('',(251.25,-103.197735768366,-11.7129475228472));
#4656=CARTESIAN_POINT('Ctrl Pts',(251.25,-103.197735768366,-11.7129475228472));
#4657=CARTESIAN_POINT('Ctrl Pts',(251.25,-103.215153261396,-11.7111168705621));
#4658=CARTESIAN_POINT('Ctrl Pts',(251.25,-103.232570736021,-11.709286063787));
#4659=CARTESIAN_POINT('Ctrl Pts',(251.25,-103.249999993387,-11.7074548001904));
#4660=CARTESIAN_POINT('',(251.25,-67.1663382934682,-15.5));
#4661=CARTESIAN_POINT('',(251.25,-86.7927419323743,-13.4371818545173));
#4662=CARTESIAN_POINT('',(251.25,-75.1875,-15.5));
#4663=CARTESIAN_POINT('Origin',(184.4375,14.5,-4.15));
#4664=CARTESIAN_POINT('',(119.625,14.,-4.65));
#4665=CARTESIAN_POINT('',(119.625,14.,-4.65));
#4666=CARTESIAN_POINT('',(128.025,14.,-4.65));
#4667=CARTESIAN_POINT('',(128.025,15.,-3.65));
#4668=CARTESIAN_POINT('',(184.4375,14.,-4.65));
#4669=CARTESIAN_POINT('Origin',(128.025,14.5,-6.65));
#4670=CARTESIAN_POINT('',(130.025,14.,-6.65));
#4671=CARTESIAN_POINT('',(131.025,15.,-6.65));
#4672=CARTESIAN_POINT('Origin',(128.025,14.,-6.65));
#4673=CARTESIAN_POINT('Origin',(119.625,14.5,-6.65));
#4674=CARTESIAN_POINT('',(117.625,14.,-6.65));
#4675=CARTESIAN_POINT('Origin',(119.625,14.,-6.65));
#4676=CARTESIAN_POINT('',(117.625,14.,-6.65));
#4677=CARTESIAN_POINT('Origin',(130.525,14.5,-2.325));
#4678=CARTESIAN_POINT('',(130.025,14.,-9.6));
#4679=CARTESIAN_POINT('',(131.025,15.,-9.6));
#4680=CARTESIAN_POINT('',(130.025,14.,-2.325));
#4681=CARTESIAN_POINT('Origin',(117.125,14.5,-5.8));
#4682=CARTESIAN_POINT('',(117.625,14.,-9.6));
#4683=CARTESIAN_POINT('',(117.625,14.,-9.6));
#4684=CARTESIAN_POINT('',(117.625,14.,-5.8));
#4685=CARTESIAN_POINT('Origin',(128.025,14.5,-9.6));
#4686=CARTESIAN_POINT('',(128.025,14.,-11.6));
#4687=CARTESIAN_POINT('',(128.025,15.,-12.6));
#4688=CARTESIAN_POINT('Origin',(128.025,14.,-9.6));
#4689=CARTESIAN_POINT('Origin',(119.625,14.5,-9.6));
#4690=CARTESIAN_POINT('',(119.625,14.,-11.6));
#4691=CARTESIAN_POINT('Origin',(119.625,14.,-9.6));
#4692=CARTESIAN_POINT('',(119.625,14.,-11.6));
#4693=CARTESIAN_POINT('Origin',(190.6375,14.5,-12.1));
#4694=CARTESIAN_POINT('',(190.6375,14.,-11.6));
#4695=CARTESIAN_POINT('Origin',(119.625,9.8,-9.6));
#4696=CARTESIAN_POINT('',(117.625,9.8,-9.6));
#4697=CARTESIAN_POINT('',(117.625,9.8,-9.6));
#4698=CARTESIAN_POINT('',(119.625,9.8,-11.6));
#4699=CARTESIAN_POINT('Origin',(119.625,9.8,-9.6));
#4700=CARTESIAN_POINT('',(119.625,9.8,-11.6));
#4701=CARTESIAN_POINT('Origin',(117.625,9.8,-11.6));
#4702=CARTESIAN_POINT('',(117.625,9.8,-6.65));
#4703=CARTESIAN_POINT('',(117.625,9.8,-6.65));
#4704=CARTESIAN_POINT('',(117.625,9.8,-9.8625));
#4705=CARTESIAN_POINT('Origin',(119.625,9.8,-6.65));
#4706=CARTESIAN_POINT('',(119.625,9.8,-4.65));
#4707=CARTESIAN_POINT('',(119.625,9.8,-4.65));
#4708=CARTESIAN_POINT('Origin',(119.625,9.8,-6.65));
#4709=CARTESIAN_POINT('Origin',(117.625,9.8,-4.65));
#4710=CARTESIAN_POINT('',(128.025,9.8,-4.65));
#4711=CARTESIAN_POINT('',(128.025,9.8,-4.65));
#4712=CARTESIAN_POINT('',(120.725,9.8,-4.65));
#4713=CARTESIAN_POINT('Origin',(251.,-86.8188740481912,-13.6858123283594));
#4714=CARTESIAN_POINT('',(250.75,-103.25,-12.2102084705314));
#4715=CARTESIAN_POINT('',(251.25,-103.197735768366,-11.7129475228472));
#4716=CARTESIAN_POINT('',(250.75,-67.1925421831097,-16.));
#4717=CARTESIAN_POINT('',(250.75,-86.8450061640081,-13.9344428022014));
#4718=CARTESIAN_POINT('',(250.75,-67.1925421831097,-16.));
#4719=CARTESIAN_POINT('Origin',(-3.35,-15.0625,-15.75));
#4720=CARTESIAN_POINT('',(-3.1,13.,-16.));
#4721=CARTESIAN_POINT('',(-3.6,13.,-15.5));
#4722=CARTESIAN_POINT('',(-3.1,-67.1925421831097,-16.));
#4723=CARTESIAN_POINT('',(-3.1,-15.0625,-16.));
#4724=CARTESIAN_POINT('',(-3.1,-67.1925421831097,-16.));
#4725=CARTESIAN_POINT('Origin',(-3.35,-27.3508118011312,-19.9361575335682));
#4726=CARTESIAN_POINT('',(-3.1,-103.25,-12.2102084705314));
#4727=CARTESIAN_POINT('',(-3.1,-27.3769439169481,-20.1847880074103));
#4728=CARTESIAN_POINT('',(-3.1,-103.25,-12.2102084705314));
#4729=CARTESIAN_POINT('Origin',(-1.6,13.,-15.75));
#4730=CARTESIAN_POINT('',(-1.6,14.5,-16.));
#4731=CARTESIAN_POINT('',(-1.6,15.,-15.5));
#4732=CARTESIAN_POINT('Origin',(-1.6,13.,-16.));
#4733=CARTESIAN_POINT('Origin',(187.5375,14.75,-15.75));
#4734=CARTESIAN_POINT('',(249.25,14.5,-16.));
#4735=CARTESIAN_POINT('',(249.25,15.,-15.5));
#4736=CARTESIAN_POINT('',(187.5375,14.5,-16.));
#4737=CARTESIAN_POINT('Origin',(249.25,13.,-15.75));
#4738=CARTESIAN_POINT('',(250.75,13.,-16.));
#4739=CARTESIAN_POINT('',(251.25,13.,-15.5));
#4740=CARTESIAN_POINT('Origin',(249.25,13.,-16.));
#4741=CARTESIAN_POINT('Origin',(251.,-75.1875,-15.75));
#4742=CARTESIAN_POINT('',(250.75,-75.1875,-16.));
#4743=CARTESIAN_POINT('Ctrl Pts',(-3.6,-103.249999993385,-11.7074548001906));
#4744=CARTESIAN_POINT('Ctrl Pts',(-3.60000000146072,-103.691632395487,-11.6610532052138));
#4745=CARTESIAN_POINT('Ctrl Pts',(-3.24580801323602,-104.735723860732,-11.5524825510675));
#4746=CARTESIAN_POINT('Ctrl Pts',(-2.20390778259661,-105.25,-11.5));
#4747=CARTESIAN_POINT('Ctrl Pts',(-1.6,-105.25,-11.5));
#4748=CARTESIAN_POINT('Ctrl Pts',(-3.43327717452647,-103.263112159484,-11.8736612130121));
#4749=CARTESIAN_POINT('Ctrl Pts',(-3.42653556020325,-103.668156641196,-11.831099883123));
#4750=CARTESIAN_POINT('Ctrl Pts',(-3.08455528604517,-104.612848621009,-11.7325872755936));
#4751=CARTESIAN_POINT('Ctrl Pts',(-2.1433519508972,-105.063758570289,-11.6862414297113));
#4752=CARTESIAN_POINT('Ctrl Pts',(-1.6,-105.063758570289,-11.6862414297113));
#4753=CARTESIAN_POINT('Ctrl Pts',(-3.26655434905294,-103.276224325583,-12.0398676258336));
#4754=CARTESIAN_POINT('Ctrl Pts',(-3.25307111894579,-103.644680886904,-12.0011465610322));
#4755=CARTESIAN_POINT('Ctrl Pts',(-2.92330255885432,-104.489973381285,-11.9126920001197));
#4756=CARTESIAN_POINT('Ctrl Pts',(-2.08279611919778,-104.877517140577,-11.8724828594225));
#4757=CARTESIAN_POINT('Ctrl Pts',(-1.6,-104.877517140577,-11.8724828594225));
#4758=CARTESIAN_POINT('Ctrl Pts',(-3.09983152357941,-103.289336491682,-12.2060740386551));
#4759=CARTESIAN_POINT('Ctrl Pts',(-3.07960667768832,-103.621205132613,-12.1711932389413));
#4760=CARTESIAN_POINT('Ctrl Pts',(-2.76204983166347,-104.367098141561,-12.0927967246459));
#4761=CARTESIAN_POINT('Ctrl Pts',(-2.02224028749836,-104.691275710866,-12.0587242891338));
#4762=CARTESIAN_POINT('Ctrl Pts',(-1.6,-104.691275710866,-12.0587242891338));
#4763=CARTESIAN_POINT('',(-3.09983152357932,-103.289336491684,-12.2060740386549));
#4764=CARTESIAN_POINT('',(-3.6,-103.249999993458,-11.7074548008702));
#4765=CARTESIAN_POINT('',(-1.6,-104.691275710866,-12.0587242891338));
#4766=CARTESIAN_POINT('Ctrl Pts',(-3.09983152357941,-103.289336491682,-12.2060740386551));
#4767=CARTESIAN_POINT('Ctrl Pts',(-3.07960667768832,-103.621205132613,-12.1711932389413));
#4768=CARTESIAN_POINT('Ctrl Pts',(-2.76204983166347,-104.367098141561,-12.0927967246459));
#4769=CARTESIAN_POINT('Ctrl Pts',(-2.02224028749836,-104.691275710866,-12.0587242891338));
#4770=CARTESIAN_POINT('Ctrl Pts',(-1.6,-104.691275710866,-12.0587242891338));
#4771=CARTESIAN_POINT('',(-1.6,-105.25,-11.5));
#4772=CARTESIAN_POINT('',(-1.6,-104.691275710866,-12.0587242891338));
#4773=CARTESIAN_POINT('Ctrl Pts',(-1.6,-105.25,-11.5));
#4774=CARTESIAN_POINT('Ctrl Pts',(-2.20390778259661,-105.25,-11.5));
#4775=CARTESIAN_POINT('Ctrl Pts',(-3.24580801323602,-104.735723860732,-11.5524825510675));
#4776=CARTESIAN_POINT('Ctrl Pts',(-3.60000000146072,-103.691632395487,-11.6610532052138));
#4777=CARTESIAN_POINT('Ctrl Pts',(-3.6,-103.249999993385,-11.7074548001906));
#4778=CARTESIAN_POINT('Origin',(-3.6,-104.970637855433,-11.7793621445669));
#4779=CARTESIAN_POINT('',(249.25,-104.691275710866,-12.0587242891338));
#4780=CARTESIAN_POINT('',(249.25,-105.25,-11.5));
#4781=CARTESIAN_POINT('',(249.25,-104.691275710866,-12.0587242891338));
#4782=CARTESIAN_POINT('',(-3.6,-105.25,-11.5));
#4783=CARTESIAN_POINT('',(-3.6,-104.691275710866,-12.0587242891338));
#4784=CARTESIAN_POINT('Ctrl Pts',(249.25,-105.25,-11.5));
#4785=CARTESIAN_POINT('Ctrl Pts',(249.853907782597,-105.25,-11.5));
#4786=CARTESIAN_POINT('Ctrl Pts',(250.895520014169,-104.735526912614,-11.5525038100831));
#4787=CARTESIAN_POINT('Ctrl Pts',(251.250000001461,-103.691632395487,-11.6610532052138));
#4788=CARTESIAN_POINT('Ctrl Pts',(251.25,-103.249999993385,-11.7074548001906));
#4789=CARTESIAN_POINT('Ctrl Pts',(249.25,-105.063758570289,-11.6862414297113));
#4790=CARTESIAN_POINT('Ctrl Pts',(249.793351950897,-105.063758570289,-11.6862414297113));
#4791=CARTESIAN_POINT('Ctrl Pts',(250.734320060889,-104.612658449048,-11.732607636095));
#4792=CARTESIAN_POINT('Ctrl Pts',(251.076535560203,-103.668156641196,-11.831099883123));
#4793=CARTESIAN_POINT('Ctrl Pts',(251.083277174527,-103.263112159484,-11.8736612130121));
#4794=CARTESIAN_POINT('Ctrl Pts',(249.25,-104.877517140577,-11.8724828594225));
#4795=CARTESIAN_POINT('Ctrl Pts',(249.732796119198,-104.877517140577,-11.8724828594225));
#4796=CARTESIAN_POINT('Ctrl Pts',(250.573120107609,-104.489789985481,-11.9127114621068));
#4797=CARTESIAN_POINT('Ctrl Pts',(250.903071118946,-103.644680886904,-12.0011465610322));
#4798=CARTESIAN_POINT('Ctrl Pts',(250.916554349053,-103.276224325583,-12.0398676258336));
#4799=CARTESIAN_POINT('Ctrl Pts',(249.25,-104.691275710866,-12.0587242891338));
#4800=CARTESIAN_POINT('Ctrl Pts',(249.672240287498,-104.691275710866,-12.0587242891338));
#4801=CARTESIAN_POINT('Ctrl Pts',(250.411920154329,-104.366921521915,-12.0928152881187));
#4802=CARTESIAN_POINT('Ctrl Pts',(250.729606677688,-103.621205132613,-12.1711932389413));
#4803=CARTESIAN_POINT('Ctrl Pts',(250.749831523579,-103.289336491682,-12.2060740386551));
#4804=CARTESIAN_POINT('',(250.749831523579,-103.289336491683,-12.2060740386549));
#4805=CARTESIAN_POINT('',(250.749831523579,-103.289336491683,-12.2060740386549));
#4806=CARTESIAN_POINT('Ctrl Pts',(251.25,-103.249999993385,-11.7074548001906));
#4807=CARTESIAN_POINT('Ctrl Pts',(251.250000001461,-103.691632395487,-11.6610532052138));
#4808=CARTESIAN_POINT('Ctrl Pts',(250.895520014169,-104.735526912614,-11.5525038100831));
#4809=CARTESIAN_POINT('Ctrl Pts',(249.853907782597,-105.25,-11.5));
#4810=CARTESIAN_POINT('Ctrl Pts',(249.25,-105.25,-11.5));
#4811=CARTESIAN_POINT('Ctrl Pts',(249.25,-104.691275710866,-12.0587242891338));
#4812=CARTESIAN_POINT('Ctrl Pts',(249.672240287498,-104.691275710866,-12.0587242891338));
#4813=CARTESIAN_POINT('Ctrl Pts',(250.411920154329,-104.366921521915,-12.0928152881187));
#4814=CARTESIAN_POINT('Ctrl Pts',(250.729606677688,-103.621205132613,-12.1711932389413));
#4815=CARTESIAN_POINT('Ctrl Pts',(250.749831523579,-103.289336491682,-12.2060740386551));
#4816=CARTESIAN_POINT('Ctrl Pts',(-3.6,-103.197735768366,-11.7129475228472));
#4817=CARTESIAN_POINT('Ctrl Pts',(-3.6,-103.215153261396,-11.7111168705621));
#4818=CARTESIAN_POINT('Ctrl Pts',(-3.6,-103.232570736021,-11.709286063787));
#4819=CARTESIAN_POINT('Ctrl Pts',(-3.6,-103.249999993387,-11.7074548001904));
#4820=CARTESIAN_POINT('Ctrl Pts',(-3.43333333333333,-103.215157178911,-11.8787011720753));
#4821=CARTESIAN_POINT('Ctrl Pts',(-3.43333333333333,-103.231139073105,-11.8770214073079));
#4822=CARTESIAN_POINT('Ctrl Pts',(-3.43331454610681,-103.247120952967,-11.875341539764));
#4823=CARTESIAN_POINT('Ctrl Pts',(-3.43327717443967,-103.263112159483,-11.8736612130121));
#4824=CARTESIAN_POINT('Ctrl Pts',(-3.26666666666667,-103.232578589455,-12.0444548213033));
#4825=CARTESIAN_POINT('Ctrl Pts',(-3.26666666666667,-103.247124884814,-12.0429259440537));
#4826=CARTESIAN_POINT('Ctrl Pts',(-3.26662909221362,-103.261671169913,-12.041397015741));
#4827=CARTESIAN_POINT('Ctrl Pts',(-3.26655434887934,-103.27622432558,-12.0398676258339));
#4828=CARTESIAN_POINT('Ctrl Pts',(-3.1,-103.25,-12.2102084705314));
#4829=CARTESIAN_POINT('Ctrl Pts',(-3.1,-103.263110696524,-12.2088304807994));
#4830=CARTESIAN_POINT('Ctrl Pts',(-3.09994363832042,-103.276221386859,-12.2074524917179));
#4831=CARTESIAN_POINT('Ctrl Pts',(-3.099831523319,-103.289336491677,-12.2060740386556));
#4832=CARTESIAN_POINT('Ctrl Pts',(-3.1,-103.25,-12.2102084705314));
#4833=CARTESIAN_POINT('Ctrl Pts',(-3.1,-103.263110696524,-12.2088304807994));
#4834=CARTESIAN_POINT('Ctrl Pts',(-3.09994363832042,-103.276221386859,-12.2074524917179));
#4835=CARTESIAN_POINT('Ctrl Pts',(-3.099831523319,-103.289336491677,-12.2060740386556));
#4836=CARTESIAN_POINT('Ctrl Pts',(251.25,-103.249999993387,-11.7074548001904));
#4837=CARTESIAN_POINT('Ctrl Pts',(251.25,-103.232570736021,-11.709286063787));
#4838=CARTESIAN_POINT('Ctrl Pts',(251.25,-103.215153261396,-11.7111168705621));
#4839=CARTESIAN_POINT('Ctrl Pts',(251.25,-103.197735768366,-11.7129475228472));
#4840=CARTESIAN_POINT('Ctrl Pts',(251.08327717444,-103.263112159483,-11.8736612130121));
#4841=CARTESIAN_POINT('Ctrl Pts',(251.083314546107,-103.247120952967,-11.875341539764));
#4842=CARTESIAN_POINT('Ctrl Pts',(251.083333333333,-103.231139073105,-11.8770214073079));
#4843=CARTESIAN_POINT('Ctrl Pts',(251.083333333333,-103.215157178911,-11.8787011720753));
#4844=CARTESIAN_POINT('Ctrl Pts',(250.916554348879,-103.27622432558,-12.0398676258339));
#4845=CARTESIAN_POINT('Ctrl Pts',(250.916629092214,-103.261671169913,-12.041397015741));
#4846=CARTESIAN_POINT('Ctrl Pts',(250.916666666667,-103.247124884814,-12.0429259440537));
#4847=CARTESIAN_POINT('Ctrl Pts',(250.916666666667,-103.232578589455,-12.0444548213033));
#4848=CARTESIAN_POINT('Ctrl Pts',(250.749831523319,-103.289336491677,-12.2060740386556));
#4849=CARTESIAN_POINT('Ctrl Pts',(250.74994363832,-103.276221386859,-12.2074524917179));
#4850=CARTESIAN_POINT('Ctrl Pts',(250.75,-103.263110696524,-12.2088304807994));
#4851=CARTESIAN_POINT('Ctrl Pts',(250.75,-103.25,-12.2102084705314));
#4852=CARTESIAN_POINT('Ctrl Pts',(250.749831523319,-103.289336491677,-12.2060740386556));
#4853=CARTESIAN_POINT('Ctrl Pts',(250.74994363832,-103.276221386859,-12.2074524917179));
#4854=CARTESIAN_POINT('Ctrl Pts',(250.75,-103.263110696524,-12.2088304807994));
#4855=CARTESIAN_POINT('Ctrl Pts',(250.75,-103.25,-12.2102084705314));
#4856=CARTESIAN_POINT('Origin',(-1.6,-103.25,0.));
#4857=CARTESIAN_POINT('',(-1.6,-105.25,1.97705265805026));
#4858=CARTESIAN_POINT('',(-1.6,-105.25,0.));
#4859=CARTESIAN_POINT('Origin',(-1.6,-103.25,3.1317531964295));
#4860=CARTESIAN_POINT('Origin',(-3.6,-67.1925421831097,-16.));
#4861=CARTESIAN_POINT('',(-1.60000000000002,-67.1925421831097,-16.));
#4862=CARTESIAN_POINT('',(60.1125,-67.1925421831097,-16.));
#4863=CARTESIAN_POINT('',(-1.60000000000002,-101.25,-12.4204169410627));
#4864=CARTESIAN_POINT('',(-1.60000000000002,-85.4920869047102,-14.0766403463261));
#4865=CARTESIAN_POINT('',(0.399999999999991,-103.25,-12.2102084705314));
#4866=CARTESIAN_POINT('Origin',(0.399999999999992,-101.25,-12.4204169410627));
#4867=CARTESIAN_POINT('',(247.25,-103.25,-12.2102084705314));
#4868=CARTESIAN_POINT('',(122.825,-103.25,-12.2102084705314));
#4869=CARTESIAN_POINT('',(249.25,-101.25,-12.4204169410627));
#4870=CARTESIAN_POINT('Origin',(247.25,-101.25,-12.4204169410627));
#4871=CARTESIAN_POINT('',(249.25,-67.1925421831097,-16.));
#4872=CARTESIAN_POINT('',(249.25,-28.0021722583839,-20.1190738607173));
#4873=CARTESIAN_POINT('',(60.1125,-67.1925421831097,-16.));
#4874=CARTESIAN_POINT('Origin',(60.1125,-100.9,4.48852632902513));
#4875=CARTESIAN_POINT('',(249.25,-105.25,1.97705265805026));
#4876=CARTESIAN_POINT('',(60.1125,-105.25,1.97705265805026));
#4877=CARTESIAN_POINT('',(250.75,-104.572875655532,2.36799058060353));
#4878=CARTESIAN_POINT('Origin',(249.25,-103.25,3.1317531964295));
#4879=CARTESIAN_POINT('',(250.75,-103.503044456623,2.98565791128142));
#4880=CARTESIAN_POINT('',(60.1125,-96.55,7.));
#4881=CARTESIAN_POINT('Origin',(-3.59999999999999,-105.25,0.));
#4882=CARTESIAN_POINT('',(249.25,-105.25,0.));
#4883=CARTESIAN_POINT('Origin',(123.825,-45.125,7.));
#4884=CARTESIAN_POINT('',(248.45,-94.55,7.));
#4885=CARTESIAN_POINT('',(248.45,-0.699999999999998,7.));
#4886=CARTESIAN_POINT('',(248.45,-22.4125,7.));
#4887=CARTESIAN_POINT('',(246.95,-96.05,7.));
#4888=CARTESIAN_POINT('Origin',(246.95,-94.55,7.));
#4889=CARTESIAN_POINT('',(0.700000000000003,-96.05,7.));
#4890=CARTESIAN_POINT('',(185.8875,-96.05,7.));
#4891=CARTESIAN_POINT('',(-0.799999999999996,-94.55,7.));
#4892=CARTESIAN_POINT('Origin',(0.700000000000003,-94.55,7.));
#4893=CARTESIAN_POINT('',(-0.800000000000003,-0.700000000000003,7.));
#4894=CARTESIAN_POINT('',(-0.80000000000001,-70.3375,7.));
#4895=CARTESIAN_POINT('',(0.699999999999998,0.799999999999997,7.));
#4896=CARTESIAN_POINT('Origin',(0.699999999999998,-0.700000000000003,7.));
#4897=CARTESIAN_POINT('',(246.95,0.799999999999996,7.));
#4898=CARTESIAN_POINT('',(61.7625,0.799999999999992,7.));
#4899=CARTESIAN_POINT('Origin',(246.95,-0.7,7.));
#4900=CARTESIAN_POINT('Origin',(249.25,-103.25,0.));
#4901=CARTESIAN_POINT('Origin',(249.25,-103.25,4.86380400399837));
#4902=CARTESIAN_POINT('Origin',(251.,-103.378044456623,2.76915156033531));
#4903=CARTESIAN_POINT('Origin',(0.399999999999991,11.,-5.));
#4904=CARTESIAN_POINT('',(-1.60000000000001,11.,-7.));
#4905=CARTESIAN_POINT('',(0.399999999999991,13.,-7.));
#4906=CARTESIAN_POINT('Origin',(0.399999999999991,11.,-7.));
#4907=CARTESIAN_POINT('',(-1.60000000000001,11.,-16.));
#4908=CARTESIAN_POINT('',(-1.60000000000001,11.,-5.));
#4909=CARTESIAN_POINT('',(0.399999999999991,13.,-16.));
#4910=CARTESIAN_POINT('Origin',(0.399999999999991,11.,-16.));
#4911=CARTESIAN_POINT('',(0.399999999999992,13.,-5.));
#4912=CARTESIAN_POINT('Origin',(-1.60000000000002,-103.25,-7.));
#4913=CARTESIAN_POINT('',(-1.60000000000002,-101.25,-7.));
#4914=CARTESIAN_POINT('',(-1.60000000000002,-74.1875,-7.));
#4915=CARTESIAN_POINT('',(-1.60000000000002,-101.25,-7.));
#4916=CARTESIAN_POINT('',(-1.60000000000002,-74.1875,-16.));
#4917=CARTESIAN_POINT('Origin',(247.25,11.,-5.));
#4918=CARTESIAN_POINT('',(247.25,13.,-7.));
#4919=CARTESIAN_POINT('',(249.25,11.,-7.));
#4920=CARTESIAN_POINT('Origin',(247.25,11.,-7.));
#4921=CARTESIAN_POINT('',(247.25,13.,-16.));
#4922=CARTESIAN_POINT('',(247.25,13.,-5.));
#4923=CARTESIAN_POINT('',(249.25,11.,-16.));
#4924=CARTESIAN_POINT('Origin',(247.25,11.,-16.));
#4925=CARTESIAN_POINT('',(249.25,11.,-5.));
#4926=CARTESIAN_POINT('Origin',(123.825,-45.125,-7.));
#4927=CARTESIAN_POINT('',(111.49091500013,13.,-7.));
#4928=CARTESIAN_POINT('',(61.1125,13.,-7.));
#4929=CARTESIAN_POINT('',(113.49091500013,11.,-7.));
#4930=CARTESIAN_POINT('Origin',(111.49091500013,11.,-7.));
#4931=CARTESIAN_POINT('',(113.49091500013,8.8,-7.));
#4932=CARTESIAN_POINT('',(113.49091500013,-18.1625,-7.));
#4933=CARTESIAN_POINT('',(99.825,8.8,-7.));
#4934=CARTESIAN_POINT('',(136.825,8.8,-7.));
#4935=CARTESIAN_POINT('',(97.825,6.8,-7.));
#4936=CARTESIAN_POINT('Origin',(99.825,6.8,-7.));
#4937=CARTESIAN_POINT('',(97.825,0.299999999999996,-7.));
#4938=CARTESIAN_POINT('',(97.825,-22.4125,-7.));
#4939=CARTESIAN_POINT('',(82.7,0.299999999999996,-7.));
#4940=CARTESIAN_POINT('',(61.7625,0.299999999999994,-7.));
#4941=CARTESIAN_POINT('',(82.7,4.,-7.));
#4942=CARTESIAN_POINT('',(82.7,-19.0625,-7.));
#4943=CARTESIAN_POINT('',(79.7,7.,-7.));
#4944=CARTESIAN_POINT('Origin',(79.7,4.,-7.));
#4945=CARTESIAN_POINT('',(15.55,7.,-7.));
#4946=CARTESIAN_POINT('',(68.1875,7.,-7.));
#4947=CARTESIAN_POINT('',(12.55,4.,-7.));
#4948=CARTESIAN_POINT('Origin',(15.55,4.,-7.));
#4949=CARTESIAN_POINT('',(12.55,0.299999999999994,-7.));
#4950=CARTESIAN_POINT('',(12.55,-22.9125,-7.));
#4951=CARTESIAN_POINT('',(0.699999999999994,0.299999999999992,-7.));
#4952=CARTESIAN_POINT('',(61.7625,0.299999999999994,-7.));
#4953=CARTESIAN_POINT('',(-0.300000000000005,-0.700000000000003,-7.));
#4954=CARTESIAN_POINT('Origin',(0.699999999999998,-0.700000000000003,-7.));
#4955=CARTESIAN_POINT('',(-0.300000000000014,-94.55,-7.));
#4956=CARTESIAN_POINT('',(-0.300000000000011,-70.3375,-7.));
#4957=CARTESIAN_POINT('',(0.700000000000003,-95.55,-7.));
#4958=CARTESIAN_POINT('Origin',(0.700000000000003,-94.55,-7.));
#4959=CARTESIAN_POINT('',(12.55,-95.55,-7.));
#4960=CARTESIAN_POINT('',(185.8875,-95.55,-7.));
#4961=CARTESIAN_POINT('',(12.55,-99.25,-7.));
#4962=CARTESIAN_POINT('',(12.55,-73.6875,-7.));
#4963=CARTESIAN_POINT('',(15.55,-102.25,-7.));
#4964=CARTESIAN_POINT('Origin',(15.55,-99.25,-7.));
#4965=CARTESIAN_POINT('',(79.7,-102.25,-7.));
#4966=CARTESIAN_POINT('',(103.2625,-102.25,-7.));
#4967=CARTESIAN_POINT('',(82.7,-99.25,-7.));
#4968=CARTESIAN_POINT('Origin',(79.7,-99.25,-7.));
#4969=CARTESIAN_POINT('',(82.7,-95.55,-7.));
#4970=CARTESIAN_POINT('',(82.7,-69.8375,-7.));
#4971=CARTESIAN_POINT('',(164.95,-95.55,-7.));
#4972=CARTESIAN_POINT('',(185.8875,-95.55,-7.));
#4973=CARTESIAN_POINT('',(164.95,-99.25,-7.));
#4974=CARTESIAN_POINT('',(164.95,-73.6875,-7.));
#4975=CARTESIAN_POINT('',(167.95,-102.25,-7.));
#4976=CARTESIAN_POINT('Origin',(167.95,-99.25,-7.));
#4977=CARTESIAN_POINT('',(232.1,-102.25,-7.));
#4978=CARTESIAN_POINT('',(179.4625,-102.25,-7.));
#4979=CARTESIAN_POINT('',(235.1,-99.25,-7.));
#4980=CARTESIAN_POINT('Origin',(232.1,-99.25,-7.));
#4981=CARTESIAN_POINT('',(235.1,-95.55,-7.));
#4982=CARTESIAN_POINT('',(235.1,-69.8375,-7.));
#4983=CARTESIAN_POINT('',(246.95,-95.55,-7.));
#4984=CARTESIAN_POINT('',(185.8875,-95.55,-7.));
#4985=CARTESIAN_POINT('',(247.95,-94.55,-7.));
#4986=CARTESIAN_POINT('Origin',(246.95,-94.55,-7.));
#4987=CARTESIAN_POINT('',(247.95,-0.699999999999998,-7.));
#4988=CARTESIAN_POINT('',(247.95,-22.4125,-7.));
#4989=CARTESIAN_POINT('',(246.95,0.299999999999998,-7.));
#4990=CARTESIAN_POINT('Origin',(246.95,-0.7,-7.));
#4991=CARTESIAN_POINT('',(235.1,0.3,-7.));
#4992=CARTESIAN_POINT('',(61.7625,0.299999999999994,-7.));
#4993=CARTESIAN_POINT('',(235.1,4.,-7.));
#4994=CARTESIAN_POINT('',(235.1,-19.0625,-7.));
#4995=CARTESIAN_POINT('',(232.1,7.,-7.));
#4996=CARTESIAN_POINT('Origin',(232.1,4.,-7.));
#4997=CARTESIAN_POINT('',(167.95,7.,-7.));
#4998=CARTESIAN_POINT('',(144.3875,7.,-7.));
#4999=CARTESIAN_POINT('',(164.95,4.,-7.));
#5000=CARTESIAN_POINT('Origin',(167.95,4.,-7.));
#5001=CARTESIAN_POINT('',(164.95,0.299999999999998,-7.));
#5002=CARTESIAN_POINT('',(164.95,-22.9125,-7.));
#5003=CARTESIAN_POINT('',(149.825,0.299999999999997,-7.));
#5004=CARTESIAN_POINT('',(61.7625,0.299999999999994,-7.));
#5005=CARTESIAN_POINT('',(149.825,6.8,-7.));
#5006=CARTESIAN_POINT('',(149.825,-16.0625,-7.));
#5007=CARTESIAN_POINT('',(147.825,8.8,-7.));
#5008=CARTESIAN_POINT('Origin',(147.825,6.8,-7.));
#5009=CARTESIAN_POINT('',(134.15967400008,8.8,-7.));
#5010=CARTESIAN_POINT('',(136.825,8.8,-7.));
#5011=CARTESIAN_POINT('',(134.15967400008,11.,-7.));
#5012=CARTESIAN_POINT('',(134.15967400008,-15.0625,-7.));
#5013=CARTESIAN_POINT('',(136.15967400008,13.,-7.));
#5014=CARTESIAN_POINT('Origin',(136.15967400008,11.,-7.));
#5015=CARTESIAN_POINT('',(61.1125,13.,-7.));
#5016=CARTESIAN_POINT('',(249.25,-101.25,-7.));
#5017=CARTESIAN_POINT('',(249.25,-16.0625,-7.));
#5018=CARTESIAN_POINT('',(247.25,-103.25,-7.));
#5019=CARTESIAN_POINT('Origin',(247.25,-101.25,-7.));
#5020=CARTESIAN_POINT('',(0.399999999999991,-103.25,-7.));
#5021=CARTESIAN_POINT('',(186.5375,-103.25,-7.));
#5022=CARTESIAN_POINT('Origin',(0.399999999999992,-101.25,-7.));
#5023=CARTESIAN_POINT('',(245.9145,-99.25,-7.));
#5024=CARTESIAN_POINT('Origin',(244.65,-99.25,-7.));
#5025=CARTESIAN_POINT('',(93.5145,-99.25,-7.));
#5026=CARTESIAN_POINT('Origin',(92.25,-99.25,-7.));
#5027=CARTESIAN_POINT('',(4.2645,4.,-7.));
#5028=CARTESIAN_POINT('Origin',(3.,4.,-7.));
#5029=CARTESIAN_POINT('',(156.6645,4.,-7.));
#5030=CARTESIAN_POINT('Origin',(155.4,4.,-7.));
#5031=CARTESIAN_POINT('',(245.9145,4.,-7.));
#5032=CARTESIAN_POINT('Origin',(244.65,4.,-7.));
#5033=CARTESIAN_POINT('',(93.5145,4.,-7.));
#5034=CARTESIAN_POINT('Origin',(92.25,4.,-7.));
#5035=CARTESIAN_POINT('',(4.2645,-99.25,-7.));
#5036=CARTESIAN_POINT('Origin',(3.,-99.25,-7.));
#5037=CARTESIAN_POINT('',(156.6645,-99.25,-7.));
#5038=CARTESIAN_POINT('Origin',(155.4,-99.25,-7.));
#5039=CARTESIAN_POINT('Origin',(249.25,13.,-7.));
#5040=CARTESIAN_POINT('',(249.25,-16.0625,-16.));
#5041=CARTESIAN_POINT('',(249.25,-101.25,-7.));
#5042=CARTESIAN_POINT('Origin',(247.25,-101.25,-7.));
#5043=CARTESIAN_POINT('',(247.25,-103.25,-7.));
#5044=CARTESIAN_POINT('Origin',(0.399999999999992,-101.25,-7.));
#5045=CARTESIAN_POINT('',(0.399999999999992,-103.25,-7.));
#5046=CARTESIAN_POINT('Origin',(248.2,-22.4125,6.75));
#5047=CARTESIAN_POINT('',(247.95,-94.55,6.5));
#5048=CARTESIAN_POINT('',(247.95,-94.55,6.5));
#5049=CARTESIAN_POINT('',(247.95,-0.7,6.5));
#5050=CARTESIAN_POINT('',(248.45,-0.699999999999998,7.));
#5051=CARTESIAN_POINT('',(247.95,-22.4125,6.5));
#5052=CARTESIAN_POINT('Origin',(246.95,-94.55,6.75));
#5053=CARTESIAN_POINT('',(246.95,-95.55,6.5));
#5054=CARTESIAN_POINT('Origin',(246.95,-94.55,6.5));
#5055=CARTESIAN_POINT('',(246.95,-95.55,6.5));
#5056=CARTESIAN_POINT('Origin',(185.8875,-95.8,6.75));
#5057=CARTESIAN_POINT('',(0.700000000000003,-95.55,6.5));
#5058=CARTESIAN_POINT('',(0.700000000000003,-95.55,6.5));
#5059=CARTESIAN_POINT('',(185.8875,-95.55,6.5));
#5060=CARTESIAN_POINT('Origin',(0.700000000000003,-94.55,6.75));
#5061=CARTESIAN_POINT('',(-0.300000000000011,-94.55,6.5));
#5062=CARTESIAN_POINT('Origin',(0.700000000000003,-94.55,6.5));
#5063=CARTESIAN_POINT('',(-0.300000000000011,-94.55,6.5));
#5064=CARTESIAN_POINT('Origin',(-0.550000000000009,-70.3375,6.75));
#5065=CARTESIAN_POINT('',(-0.300000000000002,-0.700000000000003,6.5));
#5066=CARTESIAN_POINT('',(-0.300000000000002,-0.700000000000003,6.5));
#5067=CARTESIAN_POINT('',(-0.300000000000009,-70.3375,6.5));
#5068=CARTESIAN_POINT('Origin',(0.699999999999998,-0.700000000000003,6.75));
#5069=CARTESIAN_POINT('',(0.699999999999998,0.299999999999994,6.5));
#5070=CARTESIAN_POINT('Origin',(0.699999999999998,-0.700000000000003,6.5));
#5071=CARTESIAN_POINT('',(0.699999999999998,0.299999999999994,6.5));
#5072=CARTESIAN_POINT('Origin',(61.7625,0.549999999999994,6.75));
#5073=CARTESIAN_POINT('',(246.95,0.3,6.5));
#5074=CARTESIAN_POINT('',(246.95,0.3,6.5));
#5075=CARTESIAN_POINT('',(61.7625,0.299999999999995,6.5));
#5076=CARTESIAN_POINT('Origin',(246.95,-0.7,6.75));
#5077=CARTESIAN_POINT('Origin',(246.95,-0.7,6.5));
#5078=CARTESIAN_POINT('Origin',(0.700000000000003,-94.55,0.));
#5079=CARTESIAN_POINT('',(0.700000000000003,-95.55,0.));
#5080=CARTESIAN_POINT('',(-0.300000000000011,-94.55,0.));
#5081=CARTESIAN_POINT('Origin',(247.95,-95.55,0.));
#5082=CARTESIAN_POINT('',(246.95,-95.55,0.));
#5083=CARTESIAN_POINT('',(235.1,-95.55,2.));
#5084=CARTESIAN_POINT('',(235.1,-95.55,1.));
#5085=CARTESIAN_POINT('',(164.95,-95.55,2.));
#5086=CARTESIAN_POINT('',(223.9875,-95.55,2.));
#5087=CARTESIAN_POINT('',(164.95,-95.55,1.));
#5088=CARTESIAN_POINT('',(82.7,-95.55,2.));
#5089=CARTESIAN_POINT('',(82.7,-95.55,1.));
#5090=CARTESIAN_POINT('',(12.55,-95.55,2.));
#5091=CARTESIAN_POINT('',(147.7875,-95.55,2.));
#5092=CARTESIAN_POINT('',(12.55,-95.55,1.));
#5093=CARTESIAN_POINT('Origin',(246.95,-94.55,0.));
#5094=CARTESIAN_POINT('',(247.95,-94.55,0.));
#5095=CARTESIAN_POINT('Origin',(247.95,0.3,0.));
#5096=CARTESIAN_POINT('',(247.95,-0.7,0.));
#5097=CARTESIAN_POINT('Origin',(123.825,-45.125,-16.));
#5098=CARTESIAN_POINT('',(61.1125,13.,-16.));
#5099=CARTESIAN_POINT('Origin',(155.4,-99.25,-1.62010587361983));
#5100=CARTESIAN_POINT('',(156.6645,-99.25,-2.00000000000001));
#5101=CARTESIAN_POINT('Origin',(155.4,-99.25,-2.));
#5102=CARTESIAN_POINT('',(155.4,-99.25,-1.24021174723965));
#5103=CARTESIAN_POINT('',(156.03225,-99.25,-1.62010587361983));
#5104=CARTESIAN_POINT('Origin',(155.4,-99.25,-4.5));
#5105=CARTESIAN_POINT('',(156.6645,-99.25,-4.5));
#5106=CARTESIAN_POINT('Origin',(3.,-99.25,-1.62010587361983));
#5107=CARTESIAN_POINT('',(4.26450000000001,-99.25,-2.00000000000001));
#5108=CARTESIAN_POINT('Origin',(3.,-99.25,-2.));
#5109=CARTESIAN_POINT('',(3.,-99.25,-1.24021174723965));
#5110=CARTESIAN_POINT('',(3.63225,-99.25,-1.62010587361983));
#5111=CARTESIAN_POINT('Origin',(3.,-99.25,-4.5));
#5112=CARTESIAN_POINT('',(4.2645,-99.25,-4.5));
#5113=CARTESIAN_POINT('Origin',(92.25,4.,-1.62010587361983));
#5114=CARTESIAN_POINT('',(93.5145,4.,-2.00000000000001));
#5115=CARTESIAN_POINT('Origin',(92.25,4.,-2.));
#5116=CARTESIAN_POINT('',(92.25,4.,-1.24021174723965));
#5117=CARTESIAN_POINT('',(92.88225,4.,-1.62010587361983));
#5118=CARTESIAN_POINT('Origin',(92.25,4.,-4.5));
#5119=CARTESIAN_POINT('',(93.5145,4.,-4.5));
#5120=CARTESIAN_POINT('Origin',(244.65,4.,-1.62010587361983));
#5121=CARTESIAN_POINT('',(245.9145,4.,-2.));
#5122=CARTESIAN_POINT('Origin',(244.65,4.,-2.));
#5123=CARTESIAN_POINT('',(244.65,4.,-1.24021174723965));
#5124=CARTESIAN_POINT('',(245.28225,4.,-1.62010587361983));
#5125=CARTESIAN_POINT('Origin',(244.65,4.,-4.5));
#5126=CARTESIAN_POINT('',(245.9145,4.,-4.5));
#5127=CARTESIAN_POINT('Origin',(155.4,4.,-1.62010587361983));
#5128=CARTESIAN_POINT('',(156.6645,4.,-2.00000000000001));
#5129=CARTESIAN_POINT('Origin',(155.4,4.,-2.));
#5130=CARTESIAN_POINT('',(155.4,4.,-1.24021174723965));
#5131=CARTESIAN_POINT('',(156.03225,4.,-1.62010587361983));
#5132=CARTESIAN_POINT('Origin',(155.4,4.,-4.5));
#5133=CARTESIAN_POINT('',(156.6645,4.,-4.5));
#5134=CARTESIAN_POINT('Origin',(3.,4.,-1.62010587361983));
#5135=CARTESIAN_POINT('',(4.2645,4.,-2.));
#5136=CARTESIAN_POINT('Origin',(3.,4.,-2.));
#5137=CARTESIAN_POINT('',(3.,4.,-1.24021174723965));
#5138=CARTESIAN_POINT('',(3.63225,4.,-1.62010587361983));
#5139=CARTESIAN_POINT('Origin',(3.,4.,-4.5));
#5140=CARTESIAN_POINT('',(4.2645,4.,-4.5));
#5141=CARTESIAN_POINT('Origin',(92.25,-99.25,-1.62010587361983));
#5142=CARTESIAN_POINT('',(93.5145,-99.25,-2.00000000000001));
#5143=CARTESIAN_POINT('Origin',(92.25,-99.25,-2.));
#5144=CARTESIAN_POINT('',(92.25,-99.25,-1.24021174723965));
#5145=CARTESIAN_POINT('',(92.88225,-99.25,-1.62010587361983));
#5146=CARTESIAN_POINT('Origin',(92.25,-99.25,-4.5));
#5147=CARTESIAN_POINT('',(93.5145,-99.25,-4.5));
#5148=CARTESIAN_POINT('Origin',(244.65,-99.25,-1.62010587361983));
#5149=CARTESIAN_POINT('',(245.9145,-99.25,-2.00000000000001));
#5150=CARTESIAN_POINT('Origin',(244.65,-99.25,-2.));
#5151=CARTESIAN_POINT('',(244.65,-99.25,-1.24021174723965));
#5152=CARTESIAN_POINT('',(245.28225,-99.25,-1.62010587361983));
#5153=CARTESIAN_POINT('Origin',(244.65,-99.25,-4.5));
#5154=CARTESIAN_POINT('',(245.9145,-99.25,-4.5));
#5155=CARTESIAN_POINT('Origin',(115.49091500013,3.571872000451,-0.756200803829567));
#5156=CARTESIAN_POINT('',(116.30241500013,3.571872000451,-1.));
#5157=CARTESIAN_POINT('Origin',(115.49091500013,3.571872000451,-1.));
#5158=CARTESIAN_POINT('',(115.49091500013,3.571872000451,-0.512401607659134));
#5159=CARTESIAN_POINT('',(115.89666500013,3.571872000451,-0.756200803829567));
#5160=CARTESIAN_POINT('Origin',(115.49091500013,3.571872000451,-3.));
#5161=CARTESIAN_POINT('',(116.30241500013,3.571872000451,-5.));
#5162=CARTESIAN_POINT('Origin',(115.49091500013,3.571872000451,-5.));
#5163=CARTESIAN_POINT('',(116.30241500013,3.571872000451,-3.));
#5164=CARTESIAN_POINT('Origin',(132.15967400008,3.571868,-0.756200803829567));
#5165=CARTESIAN_POINT('',(132.97117400008,3.571868,-1.));
#5166=CARTESIAN_POINT('Origin',(132.15967400008,3.571868,-1.));
#5167=CARTESIAN_POINT('',(132.15967400008,3.571868,-0.512401607659134));
#5168=CARTESIAN_POINT('',(132.56542400008,3.571868,-0.756200803829567));
#5169=CARTESIAN_POINT('Origin',(132.15967400008,3.571868,-3.));
#5170=CARTESIAN_POINT('',(132.97117400008,3.571868,-5.));
#5171=CARTESIAN_POINT('Origin',(132.15967400008,3.571868,-5.));
#5172=CARTESIAN_POINT('',(132.97117400008,3.571868,-3.));
#5173=CARTESIAN_POINT('Origin',(111.49091500013,6.8,2.));
#5174=CARTESIAN_POINT('',(111.49091500013,8.8,-3.));
#5175=CARTESIAN_POINT('',(113.49091500013,6.8,-3.));
#5176=CARTESIAN_POINT('Origin',(111.49091500013,6.8,-3.));
#5177=CARTESIAN_POINT('',(111.49091500013,8.8,-5.));
#5178=CARTESIAN_POINT('',(111.49091500013,8.8,2.));
#5179=CARTESIAN_POINT('',(113.49091500013,6.8,-5.));
#5180=CARTESIAN_POINT('Origin',(111.49091500013,6.8,-5.));
#5181=CARTESIAN_POINT('',(113.49091500013,6.8,2.));
#5182=CARTESIAN_POINT('Origin',(113.49091500013,0.299999999999996,7.));
#5183=CARTESIAN_POINT('',(113.49091500013,0.299999999999996,-5.));
#5184=CARTESIAN_POINT('',(113.49091500013,3.475,-5.));
#5185=CARTESIAN_POINT('',(113.49091500013,0.299999999999996,-3.));
#5186=CARTESIAN_POINT('',(113.49091500013,0.299999999999996,7.));
#5187=CARTESIAN_POINT('',(113.49091500013,3.475,-3.));
#5188=CARTESIAN_POINT('Origin',(136.15967400008,6.8,2.));
#5189=CARTESIAN_POINT('',(134.15967400008,6.8,-3.));
#5190=CARTESIAN_POINT('',(136.15967400008,8.8,-3.));
#5191=CARTESIAN_POINT('Origin',(136.15967400008,6.8,-3.));
#5192=CARTESIAN_POINT('',(134.15967400008,6.8,-5.));
#5193=CARTESIAN_POINT('',(134.15967400008,6.8,2.));
#5194=CARTESIAN_POINT('',(136.15967400008,8.8,-5.));
#5195=CARTESIAN_POINT('Origin',(136.15967400008,6.8,-5.));
#5196=CARTESIAN_POINT('',(136.15967400008,8.8,2.));
#5197=CARTESIAN_POINT('Origin',(123.825,6.65,-3.));
#5198=CARTESIAN_POINT('',(147.825,8.8,-3.));
#5199=CARTESIAN_POINT('',(136.825,8.8,-3.));
#5200=CARTESIAN_POINT('',(149.825,6.8,-3.));
#5201=CARTESIAN_POINT('Origin',(147.825,6.8,-3.));
#5202=CARTESIAN_POINT('',(149.825,0.299999999999996,-3.));
#5203=CARTESIAN_POINT('',(149.825,9.825,-3.));
#5204=CARTESIAN_POINT('',(134.15967400008,0.299999999999996,-3.));
#5205=CARTESIAN_POINT('',(61.7625,0.299999999999995,-3.));
#5206=CARTESIAN_POINT('',(134.15967400008,9.825,-3.));
#5207=CARTESIAN_POINT('Origin',(149.825,8.8,-3.));
#5208=CARTESIAN_POINT('',(99.825,8.8,-3.));
#5209=CARTESIAN_POINT('',(136.825,8.8,-3.));
#5210=CARTESIAN_POINT('',(99.825,8.8,-3.));
#5211=CARTESIAN_POINT('',(113.49091500013,8.8,-13.6));
#5212=CARTESIAN_POINT('',(113.49091500013,8.8,0.));
#5213=CARTESIAN_POINT('',(134.15967400008,8.8,-13.6));
#5214=CARTESIAN_POINT('',(0.,8.8,-13.6));
#5215=CARTESIAN_POINT('',(134.15967400008,8.8,0.));
#5216=CARTESIAN_POINT('',(147.825,8.8,-3.));
#5217=CARTESIAN_POINT('',(128.15967400008,8.8,-5.));
#5218=CARTESIAN_POINT('',(136.825147250053,8.8,-5.));
#5219=CARTESIAN_POINT('',(128.15967400008,8.8,-3.));
#5220=CARTESIAN_POINT('',(128.15967400008,8.8,2.));
#5221=CARTESIAN_POINT('',(119.49091500013,8.8,-3.));
#5222=CARTESIAN_POINT('',(136.825,8.8,-3.));
#5223=CARTESIAN_POINT('',(119.49091500013,8.8,-5.));
#5224=CARTESIAN_POINT('',(119.49091500013,8.8,2.));
#5225=CARTESIAN_POINT('',(136.825147250053,8.8,-5.));
#5226=CARTESIAN_POINT('',(127.225,8.8,-10.1));
#5227=CARTESIAN_POINT('',(120.425,8.8,-10.1));
#5228=CARTESIAN_POINT('',(139.175,8.8,-10.1));
#5229=CARTESIAN_POINT('',(119.125,8.8,-8.8));
#5230=CARTESIAN_POINT('Origin',(120.425,8.8,-8.8));
#5231=CARTESIAN_POINT('',(119.125,8.8,-7.45));
#5232=CARTESIAN_POINT('',(119.125,8.8,-6.55));
#5233=CARTESIAN_POINT('',(120.425,8.8,-6.15));
#5234=CARTESIAN_POINT('Origin',(120.425,8.8,-7.45));
#5235=CARTESIAN_POINT('',(127.225,8.8,-6.15));
#5236=CARTESIAN_POINT('',(134.475,8.8,-6.15));
#5237=CARTESIAN_POINT('',(128.525,8.8,-7.45));
#5238=CARTESIAN_POINT('Origin',(127.225,8.8,-7.45));
#5239=CARTESIAN_POINT('',(128.525,8.8,-8.8));
#5240=CARTESIAN_POINT('',(128.525,8.8,-4.575));
#5241=CARTESIAN_POINT('Origin',(127.225,8.8,-8.8));
#5242=CARTESIAN_POINT('Origin',(147.825,6.8,-3.));
#5243=CARTESIAN_POINT('',(149.825,6.8,-3.));
#5244=CARTESIAN_POINT('Origin',(149.825,13.,-3.));
#5245=CARTESIAN_POINT('',(149.825,0.299999999999997,-1.5));
#5246=CARTESIAN_POINT('Origin',(99.825,6.8,-3.));
#5247=CARTESIAN_POINT('',(97.825,6.8,-3.));
#5248=CARTESIAN_POINT('Origin',(99.825,6.8,-3.));
#5249=CARTESIAN_POINT('',(97.825,6.8,-3.));
#5250=CARTESIAN_POINT('Origin',(123.825,6.65,-3.));
#5251=CARTESIAN_POINT('',(97.825,0.299999999999996,-3.));
#5252=CARTESIAN_POINT('',(61.7625,0.299999999999995,-3.));
#5253=CARTESIAN_POINT('',(97.825,3.475,-3.));
#5254=CARTESIAN_POINT('Origin',(111.49091500013,11.,-1.5));
#5255=CARTESIAN_POINT('',(111.49091500013,13.,-13.6));
#5256=CARTESIAN_POINT('',(111.49091500013,13.,-1.5));
#5257=CARTESIAN_POINT('',(113.49091500013,11.,-13.6));
#5258=CARTESIAN_POINT('Origin',(111.49091500013,11.,-13.6));
#5259=CARTESIAN_POINT('',(113.49091500013,11.,-1.5));
#5260=CARTESIAN_POINT('Origin',(113.49091500013,8.8,0.));
#5261=CARTESIAN_POINT('',(113.49091500013,15.,-13.6));
#5262=CARTESIAN_POINT('Origin',(136.15967400008,11.,-1.5));
#5263=CARTESIAN_POINT('',(134.15967400008,11.,-13.6));
#5264=CARTESIAN_POINT('',(134.15967400008,11.,-1.5));
#5265=CARTESIAN_POINT('',(136.15967400008,13.,-13.6));
#5266=CARTESIAN_POINT('Origin',(136.15967400008,11.,-13.6));
#5267=CARTESIAN_POINT('',(136.15967400008,13.,-1.5));
#5268=CARTESIAN_POINT('Origin',(97.825,13.,-3.));
#5269=CARTESIAN_POINT('',(110.825147250053,13.,-13.6));
#5270=CARTESIAN_POINT('Origin',(119.49091500013,6.8,2.));
#5271=CARTESIAN_POINT('',(117.49091500013,6.8,-3.));
#5272=CARTESIAN_POINT('Origin',(119.49091500013,6.8,-3.));
#5273=CARTESIAN_POINT('',(117.49091500013,6.8,-5.));
#5274=CARTESIAN_POINT('',(117.49091500013,6.8,2.));
#5275=CARTESIAN_POINT('Origin',(119.49091500013,6.8,-5.));
#5276=CARTESIAN_POINT('Origin',(123.825,6.65,-3.));
#5277=CARTESIAN_POINT('',(130.15967400008,6.8,-3.));
#5278=CARTESIAN_POINT('Origin',(128.15967400008,6.8,-3.));
#5279=CARTESIAN_POINT('',(130.15967400008,0.299999999999996,-3.));
#5280=CARTESIAN_POINT('',(130.15967400008,3.475,-3.));
#5281=CARTESIAN_POINT('',(117.49091500013,0.299999999999996,-3.));
#5282=CARTESIAN_POINT('',(61.7625,0.299999999999995,-3.));
#5283=CARTESIAN_POINT('',(117.49091500013,9.825,-3.));
#5284=CARTESIAN_POINT('Origin',(128.15967400008,6.8,2.));
#5285=CARTESIAN_POINT('',(130.15967400008,6.8,-5.));
#5286=CARTESIAN_POINT('Origin',(128.15967400008,6.8,-5.));
#5287=CARTESIAN_POINT('',(130.15967400008,6.8,2.));
#5288=CARTESIAN_POINT('Origin',(130.15967400008,0.299999999999996,7.));
#5289=CARTESIAN_POINT('',(130.15967400008,0.299999999999996,-5.));
#5290=CARTESIAN_POINT('',(130.15967400008,3.475,-5.));
#5291=CARTESIAN_POINT('',(130.15967400008,0.299999999999996,7.));
#5292=CARTESIAN_POINT('Origin',(130.025,9.8,-11.6));
#5293=CARTESIAN_POINT('',(128.025,9.8,-11.6));
#5294=CARTESIAN_POINT('',(126.925,9.8,-11.6));
#5295=CARTESIAN_POINT('',(128.025,9.8,-11.6));
#5296=CARTESIAN_POINT('Origin',(128.025,9.8,-9.6));
#5297=CARTESIAN_POINT('',(130.025,9.8,-9.6));
#5298=CARTESIAN_POINT('Origin',(128.025,9.8,-9.6));
#5299=CARTESIAN_POINT('',(130.025,9.8,-9.6));
#5300=CARTESIAN_POINT('Origin',(130.025,9.8,-4.65));
#5301=CARTESIAN_POINT('',(130.025,9.8,-6.65));
#5302=CARTESIAN_POINT('',(130.025,9.8,-6.3875));
#5303=CARTESIAN_POINT('',(130.025,9.8,-6.65));
#5304=CARTESIAN_POINT('Origin',(128.025,9.8,-6.65));
#5305=CARTESIAN_POINT('Origin',(128.025,9.8,-6.65));
#5306=CARTESIAN_POINT('Origin',(123.825,9.8,-8.125));
#5307=CARTESIAN_POINT('',(127.225,9.8,-10.1));
#5308=CARTESIAN_POINT('',(120.425,9.8,-10.1));
#5309=CARTESIAN_POINT('',(126.175,9.8,-10.1));
#5310=CARTESIAN_POINT('',(128.525,9.8,-8.8));
#5311=CARTESIAN_POINT('Origin',(127.225,9.8,-8.8));
#5312=CARTESIAN_POINT('',(128.525,9.8,-7.45));
#5313=CARTESIAN_POINT('',(128.525,9.8,-7.1375));
#5314=CARTESIAN_POINT('',(127.225,9.8,-6.15));
#5315=CARTESIAN_POINT('Origin',(127.225,9.8,-7.45));
#5316=CARTESIAN_POINT('',(120.425,9.8,-6.15));
#5317=CARTESIAN_POINT('',(121.475,9.8,-6.15));
#5318=CARTESIAN_POINT('',(119.125,9.8,-7.45));
#5319=CARTESIAN_POINT('Origin',(120.425,9.8,-7.45));
#5320=CARTESIAN_POINT('',(119.125,9.8,-8.8));
#5321=CARTESIAN_POINT('',(119.125,9.8,-9.1125));
#5322=CARTESIAN_POINT('Origin',(120.425,9.8,-8.8));
#5323=CARTESIAN_POINT('Origin',(120.425,0.,-8.8));
#5324=CARTESIAN_POINT('',(120.425,0.,-10.1));
#5325=CARTESIAN_POINT('',(119.125,0.,-8.8));
#5326=CARTESIAN_POINT('Origin',(128.525,0.,-10.1));
#5327=CARTESIAN_POINT('',(127.225,0.,-10.1));
#5328=CARTESIAN_POINT('Origin',(120.425,0.,-7.45));
#5329=CARTESIAN_POINT('',(119.125,0.,-7.45));
#5330=CARTESIAN_POINT('',(120.425,0.,-6.15));
#5331=CARTESIAN_POINT('Origin',(119.125,0.,-10.1));
#5332=CARTESIAN_POINT('Origin',(127.225,0.,-7.45));
#5333=CARTESIAN_POINT('',(127.225,0.,-6.15));
#5334=CARTESIAN_POINT('',(128.525,0.,-7.45));
#5335=CARTESIAN_POINT('Origin',(119.125,0.,-6.15));
#5336=CARTESIAN_POINT('Origin',(127.225,0.,-8.8));
#5337=CARTESIAN_POINT('',(128.525,0.,-8.8));
#5338=CARTESIAN_POINT('Origin',(128.525,0.,-6.15));
#5339=CARTESIAN_POINT('Origin',(134.15967400008,15.,0.));
#5340=CARTESIAN_POINT('',(134.15967400008,0.299999999999997,-13.6));
#5341=CARTESIAN_POINT('Origin',(123.825294500105,11.9,-13.6));
#5342=CARTESIAN_POINT('Origin',(123.825294500105,6.65,-5.));
#5343=CARTESIAN_POINT('',(117.49091500013,0.299999999999996,-5.));
#5344=CARTESIAN_POINT('',(117.49091500013,9.825,-5.));
#5345=CARTESIAN_POINT('',(120.658104750118,0.299999999999996,-5.));
#5346=CARTESIAN_POINT('Origin',(117.49091500013,13.,7.));
#5347=CARTESIAN_POINT('',(117.49091500013,0.299999999999996,7.));
#5348=CARTESIAN_POINT('Origin',(123.825294500105,6.65,-5.));
#5349=CARTESIAN_POINT('',(134.15967400008,0.299999999999996,-5.));
#5350=CARTESIAN_POINT('',(134.15967400008,9.825,-5.));
#5351=CARTESIAN_POINT('',(128.992484250093,0.299999999999996,-5.));
#5352=CARTESIAN_POINT('Origin',(134.15967400008,13.,7.));
#5353=CARTESIAN_POINT('',(134.15967400008,0.299999999999996,7.));
#5354=CARTESIAN_POINT('Origin',(0.699999999999998,-0.700000000000003,0.));
#5355=CARTESIAN_POINT('',(-0.300000000000002,-0.700000000000003,0.));
#5356=CARTESIAN_POINT('',(0.699999999999998,0.299999999999994,0.));
#5357=CARTESIAN_POINT('Origin',(-0.3,0.299999999999994,0.));
#5358=CARTESIAN_POINT('',(12.55,0.299999999999994,2.));
#5359=CARTESIAN_POINT('',(12.55,0.299999999999994,1.));
#5360=CARTESIAN_POINT('',(82.7,0.299999999999996,2.));
#5361=CARTESIAN_POINT('',(23.6625,0.299999999999994,2.));
#5362=CARTESIAN_POINT('',(82.7,0.299999999999996,1.));
#5363=CARTESIAN_POINT('',(97.825,0.299999999999996,-1.5));
#5364=CARTESIAN_POINT('',(164.95,0.299999999999998,2.));
#5365=CARTESIAN_POINT('',(164.95,0.299999999999998,1.));
#5366=CARTESIAN_POINT('',(235.1,0.3,2.));
#5367=CARTESIAN_POINT('',(99.8625,0.299999999999996,2.));
#5368=CARTESIAN_POINT('',(235.1,0.3,1.));
#5369=CARTESIAN_POINT('',(246.95,0.3,0.));
#5370=CARTESIAN_POINT('Origin',(246.95,-0.7,0.));
#5371=CARTESIAN_POINT('Origin',(171.45,3.,4.37989412638017));
#5372=CARTESIAN_POINT('',(172.7145,3.,4.));
#5373=CARTESIAN_POINT('Origin',(171.45,3.,4.));
#5374=CARTESIAN_POINT('',(171.45,3.,4.75978825276035));
#5375=CARTESIAN_POINT('',(172.08225,3.,4.37989412638017));
#5376=CARTESIAN_POINT('Origin',(171.45,3.,3.));
#5377=CARTESIAN_POINT('',(172.7145,3.,2.));
#5378=CARTESIAN_POINT('Origin',(171.45,3.,2.));
#5379=CARTESIAN_POINT('',(172.7145,3.,3.));
#5380=CARTESIAN_POINT('Origin',(19.05,3.,4.37989412638017));
#5381=CARTESIAN_POINT('',(20.3145,3.,4.));
#5382=CARTESIAN_POINT('Origin',(19.05,3.,4.));
#5383=CARTESIAN_POINT('',(19.05,3.,4.75978825276035));
#5384=CARTESIAN_POINT('',(19.68225,3.,4.37989412638017));
#5385=CARTESIAN_POINT('Origin',(19.05,3.,3.));
#5386=CARTESIAN_POINT('',(20.3145,3.,2.));
#5387=CARTESIAN_POINT('Origin',(19.05,3.,2.));
#5388=CARTESIAN_POINT('',(20.3145,3.,3.));
#5389=CARTESIAN_POINT('Origin',(76.2,-98.25,4.37989412638017));
#5390=CARTESIAN_POINT('',(77.4645,-98.25,4.));
#5391=CARTESIAN_POINT('Origin',(76.2,-98.25,4.));
#5392=CARTESIAN_POINT('',(76.2,-98.25,4.75978825276035));
#5393=CARTESIAN_POINT('',(76.83225,-98.25,4.37989412638017));
#5394=CARTESIAN_POINT('Origin',(76.2,-98.25,3.));
#5395=CARTESIAN_POINT('',(77.4645,-98.25,2.));
#5396=CARTESIAN_POINT('Origin',(76.2,-98.25,2.));
#5397=CARTESIAN_POINT('',(77.4645,-98.25,3.));
#5398=CARTESIAN_POINT('Origin',(228.6,-98.25,4.37989412638017));
#5399=CARTESIAN_POINT('',(229.8645,-98.25,4.));
#5400=CARTESIAN_POINT('Origin',(228.6,-98.25,4.));
#5401=CARTESIAN_POINT('',(228.6,-98.25,4.75978825276035));
#5402=CARTESIAN_POINT('',(229.23225,-98.25,4.37989412638017));
#5403=CARTESIAN_POINT('Origin',(228.6,-98.25,3.));
#5404=CARTESIAN_POINT('',(229.8645,-98.25,2.));
#5405=CARTESIAN_POINT('Origin',(228.6,-98.25,2.));
#5406=CARTESIAN_POINT('',(229.8645,-98.25,3.));
#5407=CARTESIAN_POINT('Origin',(171.45,-98.25,4.37989412638017));
#5408=CARTESIAN_POINT('',(172.7145,-98.25,4.));
#5409=CARTESIAN_POINT('Origin',(171.45,-98.25,4.));
#5410=CARTESIAN_POINT('',(171.45,-98.25,4.75978825276035));
#5411=CARTESIAN_POINT('',(172.08225,-98.25,4.37989412638017));
#5412=CARTESIAN_POINT('Origin',(171.45,-98.25,3.));
#5413=CARTESIAN_POINT('',(172.7145,-98.25,2.));
#5414=CARTESIAN_POINT('Origin',(171.45,-98.25,2.));
#5415=CARTESIAN_POINT('',(172.7145,-98.25,3.));
#5416=CARTESIAN_POINT('Origin',(19.05,-98.25,4.37989412638017));
#5417=CARTESIAN_POINT('',(20.3145,-98.25,4.));
#5418=CARTESIAN_POINT('Origin',(19.05,-98.25,4.));
#5419=CARTESIAN_POINT('',(19.05,-98.25,4.75978825276035));
#5420=CARTESIAN_POINT('',(19.68225,-98.25,4.37989412638017));
#5421=CARTESIAN_POINT('Origin',(19.05,-98.25,3.));
#5422=CARTESIAN_POINT('',(20.3145,-98.25,2.));
#5423=CARTESIAN_POINT('Origin',(19.05,-98.25,2.));
#5424=CARTESIAN_POINT('',(20.3145,-98.25,3.));
#5425=CARTESIAN_POINT('Origin',(76.2,3.,4.37989412638017));
#5426=CARTESIAN_POINT('',(77.4645,3.,4.));
#5427=CARTESIAN_POINT('Origin',(76.2,3.,4.));
#5428=CARTESIAN_POINT('',(76.2,3.,4.75978825276035));
#5429=CARTESIAN_POINT('',(76.83225,3.,4.37989412638017));
#5430=CARTESIAN_POINT('Origin',(76.2,3.,3.));
#5431=CARTESIAN_POINT('',(77.4645,3.,2.));
#5432=CARTESIAN_POINT('Origin',(76.2,3.,2.));
#5433=CARTESIAN_POINT('',(77.4645,3.,3.));
#5434=CARTESIAN_POINT('Origin',(228.6,3.,4.37989412638017));
#5435=CARTESIAN_POINT('',(229.8645,3.,4.));
#5436=CARTESIAN_POINT('Origin',(228.6,3.,4.));
#5437=CARTESIAN_POINT('',(228.6,3.,4.75978825276035));
#5438=CARTESIAN_POINT('',(229.23225,3.,4.37989412638017));
#5439=CARTESIAN_POINT('Origin',(228.6,3.,3.));
#5440=CARTESIAN_POINT('',(229.8645,3.,2.));
#5441=CARTESIAN_POINT('Origin',(228.6,3.,2.));
#5442=CARTESIAN_POINT('',(229.8645,3.,3.));
#5443=CARTESIAN_POINT('Origin',(15.55,-99.25,2.));
#5444=CARTESIAN_POINT('',(15.55,-102.25,2.));
#5445=CARTESIAN_POINT('',(12.55,-99.25,2.));
#5446=CARTESIAN_POINT('Origin',(15.55,-99.25,2.));
#5447=CARTESIAN_POINT('',(15.55,-102.25,2.));
#5448=CARTESIAN_POINT('',(12.55,-99.25,2.));
#5449=CARTESIAN_POINT('Origin',(12.55,-102.25,2.));
#5450=CARTESIAN_POINT('',(12.55,-102.25,2.));
#5451=CARTESIAN_POINT('Origin',(79.7,-99.25,2.));
#5452=CARTESIAN_POINT('',(82.7,-99.25,2.));
#5453=CARTESIAN_POINT('',(79.7,-102.25,2.));
#5454=CARTESIAN_POINT('Origin',(79.7,-99.25,2.));
#5455=CARTESIAN_POINT('',(82.7,-99.25,2.));
#5456=CARTESIAN_POINT('',(79.7,-102.25,2.));
#5457=CARTESIAN_POINT('Origin',(82.7,-102.25,2.));
#5458=CARTESIAN_POINT('',(82.7,-102.25,2.));
#5459=CARTESIAN_POINT('Origin',(167.95,-99.25,2.));
#5460=CARTESIAN_POINT('',(167.95,-102.25,2.));
#5461=CARTESIAN_POINT('',(164.95,-99.25,2.));
#5462=CARTESIAN_POINT('Origin',(167.95,-99.25,2.));
#5463=CARTESIAN_POINT('',(167.95,-102.25,2.));
#5464=CARTESIAN_POINT('',(164.95,-99.25,2.));
#5465=CARTESIAN_POINT('Origin',(164.95,-102.25,2.));
#5466=CARTESIAN_POINT('',(164.95,-102.25,2.));
#5467=CARTESIAN_POINT('Origin',(232.1,-99.25,2.));
#5468=CARTESIAN_POINT('',(235.1,-99.25,2.));
#5469=CARTESIAN_POINT('',(232.1,-102.25,2.));
#5470=CARTESIAN_POINT('Origin',(232.1,-99.25,2.));
#5471=CARTESIAN_POINT('',(235.1,-99.25,2.));
#5472=CARTESIAN_POINT('',(232.1,-102.25,2.));
#5473=CARTESIAN_POINT('Origin',(235.1,-102.25,2.));
#5474=CARTESIAN_POINT('',(235.1,-102.25,2.));
#5475=CARTESIAN_POINT('Origin',(232.1,4.,2.));
#5476=CARTESIAN_POINT('',(232.1,7.,2.));
#5477=CARTESIAN_POINT('',(235.1,4.,2.));
#5478=CARTESIAN_POINT('Origin',(232.1,4.,2.));
#5479=CARTESIAN_POINT('',(232.1,7.,2.));
#5480=CARTESIAN_POINT('',(235.1,4.,2.));
#5481=CARTESIAN_POINT('Origin',(164.95,7.,2.));
#5482=CARTESIAN_POINT('',(167.95,7.,2.));
#5483=CARTESIAN_POINT('',(235.1,7.,2.));
#5484=CARTESIAN_POINT('',(167.95,7.,2.));
#5485=CARTESIAN_POINT('Origin',(167.95,4.,2.));
#5486=CARTESIAN_POINT('',(164.95,4.,2.));
#5487=CARTESIAN_POINT('Origin',(167.95,4.,2.));
#5488=CARTESIAN_POINT('',(164.95,4.,2.));
#5489=CARTESIAN_POINT('Origin',(164.95,-0.700000000000017,2.));
#5490=CARTESIAN_POINT('',(164.95,7.,2.));
#5491=CARTESIAN_POINT('Origin',(79.7,4.,2.));
#5492=CARTESIAN_POINT('',(79.7,7.,2.));
#5493=CARTESIAN_POINT('',(82.7,4.,2.));
#5494=CARTESIAN_POINT('Origin',(79.7,4.,2.));
#5495=CARTESIAN_POINT('',(79.7,7.,2.));
#5496=CARTESIAN_POINT('',(82.7,4.,2.));
#5497=CARTESIAN_POINT('Origin',(82.7,7.,2.));
#5498=CARTESIAN_POINT('',(82.7,-0.700000000000003,2.));
#5499=CARTESIAN_POINT('Origin',(15.55,4.,2.));
#5500=CARTESIAN_POINT('',(12.55,4.,2.));
#5501=CARTESIAN_POINT('',(15.55,7.,2.));
#5502=CARTESIAN_POINT('Origin',(15.55,4.,2.));
#5503=CARTESIAN_POINT('',(12.55,4.,2.));
#5504=CARTESIAN_POINT('',(15.55,7.,2.));
#5505=CARTESIAN_POINT('Origin',(12.55,7.,2.));
#5506=CARTESIAN_POINT('',(82.7,7.,2.));
#5507=CARTESIAN_POINT('Origin',(249.25,-103.25,-7.));
#5508=CARTESIAN_POINT('Origin',(235.1,-94.55,2.));
#5509=CARTESIAN_POINT('',(235.1,-94.55,2.));
#5510=CARTESIAN_POINT('Origin',(82.7,-94.55,2.));
#5511=CARTESIAN_POINT('',(82.7,-94.55,2.));
#5512=CARTESIAN_POINT('Origin',(-0.300000000000012,-95.55,0.));
#5513=CARTESIAN_POINT('Origin',(12.55,-0.700000000000003,2.));
#5514=CARTESIAN_POINT('',(12.55,7.,2.));
#5515=CARTESIAN_POINT('Origin',(97.825,0.299999999999996,-3.));
#5516=CARTESIAN_POINT('Origin',(72.65,3.,2.));
#5517=CARTESIAN_POINT('',(72.65,2.,2.));
#5518=CARTESIAN_POINT('',(72.65,4.,2.));
#5519=CARTESIAN_POINT('Origin',(72.65,3.,2.));
#5520=CARTESIAN_POINT('',(72.65,2.,2.5));
#5521=CARTESIAN_POINT('',(72.65,2.,2.));
#5522=CARTESIAN_POINT('',(72.65,4.,2.5));
#5523=CARTESIAN_POINT('Origin',(72.65,3.,2.5));
#5524=CARTESIAN_POINT('',(72.65,4.,2.));
#5525=CARTESIAN_POINT('Origin',(22.6,2.,2.));
#5526=CARTESIAN_POINT('',(22.6,2.,2.));
#5527=CARTESIAN_POINT('',(35.1125,2.,2.));
#5528=CARTESIAN_POINT('',(22.6,2.,2.5));
#5529=CARTESIAN_POINT('',(22.6,2.,2.));
#5530=CARTESIAN_POINT('',(73.2125,2.00000000000001,2.5));
#5531=CARTESIAN_POINT('Origin',(22.6,3.,2.));
#5532=CARTESIAN_POINT('',(22.6,4.,2.));
#5533=CARTESIAN_POINT('Origin',(22.6,3.,2.));
#5534=CARTESIAN_POINT('',(22.6,4.,2.5));
#5535=CARTESIAN_POINT('',(22.6,4.,2.));
#5536=CARTESIAN_POINT('Origin',(22.6,3.,2.5));
#5537=CARTESIAN_POINT('Origin',(72.65,4.,2.));
#5538=CARTESIAN_POINT('',(60.1375,4.,2.));
#5539=CARTESIAN_POINT('',(98.2375,4.,2.5));
#5540=CARTESIAN_POINT('Origin',(123.825,-47.625,2.5));
#5541=CARTESIAN_POINT('Origin',(72.65,-98.25,2.));
#5542=CARTESIAN_POINT('',(72.65,-99.25,2.));
#5543=CARTESIAN_POINT('',(72.65,-97.25,2.));
#5544=CARTESIAN_POINT('Origin',(72.65,-98.25,2.));
#5545=CARTESIAN_POINT('',(72.65,-99.25,2.5));
#5546=CARTESIAN_POINT('',(72.65,-99.25,2.));
#5547=CARTESIAN_POINT('',(72.65,-97.25,2.5));
#5548=CARTESIAN_POINT('Origin',(72.65,-98.25,2.5));
#5549=CARTESIAN_POINT('',(72.65,-97.25,2.));
#5550=CARTESIAN_POINT('Origin',(22.6,-99.25,2.));
#5551=CARTESIAN_POINT('',(22.6,-99.25,2.));
#5552=CARTESIAN_POINT('',(35.1125,-99.25,2.));
#5553=CARTESIAN_POINT('',(22.6,-99.25,2.5));
#5554=CARTESIAN_POINT('',(22.6,-99.25,2.));
#5555=CARTESIAN_POINT('',(73.2125,-99.25,2.5));
#5556=CARTESIAN_POINT('Origin',(22.6,-98.25,2.));
#5557=CARTESIAN_POINT('',(22.6,-97.25,2.));
#5558=CARTESIAN_POINT('Origin',(22.6,-98.25,2.));
#5559=CARTESIAN_POINT('',(22.6,-97.25,2.5));
#5560=CARTESIAN_POINT('',(22.6,-97.25,2.));
#5561=CARTESIAN_POINT('Origin',(22.6,-98.25,2.5));
#5562=CARTESIAN_POINT('Origin',(72.65,-97.25,2.));
#5563=CARTESIAN_POINT('',(60.1375,-97.25,2.));
#5564=CARTESIAN_POINT('',(98.2375,-97.25,2.5));
#5565=CARTESIAN_POINT('Origin',(123.825,-47.625,2.5));
#5566=CARTESIAN_POINT('Origin',(225.05,3.,2.));
#5567=CARTESIAN_POINT('',(225.05,2.,2.));
#5568=CARTESIAN_POINT('',(225.05,4.,2.));
#5569=CARTESIAN_POINT('Origin',(225.05,3.,2.));
#5570=CARTESIAN_POINT('',(225.05,2.,2.5));
#5571=CARTESIAN_POINT('',(225.05,2.,2.));
#5572=CARTESIAN_POINT('',(225.05,4.,2.5));
#5573=CARTESIAN_POINT('Origin',(225.05,3.,2.5));
#5574=CARTESIAN_POINT('',(225.05,4.,2.));
#5575=CARTESIAN_POINT('Origin',(175.,2.,2.));
#5576=CARTESIAN_POINT('',(175.,2.,2.));
#5577=CARTESIAN_POINT('',(187.5125,2.,2.));
#5578=CARTESIAN_POINT('',(175.,2.,2.5));
#5579=CARTESIAN_POINT('',(175.,2.,2.));
#5580=CARTESIAN_POINT('',(149.4125,2.,2.5));
#5581=CARTESIAN_POINT('Origin',(175.,3.,2.));
#5582=CARTESIAN_POINT('',(175.,4.,2.));
#5583=CARTESIAN_POINT('Origin',(175.,3.,2.));
#5584=CARTESIAN_POINT('',(175.,4.,2.5));
#5585=CARTESIAN_POINT('',(175.,4.,2.));
#5586=CARTESIAN_POINT('Origin',(175.,3.,2.5));
#5587=CARTESIAN_POINT('Origin',(225.05,3.99999999999999,2.));
#5588=CARTESIAN_POINT('',(212.5375,3.99999999999999,2.));
#5589=CARTESIAN_POINT('',(174.4375,3.99999999999999,2.5));
#5590=CARTESIAN_POINT('Origin',(123.825,-47.625,2.5));
#5591=CARTESIAN_POINT('Origin',(225.05,-98.25,2.));
#5592=CARTESIAN_POINT('',(225.05,-99.25,2.));
#5593=CARTESIAN_POINT('',(225.05,-97.25,2.));
#5594=CARTESIAN_POINT('Origin',(225.05,-98.25,2.));
#5595=CARTESIAN_POINT('',(225.05,-99.25,2.5));
#5596=CARTESIAN_POINT('',(225.05,-99.25,2.));
#5597=CARTESIAN_POINT('',(225.05,-97.25,2.5));
#5598=CARTESIAN_POINT('Origin',(225.05,-98.25,2.5));
#5599=CARTESIAN_POINT('',(225.05,-97.25,2.));
#5600=CARTESIAN_POINT('Origin',(175.,-99.25,2.));
#5601=CARTESIAN_POINT('',(175.,-99.25,2.));
#5602=CARTESIAN_POINT('',(187.5125,-99.25,2.));
#5603=CARTESIAN_POINT('',(175.,-99.25,2.5));
#5604=CARTESIAN_POINT('',(175.,-99.25,2.));
#5605=CARTESIAN_POINT('',(149.4125,-99.25,2.5));
#5606=CARTESIAN_POINT('Origin',(175.,-98.25,2.));
#5607=CARTESIAN_POINT('',(175.,-97.25,2.));
#5608=CARTESIAN_POINT('Origin',(175.,-98.25,2.));
#5609=CARTESIAN_POINT('',(175.,-97.25,2.5));
#5610=CARTESIAN_POINT('',(175.,-97.25,2.));
#5611=CARTESIAN_POINT('Origin',(175.,-98.25,2.5));
#5612=CARTESIAN_POINT('Origin',(225.05,-97.25,2.));
#5613=CARTESIAN_POINT('',(212.5375,-97.25,2.));
#5614=CARTESIAN_POINT('',(174.4375,-97.25,2.5));
#5615=CARTESIAN_POINT('Origin',(123.825,-47.625,2.5));
#5616=CARTESIAN_POINT('Origin',(200.025,-98.4,2.));
#5617=CARTESIAN_POINT('Origin',(200.025,3.14999999999999,2.));
#5618=CARTESIAN_POINT('',(235.1,-0.700000000000017,2.));
#5619=CARTESIAN_POINT('Origin',(235.1,7.,2.));
#5620=CARTESIAN_POINT('Origin',(47.625,-98.4,2.));
#5621=CARTESIAN_POINT('Origin',(47.625,3.15,2.));
#5622=UNCERTAINTY_MEASURE_WITH_UNIT(LENGTH_MEASURE(0.01),#5626,
'DISTANCE_ACCURACY_VALUE',
'Maximum model space distance between geometric entities at asserted c
onnectivities');
#5623=UNCERTAINTY_MEASURE_WITH_UNIT(LENGTH_MEASURE(0.01),#5626,
'DISTANCE_ACCURACY_VALUE',
'Maximum model space distance between geometric entities at asserted c
onnectivities');
#5624=(
GEOMETRIC_REPRESENTATION_CONTEXT(3)
GLOBAL_UNCERTAINTY_ASSIGNED_CONTEXT((#5622))
GLOBAL_UNIT_ASSIGNED_CONTEXT((#5626,#5627,#5628))
REPRESENTATION_CONTEXT('','3D')
);
#5625=(
GEOMETRIC_REPRESENTATION_CONTEXT(3)
GLOBAL_UNCERTAINTY_ASSIGNED_CONTEXT((#5623))
GLOBAL_UNIT_ASSIGNED_CONTEXT((#5626,#5627,#5628))
REPRESENTATION_CONTEXT('','3D')
);
#5626=(
LENGTH_UNIT()
NAMED_UNIT(*)
SI_UNIT(.MILLI.,.METRE.)
);
#5627=(
NAMED_UNIT(*)
PLANE_ANGLE_UNIT()
SI_UNIT($,.RADIAN.)
);
#5628=(
NAMED_UNIT(*)
SI_UNIT($,.STERADIAN.)
SOLID_ANGLE_UNIT()
);
#5629=SHAPE_DEFINITION_REPRESENTATION(#5630,#5631);
#5630=PRODUCT_DEFINITION_SHAPE('',$,#5633);
#5631=SHAPE_REPRESENTATION('',(#3296),#5624);
#5632=PRODUCT_DEFINITION_CONTEXT('part definition',#5637,'design');
#5633=PRODUCT_DEFINITION('bny6x2 1','osprey5x',#5634,#5632);
#5634=PRODUCT_DEFINITION_FORMATION('',$,#5639);
#5635=PRODUCT_RELATED_PRODUCT_CATEGORY('osprey5x','osprey5x',(#5639));
#5636=APPLICATION_PROTOCOL_DEFINITION('international standard',
'automotive_design',2009,#5637);
#5637=APPLICATION_CONTEXT(
'Core Data for Automotive Mechanical Design Process');
#5638=PRODUCT_CONTEXT('part definition',#5637,'mechanical');
#5639=PRODUCT('bny6x2 1','osprey5x','KiCad electronic assembly',(#5638));
#5640=PRESENTATION_STYLE_ASSIGNMENT((#5646));
#5641=PRESENTATION_STYLE_ASSIGNMENT((#5647));
#5642=PRESENTATION_STYLE_ASSIGNMENT((#5648));
#5643=PRESENTATION_STYLE_ASSIGNMENT((#5649));
#5644=PRESENTATION_STYLE_ASSIGNMENT((#5650));
#5645=PRESENTATION_STYLE_ASSIGNMENT((#5651));
#5646=SURFACE_STYLE_USAGE(.BOTH.,#5652);
#5647=SURFACE_STYLE_USAGE(.BOTH.,#5653);
#5648=SURFACE_STYLE_USAGE(.BOTH.,#5654);
#5649=SURFACE_STYLE_USAGE(.BOTH.,#5655);
#5650=SURFACE_STYLE_USAGE(.BOTH.,#5656);
#5651=SURFACE_STYLE_USAGE(.BOTH.,#5657);
#5652=SURFACE_SIDE_STYLE('',(#5658));
#5653=SURFACE_SIDE_STYLE('',(#5659));
#5654=SURFACE_SIDE_STYLE('',(#5660));
#5655=SURFACE_SIDE_STYLE('',(#5661));
#5656=SURFACE_SIDE_STYLE('',(#5662));
#5657=SURFACE_SIDE_STYLE('',(#5663));
#5658=SURFACE_STYLE_FILL_AREA(#5664);
#5659=SURFACE_STYLE_FILL_AREA(#5665);
#5660=SURFACE_STYLE_FILL_AREA(#5666);
#5661=SURFACE_STYLE_FILL_AREA(#5667);
#5662=SURFACE_STYLE_FILL_AREA(#5668);
#5663=SURFACE_STYLE_FILL_AREA(#5669);
#5664=FILL_AREA_STYLE('\X2\92FC\X0\ - \X2\30B530C630F3\X0\',(#5670));
#5665=FILL_AREA_STYLE('FR4',(#5671));
#5666=FILL_AREA_STYLE('\X2\30A230EB30DF30CB30A630E0\X0\ - \X2\30B530C630F3\X0\',
(#5672));
#5667=FILL_AREA_STYLE('\X2\30A230EB30DF30CB30A630E0\X0\ - \X2\967D697591785316\X0\ 
\X2\51496CA2\X0\(\X2\8D64\X0\)',(#5673));
#5668=FILL_AREA_STYLE('\X2\30A230EB30DF30CB30A630E0\X0\ - \X2\967D697591785316\X0\ 
\X2\51496CA2\X0\(\X2\9752\X0\)',(#5674));
#5669=FILL_AREA_STYLE('\X2\30D630ED30F330BA\X0\ - \X2\3064308451FA3057\X0\',
(#5675));
#5670=FILL_AREA_STYLE_COLOUR('\X2\92FC\X0\ - \X2\30B530C630F3\X0\',#5676);
#5671=FILL_AREA_STYLE_COLOUR('FR4',#5677);
#5672=FILL_AREA_STYLE_COLOUR('\X2\30A230EB30DF30CB30A630E0\X0\ - \X2\30B530C630F3\X0\',
#5678);
#5673=FILL_AREA_STYLE_COLOUR(
'\X2\30A230EB30DF30CB30A630E0\X0\ - \X2\967D697591785316\X0\ \X2\51496CA2\X0\(
\X2\8D64\X0\)',#5679);
#5674=FILL_AREA_STYLE_COLOUR(
'\X2\30A230EB30DF30CB30A630E0\X0\ - \X2\967D697591785316\X0\ \X2\51496CA2\X0\(
\X2\9752\X0\)',#5680);
#5675=FILL_AREA_STYLE_COLOUR('\X2\30D630ED30F330BA\X0\ - \X2\3064308451FA3057\X0\',
#5681);
#5676=COLOUR_RGB('\X2\92FC\X0\ - \X2\30B530C630F3\X0\',0.627450980392157,
0.627450980392157,0.627450980392157);
#5677=COLOUR_RGB('FR4',0.266666666666667,0.466666666666667,0.4);
#5678=COLOUR_RGB('\X2\30A230EB30DF30CB30A630E0\X0\ - \X2\30B530C630F3\X0\',
0.96078431372549,0.96078431372549,0.964705882352941);
#5679=COLOUR_RGB('\X2\30A230EB30DF30CB30A630E0\X0\ - \X2\967D697591785316\X0\ 
\X2\51496CA2\X0\(\X2\8D64\X0\)',0.854901960784314,0.349019607843137,0.349019607843137);
#5680=COLOUR_RGB('\X2\30A230EB30DF30CB30A630E0\X0\ - \X2\967D697591785316\X0\ 
\X2\51496CA2\X0\(\X2\9752\X0\)',0.349019607843137,0.584313725490196,0.854901960784314);
#5681=COLOUR_RGB('\X2\30D630ED30F330BA\X0\ - \X2\3064308451FA3057\X0\',
0.607843137254902,0.525490196078431,0.364705882352941);
ENDSEC;
END-ISO-10303-21;
