ISO-10303-21;
HEADER;
/* Generated by software containing ST-Developer
 * from STEP Tools, Inc. (www.steptools.com) 
 */

FILE_DESCRIPTION(
/* description */ ('KiCad electronic assembly'),
/* implementation_level */ '2;1');

FILE_NAME(
/* name */ 'osprey5x_plt.step',
/* time_stamp */ '2026-08-26T01:34:42+09:00',
/* author */ (''),
/* organization */ (''),
/* preprocessor_version */ 'ST-DEVELOPER v20.1',
/* originating_system */ 'Autodesk Translation Framework v15.8.0.0',
/* authorisation */ '');

FILE_SCHEMA (('AUTOMOTIVE_DESIGN { 1 0 10303 214 3 1 1 }'));
ENDSEC;

DATA;
#10=MECHANICAL_DESIGN_GEOMETRIC_PRESENTATION_REPRESENTATION('',(#13),#12987);
#11=SHAPE_REPRESENTATION_RELATIONSHIP('SRR','None',#12993,#12);
#12=ADVANCED_BREP_SHAPE_REPRESENTATION('',(#14),#12986);
#13=STYLED_ITEM('',(#13004),#14);
#14=MANIFOLD_SOLID_BREP('plt',#8239);
#15=FACE_BOUND('',#996,.T.);
#16=FACE_BOUND('',#997,.T.);
#17=FACE_BOUND('',#998,.T.);
#18=FACE_BOUND('',#999,.T.);
#19=FACE_BOUND('',#1000,.T.);
#20=FACE_BOUND('',#1001,.T.);
#21=FACE_BOUND('',#1002,.T.);
#22=FACE_BOUND('',#1003,.T.);
#23=FACE_BOUND('',#1004,.T.);
#24=FACE_BOUND('',#1005,.T.);
#25=FACE_BOUND('',#1006,.T.);
#26=FACE_BOUND('',#1007,.T.);
#27=FACE_BOUND('',#1008,.T.);
#28=FACE_BOUND('',#1009,.T.);
#29=FACE_BOUND('',#1010,.T.);
#30=FACE_BOUND('',#1011,.T.);
#31=FACE_BOUND('',#1012,.T.);
#32=FACE_BOUND('',#1013,.T.);
#33=FACE_BOUND('',#1014,.T.);
#34=FACE_BOUND('',#1015,.T.);
#35=FACE_BOUND('',#1016,.T.);
#36=FACE_BOUND('',#1017,.T.);
#37=FACE_BOUND('',#1018,.T.);
#38=FACE_BOUND('',#1019,.T.);
#39=FACE_BOUND('',#1020,.T.);
#40=FACE_BOUND('',#1021,.T.);
#41=FACE_BOUND('',#1022,.T.);
#42=FACE_BOUND('',#1023,.T.);
#43=FACE_BOUND('',#1024,.T.);
#44=FACE_BOUND('',#1025,.T.);
#45=FACE_BOUND('',#1026,.T.);
#46=FACE_BOUND('',#1027,.T.);
#47=FACE_BOUND('',#1028,.T.);
#48=FACE_BOUND('',#1029,.T.);
#49=FACE_BOUND('',#1030,.T.);
#50=FACE_BOUND('',#1031,.T.);
#51=FACE_BOUND('',#1032,.T.);
#52=FACE_BOUND('',#1033,.T.);
#53=FACE_BOUND('',#1034,.T.);
#54=FACE_BOUND('',#1035,.T.);
#55=FACE_BOUND('',#1036,.T.);
#56=FACE_BOUND('',#1037,.T.);
#57=FACE_BOUND('',#1038,.T.);
#58=FACE_BOUND('',#1039,.T.);
#59=FACE_BOUND('',#1040,.T.);
#60=FACE_BOUND('',#1041,.T.);
#61=FACE_BOUND('',#1042,.T.);
#62=FACE_BOUND('',#1043,.T.);
#63=FACE_BOUND('',#1044,.T.);
#64=FACE_BOUND('',#1045,.T.);
#65=FACE_BOUND('',#1046,.T.);
#66=FACE_BOUND('',#1047,.T.);
#67=FACE_BOUND('',#1048,.T.);
#68=FACE_BOUND('',#1049,.T.);
#69=FACE_BOUND('',#1050,.T.);
#70=FACE_BOUND('',#1051,.T.);
#71=FACE_BOUND('',#1052,.T.);
#72=FACE_BOUND('',#1053,.T.);
#73=FACE_BOUND('',#1054,.T.);
#74=FACE_BOUND('',#1055,.T.);
#75=FACE_BOUND('',#1056,.T.);
#76=FACE_BOUND('',#1057,.T.);
#77=FACE_BOUND('',#1058,.T.);
#78=FACE_BOUND('',#1059,.T.);
#79=FACE_BOUND('',#1060,.T.);
#80=FACE_BOUND('',#1061,.T.);
#81=FACE_BOUND('',#1062,.T.);
#82=FACE_BOUND('',#1064,.T.);
#83=FACE_BOUND('',#1065,.T.);
#84=FACE_BOUND('',#1066,.T.);
#85=FACE_BOUND('',#1067,.T.);
#86=FACE_BOUND('',#1068,.T.);
#87=FACE_BOUND('',#1069,.T.);
#88=FACE_BOUND('',#1070,.T.);
#89=FACE_BOUND('',#1071,.T.);
#90=FACE_BOUND('',#1072,.T.);
#91=FACE_BOUND('',#1073,.T.);
#92=FACE_BOUND('',#1074,.T.);
#93=FACE_BOUND('',#1075,.T.);
#94=FACE_BOUND('',#1076,.T.);
#95=FACE_BOUND('',#1077,.T.);
#96=FACE_BOUND('',#1078,.T.);
#97=FACE_BOUND('',#1079,.T.);
#98=FACE_BOUND('',#1080,.T.);
#99=FACE_BOUND('',#1081,.T.);
#100=FACE_BOUND('',#1082,.T.);
#101=FACE_BOUND('',#1083,.T.);
#102=FACE_BOUND('',#1084,.T.);
#103=FACE_BOUND('',#1085,.T.);
#104=FACE_BOUND('',#1086,.T.);
#105=FACE_BOUND('',#1087,.T.);
#106=FACE_BOUND('',#1088,.T.);
#107=FACE_BOUND('',#1089,.T.);
#108=FACE_BOUND('',#1090,.T.);
#109=FACE_BOUND('',#1091,.T.);
#110=FACE_BOUND('',#1092,.T.);
#111=FACE_BOUND('',#1093,.T.);
#112=FACE_BOUND('',#1094,.T.);
#113=FACE_BOUND('',#1095,.T.);
#114=FACE_BOUND('',#1096,.T.);
#115=FACE_BOUND('',#1097,.T.);
#116=FACE_BOUND('',#1098,.T.);
#117=FACE_BOUND('',#1099,.T.);
#118=FACE_BOUND('',#1100,.T.);
#119=FACE_BOUND('',#1101,.T.);
#120=FACE_BOUND('',#1102,.T.);
#121=FACE_BOUND('',#1103,.T.);
#122=FACE_BOUND('',#1104,.T.);
#123=FACE_BOUND('',#1105,.T.);
#124=FACE_BOUND('',#1106,.T.);
#125=FACE_BOUND('',#1107,.T.);
#126=FACE_BOUND('',#1108,.T.);
#127=FACE_BOUND('',#1109,.T.);
#128=FACE_BOUND('',#1110,.T.);
#129=FACE_BOUND('',#1111,.T.);
#130=FACE_BOUND('',#1112,.T.);
#131=FACE_BOUND('',#1113,.T.);
#132=FACE_BOUND('',#1114,.T.);
#133=FACE_BOUND('',#1115,.T.);
#134=FACE_BOUND('',#1116,.T.);
#135=FACE_BOUND('',#1117,.T.);
#136=FACE_BOUND('',#1118,.T.);
#137=FACE_BOUND('',#1119,.T.);
#138=FACE_BOUND('',#1120,.T.);
#139=FACE_BOUND('',#1121,.T.);
#140=FACE_BOUND('',#1122,.T.);
#141=FACE_BOUND('',#1123,.T.);
#142=FACE_BOUND('',#1124,.T.);
#143=FACE_BOUND('',#1125,.T.);
#144=FACE_BOUND('',#1126,.T.);
#145=FACE_BOUND('',#1127,.T.);
#146=FACE_BOUND('',#1128,.T.);
#147=FACE_BOUND('',#1129,.T.);
#148=FACE_BOUND('',#1130,.T.);
#149=CIRCLE('',#8243,0.999999999999996);
#150=CIRCLE('',#8244,0.999999999999996);
#151=CIRCLE('',#8564,0.999999999999996);
#152=CIRCLE('',#8565,0.999999999999996);
#153=CIRCLE('',#8568,0.999999999999996);
#154=CIRCLE('',#8569,0.999999999999996);
#155=CIRCLE('',#8571,1.49999999999999);
#156=CIRCLE('',#8572,1.49999999999999);
#157=CIRCLE('',#8574,1.5);
#158=CIRCLE('',#8575,1.5);
#159=CIRCLE('',#8577,1.49999999999999);
#160=CIRCLE('',#8578,1.49999999999999);
#161=CIRCLE('',#8580,1.50000000000002);
#162=CIRCLE('',#8581,1.50000000000002);
#163=CIRCLE('',#8583,1.5);
#164=CIRCLE('',#8584,1.5);
#165=CIRCLE('',#8586,1.5);
#166=CIRCLE('',#8587,1.5);
#167=CIRCLE('',#8590,1.);
#168=CIRCLE('',#8591,1.);
#169=CIRCLE('',#8594,1.);
#170=CIRCLE('',#8595,1.);
#171=CIRCLE('',#8598,1.);
#172=CIRCLE('',#8599,1.);
#173=CIRCLE('',#8602,1.);
#174=CIRCLE('',#8603,1.);
#175=CIRCLE('',#8605,1.49999999999999);
#176=CIRCLE('',#8606,1.49999999999999);
#177=CIRCLE('',#8609,0.999999999999996);
#178=CIRCLE('',#8610,0.999999999999996);
#179=CIRCLE('',#8613,0.999999999999996);
#180=CIRCLE('',#8614,0.999999999999996);
#181=CIRCLE('',#8616,1.49999999999999);
#182=CIRCLE('',#8617,1.49999999999999);
#183=CIRCLE('',#8619,3.00000000000001);
#184=CIRCLE('',#8620,3.00000000000001);
#185=CIRCLE('',#8622,2.99999999999999);
#186=CIRCLE('',#8623,2.99999999999999);
#187=CIRCLE('',#8625,3.);
#188=CIRCLE('',#8626,3.);
#189=CIRCLE('',#8628,2.99999999999997);
#190=CIRCLE('',#8629,2.99999999999997);
#191=CIRCLE('',#8631,2.99999999999999);
#192=CIRCLE('',#8632,2.99999999999999);
#193=CIRCLE('',#8634,2.99999999999999);
#194=CIRCLE('',#8635,2.99999999999999);
#195=CIRCLE('',#8637,3.00000000000001);
#196=CIRCLE('',#8638,3.00000000000001);
#197=CIRCLE('',#8640,3.00000000000001);
#198=CIRCLE('',#8641,3.00000000000001);
#199=CIRCLE('',#8643,1.);
#200=CIRCLE('',#8644,1.);
#201=CIRCLE('',#8645,1.);
#202=CIRCLE('',#8646,1.);
#203=CIRCLE('',#8647,1.55000000000001);
#204=CIRCLE('',#8648,1.55);
#205=CIRCLE('',#8649,1.55);
#206=CIRCLE('',#8650,1.54999999999999);
#207=CIRCLE('',#8651,1.55);
#208=CIRCLE('',#8652,1.55000000000001);
#209=CIRCLE('',#8653,1.55000000000001);
#210=CIRCLE('',#8654,1.55000000000001);
#211=CIRCLE('',#8656,1.);
#212=CIRCLE('',#8657,1.);
#213=CIRCLE('',#8658,1.);
#214=CIRCLE('',#8659,1.);
#215=CIRCLE('',#8660,1.55000000000001);
#216=CIRCLE('',#8661,1.55);
#217=CIRCLE('',#8662,1.55);
#218=CIRCLE('',#8663,1.54999999999999);
#219=CIRCLE('',#8664,1.55);
#220=CIRCLE('',#8665,1.55000000000001);
#221=CIRCLE('',#8666,1.55000000000001);
#222=CIRCLE('',#8667,1.55000000000001);
#223=CYLINDRICAL_SURFACE('',#8242,0.999999999999996);
#224=CYLINDRICAL_SURFACE('',#8563,0.999999999999996);
#225=CYLINDRICAL_SURFACE('',#8567,0.999999999999996);
#226=CYLINDRICAL_SURFACE('',#8570,1.49999999999999);
#227=CYLINDRICAL_SURFACE('',#8573,1.5);
#228=CYLINDRICAL_SURFACE('',#8576,1.49999999999999);
#229=CYLINDRICAL_SURFACE('',#8579,1.50000000000002);
#230=CYLINDRICAL_SURFACE('',#8582,1.5);
#231=CYLINDRICAL_SURFACE('',#8585,1.5);
#232=CYLINDRICAL_SURFACE('',#8589,1.);
#233=CYLINDRICAL_SURFACE('',#8593,1.);
#234=CYLINDRICAL_SURFACE('',#8597,1.);
#235=CYLINDRICAL_SURFACE('',#8601,1.);
#236=CYLINDRICAL_SURFACE('',#8604,1.49999999999999);
#237=CYLINDRICAL_SURFACE('',#8608,0.999999999999996);
#238=CYLINDRICAL_SURFACE('',#8612,0.999999999999996);
#239=CYLINDRICAL_SURFACE('',#8615,1.49999999999999);
#240=CYLINDRICAL_SURFACE('',#8618,3.00000000000001);
#241=CYLINDRICAL_SURFACE('',#8621,2.99999999999999);
#242=CYLINDRICAL_SURFACE('',#8624,3.);
#243=CYLINDRICAL_SURFACE('',#8627,2.99999999999997);
#244=CYLINDRICAL_SURFACE('',#8630,2.99999999999999);
#245=CYLINDRICAL_SURFACE('',#8633,2.99999999999999);
#246=CYLINDRICAL_SURFACE('',#8636,3.00000000000001);
#247=CYLINDRICAL_SURFACE('',#8639,3.00000000000001);
#248=CYLINDRICAL_SURFACE('',#8673,1.55000000000001);
#249=CYLINDRICAL_SURFACE('',#8676,1.55);
#250=CYLINDRICAL_SURFACE('',#8679,1.55);
#251=CYLINDRICAL_SURFACE('',#8681,1.54999999999999);
#252=CYLINDRICAL_SURFACE('',#8682,1.55);
#253=CYLINDRICAL_SURFACE('',#8685,1.55000000000001);
#254=CYLINDRICAL_SURFACE('',#8689,1.55000000000001);
#255=CYLINDRICAL_SURFACE('',#8690,1.55000000000001);
#256=CYLINDRICAL_SURFACE('',#8693,1.);
#257=CYLINDRICAL_SURFACE('',#8694,1.);
#258=CYLINDRICAL_SURFACE('',#8695,1.);
#259=CYLINDRICAL_SURFACE('',#8696,1.);
#260=FACE_OUTER_BOUND('',#644,.T.);
#261=FACE_OUTER_BOUND('',#645,.T.);
#262=FACE_OUTER_BOUND('',#646,.T.);
#263=FACE_OUTER_BOUND('',#647,.T.);
#264=FACE_OUTER_BOUND('',#648,.T.);
#265=FACE_OUTER_BOUND('',#649,.T.);
#266=FACE_OUTER_BOUND('',#650,.T.);
#267=FACE_OUTER_BOUND('',#651,.T.);
#268=FACE_OUTER_BOUND('',#652,.T.);
#269=FACE_OUTER_BOUND('',#653,.T.);
#270=FACE_OUTER_BOUND('',#654,.T.);
#271=FACE_OUTER_BOUND('',#655,.T.);
#272=FACE_OUTER_BOUND('',#656,.T.);
#273=FACE_OUTER_BOUND('',#657,.T.);
#274=FACE_OUTER_BOUND('',#658,.T.);
#275=FACE_OUTER_BOUND('',#659,.T.);
#276=FACE_OUTER_BOUND('',#660,.T.);
#277=FACE_OUTER_BOUND('',#661,.T.);
#278=FACE_OUTER_BOUND('',#662,.T.);
#279=FACE_OUTER_BOUND('',#663,.T.);
#280=FACE_OUTER_BOUND('',#664,.T.);
#281=FACE_OUTER_BOUND('',#665,.T.);
#282=FACE_OUTER_BOUND('',#666,.T.);
#283=FACE_OUTER_BOUND('',#667,.T.);
#284=FACE_OUTER_BOUND('',#668,.T.);
#285=FACE_OUTER_BOUND('',#669,.T.);
#286=FACE_OUTER_BOUND('',#670,.T.);
#287=FACE_OUTER_BOUND('',#671,.T.);
#288=FACE_OUTER_BOUND('',#672,.T.);
#289=FACE_OUTER_BOUND('',#673,.T.);
#290=FACE_OUTER_BOUND('',#674,.T.);
#291=FACE_OUTER_BOUND('',#675,.T.);
#292=FACE_OUTER_BOUND('',#676,.T.);
#293=FACE_OUTER_BOUND('',#677,.T.);
#294=FACE_OUTER_BOUND('',#678,.T.);
#295=FACE_OUTER_BOUND('',#679,.T.);
#296=FACE_OUTER_BOUND('',#680,.T.);
#297=FACE_OUTER_BOUND('',#681,.T.);
#298=FACE_OUTER_BOUND('',#682,.T.);
#299=FACE_OUTER_BOUND('',#683,.T.);
#300=FACE_OUTER_BOUND('',#684,.T.);
#301=FACE_OUTER_BOUND('',#685,.T.);
#302=FACE_OUTER_BOUND('',#686,.T.);
#303=FACE_OUTER_BOUND('',#687,.T.);
#304=FACE_OUTER_BOUND('',#688,.T.);
#305=FACE_OUTER_BOUND('',#689,.T.);
#306=FACE_OUTER_BOUND('',#690,.T.);
#307=FACE_OUTER_BOUND('',#691,.T.);
#308=FACE_OUTER_BOUND('',#692,.T.);
#309=FACE_OUTER_BOUND('',#693,.T.);
#310=FACE_OUTER_BOUND('',#694,.T.);
#311=FACE_OUTER_BOUND('',#695,.T.);
#312=FACE_OUTER_BOUND('',#696,.T.);
#313=FACE_OUTER_BOUND('',#697,.T.);
#314=FACE_OUTER_BOUND('',#698,.T.);
#315=FACE_OUTER_BOUND('',#699,.T.);
#316=FACE_OUTER_BOUND('',#700,.T.);
#317=FACE_OUTER_BOUND('',#701,.T.);
#318=FACE_OUTER_BOUND('',#702,.T.);
#319=FACE_OUTER_BOUND('',#703,.T.);
#320=FACE_OUTER_BOUND('',#704,.T.);
#321=FACE_OUTER_BOUND('',#705,.T.);
#322=FACE_OUTER_BOUND('',#706,.T.);
#323=FACE_OUTER_BOUND('',#707,.T.);
#324=FACE_OUTER_BOUND('',#708,.T.);
#325=FACE_OUTER_BOUND('',#709,.T.);
#326=FACE_OUTER_BOUND('',#710,.T.);
#327=FACE_OUTER_BOUND('',#711,.T.);
#328=FACE_OUTER_BOUND('',#712,.T.);
#329=FACE_OUTER_BOUND('',#713,.T.);
#330=FACE_OUTER_BOUND('',#714,.T.);
#331=FACE_OUTER_BOUND('',#715,.T.);
#332=FACE_OUTER_BOUND('',#716,.T.);
#333=FACE_OUTER_BOUND('',#717,.T.);
#334=FACE_OUTER_BOUND('',#718,.T.);
#335=FACE_OUTER_BOUND('',#719,.T.);
#336=FACE_OUTER_BOUND('',#720,.T.);
#337=FACE_OUTER_BOUND('',#721,.T.);
#338=FACE_OUTER_BOUND('',#722,.T.);
#339=FACE_OUTER_BOUND('',#723,.T.);
#340=FACE_OUTER_BOUND('',#724,.T.);
#341=FACE_OUTER_BOUND('',#725,.T.);
#342=FACE_OUTER_BOUND('',#726,.T.);
#343=FACE_OUTER_BOUND('',#727,.T.);
#344=FACE_OUTER_BOUND('',#728,.T.);
#345=FACE_OUTER_BOUND('',#729,.T.);
#346=FACE_OUTER_BOUND('',#730,.T.);
#347=FACE_OUTER_BOUND('',#731,.T.);
#348=FACE_OUTER_BOUND('',#732,.T.);
#349=FACE_OUTER_BOUND('',#733,.T.);
#350=FACE_OUTER_BOUND('',#734,.T.);
#351=FACE_OUTER_BOUND('',#735,.T.);
#352=FACE_OUTER_BOUND('',#736,.T.);
#353=FACE_OUTER_BOUND('',#737,.T.);
#354=FACE_OUTER_BOUND('',#738,.T.);
#355=FACE_OUTER_BOUND('',#739,.T.);
#356=FACE_OUTER_BOUND('',#740,.T.);
#357=FACE_OUTER_BOUND('',#741,.T.);
#358=FACE_OUTER_BOUND('',#742,.T.);
#359=FACE_OUTER_BOUND('',#743,.T.);
#360=FACE_OUTER_BOUND('',#744,.T.);
#361=FACE_OUTER_BOUND('',#745,.T.);
#362=FACE_OUTER_BOUND('',#746,.T.);
#363=FACE_OUTER_BOUND('',#747,.T.);
#364=FACE_OUTER_BOUND('',#748,.T.);
#365=FACE_OUTER_BOUND('',#749,.T.);
#366=FACE_OUTER_BOUND('',#750,.T.);
#367=FACE_OUTER_BOUND('',#751,.T.);
#368=FACE_OUTER_BOUND('',#752,.T.);
#369=FACE_OUTER_BOUND('',#753,.T.);
#370=FACE_OUTER_BOUND('',#754,.T.);
#371=FACE_OUTER_BOUND('',#755,.T.);
#372=FACE_OUTER_BOUND('',#756,.T.);
#373=FACE_OUTER_BOUND('',#757,.T.);
#374=FACE_OUTER_BOUND('',#758,.T.);
#375=FACE_OUTER_BOUND('',#759,.T.);
#376=FACE_OUTER_BOUND('',#760,.T.);
#377=FACE_OUTER_BOUND('',#761,.T.);
#378=FACE_OUTER_BOUND('',#762,.T.);
#379=FACE_OUTER_BOUND('',#763,.T.);
#380=FACE_OUTER_BOUND('',#764,.T.);
#381=FACE_OUTER_BOUND('',#765,.T.);
#382=FACE_OUTER_BOUND('',#766,.T.);
#383=FACE_OUTER_BOUND('',#767,.T.);
#384=FACE_OUTER_BOUND('',#768,.T.);
#385=FACE_OUTER_BOUND('',#769,.T.);
#386=FACE_OUTER_BOUND('',#770,.T.);
#387=FACE_OUTER_BOUND('',#771,.T.);
#388=FACE_OUTER_BOUND('',#772,.T.);
#389=FACE_OUTER_BOUND('',#773,.T.);
#390=FACE_OUTER_BOUND('',#774,.T.);
#391=FACE_OUTER_BOUND('',#775,.T.);
#392=FACE_OUTER_BOUND('',#776,.T.);
#393=FACE_OUTER_BOUND('',#777,.T.);
#394=FACE_OUTER_BOUND('',#778,.T.);
#395=FACE_OUTER_BOUND('',#779,.T.);
#396=FACE_OUTER_BOUND('',#780,.T.);
#397=FACE_OUTER_BOUND('',#781,.T.);
#398=FACE_OUTER_BOUND('',#782,.T.);
#399=FACE_OUTER_BOUND('',#783,.T.);
#400=FACE_OUTER_BOUND('',#784,.T.);
#401=FACE_OUTER_BOUND('',#785,.T.);
#402=FACE_OUTER_BOUND('',#786,.T.);
#403=FACE_OUTER_BOUND('',#787,.T.);
#404=FACE_OUTER_BOUND('',#788,.T.);
#405=FACE_OUTER_BOUND('',#789,.T.);
#406=FACE_OUTER_BOUND('',#790,.T.);
#407=FACE_OUTER_BOUND('',#791,.T.);
#408=FACE_OUTER_BOUND('',#792,.T.);
#409=FACE_OUTER_BOUND('',#793,.T.);
#410=FACE_OUTER_BOUND('',#794,.T.);
#411=FACE_OUTER_BOUND('',#795,.T.);
#412=FACE_OUTER_BOUND('',#796,.T.);
#413=FACE_OUTER_BOUND('',#797,.T.);
#414=FACE_OUTER_BOUND('',#798,.T.);
#415=FACE_OUTER_BOUND('',#799,.T.);
#416=FACE_OUTER_BOUND('',#800,.T.);
#417=FACE_OUTER_BOUND('',#801,.T.);
#418=FACE_OUTER_BOUND('',#802,.T.);
#419=FACE_OUTER_BOUND('',#803,.T.);
#420=FACE_OUTER_BOUND('',#804,.T.);
#421=FACE_OUTER_BOUND('',#805,.T.);
#422=FACE_OUTER_BOUND('',#806,.T.);
#423=FACE_OUTER_BOUND('',#807,.T.);
#424=FACE_OUTER_BOUND('',#808,.T.);
#425=FACE_OUTER_BOUND('',#809,.T.);
#426=FACE_OUTER_BOUND('',#810,.T.);
#427=FACE_OUTER_BOUND('',#811,.T.);
#428=FACE_OUTER_BOUND('',#812,.T.);
#429=FACE_OUTER_BOUND('',#813,.T.);
#430=FACE_OUTER_BOUND('',#814,.T.);
#431=FACE_OUTER_BOUND('',#815,.T.);
#432=FACE_OUTER_BOUND('',#816,.T.);
#433=FACE_OUTER_BOUND('',#817,.T.);
#434=FACE_OUTER_BOUND('',#818,.T.);
#435=FACE_OUTER_BOUND('',#819,.T.);
#436=FACE_OUTER_BOUND('',#820,.T.);
#437=FACE_OUTER_BOUND('',#821,.T.);
#438=FACE_OUTER_BOUND('',#822,.T.);
#439=FACE_OUTER_BOUND('',#823,.T.);
#440=FACE_OUTER_BOUND('',#824,.T.);
#441=FACE_OUTER_BOUND('',#825,.T.);
#442=FACE_OUTER_BOUND('',#826,.T.);
#443=FACE_OUTER_BOUND('',#827,.T.);
#444=FACE_OUTER_BOUND('',#828,.T.);
#445=FACE_OUTER_BOUND('',#829,.T.);
#446=FACE_OUTER_BOUND('',#830,.T.);
#447=FACE_OUTER_BOUND('',#831,.T.);
#448=FACE_OUTER_BOUND('',#832,.T.);
#449=FACE_OUTER_BOUND('',#833,.T.);
#450=FACE_OUTER_BOUND('',#834,.T.);
#451=FACE_OUTER_BOUND('',#835,.T.);
#452=FACE_OUTER_BOUND('',#836,.T.);
#453=FACE_OUTER_BOUND('',#837,.T.);
#454=FACE_OUTER_BOUND('',#838,.T.);
#455=FACE_OUTER_BOUND('',#839,.T.);
#456=FACE_OUTER_BOUND('',#840,.T.);
#457=FACE_OUTER_BOUND('',#841,.T.);
#458=FACE_OUTER_BOUND('',#842,.T.);
#459=FACE_OUTER_BOUND('',#843,.T.);
#460=FACE_OUTER_BOUND('',#844,.T.);
#461=FACE_OUTER_BOUND('',#845,.T.);
#462=FACE_OUTER_BOUND('',#846,.T.);
#463=FACE_OUTER_BOUND('',#847,.T.);
#464=FACE_OUTER_BOUND('',#848,.T.);
#465=FACE_OUTER_BOUND('',#849,.T.);
#466=FACE_OUTER_BOUND('',#850,.T.);
#467=FACE_OUTER_BOUND('',#851,.T.);
#468=FACE_OUTER_BOUND('',#852,.T.);
#469=FACE_OUTER_BOUND('',#853,.T.);
#470=FACE_OUTER_BOUND('',#854,.T.);
#471=FACE_OUTER_BOUND('',#855,.T.);
#472=FACE_OUTER_BOUND('',#856,.T.);
#473=FACE_OUTER_BOUND('',#857,.T.);
#474=FACE_OUTER_BOUND('',#858,.T.);
#475=FACE_OUTER_BOUND('',#859,.T.);
#476=FACE_OUTER_BOUND('',#860,.T.);
#477=FACE_OUTER_BOUND('',#861,.T.);
#478=FACE_OUTER_BOUND('',#862,.T.);
#479=FACE_OUTER_BOUND('',#863,.T.);
#480=FACE_OUTER_BOUND('',#864,.T.);
#481=FACE_OUTER_BOUND('',#865,.T.);
#482=FACE_OUTER_BOUND('',#866,.T.);
#483=FACE_OUTER_BOUND('',#867,.T.);
#484=FACE_OUTER_BOUND('',#868,.T.);
#485=FACE_OUTER_BOUND('',#869,.T.);
#486=FACE_OUTER_BOUND('',#870,.T.);
#487=FACE_OUTER_BOUND('',#871,.T.);
#488=FACE_OUTER_BOUND('',#872,.T.);
#489=FACE_OUTER_BOUND('',#873,.T.);
#490=FACE_OUTER_BOUND('',#874,.T.);
#491=FACE_OUTER_BOUND('',#875,.T.);
#492=FACE_OUTER_BOUND('',#876,.T.);
#493=FACE_OUTER_BOUND('',#877,.T.);
#494=FACE_OUTER_BOUND('',#878,.T.);
#495=FACE_OUTER_BOUND('',#879,.T.);
#496=FACE_OUTER_BOUND('',#880,.T.);
#497=FACE_OUTER_BOUND('',#881,.T.);
#498=FACE_OUTER_BOUND('',#882,.T.);
#499=FACE_OUTER_BOUND('',#883,.T.);
#500=FACE_OUTER_BOUND('',#884,.T.);
#501=FACE_OUTER_BOUND('',#885,.T.);
#502=FACE_OUTER_BOUND('',#886,.T.);
#503=FACE_OUTER_BOUND('',#887,.T.);
#504=FACE_OUTER_BOUND('',#888,.T.);
#505=FACE_OUTER_BOUND('',#889,.T.);
#506=FACE_OUTER_BOUND('',#890,.T.);
#507=FACE_OUTER_BOUND('',#891,.T.);
#508=FACE_OUTER_BOUND('',#892,.T.);
#509=FACE_OUTER_BOUND('',#893,.T.);
#510=FACE_OUTER_BOUND('',#894,.T.);
#511=FACE_OUTER_BOUND('',#895,.T.);
#512=FACE_OUTER_BOUND('',#896,.T.);
#513=FACE_OUTER_BOUND('',#897,.T.);
#514=FACE_OUTER_BOUND('',#898,.T.);
#515=FACE_OUTER_BOUND('',#899,.T.);
#516=FACE_OUTER_BOUND('',#900,.T.);
#517=FACE_OUTER_BOUND('',#901,.T.);
#518=FACE_OUTER_BOUND('',#902,.T.);
#519=FACE_OUTER_BOUND('',#903,.T.);
#520=FACE_OUTER_BOUND('',#904,.T.);
#521=FACE_OUTER_BOUND('',#905,.T.);
#522=FACE_OUTER_BOUND('',#906,.T.);
#523=FACE_OUTER_BOUND('',#907,.T.);
#524=FACE_OUTER_BOUND('',#908,.T.);
#525=FACE_OUTER_BOUND('',#909,.T.);
#526=FACE_OUTER_BOUND('',#910,.T.);
#527=FACE_OUTER_BOUND('',#911,.T.);
#528=FACE_OUTER_BOUND('',#912,.T.);
#529=FACE_OUTER_BOUND('',#913,.T.);
#530=FACE_OUTER_BOUND('',#914,.T.);
#531=FACE_OUTER_BOUND('',#915,.T.);
#532=FACE_OUTER_BOUND('',#916,.T.);
#533=FACE_OUTER_BOUND('',#917,.T.);
#534=FACE_OUTER_BOUND('',#918,.T.);
#535=FACE_OUTER_BOUND('',#919,.T.);
#536=FACE_OUTER_BOUND('',#920,.T.);
#537=FACE_OUTER_BOUND('',#921,.T.);
#538=FACE_OUTER_BOUND('',#922,.T.);
#539=FACE_OUTER_BOUND('',#923,.T.);
#540=FACE_OUTER_BOUND('',#924,.T.);
#541=FACE_OUTER_BOUND('',#925,.T.);
#542=FACE_OUTER_BOUND('',#926,.T.);
#543=FACE_OUTER_BOUND('',#927,.T.);
#544=FACE_OUTER_BOUND('',#928,.T.);
#545=FACE_OUTER_BOUND('',#929,.T.);
#546=FACE_OUTER_BOUND('',#930,.T.);
#547=FACE_OUTER_BOUND('',#931,.T.);
#548=FACE_OUTER_BOUND('',#932,.T.);
#549=FACE_OUTER_BOUND('',#933,.T.);
#550=FACE_OUTER_BOUND('',#934,.T.);
#551=FACE_OUTER_BOUND('',#935,.T.);
#552=FACE_OUTER_BOUND('',#936,.T.);
#553=FACE_OUTER_BOUND('',#937,.T.);
#554=FACE_OUTER_BOUND('',#938,.T.);
#555=FACE_OUTER_BOUND('',#939,.T.);
#556=FACE_OUTER_BOUND('',#940,.T.);
#557=FACE_OUTER_BOUND('',#941,.T.);
#558=FACE_OUTER_BOUND('',#942,.T.);
#559=FACE_OUTER_BOUND('',#943,.T.);
#560=FACE_OUTER_BOUND('',#944,.T.);
#561=FACE_OUTER_BOUND('',#945,.T.);
#562=FACE_OUTER_BOUND('',#946,.T.);
#563=FACE_OUTER_BOUND('',#947,.T.);
#564=FACE_OUTER_BOUND('',#948,.T.);
#565=FACE_OUTER_BOUND('',#949,.T.);
#566=FACE_OUTER_BOUND('',#950,.T.);
#567=FACE_OUTER_BOUND('',#951,.T.);
#568=FACE_OUTER_BOUND('',#952,.T.);
#569=FACE_OUTER_BOUND('',#953,.T.);
#570=FACE_OUTER_BOUND('',#954,.T.);
#571=FACE_OUTER_BOUND('',#955,.T.);
#572=FACE_OUTER_BOUND('',#956,.T.);
#573=FACE_OUTER_BOUND('',#957,.T.);
#574=FACE_OUTER_BOUND('',#958,.T.);
#575=FACE_OUTER_BOUND('',#959,.T.);
#576=FACE_OUTER_BOUND('',#960,.T.);
#577=FACE_OUTER_BOUND('',#961,.T.);
#578=FACE_OUTER_BOUND('',#962,.T.);
#579=FACE_OUTER_BOUND('',#963,.T.);
#580=FACE_OUTER_BOUND('',#964,.T.);
#581=FACE_OUTER_BOUND('',#965,.T.);
#582=FACE_OUTER_BOUND('',#966,.T.);
#583=FACE_OUTER_BOUND('',#967,.T.);
#584=FACE_OUTER_BOUND('',#968,.T.);
#585=FACE_OUTER_BOUND('',#969,.T.);
#586=FACE_OUTER_BOUND('',#970,.T.);
#587=FACE_OUTER_BOUND('',#971,.T.);
#588=FACE_OUTER_BOUND('',#972,.T.);
#589=FACE_OUTER_BOUND('',#973,.T.);
#590=FACE_OUTER_BOUND('',#974,.T.);
#591=FACE_OUTER_BOUND('',#975,.T.);
#592=FACE_OUTER_BOUND('',#976,.T.);
#593=FACE_OUTER_BOUND('',#977,.T.);
#594=FACE_OUTER_BOUND('',#978,.T.);
#595=FACE_OUTER_BOUND('',#979,.T.);
#596=FACE_OUTER_BOUND('',#980,.T.);
#597=FACE_OUTER_BOUND('',#981,.T.);
#598=FACE_OUTER_BOUND('',#982,.T.);
#599=FACE_OUTER_BOUND('',#983,.T.);
#600=FACE_OUTER_BOUND('',#984,.T.);
#601=FACE_OUTER_BOUND('',#985,.T.);
#602=FACE_OUTER_BOUND('',#986,.T.);
#603=FACE_OUTER_BOUND('',#987,.T.);
#604=FACE_OUTER_BOUND('',#988,.T.);
#605=FACE_OUTER_BOUND('',#989,.T.);
#606=FACE_OUTER_BOUND('',#990,.T.);
#607=FACE_OUTER_BOUND('',#991,.T.);
#608=FACE_OUTER_BOUND('',#992,.T.);
#609=FACE_OUTER_BOUND('',#993,.T.);
#610=FACE_OUTER_BOUND('',#994,.T.);
#611=FACE_OUTER_BOUND('',#995,.T.);
#612=FACE_OUTER_BOUND('',#1063,.T.);
#613=FACE_OUTER_BOUND('',#1131,.T.);
#614=FACE_OUTER_BOUND('',#1132,.T.);
#615=FACE_OUTER_BOUND('',#1133,.T.);
#616=FACE_OUTER_BOUND('',#1134,.T.);
#617=FACE_OUTER_BOUND('',#1135,.T.);
#618=FACE_OUTER_BOUND('',#1136,.T.);
#619=FACE_OUTER_BOUND('',#1137,.T.);
#620=FACE_OUTER_BOUND('',#1138,.T.);
#621=FACE_OUTER_BOUND('',#1139,.T.);
#622=FACE_OUTER_BOUND('',#1140,.T.);
#623=FACE_OUTER_BOUND('',#1141,.T.);
#624=FACE_OUTER_BOUND('',#1142,.T.);
#625=FACE_OUTER_BOUND('',#1143,.T.);
#626=FACE_OUTER_BOUND('',#1144,.T.);
#627=FACE_OUTER_BOUND('',#1145,.T.);
#628=FACE_OUTER_BOUND('',#1146,.T.);
#629=FACE_OUTER_BOUND('',#1147,.T.);
#630=FACE_OUTER_BOUND('',#1148,.T.);
#631=FACE_OUTER_BOUND('',#1149,.T.);
#632=FACE_OUTER_BOUND('',#1150,.T.);
#633=FACE_OUTER_BOUND('',#1151,.T.);
#634=FACE_OUTER_BOUND('',#1152,.T.);
#635=FACE_OUTER_BOUND('',#1153,.T.);
#636=FACE_OUTER_BOUND('',#1154,.T.);
#637=FACE_OUTER_BOUND('',#1155,.T.);
#638=FACE_OUTER_BOUND('',#1156,.T.);
#639=FACE_OUTER_BOUND('',#1157,.T.);
#640=FACE_OUTER_BOUND('',#1158,.T.);
#641=FACE_OUTER_BOUND('',#1159,.T.);
#642=FACE_OUTER_BOUND('',#1160,.T.);
#643=FACE_OUTER_BOUND('',#1161,.T.);
#644=EDGE_LOOP('',(#5216,#5217,#5218,#5219));
#645=EDGE_LOOP('',(#5220,#5221,#5222,#5223));
#646=EDGE_LOOP('',(#5224,#5225,#5226,#5227));
#647=EDGE_LOOP('',(#5228,#5229,#5230,#5231));
#648=EDGE_LOOP('',(#5232,#5233,#5234,#5235));
#649=EDGE_LOOP('',(#5236,#5237,#5238,#5239));
#650=EDGE_LOOP('',(#5240,#5241,#5242,#5243));
#651=EDGE_LOOP('',(#5244,#5245,#5246,#5247));
#652=EDGE_LOOP('',(#5248,#5249,#5250,#5251));
#653=EDGE_LOOP('',(#5252,#5253,#5254,#5255));
#654=EDGE_LOOP('',(#5256,#5257,#5258,#5259));
#655=EDGE_LOOP('',(#5260,#5261,#5262,#5263));
#656=EDGE_LOOP('',(#5264,#5265,#5266,#5267));
#657=EDGE_LOOP('',(#5268,#5269,#5270,#5271));
#658=EDGE_LOOP('',(#5272,#5273,#5274,#5275));
#659=EDGE_LOOP('',(#5276,#5277,#5278,#5279));
#660=EDGE_LOOP('',(#5280,#5281,#5282,#5283));
#661=EDGE_LOOP('',(#5284,#5285,#5286,#5287));
#662=EDGE_LOOP('',(#5288,#5289,#5290,#5291));
#663=EDGE_LOOP('',(#5292,#5293,#5294,#5295));
#664=EDGE_LOOP('',(#5296,#5297,#5298,#5299));
#665=EDGE_LOOP('',(#5300,#5301,#5302,#5303));
#666=EDGE_LOOP('',(#5304,#5305,#5306,#5307));
#667=EDGE_LOOP('',(#5308,#5309,#5310,#5311));
#668=EDGE_LOOP('',(#5312,#5313,#5314,#5315));
#669=EDGE_LOOP('',(#5316,#5317,#5318,#5319));
#670=EDGE_LOOP('',(#5320,#5321,#5322,#5323));
#671=EDGE_LOOP('',(#5324,#5325,#5326,#5327));
#672=EDGE_LOOP('',(#5328,#5329,#5330,#5331));
#673=EDGE_LOOP('',(#5332,#5333,#5334,#5335));
#674=EDGE_LOOP('',(#5336,#5337,#5338,#5339));
#675=EDGE_LOOP('',(#5340,#5341,#5342,#5343));
#676=EDGE_LOOP('',(#5344,#5345,#5346,#5347));
#677=EDGE_LOOP('',(#5348,#5349,#5350,#5351));
#678=EDGE_LOOP('',(#5352,#5353,#5354,#5355));
#679=EDGE_LOOP('',(#5356,#5357,#5358,#5359));
#680=EDGE_LOOP('',(#5360,#5361,#5362,#5363));
#681=EDGE_LOOP('',(#5364,#5365,#5366,#5367));
#682=EDGE_LOOP('',(#5368,#5369,#5370,#5371));
#683=EDGE_LOOP('',(#5372,#5373,#5374,#5375));
#684=EDGE_LOOP('',(#5376,#5377,#5378,#5379));
#685=EDGE_LOOP('',(#5380,#5381,#5382,#5383));
#686=EDGE_LOOP('',(#5384,#5385,#5386,#5387));
#687=EDGE_LOOP('',(#5388,#5389,#5390,#5391));
#688=EDGE_LOOP('',(#5392,#5393,#5394,#5395));
#689=EDGE_LOOP('',(#5396,#5397,#5398,#5399));
#690=EDGE_LOOP('',(#5400,#5401,#5402,#5403));
#691=EDGE_LOOP('',(#5404,#5405,#5406,#5407));
#692=EDGE_LOOP('',(#5408,#5409,#5410,#5411));
#693=EDGE_LOOP('',(#5412,#5413,#5414,#5415));
#694=EDGE_LOOP('',(#5416,#5417,#5418,#5419));
#695=EDGE_LOOP('',(#5420,#5421,#5422,#5423));
#696=EDGE_LOOP('',(#5424,#5425,#5426,#5427));
#697=EDGE_LOOP('',(#5428,#5429,#5430,#5431));
#698=EDGE_LOOP('',(#5432,#5433,#5434,#5435));
#699=EDGE_LOOP('',(#5436,#5437,#5438,#5439));
#700=EDGE_LOOP('',(#5440,#5441,#5442,#5443));
#701=EDGE_LOOP('',(#5444,#5445,#5446,#5447));
#702=EDGE_LOOP('',(#5448,#5449,#5450,#5451));
#703=EDGE_LOOP('',(#5452,#5453,#5454,#5455));
#704=EDGE_LOOP('',(#5456,#5457,#5458,#5459));
#705=EDGE_LOOP('',(#5460,#5461,#5462,#5463));
#706=EDGE_LOOP('',(#5464,#5465,#5466,#5467));
#707=EDGE_LOOP('',(#5468,#5469,#5470,#5471));
#708=EDGE_LOOP('',(#5472,#5473,#5474,#5475));
#709=EDGE_LOOP('',(#5476,#5477,#5478,#5479));
#710=EDGE_LOOP('',(#5480,#5481,#5482,#5483));
#711=EDGE_LOOP('',(#5484,#5485,#5486,#5487));
#712=EDGE_LOOP('',(#5488,#5489,#5490,#5491));
#713=EDGE_LOOP('',(#5492,#5493,#5494,#5495));
#714=EDGE_LOOP('',(#5496,#5497,#5498,#5499));
#715=EDGE_LOOP('',(#5500,#5501,#5502,#5503));
#716=EDGE_LOOP('',(#5504,#5505,#5506,#5507));
#717=EDGE_LOOP('',(#5508,#5509,#5510,#5511));
#718=EDGE_LOOP('',(#5512,#5513,#5514,#5515));
#719=EDGE_LOOP('',(#5516,#5517,#5518,#5519));
#720=EDGE_LOOP('',(#5520,#5521,#5522,#5523));
#721=EDGE_LOOP('',(#5524,#5525,#5526,#5527));
#722=EDGE_LOOP('',(#5528,#5529,#5530,#5531));
#723=EDGE_LOOP('',(#5532,#5533,#5534,#5535));
#724=EDGE_LOOP('',(#5536,#5537,#5538,#5539));
#725=EDGE_LOOP('',(#5540,#5541,#5542,#5543));
#726=EDGE_LOOP('',(#5544,#5545,#5546,#5547));
#727=EDGE_LOOP('',(#5548,#5549,#5550,#5551));
#728=EDGE_LOOP('',(#5552,#5553,#5554,#5555));
#729=EDGE_LOOP('',(#5556,#5557,#5558,#5559));
#730=EDGE_LOOP('',(#5560,#5561,#5562,#5563));
#731=EDGE_LOOP('',(#5564,#5565,#5566,#5567));
#732=EDGE_LOOP('',(#5568,#5569,#5570,#5571));
#733=EDGE_LOOP('',(#5572,#5573,#5574,#5575));
#734=EDGE_LOOP('',(#5576,#5577,#5578,#5579));
#735=EDGE_LOOP('',(#5580,#5581,#5582,#5583));
#736=EDGE_LOOP('',(#5584,#5585,#5586,#5587));
#737=EDGE_LOOP('',(#5588,#5589,#5590,#5591));
#738=EDGE_LOOP('',(#5592,#5593,#5594,#5595));
#739=EDGE_LOOP('',(#5596,#5597,#5598,#5599));
#740=EDGE_LOOP('',(#5600,#5601,#5602,#5603));
#741=EDGE_LOOP('',(#5604,#5605,#5606,#5607));
#742=EDGE_LOOP('',(#5608,#5609,#5610,#5611));
#743=EDGE_LOOP('',(#5612,#5613,#5614,#5615));
#744=EDGE_LOOP('',(#5616,#5617,#5618,#5619));
#745=EDGE_LOOP('',(#5620,#5621,#5622,#5623));
#746=EDGE_LOOP('',(#5624,#5625,#5626,#5627));
#747=EDGE_LOOP('',(#5628,#5629,#5630,#5631));
#748=EDGE_LOOP('',(#5632,#5633,#5634,#5635));
#749=EDGE_LOOP('',(#5636,#5637,#5638,#5639));
#750=EDGE_LOOP('',(#5640,#5641,#5642,#5643));
#751=EDGE_LOOP('',(#5644,#5645,#5646,#5647));
#752=EDGE_LOOP('',(#5648,#5649,#5650,#5651));
#753=EDGE_LOOP('',(#5652,#5653,#5654,#5655));
#754=EDGE_LOOP('',(#5656,#5657,#5658,#5659));
#755=EDGE_LOOP('',(#5660,#5661,#5662,#5663));
#756=EDGE_LOOP('',(#5664,#5665,#5666,#5667));
#757=EDGE_LOOP('',(#5668,#5669,#5670,#5671));
#758=EDGE_LOOP('',(#5672,#5673,#5674,#5675));
#759=EDGE_LOOP('',(#5676,#5677,#5678,#5679));
#760=EDGE_LOOP('',(#5680,#5681,#5682,#5683));
#761=EDGE_LOOP('',(#5684,#5685,#5686,#5687));
#762=EDGE_LOOP('',(#5688,#5689,#5690,#5691));
#763=EDGE_LOOP('',(#5692,#5693,#5694,#5695));
#764=EDGE_LOOP('',(#5696,#5697,#5698,#5699));
#765=EDGE_LOOP('',(#5700,#5701,#5702,#5703));
#766=EDGE_LOOP('',(#5704,#5705,#5706,#5707));
#767=EDGE_LOOP('',(#5708,#5709,#5710,#5711));
#768=EDGE_LOOP('',(#5712,#5713,#5714,#5715));
#769=EDGE_LOOP('',(#5716,#5717,#5718,#5719));
#770=EDGE_LOOP('',(#5720,#5721,#5722,#5723));
#771=EDGE_LOOP('',(#5724,#5725,#5726,#5727));
#772=EDGE_LOOP('',(#5728,#5729,#5730,#5731));
#773=EDGE_LOOP('',(#5732,#5733,#5734,#5735));
#774=EDGE_LOOP('',(#5736,#5737,#5738,#5739));
#775=EDGE_LOOP('',(#5740,#5741,#5742,#5743));
#776=EDGE_LOOP('',(#5744,#5745,#5746,#5747));
#777=EDGE_LOOP('',(#5748,#5749,#5750,#5751));
#778=EDGE_LOOP('',(#5752,#5753,#5754,#5755));
#779=EDGE_LOOP('',(#5756,#5757,#5758,#5759));
#780=EDGE_LOOP('',(#5760,#5761,#5762,#5763));
#781=EDGE_LOOP('',(#5764,#5765,#5766,#5767));
#782=EDGE_LOOP('',(#5768,#5769,#5770,#5771));
#783=EDGE_LOOP('',(#5772,#5773,#5774,#5775));
#784=EDGE_LOOP('',(#5776,#5777,#5778,#5779));
#785=EDGE_LOOP('',(#5780,#5781,#5782,#5783));
#786=EDGE_LOOP('',(#5784,#5785,#5786,#5787));
#787=EDGE_LOOP('',(#5788,#5789,#5790,#5791));
#788=EDGE_LOOP('',(#5792,#5793,#5794,#5795));
#789=EDGE_LOOP('',(#5796,#5797,#5798,#5799));
#790=EDGE_LOOP('',(#5800,#5801,#5802,#5803));
#791=EDGE_LOOP('',(#5804,#5805,#5806,#5807));
#792=EDGE_LOOP('',(#5808,#5809,#5810,#5811));
#793=EDGE_LOOP('',(#5812,#5813,#5814,#5815));
#794=EDGE_LOOP('',(#5816,#5817,#5818,#5819));
#795=EDGE_LOOP('',(#5820,#5821,#5822,#5823));
#796=EDGE_LOOP('',(#5824,#5825,#5826,#5827));
#797=EDGE_LOOP('',(#5828,#5829,#5830,#5831));
#798=EDGE_LOOP('',(#5832,#5833,#5834,#5835));
#799=EDGE_LOOP('',(#5836,#5837,#5838,#5839));
#800=EDGE_LOOP('',(#5840,#5841,#5842,#5843));
#801=EDGE_LOOP('',(#5844,#5845,#5846,#5847));
#802=EDGE_LOOP('',(#5848,#5849,#5850,#5851));
#803=EDGE_LOOP('',(#5852,#5853,#5854,#5855));
#804=EDGE_LOOP('',(#5856,#5857,#5858,#5859));
#805=EDGE_LOOP('',(#5860,#5861,#5862,#5863));
#806=EDGE_LOOP('',(#5864,#5865,#5866,#5867));
#807=EDGE_LOOP('',(#5868,#5869,#5870,#5871));
#808=EDGE_LOOP('',(#5872,#5873,#5874,#5875));
#809=EDGE_LOOP('',(#5876,#5877,#5878,#5879));
#810=EDGE_LOOP('',(#5880,#5881,#5882,#5883));
#811=EDGE_LOOP('',(#5884,#5885,#5886,#5887));
#812=EDGE_LOOP('',(#5888,#5889,#5890,#5891));
#813=EDGE_LOOP('',(#5892,#5893,#5894,#5895));
#814=EDGE_LOOP('',(#5896,#5897,#5898,#5899));
#815=EDGE_LOOP('',(#5900,#5901,#5902,#5903));
#816=EDGE_LOOP('',(#5904,#5905,#5906,#5907));
#817=EDGE_LOOP('',(#5908,#5909,#5910,#5911));
#818=EDGE_LOOP('',(#5912,#5913,#5914,#5915));
#819=EDGE_LOOP('',(#5916,#5917,#5918,#5919));
#820=EDGE_LOOP('',(#5920,#5921,#5922,#5923));
#821=EDGE_LOOP('',(#5924,#5925,#5926,#5927));
#822=EDGE_LOOP('',(#5928,#5929,#5930,#5931));
#823=EDGE_LOOP('',(#5932,#5933,#5934,#5935));
#824=EDGE_LOOP('',(#5936,#5937,#5938,#5939));
#825=EDGE_LOOP('',(#5940,#5941,#5942,#5943));
#826=EDGE_LOOP('',(#5944,#5945,#5946,#5947));
#827=EDGE_LOOP('',(#5948,#5949,#5950,#5951));
#828=EDGE_LOOP('',(#5952,#5953,#5954,#5955));
#829=EDGE_LOOP('',(#5956,#5957,#5958,#5959));
#830=EDGE_LOOP('',(#5960,#5961,#5962,#5963));
#831=EDGE_LOOP('',(#5964,#5965,#5966,#5967));
#832=EDGE_LOOP('',(#5968,#5969,#5970,#5971));
#833=EDGE_LOOP('',(#5972,#5973,#5974,#5975));
#834=EDGE_LOOP('',(#5976,#5977,#5978,#5979));
#835=EDGE_LOOP('',(#5980,#5981,#5982,#5983));
#836=EDGE_LOOP('',(#5984,#5985,#5986,#5987));
#837=EDGE_LOOP('',(#5988,#5989,#5990,#5991));
#838=EDGE_LOOP('',(#5992,#5993,#5994,#5995));
#839=EDGE_LOOP('',(#5996,#5997,#5998,#5999));
#840=EDGE_LOOP('',(#6000,#6001,#6002,#6003));
#841=EDGE_LOOP('',(#6004,#6005,#6006,#6007));
#842=EDGE_LOOP('',(#6008,#6009,#6010,#6011));
#843=EDGE_LOOP('',(#6012,#6013,#6014,#6015));
#844=EDGE_LOOP('',(#6016,#6017,#6018,#6019));
#845=EDGE_LOOP('',(#6020,#6021,#6022,#6023));
#846=EDGE_LOOP('',(#6024,#6025,#6026,#6027));
#847=EDGE_LOOP('',(#6028,#6029,#6030,#6031));
#848=EDGE_LOOP('',(#6032,#6033,#6034,#6035));
#849=EDGE_LOOP('',(#6036,#6037,#6038,#6039));
#850=EDGE_LOOP('',(#6040,#6041,#6042,#6043));
#851=EDGE_LOOP('',(#6044,#6045,#6046,#6047));
#852=EDGE_LOOP('',(#6048,#6049,#6050,#6051));
#853=EDGE_LOOP('',(#6052,#6053,#6054,#6055));
#854=EDGE_LOOP('',(#6056,#6057,#6058,#6059));
#855=EDGE_LOOP('',(#6060,#6061,#6062,#6063));
#856=EDGE_LOOP('',(#6064,#6065,#6066,#6067));
#857=EDGE_LOOP('',(#6068,#6069,#6070,#6071));
#858=EDGE_LOOP('',(#6072,#6073,#6074,#6075));
#859=EDGE_LOOP('',(#6076,#6077,#6078,#6079));
#860=EDGE_LOOP('',(#6080,#6081,#6082,#6083));
#861=EDGE_LOOP('',(#6084,#6085,#6086,#6087));
#862=EDGE_LOOP('',(#6088,#6089,#6090,#6091));
#863=EDGE_LOOP('',(#6092,#6093,#6094,#6095));
#864=EDGE_LOOP('',(#6096,#6097,#6098,#6099));
#865=EDGE_LOOP('',(#6100,#6101,#6102,#6103));
#866=EDGE_LOOP('',(#6104,#6105,#6106,#6107));
#867=EDGE_LOOP('',(#6108,#6109,#6110,#6111));
#868=EDGE_LOOP('',(#6112,#6113,#6114,#6115));
#869=EDGE_LOOP('',(#6116,#6117,#6118,#6119));
#870=EDGE_LOOP('',(#6120,#6121,#6122,#6123));
#871=EDGE_LOOP('',(#6124,#6125,#6126,#6127));
#872=EDGE_LOOP('',(#6128,#6129,#6130,#6131));
#873=EDGE_LOOP('',(#6132,#6133,#6134,#6135));
#874=EDGE_LOOP('',(#6136,#6137,#6138,#6139));
#875=EDGE_LOOP('',(#6140,#6141,#6142,#6143));
#876=EDGE_LOOP('',(#6144,#6145,#6146,#6147));
#877=EDGE_LOOP('',(#6148,#6149,#6150,#6151));
#878=EDGE_LOOP('',(#6152,#6153,#6154,#6155));
#879=EDGE_LOOP('',(#6156,#6157,#6158,#6159));
#880=EDGE_LOOP('',(#6160,#6161,#6162,#6163));
#881=EDGE_LOOP('',(#6164,#6165,#6166,#6167));
#882=EDGE_LOOP('',(#6168,#6169,#6170,#6171));
#883=EDGE_LOOP('',(#6172,#6173,#6174,#6175));
#884=EDGE_LOOP('',(#6176,#6177,#6178,#6179));
#885=EDGE_LOOP('',(#6180,#6181,#6182,#6183));
#886=EDGE_LOOP('',(#6184,#6185,#6186,#6187));
#887=EDGE_LOOP('',(#6188,#6189,#6190,#6191));
#888=EDGE_LOOP('',(#6192,#6193,#6194,#6195));
#889=EDGE_LOOP('',(#6196,#6197,#6198,#6199));
#890=EDGE_LOOP('',(#6200,#6201,#6202,#6203));
#891=EDGE_LOOP('',(#6204,#6205,#6206,#6207));
#892=EDGE_LOOP('',(#6208,#6209,#6210,#6211));
#893=EDGE_LOOP('',(#6212,#6213,#6214,#6215));
#894=EDGE_LOOP('',(#6216,#6217,#6218,#6219));
#895=EDGE_LOOP('',(#6220,#6221,#6222,#6223));
#896=EDGE_LOOP('',(#6224,#6225,#6226,#6227));
#897=EDGE_LOOP('',(#6228,#6229,#6230,#6231));
#898=EDGE_LOOP('',(#6232,#6233,#6234,#6235));
#899=EDGE_LOOP('',(#6236,#6237,#6238,#6239));
#900=EDGE_LOOP('',(#6240,#6241,#6242,#6243));
#901=EDGE_LOOP('',(#6244,#6245,#6246,#6247));
#902=EDGE_LOOP('',(#6248,#6249,#6250,#6251));
#903=EDGE_LOOP('',(#6252,#6253,#6254,#6255));
#904=EDGE_LOOP('',(#6256,#6257,#6258,#6259));
#905=EDGE_LOOP('',(#6260,#6261,#6262,#6263));
#906=EDGE_LOOP('',(#6264,#6265,#6266,#6267));
#907=EDGE_LOOP('',(#6268,#6269,#6270,#6271));
#908=EDGE_LOOP('',(#6272,#6273,#6274,#6275));
#909=EDGE_LOOP('',(#6276,#6277,#6278,#6279));
#910=EDGE_LOOP('',(#6280,#6281,#6282,#6283));
#911=EDGE_LOOP('',(#6284,#6285,#6286,#6287));
#912=EDGE_LOOP('',(#6288,#6289,#6290,#6291));
#913=EDGE_LOOP('',(#6292,#6293,#6294,#6295));
#914=EDGE_LOOP('',(#6296,#6297,#6298,#6299));
#915=EDGE_LOOP('',(#6300,#6301,#6302,#6303));
#916=EDGE_LOOP('',(#6304,#6305,#6306,#6307));
#917=EDGE_LOOP('',(#6308,#6309,#6310,#6311));
#918=EDGE_LOOP('',(#6312,#6313,#6314,#6315));
#919=EDGE_LOOP('',(#6316,#6317,#6318,#6319));
#920=EDGE_LOOP('',(#6320,#6321,#6322,#6323));
#921=EDGE_LOOP('',(#6324,#6325,#6326,#6327));
#922=EDGE_LOOP('',(#6328,#6329,#6330,#6331));
#923=EDGE_LOOP('',(#6332,#6333,#6334,#6335));
#924=EDGE_LOOP('',(#6336,#6337,#6338,#6339));
#925=EDGE_LOOP('',(#6340,#6341,#6342,#6343));
#926=EDGE_LOOP('',(#6344,#6345,#6346,#6347));
#927=EDGE_LOOP('',(#6348,#6349,#6350,#6351));
#928=EDGE_LOOP('',(#6352,#6353,#6354,#6355));
#929=EDGE_LOOP('',(#6356,#6357,#6358,#6359));
#930=EDGE_LOOP('',(#6360,#6361,#6362,#6363));
#931=EDGE_LOOP('',(#6364,#6365,#6366,#6367));
#932=EDGE_LOOP('',(#6368,#6369,#6370,#6371));
#933=EDGE_LOOP('',(#6372,#6373,#6374,#6375));
#934=EDGE_LOOP('',(#6376,#6377,#6378,#6379));
#935=EDGE_LOOP('',(#6380,#6381,#6382,#6383));
#936=EDGE_LOOP('',(#6384,#6385,#6386,#6387));
#937=EDGE_LOOP('',(#6388,#6389,#6390,#6391));
#938=EDGE_LOOP('',(#6392,#6393,#6394,#6395));
#939=EDGE_LOOP('',(#6396,#6397,#6398,#6399));
#940=EDGE_LOOP('',(#6400,#6401,#6402,#6403));
#941=EDGE_LOOP('',(#6404,#6405,#6406,#6407));
#942=EDGE_LOOP('',(#6408,#6409,#6410,#6411));
#943=EDGE_LOOP('',(#6412,#6413,#6414,#6415));
#944=EDGE_LOOP('',(#6416,#6417,#6418,#6419));
#945=EDGE_LOOP('',(#6420,#6421,#6422,#6423));
#946=EDGE_LOOP('',(#6424,#6425,#6426,#6427));
#947=EDGE_LOOP('',(#6428,#6429,#6430,#6431));
#948=EDGE_LOOP('',(#6432,#6433,#6434,#6435));
#949=EDGE_LOOP('',(#6436,#6437,#6438,#6439));
#950=EDGE_LOOP('',(#6440,#6441,#6442,#6443));
#951=EDGE_LOOP('',(#6444,#6445,#6446,#6447));
#952=EDGE_LOOP('',(#6448,#6449,#6450,#6451));
#953=EDGE_LOOP('',(#6452,#6453,#6454,#6455));
#954=EDGE_LOOP('',(#6456,#6457,#6458,#6459));
#955=EDGE_LOOP('',(#6460,#6461,#6462,#6463));
#956=EDGE_LOOP('',(#6464,#6465,#6466,#6467));
#957=EDGE_LOOP('',(#6468,#6469,#6470,#6471));
#958=EDGE_LOOP('',(#6472,#6473,#6474,#6475));
#959=EDGE_LOOP('',(#6476,#6477,#6478,#6479));
#960=EDGE_LOOP('',(#6480,#6481,#6482,#6483));
#961=EDGE_LOOP('',(#6484,#6485,#6486,#6487));
#962=EDGE_LOOP('',(#6488,#6489,#6490,#6491));
#963=EDGE_LOOP('',(#6492,#6493,#6494,#6495));
#964=EDGE_LOOP('',(#6496,#6497,#6498,#6499));
#965=EDGE_LOOP('',(#6500,#6501,#6502,#6503));
#966=EDGE_LOOP('',(#6504,#6505,#6506,#6507));
#967=EDGE_LOOP('',(#6508,#6509,#6510,#6511));
#968=EDGE_LOOP('',(#6512,#6513,#6514,#6515));
#969=EDGE_LOOP('',(#6516,#6517,#6518,#6519));
#970=EDGE_LOOP('',(#6520,#6521,#6522,#6523));
#971=EDGE_LOOP('',(#6524,#6525,#6526,#6527));
#972=EDGE_LOOP('',(#6528,#6529,#6530,#6531));
#973=EDGE_LOOP('',(#6532,#6533,#6534,#6535));
#974=EDGE_LOOP('',(#6536,#6537,#6538,#6539));
#975=EDGE_LOOP('',(#6540,#6541,#6542,#6543));
#976=EDGE_LOOP('',(#6544,#6545,#6546,#6547));
#977=EDGE_LOOP('',(#6548,#6549,#6550,#6551));
#978=EDGE_LOOP('',(#6552,#6553,#6554,#6555));
#979=EDGE_LOOP('',(#6556,#6557,#6558,#6559));
#980=EDGE_LOOP('',(#6560,#6561,#6562,#6563));
#981=EDGE_LOOP('',(#6564,#6565,#6566,#6567));
#982=EDGE_LOOP('',(#6568,#6569,#6570,#6571));
#983=EDGE_LOOP('',(#6572,#6573,#6574,#6575));
#984=EDGE_LOOP('',(#6576,#6577,#6578,#6579));
#985=EDGE_LOOP('',(#6580,#6581,#6582,#6583));
#986=EDGE_LOOP('',(#6584,#6585,#6586,#6587));
#987=EDGE_LOOP('',(#6588,#6589,#6590,#6591));
#988=EDGE_LOOP('',(#6592,#6593,#6594,#6595));
#989=EDGE_LOOP('',(#6596,#6597,#6598,#6599));
#990=EDGE_LOOP('',(#6600,#6601,#6602,#6603));
#991=EDGE_LOOP('',(#6604,#6605,#6606,#6607));
#992=EDGE_LOOP('',(#6608,#6609,#6610,#6611));
#993=EDGE_LOOP('',(#6612,#6613,#6614,#6615));
#994=EDGE_LOOP('',(#6616,#6617,#6618,#6619));
#995=EDGE_LOOP('',(#6620,#6621,#6622,#6623,#6624,#6625,#6626,#6627,#6628,
#6629,#6630,#6631,#6632,#6633,#6634,#6635,#6636,#6637,#6638,#6639,#6640,
#6641,#6642,#6643,#6644,#6645,#6646,#6647,#6648,#6649,#6650,#6651,#6652,
#6653,#6654,#6655,#6656,#6657,#6658,#6659,#6660,#6661));
#996=EDGE_LOOP('',(#6662,#6663,#6664,#6665));
#997=EDGE_LOOP('',(#6666,#6667,#6668,#6669));
#998=EDGE_LOOP('',(#6670,#6671,#6672,#6673));
#999=EDGE_LOOP('',(#6674,#6675,#6676,#6677));
#1000=EDGE_LOOP('',(#6678));
#1001=EDGE_LOOP('',(#6679));
#1002=EDGE_LOOP('',(#6680));
#1003=EDGE_LOOP('',(#6681));
#1004=EDGE_LOOP('',(#6682));
#1005=EDGE_LOOP('',(#6683));
#1006=EDGE_LOOP('',(#6684));
#1007=EDGE_LOOP('',(#6685));
#1008=EDGE_LOOP('',(#6686,#6687,#6688,#6689));
#1009=EDGE_LOOP('',(#6690,#6691,#6692,#6693));
#1010=EDGE_LOOP('',(#6694,#6695,#6696,#6697));
#1011=EDGE_LOOP('',(#6698,#6699,#6700,#6701));
#1012=EDGE_LOOP('',(#6702,#6703,#6704,#6705));
#1013=EDGE_LOOP('',(#6706,#6707,#6708,#6709));
#1014=EDGE_LOOP('',(#6710,#6711,#6712,#6713));
#1015=EDGE_LOOP('',(#6714,#6715,#6716,#6717));
#1016=EDGE_LOOP('',(#6718,#6719,#6720,#6721));
#1017=EDGE_LOOP('',(#6722,#6723,#6724,#6725));
#1018=EDGE_LOOP('',(#6726,#6727,#6728,#6729));
#1019=EDGE_LOOP('',(#6730,#6731,#6732,#6733));
#1020=EDGE_LOOP('',(#6734,#6735,#6736,#6737));
#1021=EDGE_LOOP('',(#6738,#6739,#6740,#6741));
#1022=EDGE_LOOP('',(#6742,#6743,#6744,#6745));
#1023=EDGE_LOOP('',(#6746,#6747,#6748,#6749));
#1024=EDGE_LOOP('',(#6750,#6751,#6752,#6753));
#1025=EDGE_LOOP('',(#6754,#6755,#6756,#6757));
#1026=EDGE_LOOP('',(#6758,#6759,#6760,#6761));
#1027=EDGE_LOOP('',(#6762,#6763,#6764,#6765));
#1028=EDGE_LOOP('',(#6766,#6767,#6768,#6769));
#1029=EDGE_LOOP('',(#6770,#6771,#6772,#6773));
#1030=EDGE_LOOP('',(#6774,#6775,#6776,#6777));
#1031=EDGE_LOOP('',(#6778,#6779,#6780,#6781));
#1032=EDGE_LOOP('',(#6782,#6783,#6784,#6785));
#1033=EDGE_LOOP('',(#6786,#6787,#6788,#6789));
#1034=EDGE_LOOP('',(#6790,#6791,#6792,#6793));
#1035=EDGE_LOOP('',(#6794,#6795,#6796,#6797));
#1036=EDGE_LOOP('',(#6798,#6799,#6800,#6801));
#1037=EDGE_LOOP('',(#6802,#6803,#6804,#6805));
#1038=EDGE_LOOP('',(#6806,#6807,#6808,#6809));
#1039=EDGE_LOOP('',(#6810,#6811,#6812,#6813));
#1040=EDGE_LOOP('',(#6814,#6815,#6816,#6817));
#1041=EDGE_LOOP('',(#6818,#6819,#6820,#6821));
#1042=EDGE_LOOP('',(#6822,#6823,#6824,#6825));
#1043=EDGE_LOOP('',(#6826,#6827,#6828,#6829));
#1044=EDGE_LOOP('',(#6830,#6831,#6832,#6833));
#1045=EDGE_LOOP('',(#6834,#6835,#6836,#6837,#6838,#6839,#6840,#6841,#6842,
#6843,#6844,#6845,#6846,#6847,#6848,#6849,#6850,#6851,#6852,#6853,#6854,
#6855,#6856,#6857,#6858,#6859,#6860,#6861,#6862,#6863,#6864,#6865,#6866,
#6867,#6868,#6869));
#1046=EDGE_LOOP('',(#6870,#6871,#6872,#6873));
#1047=EDGE_LOOP('',(#6874,#6875,#6876,#6877));
#1048=EDGE_LOOP('',(#6878,#6879,#6880,#6881));
#1049=EDGE_LOOP('',(#6882,#6883,#6884,#6885));
#1050=EDGE_LOOP('',(#6886,#6887,#6888,#6889));
#1051=EDGE_LOOP('',(#6890,#6891,#6892,#6893,#6894,#6895,#6896,#6897,#6898,
#6899,#6900,#6901,#6902,#6903,#6904,#6905,#6906,#6907,#6908,#6909,#6910,
#6911,#6912,#6913,#6914,#6915,#6916,#6917,#6918,#6919,#6920,#6921,#6922,
#6923,#6924,#6925));
#1052=EDGE_LOOP('',(#6926,#6927,#6928,#6929));
#1053=EDGE_LOOP('',(#6930,#6931,#6932,#6933));
#1054=EDGE_LOOP('',(#6934,#6935,#6936,#6937));
#1055=EDGE_LOOP('',(#6938,#6939,#6940,#6941,#6942,#6943,#6944,#6945,#6946,
#6947,#6948,#6949,#6950,#6951,#6952,#6953,#6954,#6955,#6956,#6957,#6958,
#6959,#6960,#6961,#6962,#6963,#6964,#6965,#6966,#6967,#6968,#6969,#6970,
#6971,#6972,#6973));
#1056=EDGE_LOOP('',(#6974,#6975,#6976,#6977));
#1057=EDGE_LOOP('',(#6978,#6979,#6980,#6981));
#1058=EDGE_LOOP('',(#6982,#6983,#6984,#6985));
#1059=EDGE_LOOP('',(#6986,#6987,#6988,#6989));
#1060=EDGE_LOOP('',(#6990,#6991,#6992,#6993));
#1061=EDGE_LOOP('',(#6994,#6995,#6996,#6997));
#1062=EDGE_LOOP('',(#6998,#6999,#7000,#7001));
#1063=EDGE_LOOP('',(#7002,#7003,#7004,#7005,#7006,#7007,#7008,#7009,#7010,
#7011,#7012,#7013,#7014,#7015,#7016,#7017,#7018,#7019,#7020,#7021,#7022,
#7023,#7024,#7025,#7026,#7027,#7028,#7029,#7030,#7031,#7032,#7033,#7034,
#7035,#7036,#7037,#7038,#7039,#7040,#7041,#7042,#7043));
#1064=EDGE_LOOP('',(#7044,#7045,#7046,#7047));
#1065=EDGE_LOOP('',(#7048,#7049,#7050,#7051));
#1066=EDGE_LOOP('',(#7052,#7053,#7054,#7055));
#1067=EDGE_LOOP('',(#7056,#7057,#7058,#7059));
#1068=EDGE_LOOP('',(#7060));
#1069=EDGE_LOOP('',(#7061));
#1070=EDGE_LOOP('',(#7062));
#1071=EDGE_LOOP('',(#7063));
#1072=EDGE_LOOP('',(#7064));
#1073=EDGE_LOOP('',(#7065));
#1074=EDGE_LOOP('',(#7066));
#1075=EDGE_LOOP('',(#7067));
#1076=EDGE_LOOP('',(#7068,#7069,#7070,#7071));
#1077=EDGE_LOOP('',(#7072,#7073,#7074,#7075));
#1078=EDGE_LOOP('',(#7076,#7077,#7078,#7079));
#1079=EDGE_LOOP('',(#7080,#7081,#7082,#7083));
#1080=EDGE_LOOP('',(#7084,#7085,#7086,#7087));
#1081=EDGE_LOOP('',(#7088,#7089,#7090,#7091));
#1082=EDGE_LOOP('',(#7092,#7093,#7094,#7095));
#1083=EDGE_LOOP('',(#7096,#7097,#7098,#7099));
#1084=EDGE_LOOP('',(#7100,#7101,#7102,#7103));
#1085=EDGE_LOOP('',(#7104,#7105,#7106,#7107));
#1086=EDGE_LOOP('',(#7108,#7109,#7110,#7111));
#1087=EDGE_LOOP('',(#7112,#7113,#7114,#7115));
#1088=EDGE_LOOP('',(#7116,#7117,#7118,#7119));
#1089=EDGE_LOOP('',(#7120,#7121,#7122,#7123));
#1090=EDGE_LOOP('',(#7124,#7125,#7126,#7127));
#1091=EDGE_LOOP('',(#7128,#7129,#7130,#7131));
#1092=EDGE_LOOP('',(#7132,#7133,#7134,#7135));
#1093=EDGE_LOOP('',(#7136,#7137,#7138,#7139));
#1094=EDGE_LOOP('',(#7140,#7141,#7142,#7143));
#1095=EDGE_LOOP('',(#7144,#7145,#7146,#7147));
#1096=EDGE_LOOP('',(#7148,#7149,#7150,#7151));
#1097=EDGE_LOOP('',(#7152,#7153,#7154,#7155));
#1098=EDGE_LOOP('',(#7156,#7157,#7158,#7159));
#1099=EDGE_LOOP('',(#7160,#7161,#7162,#7163));
#1100=EDGE_LOOP('',(#7164,#7165,#7166,#7167));
#1101=EDGE_LOOP('',(#7168,#7169,#7170,#7171));
#1102=EDGE_LOOP('',(#7172,#7173,#7174,#7175));
#1103=EDGE_LOOP('',(#7176,#7177,#7178,#7179));
#1104=EDGE_LOOP('',(#7180,#7181,#7182,#7183));
#1105=EDGE_LOOP('',(#7184,#7185,#7186,#7187));
#1106=EDGE_LOOP('',(#7188,#7189,#7190,#7191));
#1107=EDGE_LOOP('',(#7192,#7193,#7194,#7195));
#1108=EDGE_LOOP('',(#7196,#7197,#7198,#7199));
#1109=EDGE_LOOP('',(#7200,#7201,#7202,#7203));
#1110=EDGE_LOOP('',(#7204,#7205,#7206,#7207));
#1111=EDGE_LOOP('',(#7208,#7209,#7210,#7211));
#1112=EDGE_LOOP('',(#7212,#7213,#7214,#7215));
#1113=EDGE_LOOP('',(#7216,#7217,#7218,#7219,#7220,#7221,#7222,#7223,#7224,
#7225,#7226,#7227,#7228,#7229,#7230,#7231,#7232,#7233,#7234,#7235,#7236,
#7237,#7238,#7239,#7240,#7241,#7242,#7243,#7244,#7245,#7246,#7247,#7248,
#7249,#7250,#7251));
#1114=EDGE_LOOP('',(#7252,#7253,#7254,#7255));
#1115=EDGE_LOOP('',(#7256,#7257,#7258,#7259));
#1116=EDGE_LOOP('',(#7260,#7261,#7262,#7263));
#1117=EDGE_LOOP('',(#7264,#7265,#7266,#7267));
#1118=EDGE_LOOP('',(#7268,#7269,#7270,#7271));
#1119=EDGE_LOOP('',(#7272,#7273,#7274,#7275,#7276,#7277,#7278,#7279,#7280,
#7281,#7282,#7283,#7284,#7285,#7286,#7287,#7288,#7289,#7290,#7291,#7292,
#7293,#7294,#7295,#7296,#7297,#7298,#7299,#7300,#7301,#7302,#7303,#7304,
#7305,#7306,#7307));
#1120=EDGE_LOOP('',(#7308,#7309,#7310,#7311));
#1121=EDGE_LOOP('',(#7312,#7313,#7314,#7315));
#1122=EDGE_LOOP('',(#7316,#7317,#7318,#7319));
#1123=EDGE_LOOP('',(#7320,#7321,#7322,#7323,#7324,#7325,#7326,#7327,#7328,
#7329,#7330,#7331,#7332,#7333,#7334,#7335,#7336,#7337,#7338,#7339,#7340,
#7341,#7342,#7343,#7344,#7345,#7346,#7347,#7348,#7349,#7350,#7351,#7352,
#7353,#7354,#7355));
#1124=EDGE_LOOP('',(#7356,#7357,#7358,#7359));
#1125=EDGE_LOOP('',(#7360,#7361,#7362,#7363));
#1126=EDGE_LOOP('',(#7364,#7365,#7366,#7367));
#1127=EDGE_LOOP('',(#7368,#7369,#7370,#7371));
#1128=EDGE_LOOP('',(#7372,#7373,#7374,#7375));
#1129=EDGE_LOOP('',(#7376,#7377,#7378,#7379));
#1130=EDGE_LOOP('',(#7380,#7381,#7382,#7383));
#1131=EDGE_LOOP('',(#7384,#7385,#7386,#7387));
#1132=EDGE_LOOP('',(#7388,#7389,#7390,#7391));
#1133=EDGE_LOOP('',(#7392,#7393,#7394,#7395));
#1134=EDGE_LOOP('',(#7396,#7397,#7398,#7399));
#1135=EDGE_LOOP('',(#7400,#7401,#7402,#7403));
#1136=EDGE_LOOP('',(#7404,#7405,#7406,#7407));
#1137=EDGE_LOOP('',(#7408,#7409,#7410,#7411));
#1138=EDGE_LOOP('',(#7412,#7413,#7414,#7415));
#1139=EDGE_LOOP('',(#7416,#7417,#7418,#7419));
#1140=EDGE_LOOP('',(#7420,#7421,#7422,#7423));
#1141=EDGE_LOOP('',(#7424,#7425,#7426,#7427));
#1142=EDGE_LOOP('',(#7428,#7429,#7430,#7431));
#1143=EDGE_LOOP('',(#7432,#7433,#7434,#7435));
#1144=EDGE_LOOP('',(#7436,#7437,#7438,#7439));
#1145=EDGE_LOOP('',(#7440,#7441,#7442,#7443));
#1146=EDGE_LOOP('',(#7444,#7445,#7446,#7447));
#1147=EDGE_LOOP('',(#7448,#7449,#7450,#7451));
#1148=EDGE_LOOP('',(#7452,#7453,#7454,#7455));
#1149=EDGE_LOOP('',(#7456,#7457,#7458,#7459));
#1150=EDGE_LOOP('',(#7460,#7461,#7462,#7463));
#1151=EDGE_LOOP('',(#7464,#7465,#7466,#7467));
#1152=EDGE_LOOP('',(#7468,#7469,#7470,#7471));
#1153=EDGE_LOOP('',(#7472,#7473,#7474,#7475));
#1154=EDGE_LOOP('',(#7476,#7477,#7478,#7479));
#1155=EDGE_LOOP('',(#7480,#7481,#7482,#7483));
#1156=EDGE_LOOP('',(#7484,#7485,#7486,#7487));
#1157=EDGE_LOOP('',(#7488,#7489,#7490,#7491));
#1158=EDGE_LOOP('',(#7492,#7493,#7494,#7495));
#1159=EDGE_LOOP('',(#7496,#7497,#7498,#7499));
#1160=EDGE_LOOP('',(#7500,#7501,#7502,#7503));
#1161=EDGE_LOOP('',(#7504,#7505,#7506,#7507));
#1162=LINE('',#10693,#2234);
#1163=LINE('',#10695,#2235);
#1164=LINE('',#10697,#2236);
#1165=LINE('',#10698,#2237);
#1166=LINE('',#10703,#2238);
#1167=LINE('',#10707,#2239);
#1168=LINE('',#10709,#2240);
#1169=LINE('',#10710,#2241);
#1170=LINE('',#10714,#2242);
#1171=LINE('',#10716,#2243);
#1172=LINE('',#10718,#2244);
#1173=LINE('',#10719,#2245);
#1174=LINE('',#10722,#2246);
#1175=LINE('',#10724,#2247);
#1176=LINE('',#10725,#2248);
#1177=LINE('',#10728,#2249);
#1178=LINE('',#10730,#2250);
#1179=LINE('',#10731,#2251);
#1180=LINE('',#10733,#2252);
#1181=LINE('',#10734,#2253);
#1182=LINE('',#10738,#2254);
#1183=LINE('',#10740,#2255);
#1184=LINE('',#10742,#2256);
#1185=LINE('',#10743,#2257);
#1186=LINE('',#10746,#2258);
#1187=LINE('',#10748,#2259);
#1188=LINE('',#10749,#2260);
#1189=LINE('',#10752,#2261);
#1190=LINE('',#10754,#2262);
#1191=LINE('',#10755,#2263);
#1192=LINE('',#10757,#2264);
#1193=LINE('',#10758,#2265);
#1194=LINE('',#10762,#2266);
#1195=LINE('',#10764,#2267);
#1196=LINE('',#10766,#2268);
#1197=LINE('',#10767,#2269);
#1198=LINE('',#10770,#2270);
#1199=LINE('',#10772,#2271);
#1200=LINE('',#10773,#2272);
#1201=LINE('',#10776,#2273);
#1202=LINE('',#10778,#2274);
#1203=LINE('',#10779,#2275);
#1204=LINE('',#10781,#2276);
#1205=LINE('',#10782,#2277);
#1206=LINE('',#10786,#2278);
#1207=LINE('',#10788,#2279);
#1208=LINE('',#10790,#2280);
#1209=LINE('',#10791,#2281);
#1210=LINE('',#10794,#2282);
#1211=LINE('',#10796,#2283);
#1212=LINE('',#10797,#2284);
#1213=LINE('',#10800,#2285);
#1214=LINE('',#10802,#2286);
#1215=LINE('',#10803,#2287);
#1216=LINE('',#10805,#2288);
#1217=LINE('',#10806,#2289);
#1218=LINE('',#10810,#2290);
#1219=LINE('',#10812,#2291);
#1220=LINE('',#10814,#2292);
#1221=LINE('',#10815,#2293);
#1222=LINE('',#10818,#2294);
#1223=LINE('',#10820,#2295);
#1224=LINE('',#10821,#2296);
#1225=LINE('',#10824,#2297);
#1226=LINE('',#10826,#2298);
#1227=LINE('',#10827,#2299);
#1228=LINE('',#10829,#2300);
#1229=LINE('',#10830,#2301);
#1230=LINE('',#10834,#2302);
#1231=LINE('',#10836,#2303);
#1232=LINE('',#10838,#2304);
#1233=LINE('',#10839,#2305);
#1234=LINE('',#10842,#2306);
#1235=LINE('',#10844,#2307);
#1236=LINE('',#10845,#2308);
#1237=LINE('',#10848,#2309);
#1238=LINE('',#10850,#2310);
#1239=LINE('',#10851,#2311);
#1240=LINE('',#10853,#2312);
#1241=LINE('',#10854,#2313);
#1242=LINE('',#10858,#2314);
#1243=LINE('',#10860,#2315);
#1244=LINE('',#10862,#2316);
#1245=LINE('',#10863,#2317);
#1246=LINE('',#10866,#2318);
#1247=LINE('',#10868,#2319);
#1248=LINE('',#10869,#2320);
#1249=LINE('',#10872,#2321);
#1250=LINE('',#10874,#2322);
#1251=LINE('',#10875,#2323);
#1252=LINE('',#10877,#2324);
#1253=LINE('',#10878,#2325);
#1254=LINE('',#10882,#2326);
#1255=LINE('',#10884,#2327);
#1256=LINE('',#10886,#2328);
#1257=LINE('',#10887,#2329);
#1258=LINE('',#10890,#2330);
#1259=LINE('',#10892,#2331);
#1260=LINE('',#10893,#2332);
#1261=LINE('',#10896,#2333);
#1262=LINE('',#10898,#2334);
#1263=LINE('',#10899,#2335);
#1264=LINE('',#10902,#2336);
#1265=LINE('',#10904,#2337);
#1266=LINE('',#10905,#2338);
#1267=LINE('',#10908,#2339);
#1268=LINE('',#10910,#2340);
#1269=LINE('',#10911,#2341);
#1270=LINE('',#10914,#2342);
#1271=LINE('',#10916,#2343);
#1272=LINE('',#10917,#2344);
#1273=LINE('',#10920,#2345);
#1274=LINE('',#10922,#2346);
#1275=LINE('',#10923,#2347);
#1276=LINE('',#10926,#2348);
#1277=LINE('',#10928,#2349);
#1278=LINE('',#10929,#2350);
#1279=LINE('',#10932,#2351);
#1280=LINE('',#10934,#2352);
#1281=LINE('',#10935,#2353);
#1282=LINE('',#10938,#2354);
#1283=LINE('',#10940,#2355);
#1284=LINE('',#10941,#2356);
#1285=LINE('',#10944,#2357);
#1286=LINE('',#10946,#2358);
#1287=LINE('',#10947,#2359);
#1288=LINE('',#10950,#2360);
#1289=LINE('',#10952,#2361);
#1290=LINE('',#10953,#2362);
#1291=LINE('',#10956,#2363);
#1292=LINE('',#10958,#2364);
#1293=LINE('',#10959,#2365);
#1294=LINE('',#10962,#2366);
#1295=LINE('',#10964,#2367);
#1296=LINE('',#10965,#2368);
#1297=LINE('',#10968,#2369);
#1298=LINE('',#10970,#2370);
#1299=LINE('',#10971,#2371);
#1300=LINE('',#10974,#2372);
#1301=LINE('',#10976,#2373);
#1302=LINE('',#10977,#2374);
#1303=LINE('',#10980,#2375);
#1304=LINE('',#10982,#2376);
#1305=LINE('',#10983,#2377);
#1306=LINE('',#10986,#2378);
#1307=LINE('',#10988,#2379);
#1308=LINE('',#10989,#2380);
#1309=LINE('',#10992,#2381);
#1310=LINE('',#10994,#2382);
#1311=LINE('',#10995,#2383);
#1312=LINE('',#10998,#2384);
#1313=LINE('',#11000,#2385);
#1314=LINE('',#11001,#2386);
#1315=LINE('',#11004,#2387);
#1316=LINE('',#11006,#2388);
#1317=LINE('',#11007,#2389);
#1318=LINE('',#11010,#2390);
#1319=LINE('',#11012,#2391);
#1320=LINE('',#11013,#2392);
#1321=LINE('',#11016,#2393);
#1322=LINE('',#11018,#2394);
#1323=LINE('',#11019,#2395);
#1324=LINE('',#11022,#2396);
#1325=LINE('',#11024,#2397);
#1326=LINE('',#11025,#2398);
#1327=LINE('',#11028,#2399);
#1328=LINE('',#11030,#2400);
#1329=LINE('',#11031,#2401);
#1330=LINE('',#11034,#2402);
#1331=LINE('',#11036,#2403);
#1332=LINE('',#11037,#2404);
#1333=LINE('',#11040,#2405);
#1334=LINE('',#11042,#2406);
#1335=LINE('',#11043,#2407);
#1336=LINE('',#11046,#2408);
#1337=LINE('',#11048,#2409);
#1338=LINE('',#11049,#2410);
#1339=LINE('',#11052,#2411);
#1340=LINE('',#11054,#2412);
#1341=LINE('',#11055,#2413);
#1342=LINE('',#11058,#2414);
#1343=LINE('',#11060,#2415);
#1344=LINE('',#11061,#2416);
#1345=LINE('',#11064,#2417);
#1346=LINE('',#11066,#2418);
#1347=LINE('',#11067,#2419);
#1348=LINE('',#11070,#2420);
#1349=LINE('',#11072,#2421);
#1350=LINE('',#11073,#2422);
#1351=LINE('',#11076,#2423);
#1352=LINE('',#11078,#2424);
#1353=LINE('',#11079,#2425);
#1354=LINE('',#11082,#2426);
#1355=LINE('',#11084,#2427);
#1356=LINE('',#11085,#2428);
#1357=LINE('',#11088,#2429);
#1358=LINE('',#11090,#2430);
#1359=LINE('',#11091,#2431);
#1360=LINE('',#11093,#2432);
#1361=LINE('',#11094,#2433);
#1362=LINE('',#11098,#2434);
#1363=LINE('',#11100,#2435);
#1364=LINE('',#11102,#2436);
#1365=LINE('',#11103,#2437);
#1366=LINE('',#11106,#2438);
#1367=LINE('',#11108,#2439);
#1368=LINE('',#11109,#2440);
#1369=LINE('',#11112,#2441);
#1370=LINE('',#11114,#2442);
#1371=LINE('',#11115,#2443);
#1372=LINE('',#11117,#2444);
#1373=LINE('',#11118,#2445);
#1374=LINE('',#11122,#2446);
#1375=LINE('',#11124,#2447);
#1376=LINE('',#11126,#2448);
#1377=LINE('',#11127,#2449);
#1378=LINE('',#11130,#2450);
#1379=LINE('',#11132,#2451);
#1380=LINE('',#11133,#2452);
#1381=LINE('',#11136,#2453);
#1382=LINE('',#11138,#2454);
#1383=LINE('',#11139,#2455);
#1384=LINE('',#11141,#2456);
#1385=LINE('',#11142,#2457);
#1386=LINE('',#11146,#2458);
#1387=LINE('',#11148,#2459);
#1388=LINE('',#11150,#2460);
#1389=LINE('',#11151,#2461);
#1390=LINE('',#11154,#2462);
#1391=LINE('',#11156,#2463);
#1392=LINE('',#11157,#2464);
#1393=LINE('',#11160,#2465);
#1394=LINE('',#11162,#2466);
#1395=LINE('',#11163,#2467);
#1396=LINE('',#11165,#2468);
#1397=LINE('',#11166,#2469);
#1398=LINE('',#11170,#2470);
#1399=LINE('',#11172,#2471);
#1400=LINE('',#11174,#2472);
#1401=LINE('',#11175,#2473);
#1402=LINE('',#11178,#2474);
#1403=LINE('',#11180,#2475);
#1404=LINE('',#11181,#2476);
#1405=LINE('',#11184,#2477);
#1406=LINE('',#11186,#2478);
#1407=LINE('',#11187,#2479);
#1408=LINE('',#11190,#2480);
#1409=LINE('',#11192,#2481);
#1410=LINE('',#11193,#2482);
#1411=LINE('',#11196,#2483);
#1412=LINE('',#11198,#2484);
#1413=LINE('',#11199,#2485);
#1414=LINE('',#11202,#2486);
#1415=LINE('',#11204,#2487);
#1416=LINE('',#11205,#2488);
#1417=LINE('',#11208,#2489);
#1418=LINE('',#11210,#2490);
#1419=LINE('',#11211,#2491);
#1420=LINE('',#11214,#2492);
#1421=LINE('',#11216,#2493);
#1422=LINE('',#11217,#2494);
#1423=LINE('',#11220,#2495);
#1424=LINE('',#11222,#2496);
#1425=LINE('',#11223,#2497);
#1426=LINE('',#11226,#2498);
#1427=LINE('',#11228,#2499);
#1428=LINE('',#11229,#2500);
#1429=LINE('',#11232,#2501);
#1430=LINE('',#11234,#2502);
#1431=LINE('',#11235,#2503);
#1432=LINE('',#11238,#2504);
#1433=LINE('',#11240,#2505);
#1434=LINE('',#11241,#2506);
#1435=LINE('',#11244,#2507);
#1436=LINE('',#11246,#2508);
#1437=LINE('',#11247,#2509);
#1438=LINE('',#11250,#2510);
#1439=LINE('',#11252,#2511);
#1440=LINE('',#11253,#2512);
#1441=LINE('',#11256,#2513);
#1442=LINE('',#11258,#2514);
#1443=LINE('',#11259,#2515);
#1444=LINE('',#11262,#2516);
#1445=LINE('',#11264,#2517);
#1446=LINE('',#11265,#2518);
#1447=LINE('',#11268,#2519);
#1448=LINE('',#11270,#2520);
#1449=LINE('',#11271,#2521);
#1450=LINE('',#11274,#2522);
#1451=LINE('',#11276,#2523);
#1452=LINE('',#11277,#2524);
#1453=LINE('',#11280,#2525);
#1454=LINE('',#11282,#2526);
#1455=LINE('',#11283,#2527);
#1456=LINE('',#11286,#2528);
#1457=LINE('',#11288,#2529);
#1458=LINE('',#11289,#2530);
#1459=LINE('',#11292,#2531);
#1460=LINE('',#11294,#2532);
#1461=LINE('',#11295,#2533);
#1462=LINE('',#11298,#2534);
#1463=LINE('',#11300,#2535);
#1464=LINE('',#11301,#2536);
#1465=LINE('',#11304,#2537);
#1466=LINE('',#11306,#2538);
#1467=LINE('',#11307,#2539);
#1468=LINE('',#11310,#2540);
#1469=LINE('',#11312,#2541);
#1470=LINE('',#11313,#2542);
#1471=LINE('',#11316,#2543);
#1472=LINE('',#11318,#2544);
#1473=LINE('',#11319,#2545);
#1474=LINE('',#11322,#2546);
#1475=LINE('',#11324,#2547);
#1476=LINE('',#11325,#2548);
#1477=LINE('',#11328,#2549);
#1478=LINE('',#11330,#2550);
#1479=LINE('',#11331,#2551);
#1480=LINE('',#11334,#2552);
#1481=LINE('',#11336,#2553);
#1482=LINE('',#11337,#2554);
#1483=LINE('',#11340,#2555);
#1484=LINE('',#11342,#2556);
#1485=LINE('',#11343,#2557);
#1486=LINE('',#11346,#2558);
#1487=LINE('',#11348,#2559);
#1488=LINE('',#11349,#2560);
#1489=LINE('',#11352,#2561);
#1490=LINE('',#11354,#2562);
#1491=LINE('',#11355,#2563);
#1492=LINE('',#11358,#2564);
#1493=LINE('',#11360,#2565);
#1494=LINE('',#11361,#2566);
#1495=LINE('',#11364,#2567);
#1496=LINE('',#11366,#2568);
#1497=LINE('',#11367,#2569);
#1498=LINE('',#11370,#2570);
#1499=LINE('',#11372,#2571);
#1500=LINE('',#11373,#2572);
#1501=LINE('',#11376,#2573);
#1502=LINE('',#11378,#2574);
#1503=LINE('',#11379,#2575);
#1504=LINE('',#11381,#2576);
#1505=LINE('',#11382,#2577);
#1506=LINE('',#11386,#2578);
#1507=LINE('',#11388,#2579);
#1508=LINE('',#11390,#2580);
#1509=LINE('',#11391,#2581);
#1510=LINE('',#11394,#2582);
#1511=LINE('',#11396,#2583);
#1512=LINE('',#11397,#2584);
#1513=LINE('',#11400,#2585);
#1514=LINE('',#11402,#2586);
#1515=LINE('',#11403,#2587);
#1516=LINE('',#11405,#2588);
#1517=LINE('',#11406,#2589);
#1518=LINE('',#11410,#2590);
#1519=LINE('',#11412,#2591);
#1520=LINE('',#11414,#2592);
#1521=LINE('',#11415,#2593);
#1522=LINE('',#11418,#2594);
#1523=LINE('',#11420,#2595);
#1524=LINE('',#11421,#2596);
#1525=LINE('',#11424,#2597);
#1526=LINE('',#11426,#2598);
#1527=LINE('',#11427,#2599);
#1528=LINE('',#11429,#2600);
#1529=LINE('',#11430,#2601);
#1530=LINE('',#11434,#2602);
#1531=LINE('',#11436,#2603);
#1532=LINE('',#11438,#2604);
#1533=LINE('',#11439,#2605);
#1534=LINE('',#11442,#2606);
#1535=LINE('',#11444,#2607);
#1536=LINE('',#11445,#2608);
#1537=LINE('',#11448,#2609);
#1538=LINE('',#11450,#2610);
#1539=LINE('',#11451,#2611);
#1540=LINE('',#11453,#2612);
#1541=LINE('',#11454,#2613);
#1542=LINE('',#11458,#2614);
#1543=LINE('',#11460,#2615);
#1544=LINE('',#11462,#2616);
#1545=LINE('',#11463,#2617);
#1546=LINE('',#11466,#2618);
#1547=LINE('',#11468,#2619);
#1548=LINE('',#11469,#2620);
#1549=LINE('',#11472,#2621);
#1550=LINE('',#11474,#2622);
#1551=LINE('',#11475,#2623);
#1552=LINE('',#11477,#2624);
#1553=LINE('',#11478,#2625);
#1554=LINE('',#11482,#2626);
#1555=LINE('',#11484,#2627);
#1556=LINE('',#11486,#2628);
#1557=LINE('',#11487,#2629);
#1558=LINE('',#11490,#2630);
#1559=LINE('',#11492,#2631);
#1560=LINE('',#11493,#2632);
#1561=LINE('',#11496,#2633);
#1562=LINE('',#11498,#2634);
#1563=LINE('',#11499,#2635);
#1564=LINE('',#11501,#2636);
#1565=LINE('',#11502,#2637);
#1566=LINE('',#11506,#2638);
#1567=LINE('',#11508,#2639);
#1568=LINE('',#11510,#2640);
#1569=LINE('',#11511,#2641);
#1570=LINE('',#11514,#2642);
#1571=LINE('',#11516,#2643);
#1572=LINE('',#11517,#2644);
#1573=LINE('',#11520,#2645);
#1574=LINE('',#11522,#2646);
#1575=LINE('',#11523,#2647);
#1576=LINE('',#11526,#2648);
#1577=LINE('',#11528,#2649);
#1578=LINE('',#11529,#2650);
#1579=LINE('',#11532,#2651);
#1580=LINE('',#11534,#2652);
#1581=LINE('',#11535,#2653);
#1582=LINE('',#11538,#2654);
#1583=LINE('',#11540,#2655);
#1584=LINE('',#11541,#2656);
#1585=LINE('',#11544,#2657);
#1586=LINE('',#11546,#2658);
#1587=LINE('',#11547,#2659);
#1588=LINE('',#11550,#2660);
#1589=LINE('',#11552,#2661);
#1590=LINE('',#11553,#2662);
#1591=LINE('',#11556,#2663);
#1592=LINE('',#11558,#2664);
#1593=LINE('',#11559,#2665);
#1594=LINE('',#11562,#2666);
#1595=LINE('',#11564,#2667);
#1596=LINE('',#11565,#2668);
#1597=LINE('',#11568,#2669);
#1598=LINE('',#11570,#2670);
#1599=LINE('',#11571,#2671);
#1600=LINE('',#11574,#2672);
#1601=LINE('',#11576,#2673);
#1602=LINE('',#11577,#2674);
#1603=LINE('',#11580,#2675);
#1604=LINE('',#11582,#2676);
#1605=LINE('',#11583,#2677);
#1606=LINE('',#11586,#2678);
#1607=LINE('',#11588,#2679);
#1608=LINE('',#11589,#2680);
#1609=LINE('',#11592,#2681);
#1610=LINE('',#11594,#2682);
#1611=LINE('',#11595,#2683);
#1612=LINE('',#11598,#2684);
#1613=LINE('',#11600,#2685);
#1614=LINE('',#11601,#2686);
#1615=LINE('',#11604,#2687);
#1616=LINE('',#11606,#2688);
#1617=LINE('',#11607,#2689);
#1618=LINE('',#11610,#2690);
#1619=LINE('',#11612,#2691);
#1620=LINE('',#11613,#2692);
#1621=LINE('',#11616,#2693);
#1622=LINE('',#11618,#2694);
#1623=LINE('',#11619,#2695);
#1624=LINE('',#11622,#2696);
#1625=LINE('',#11624,#2697);
#1626=LINE('',#11625,#2698);
#1627=LINE('',#11628,#2699);
#1628=LINE('',#11630,#2700);
#1629=LINE('',#11631,#2701);
#1630=LINE('',#11634,#2702);
#1631=LINE('',#11636,#2703);
#1632=LINE('',#11637,#2704);
#1633=LINE('',#11640,#2705);
#1634=LINE('',#11642,#2706);
#1635=LINE('',#11643,#2707);
#1636=LINE('',#11646,#2708);
#1637=LINE('',#11648,#2709);
#1638=LINE('',#11649,#2710);
#1639=LINE('',#11652,#2711);
#1640=LINE('',#11654,#2712);
#1641=LINE('',#11655,#2713);
#1642=LINE('',#11658,#2714);
#1643=LINE('',#11660,#2715);
#1644=LINE('',#11661,#2716);
#1645=LINE('',#11664,#2717);
#1646=LINE('',#11666,#2718);
#1647=LINE('',#11667,#2719);
#1648=LINE('',#11670,#2720);
#1649=LINE('',#11672,#2721);
#1650=LINE('',#11673,#2722);
#1651=LINE('',#11676,#2723);
#1652=LINE('',#11678,#2724);
#1653=LINE('',#11679,#2725);
#1654=LINE('',#11682,#2726);
#1655=LINE('',#11684,#2727);
#1656=LINE('',#11685,#2728);
#1657=LINE('',#11688,#2729);
#1658=LINE('',#11690,#2730);
#1659=LINE('',#11691,#2731);
#1660=LINE('',#11694,#2732);
#1661=LINE('',#11696,#2733);
#1662=LINE('',#11697,#2734);
#1663=LINE('',#11700,#2735);
#1664=LINE('',#11702,#2736);
#1665=LINE('',#11703,#2737);
#1666=LINE('',#11706,#2738);
#1667=LINE('',#11708,#2739);
#1668=LINE('',#11709,#2740);
#1669=LINE('',#11712,#2741);
#1670=LINE('',#11714,#2742);
#1671=LINE('',#11715,#2743);
#1672=LINE('',#11717,#2744);
#1673=LINE('',#11718,#2745);
#1674=LINE('',#11722,#2746);
#1675=LINE('',#11724,#2747);
#1676=LINE('',#11726,#2748);
#1677=LINE('',#11727,#2749);
#1678=LINE('',#11730,#2750);
#1679=LINE('',#11732,#2751);
#1680=LINE('',#11733,#2752);
#1681=LINE('',#11736,#2753);
#1682=LINE('',#11738,#2754);
#1683=LINE('',#11739,#2755);
#1684=LINE('',#11741,#2756);
#1685=LINE('',#11742,#2757);
#1686=LINE('',#11746,#2758);
#1687=LINE('',#11748,#2759);
#1688=LINE('',#11750,#2760);
#1689=LINE('',#11751,#2761);
#1690=LINE('',#11754,#2762);
#1691=LINE('',#11756,#2763);
#1692=LINE('',#11757,#2764);
#1693=LINE('',#11760,#2765);
#1694=LINE('',#11762,#2766);
#1695=LINE('',#11763,#2767);
#1696=LINE('',#11765,#2768);
#1697=LINE('',#11766,#2769);
#1698=LINE('',#11770,#2770);
#1699=LINE('',#11772,#2771);
#1700=LINE('',#11774,#2772);
#1701=LINE('',#11775,#2773);
#1702=LINE('',#11778,#2774);
#1703=LINE('',#11780,#2775);
#1704=LINE('',#11781,#2776);
#1705=LINE('',#11784,#2777);
#1706=LINE('',#11786,#2778);
#1707=LINE('',#11787,#2779);
#1708=LINE('',#11789,#2780);
#1709=LINE('',#11790,#2781);
#1710=LINE('',#11794,#2782);
#1711=LINE('',#11796,#2783);
#1712=LINE('',#11798,#2784);
#1713=LINE('',#11799,#2785);
#1714=LINE('',#11802,#2786);
#1715=LINE('',#11804,#2787);
#1716=LINE('',#11805,#2788);
#1717=LINE('',#11808,#2789);
#1718=LINE('',#11810,#2790);
#1719=LINE('',#11811,#2791);
#1720=LINE('',#11813,#2792);
#1721=LINE('',#11814,#2793);
#1722=LINE('',#11818,#2794);
#1723=LINE('',#11820,#2795);
#1724=LINE('',#11822,#2796);
#1725=LINE('',#11823,#2797);
#1726=LINE('',#11826,#2798);
#1727=LINE('',#11828,#2799);
#1728=LINE('',#11829,#2800);
#1729=LINE('',#11832,#2801);
#1730=LINE('',#11834,#2802);
#1731=LINE('',#11835,#2803);
#1732=LINE('',#11837,#2804);
#1733=LINE('',#11838,#2805);
#1734=LINE('',#11842,#2806);
#1735=LINE('',#11844,#2807);
#1736=LINE('',#11846,#2808);
#1737=LINE('',#11847,#2809);
#1738=LINE('',#11850,#2810);
#1739=LINE('',#11852,#2811);
#1740=LINE('',#11853,#2812);
#1741=LINE('',#11856,#2813);
#1742=LINE('',#11858,#2814);
#1743=LINE('',#11859,#2815);
#1744=LINE('',#11861,#2816);
#1745=LINE('',#11862,#2817);
#1746=LINE('',#11866,#2818);
#1747=LINE('',#11868,#2819);
#1748=LINE('',#11870,#2820);
#1749=LINE('',#11871,#2821);
#1750=LINE('',#11874,#2822);
#1751=LINE('',#11876,#2823);
#1752=LINE('',#11877,#2824);
#1753=LINE('',#11880,#2825);
#1754=LINE('',#11882,#2826);
#1755=LINE('',#11883,#2827);
#1756=LINE('',#11885,#2828);
#1757=LINE('',#11886,#2829);
#1758=LINE('',#11890,#2830);
#1759=LINE('',#11892,#2831);
#1760=LINE('',#11894,#2832);
#1761=LINE('',#11895,#2833);
#1762=LINE('',#11898,#2834);
#1763=LINE('',#11900,#2835);
#1764=LINE('',#11901,#2836);
#1765=LINE('',#11904,#2837);
#1766=LINE('',#11906,#2838);
#1767=LINE('',#11907,#2839);
#1768=LINE('',#11909,#2840);
#1769=LINE('',#11910,#2841);
#1770=LINE('',#11914,#2842);
#1771=LINE('',#11916,#2843);
#1772=LINE('',#11918,#2844);
#1773=LINE('',#11919,#2845);
#1774=LINE('',#11922,#2846);
#1775=LINE('',#11924,#2847);
#1776=LINE('',#11925,#2848);
#1777=LINE('',#11928,#2849);
#1778=LINE('',#11930,#2850);
#1779=LINE('',#11931,#2851);
#1780=LINE('',#11933,#2852);
#1781=LINE('',#11934,#2853);
#1782=LINE('',#11938,#2854);
#1783=LINE('',#11940,#2855);
#1784=LINE('',#11942,#2856);
#1785=LINE('',#11943,#2857);
#1786=LINE('',#11946,#2858);
#1787=LINE('',#11948,#2859);
#1788=LINE('',#11949,#2860);
#1789=LINE('',#11952,#2861);
#1790=LINE('',#11954,#2862);
#1791=LINE('',#11955,#2863);
#1792=LINE('',#11957,#2864);
#1793=LINE('',#11958,#2865);
#1794=LINE('',#11962,#2866);
#1795=LINE('',#11964,#2867);
#1796=LINE('',#11966,#2868);
#1797=LINE('',#11967,#2869);
#1798=LINE('',#11970,#2870);
#1799=LINE('',#11972,#2871);
#1800=LINE('',#11973,#2872);
#1801=LINE('',#11976,#2873);
#1802=LINE('',#11978,#2874);
#1803=LINE('',#11979,#2875);
#1804=LINE('',#11981,#2876);
#1805=LINE('',#11982,#2877);
#1806=LINE('',#11986,#2878);
#1807=LINE('',#11988,#2879);
#1808=LINE('',#11990,#2880);
#1809=LINE('',#11991,#2881);
#1810=LINE('',#11994,#2882);
#1811=LINE('',#11996,#2883);
#1812=LINE('',#11997,#2884);
#1813=LINE('',#12000,#2885);
#1814=LINE('',#12002,#2886);
#1815=LINE('',#12003,#2887);
#1816=LINE('',#12005,#2888);
#1817=LINE('',#12006,#2889);
#1818=LINE('',#12010,#2890);
#1819=LINE('',#12012,#2891);
#1820=LINE('',#12014,#2892);
#1821=LINE('',#12015,#2893);
#1822=LINE('',#12018,#2894);
#1823=LINE('',#12020,#2895);
#1824=LINE('',#12021,#2896);
#1825=LINE('',#12024,#2897);
#1826=LINE('',#12026,#2898);
#1827=LINE('',#12027,#2899);
#1828=LINE('',#12029,#2900);
#1829=LINE('',#12030,#2901);
#1830=LINE('',#12034,#2902);
#1831=LINE('',#12036,#2903);
#1832=LINE('',#12038,#2904);
#1833=LINE('',#12039,#2905);
#1834=LINE('',#12042,#2906);
#1835=LINE('',#12044,#2907);
#1836=LINE('',#12045,#2908);
#1837=LINE('',#12048,#2909);
#1838=LINE('',#12050,#2910);
#1839=LINE('',#12051,#2911);
#1840=LINE('',#12053,#2912);
#1841=LINE('',#12054,#2913);
#1842=LINE('',#12058,#2914);
#1843=LINE('',#12060,#2915);
#1844=LINE('',#12062,#2916);
#1845=LINE('',#12063,#2917);
#1846=LINE('',#12066,#2918);
#1847=LINE('',#12068,#2919);
#1848=LINE('',#12069,#2920);
#1849=LINE('',#12072,#2921);
#1850=LINE('',#12074,#2922);
#1851=LINE('',#12075,#2923);
#1852=LINE('',#12077,#2924);
#1853=LINE('',#12078,#2925);
#1854=LINE('',#12082,#2926);
#1855=LINE('',#12084,#2927);
#1856=LINE('',#12086,#2928);
#1857=LINE('',#12087,#2929);
#1858=LINE('',#12090,#2930);
#1859=LINE('',#12092,#2931);
#1860=LINE('',#12093,#2932);
#1861=LINE('',#12096,#2933);
#1862=LINE('',#12098,#2934);
#1863=LINE('',#12099,#2935);
#1864=LINE('',#12101,#2936);
#1865=LINE('',#12102,#2937);
#1866=LINE('',#12106,#2938);
#1867=LINE('',#12108,#2939);
#1868=LINE('',#12110,#2940);
#1869=LINE('',#12111,#2941);
#1870=LINE('',#12114,#2942);
#1871=LINE('',#12116,#2943);
#1872=LINE('',#12117,#2944);
#1873=LINE('',#12120,#2945);
#1874=LINE('',#12122,#2946);
#1875=LINE('',#12123,#2947);
#1876=LINE('',#12125,#2948);
#1877=LINE('',#12126,#2949);
#1878=LINE('',#12130,#2950);
#1879=LINE('',#12132,#2951);
#1880=LINE('',#12134,#2952);
#1881=LINE('',#12135,#2953);
#1882=LINE('',#12138,#2954);
#1883=LINE('',#12140,#2955);
#1884=LINE('',#12141,#2956);
#1885=LINE('',#12144,#2957);
#1886=LINE('',#12146,#2958);
#1887=LINE('',#12147,#2959);
#1888=LINE('',#12149,#2960);
#1889=LINE('',#12150,#2961);
#1890=LINE('',#12154,#2962);
#1891=LINE('',#12156,#2963);
#1892=LINE('',#12158,#2964);
#1893=LINE('',#12159,#2965);
#1894=LINE('',#12162,#2966);
#1895=LINE('',#12164,#2967);
#1896=LINE('',#12165,#2968);
#1897=LINE('',#12168,#2969);
#1898=LINE('',#12170,#2970);
#1899=LINE('',#12171,#2971);
#1900=LINE('',#12173,#2972);
#1901=LINE('',#12174,#2973);
#1902=LINE('',#12178,#2974);
#1903=LINE('',#12180,#2975);
#1904=LINE('',#12182,#2976);
#1905=LINE('',#12183,#2977);
#1906=LINE('',#12186,#2978);
#1907=LINE('',#12188,#2979);
#1908=LINE('',#12189,#2980);
#1909=LINE('',#12192,#2981);
#1910=LINE('',#12194,#2982);
#1911=LINE('',#12195,#2983);
#1912=LINE('',#12197,#2984);
#1913=LINE('',#12198,#2985);
#1914=LINE('',#12202,#2986);
#1915=LINE('',#12204,#2987);
#1916=LINE('',#12206,#2988);
#1917=LINE('',#12207,#2989);
#1918=LINE('',#12210,#2990);
#1919=LINE('',#12212,#2991);
#1920=LINE('',#12213,#2992);
#1921=LINE('',#12216,#2993);
#1922=LINE('',#12218,#2994);
#1923=LINE('',#12219,#2995);
#1924=LINE('',#12221,#2996);
#1925=LINE('',#12222,#2997);
#1926=LINE('',#12226,#2998);
#1927=LINE('',#12228,#2999);
#1928=LINE('',#12230,#3000);
#1929=LINE('',#12231,#3001);
#1930=LINE('',#12234,#3002);
#1931=LINE('',#12236,#3003);
#1932=LINE('',#12237,#3004);
#1933=LINE('',#12240,#3005);
#1934=LINE('',#12242,#3006);
#1935=LINE('',#12243,#3007);
#1936=LINE('',#12245,#3008);
#1937=LINE('',#12246,#3009);
#1938=LINE('',#12250,#3010);
#1939=LINE('',#12252,#3011);
#1940=LINE('',#12254,#3012);
#1941=LINE('',#12255,#3013);
#1942=LINE('',#12258,#3014);
#1943=LINE('',#12260,#3015);
#1944=LINE('',#12261,#3016);
#1945=LINE('',#12264,#3017);
#1946=LINE('',#12266,#3018);
#1947=LINE('',#12267,#3019);
#1948=LINE('',#12269,#3020);
#1949=LINE('',#12270,#3021);
#1950=LINE('',#12274,#3022);
#1951=LINE('',#12276,#3023);
#1952=LINE('',#12278,#3024);
#1953=LINE('',#12279,#3025);
#1954=LINE('',#12282,#3026);
#1955=LINE('',#12284,#3027);
#1956=LINE('',#12285,#3028);
#1957=LINE('',#12288,#3029);
#1958=LINE('',#12290,#3030);
#1959=LINE('',#12291,#3031);
#1960=LINE('',#12293,#3032);
#1961=LINE('',#12294,#3033);
#1962=LINE('',#12298,#3034);
#1963=LINE('',#12300,#3035);
#1964=LINE('',#12302,#3036);
#1965=LINE('',#12303,#3037);
#1966=LINE('',#12306,#3038);
#1967=LINE('',#12308,#3039);
#1968=LINE('',#12309,#3040);
#1969=LINE('',#12312,#3041);
#1970=LINE('',#12314,#3042);
#1971=LINE('',#12315,#3043);
#1972=LINE('',#12317,#3044);
#1973=LINE('',#12318,#3045);
#1974=LINE('',#12322,#3046);
#1975=LINE('',#12324,#3047);
#1976=LINE('',#12326,#3048);
#1977=LINE('',#12327,#3049);
#1978=LINE('',#12330,#3050);
#1979=LINE('',#12332,#3051);
#1980=LINE('',#12333,#3052);
#1981=LINE('',#12336,#3053);
#1982=LINE('',#12338,#3054);
#1983=LINE('',#12339,#3055);
#1984=LINE('',#12341,#3056);
#1985=LINE('',#12342,#3057);
#1986=LINE('',#12346,#3058);
#1987=LINE('',#12348,#3059);
#1988=LINE('',#12350,#3060);
#1989=LINE('',#12351,#3061);
#1990=LINE('',#12354,#3062);
#1991=LINE('',#12356,#3063);
#1992=LINE('',#12357,#3064);
#1993=LINE('',#12360,#3065);
#1994=LINE('',#12362,#3066);
#1995=LINE('',#12363,#3067);
#1996=LINE('',#12365,#3068);
#1997=LINE('',#12366,#3069);
#1998=LINE('',#12370,#3070);
#1999=LINE('',#12372,#3071);
#2000=LINE('',#12374,#3072);
#2001=LINE('',#12375,#3073);
#2002=LINE('',#12378,#3074);
#2003=LINE('',#12380,#3075);
#2004=LINE('',#12381,#3076);
#2005=LINE('',#12384,#3077);
#2006=LINE('',#12386,#3078);
#2007=LINE('',#12387,#3079);
#2008=LINE('',#12389,#3080);
#2009=LINE('',#12390,#3081);
#2010=LINE('',#12394,#3082);
#2011=LINE('',#12396,#3083);
#2012=LINE('',#12398,#3084);
#2013=LINE('',#12399,#3085);
#2014=LINE('',#12402,#3086);
#2015=LINE('',#12404,#3087);
#2016=LINE('',#12405,#3088);
#2017=LINE('',#12408,#3089);
#2018=LINE('',#12410,#3090);
#2019=LINE('',#12411,#3091);
#2020=LINE('',#12413,#3092);
#2021=LINE('',#12414,#3093);
#2022=LINE('',#12418,#3094);
#2023=LINE('',#12420,#3095);
#2024=LINE('',#12422,#3096);
#2025=LINE('',#12423,#3097);
#2026=LINE('',#12426,#3098);
#2027=LINE('',#12428,#3099);
#2028=LINE('',#12429,#3100);
#2029=LINE('',#12432,#3101);
#2030=LINE('',#12434,#3102);
#2031=LINE('',#12435,#3103);
#2032=LINE('',#12437,#3104);
#2033=LINE('',#12438,#3105);
#2034=LINE('',#12442,#3106);
#2035=LINE('',#12444,#3107);
#2036=LINE('',#12446,#3108);
#2037=LINE('',#12447,#3109);
#2038=LINE('',#12450,#3110);
#2039=LINE('',#12452,#3111);
#2040=LINE('',#12453,#3112);
#2041=LINE('',#12456,#3113);
#2042=LINE('',#12458,#3114);
#2043=LINE('',#12459,#3115);
#2044=LINE('',#12461,#3116);
#2045=LINE('',#12462,#3117);
#2046=LINE('',#12466,#3118);
#2047=LINE('',#12468,#3119);
#2048=LINE('',#12470,#3120);
#2049=LINE('',#12471,#3121);
#2050=LINE('',#12474,#3122);
#2051=LINE('',#12476,#3123);
#2052=LINE('',#12477,#3124);
#2053=LINE('',#12480,#3125);
#2054=LINE('',#12482,#3126);
#2055=LINE('',#12483,#3127);
#2056=LINE('',#12485,#3128);
#2057=LINE('',#12486,#3129);
#2058=LINE('',#12490,#3130);
#2059=LINE('',#12492,#3131);
#2060=LINE('',#12494,#3132);
#2061=LINE('',#12495,#3133);
#2062=LINE('',#12498,#3134);
#2063=LINE('',#12500,#3135);
#2064=LINE('',#12501,#3136);
#2065=LINE('',#12504,#3137);
#2066=LINE('',#12506,#3138);
#2067=LINE('',#12507,#3139);
#2068=LINE('',#12509,#3140);
#2069=LINE('',#12510,#3141);
#2070=LINE('',#12514,#3142);
#2071=LINE('',#12516,#3143);
#2072=LINE('',#12518,#3144);
#2073=LINE('',#12519,#3145);
#2074=LINE('',#12522,#3146);
#2075=LINE('',#12524,#3147);
#2076=LINE('',#12525,#3148);
#2077=LINE('',#12528,#3149);
#2078=LINE('',#12530,#3150);
#2079=LINE('',#12531,#3151);
#2080=LINE('',#12533,#3152);
#2081=LINE('',#12534,#3153);
#2082=LINE('',#12538,#3154);
#2083=LINE('',#12540,#3155);
#2084=LINE('',#12542,#3156);
#2085=LINE('',#12543,#3157);
#2086=LINE('',#12546,#3158);
#2087=LINE('',#12548,#3159);
#2088=LINE('',#12549,#3160);
#2089=LINE('',#12552,#3161);
#2090=LINE('',#12554,#3162);
#2091=LINE('',#12555,#3163);
#2092=LINE('',#12557,#3164);
#2093=LINE('',#12558,#3165);
#2094=LINE('',#12562,#3166);
#2095=LINE('',#12564,#3167);
#2096=LINE('',#12566,#3168);
#2097=LINE('',#12567,#3169);
#2098=LINE('',#12570,#3170);
#2099=LINE('',#12572,#3171);
#2100=LINE('',#12573,#3172);
#2101=LINE('',#12576,#3173);
#2102=LINE('',#12578,#3174);
#2103=LINE('',#12579,#3175);
#2104=LINE('',#12581,#3176);
#2105=LINE('',#12582,#3177);
#2106=LINE('',#12586,#3178);
#2107=LINE('',#12588,#3179);
#2108=LINE('',#12590,#3180);
#2109=LINE('',#12591,#3181);
#2110=LINE('',#12594,#3182);
#2111=LINE('',#12596,#3183);
#2112=LINE('',#12597,#3184);
#2113=LINE('',#12600,#3185);
#2114=LINE('',#12602,#3186);
#2115=LINE('',#12603,#3187);
#2116=LINE('',#12605,#3188);
#2117=LINE('',#12606,#3189);
#2118=LINE('',#12610,#3190);
#2119=LINE('',#12612,#3191);
#2120=LINE('',#12614,#3192);
#2121=LINE('',#12615,#3193);
#2122=LINE('',#12621,#3194);
#2123=LINE('',#12624,#3195);
#2124=LINE('',#12626,#3196);
#2125=LINE('',#12627,#3197);
#2126=LINE('',#12634,#3198);
#2127=LINE('',#12638,#3199);
#2128=LINE('',#12643,#3200);
#2129=LINE('',#12647,#3201);
#2130=LINE('',#12652,#3202);
#2131=LINE('',#12656,#3203);
#2132=LINE('',#12661,#3204);
#2133=LINE('',#12665,#3205);
#2134=LINE('',#12670,#3206);
#2135=LINE('',#12674,#3207);
#2136=LINE('',#12679,#3208);
#2137=LINE('',#12685,#3209);
#2138=LINE('',#12687,#3210);
#2139=LINE('',#12689,#3211);
#2140=LINE('',#12690,#3212);
#2141=LINE('',#12696,#3213);
#2142=LINE('',#12699,#3214);
#2143=LINE('',#12701,#3215);
#2144=LINE('',#12702,#3216);
#2145=LINE('',#12709,#3217);
#2146=LINE('',#12711,#3218);
#2147=LINE('',#12713,#3219);
#2148=LINE('',#12714,#3220);
#2149=LINE('',#12720,#3221);
#2150=LINE('',#12723,#3222);
#2151=LINE('',#12725,#3223);
#2152=LINE('',#12726,#3224);
#2153=LINE('',#12733,#3225);
#2154=LINE('',#12737,#3226);
#2155=LINE('',#12742,#3227);
#2156=LINE('',#12744,#3228);
#2157=LINE('',#12746,#3229);
#2158=LINE('',#12747,#3230);
#2159=LINE('',#12753,#3231);
#2160=LINE('',#12756,#3232);
#2161=LINE('',#12758,#3233);
#2162=LINE('',#12759,#3234);
#2163=LINE('',#12766,#3235);
#2164=LINE('',#12770,#3236);
#2165=LINE('',#12776,#3237);
#2166=LINE('',#12782,#3238);
#2167=LINE('',#12788,#3239);
#2168=LINE('',#12794,#3240);
#2169=LINE('',#12800,#3241);
#2170=LINE('',#12806,#3242);
#2171=LINE('',#12812,#3243);
#2172=LINE('',#12818,#3244);
#2173=LINE('',#12822,#3245);
#2174=LINE('',#12824,#3246);
#2175=LINE('',#12828,#3247);
#2176=LINE('',#12832,#3248);
#2177=LINE('',#12833,#3249);
#2178=LINE('',#12834,#3250);
#2179=LINE('',#12836,#3251);
#2180=LINE('',#12837,#3252);
#2181=LINE('',#12838,#3253);
#2182=LINE('',#12840,#3254);
#2183=LINE('',#12842,#3255);
#2184=LINE('',#12846,#3256);
#2185=LINE('',#12850,#3257);
#2186=LINE('',#12851,#3258);
#2187=LINE('',#12852,#3259);
#2188=LINE('',#12854,#3260);
#2189=LINE('',#12856,#3261);
#2190=LINE('',#12857,#3262);
#2191=LINE('',#12858,#3263);
#2192=LINE('',#12876,#3264);
#2193=LINE('',#12878,#3265);
#2194=LINE('',#12880,#3266);
#2195=LINE('',#12881,#3267);
#2196=LINE('',#12882,#3268);
#2197=LINE('',#12884,#3269);
#2198=LINE('',#12886,#3270);
#2199=LINE('',#12890,#3271);
#2200=LINE('',#12894,#3272);
#2201=LINE('',#12895,#3273);
#2202=LINE('',#12896,#3274);
#2203=LINE('',#12898,#3275);
#2204=LINE('',#12899,#3276);
#2205=LINE('',#12900,#3277);
#2206=LINE('',#12902,#3278);
#2207=LINE('',#12904,#3279);
#2208=LINE('',#12908,#3280);
#2209=LINE('',#12912,#3281);
#2210=LINE('',#12913,#3282);
#2211=LINE('',#12935,#3283);
#2212=LINE('',#12937,#3284);
#2213=LINE('',#12940,#3285);
#2214=LINE('',#12942,#3286);
#2215=LINE('',#12944,#3287);
#2216=LINE('',#12946,#3288);
#2217=LINE('',#12948,#3289);
#2218=LINE('',#12950,#3290);
#2219=LINE('',#12952,#3291);
#2220=LINE('',#12954,#3292);
#2221=LINE('',#12956,#3293);
#2222=LINE('',#12958,#3294);
#2223=LINE('',#12960,#3295);
#2224=LINE('',#12962,#3296);
#2225=LINE('',#12964,#3297);
#2226=LINE('',#12967,#3298);
#2227=LINE('',#12969,#3299);
#2228=LINE('',#12971,#3300);
#2229=LINE('',#12973,#3301);
#2230=LINE('',#12975,#3302);
#2231=LINE('',#12977,#3303);
#2232=LINE('',#12979,#3304);
#2233=LINE('',#12981,#3305);
#2234=VECTOR('',#8703,10.);
#2235=VECTOR('',#8704,10.);
#2236=VECTOR('',#8705,10.);
#2237=VECTOR('',#8706,10.);
#2238=VECTOR('',#8711,10.);
#2239=VECTOR('',#8716,10.);
#2240=VECTOR('',#8717,10.);
#2241=VECTOR('',#8718,10.);
#2242=VECTOR('',#8721,10.);
#2243=VECTOR('',#8722,10.);
#2244=VECTOR('',#8723,10.);
#2245=VECTOR('',#8724,10.);
#2246=VECTOR('',#8727,10.);
#2247=VECTOR('',#8728,10.);
#2248=VECTOR('',#8729,10.);
#2249=VECTOR('',#8732,10.);
#2250=VECTOR('',#8733,10.);
#2251=VECTOR('',#8734,10.);
#2252=VECTOR('',#8737,10.);
#2253=VECTOR('',#8738,10.);
#2254=VECTOR('',#8741,10.);
#2255=VECTOR('',#8742,10.);
#2256=VECTOR('',#8743,10.);
#2257=VECTOR('',#8744,10.);
#2258=VECTOR('',#8747,10.);
#2259=VECTOR('',#8748,10.);
#2260=VECTOR('',#8749,10.);
#2261=VECTOR('',#8752,10.);
#2262=VECTOR('',#8753,10.);
#2263=VECTOR('',#8754,10.);
#2264=VECTOR('',#8757,10.);
#2265=VECTOR('',#8758,10.);
#2266=VECTOR('',#8761,10.);
#2267=VECTOR('',#8762,10.);
#2268=VECTOR('',#8763,10.);
#2269=VECTOR('',#8764,10.);
#2270=VECTOR('',#8767,10.);
#2271=VECTOR('',#8768,10.);
#2272=VECTOR('',#8769,10.);
#2273=VECTOR('',#8772,10.);
#2274=VECTOR('',#8773,10.);
#2275=VECTOR('',#8774,10.);
#2276=VECTOR('',#8777,10.);
#2277=VECTOR('',#8778,10.);
#2278=VECTOR('',#8781,10.);
#2279=VECTOR('',#8782,10.);
#2280=VECTOR('',#8783,10.);
#2281=VECTOR('',#8784,10.);
#2282=VECTOR('',#8787,10.);
#2283=VECTOR('',#8788,10.);
#2284=VECTOR('',#8789,10.);
#2285=VECTOR('',#8792,10.);
#2286=VECTOR('',#8793,10.);
#2287=VECTOR('',#8794,10.);
#2288=VECTOR('',#8797,10.);
#2289=VECTOR('',#8798,10.);
#2290=VECTOR('',#8801,10.);
#2291=VECTOR('',#8802,10.);
#2292=VECTOR('',#8803,10.);
#2293=VECTOR('',#8804,10.);
#2294=VECTOR('',#8807,10.);
#2295=VECTOR('',#8808,10.);
#2296=VECTOR('',#8809,10.);
#2297=VECTOR('',#8812,10.);
#2298=VECTOR('',#8813,10.);
#2299=VECTOR('',#8814,10.);
#2300=VECTOR('',#8817,10.);
#2301=VECTOR('',#8818,10.);
#2302=VECTOR('',#8821,10.);
#2303=VECTOR('',#8822,10.);
#2304=VECTOR('',#8823,10.);
#2305=VECTOR('',#8824,10.);
#2306=VECTOR('',#8827,10.);
#2307=VECTOR('',#8828,10.);
#2308=VECTOR('',#8829,10.);
#2309=VECTOR('',#8832,10.);
#2310=VECTOR('',#8833,10.);
#2311=VECTOR('',#8834,10.);
#2312=VECTOR('',#8837,10.);
#2313=VECTOR('',#8838,10.);
#2314=VECTOR('',#8841,10.);
#2315=VECTOR('',#8842,10.);
#2316=VECTOR('',#8843,10.);
#2317=VECTOR('',#8844,10.);
#2318=VECTOR('',#8847,10.);
#2319=VECTOR('',#8848,10.);
#2320=VECTOR('',#8849,10.);
#2321=VECTOR('',#8852,10.);
#2322=VECTOR('',#8853,10.);
#2323=VECTOR('',#8854,10.);
#2324=VECTOR('',#8857,10.);
#2325=VECTOR('',#8858,10.);
#2326=VECTOR('',#8861,10.);
#2327=VECTOR('',#8862,10.);
#2328=VECTOR('',#8863,10.);
#2329=VECTOR('',#8864,10.);
#2330=VECTOR('',#8867,10.);
#2331=VECTOR('',#8868,10.);
#2332=VECTOR('',#8869,10.);
#2333=VECTOR('',#8872,10.);
#2334=VECTOR('',#8873,10.);
#2335=VECTOR('',#8874,10.);
#2336=VECTOR('',#8877,10.);
#2337=VECTOR('',#8878,10.);
#2338=VECTOR('',#8879,10.);
#2339=VECTOR('',#8882,10.);
#2340=VECTOR('',#8883,10.);
#2341=VECTOR('',#8884,10.);
#2342=VECTOR('',#8887,10.);
#2343=VECTOR('',#8888,10.);
#2344=VECTOR('',#8889,10.);
#2345=VECTOR('',#8892,10.);
#2346=VECTOR('',#8893,10.);
#2347=VECTOR('',#8894,10.);
#2348=VECTOR('',#8897,10.);
#2349=VECTOR('',#8898,10.);
#2350=VECTOR('',#8899,10.);
#2351=VECTOR('',#8902,10.);
#2352=VECTOR('',#8903,10.);
#2353=VECTOR('',#8904,10.);
#2354=VECTOR('',#8907,10.);
#2355=VECTOR('',#8908,10.);
#2356=VECTOR('',#8909,10.);
#2357=VECTOR('',#8912,10.);
#2358=VECTOR('',#8913,10.);
#2359=VECTOR('',#8914,10.);
#2360=VECTOR('',#8917,10.);
#2361=VECTOR('',#8918,10.);
#2362=VECTOR('',#8919,10.);
#2363=VECTOR('',#8922,10.);
#2364=VECTOR('',#8923,10.);
#2365=VECTOR('',#8924,10.);
#2366=VECTOR('',#8927,10.);
#2367=VECTOR('',#8928,10.);
#2368=VECTOR('',#8929,10.);
#2369=VECTOR('',#8932,10.);
#2370=VECTOR('',#8933,10.);
#2371=VECTOR('',#8934,10.);
#2372=VECTOR('',#8937,10.);
#2373=VECTOR('',#8938,10.);
#2374=VECTOR('',#8939,10.);
#2375=VECTOR('',#8942,10.);
#2376=VECTOR('',#8943,10.);
#2377=VECTOR('',#8944,10.);
#2378=VECTOR('',#8947,10.);
#2379=VECTOR('',#8948,10.);
#2380=VECTOR('',#8949,10.);
#2381=VECTOR('',#8952,10.);
#2382=VECTOR('',#8953,10.);
#2383=VECTOR('',#8954,10.);
#2384=VECTOR('',#8957,10.);
#2385=VECTOR('',#8958,10.);
#2386=VECTOR('',#8959,10.);
#2387=VECTOR('',#8962,10.);
#2388=VECTOR('',#8963,10.);
#2389=VECTOR('',#8964,10.);
#2390=VECTOR('',#8967,10.);
#2391=VECTOR('',#8968,10.);
#2392=VECTOR('',#8969,10.);
#2393=VECTOR('',#8972,10.);
#2394=VECTOR('',#8973,10.);
#2395=VECTOR('',#8974,10.);
#2396=VECTOR('',#8977,10.);
#2397=VECTOR('',#8978,10.);
#2398=VECTOR('',#8979,10.);
#2399=VECTOR('',#8982,10.);
#2400=VECTOR('',#8983,10.);
#2401=VECTOR('',#8984,10.);
#2402=VECTOR('',#8987,10.);
#2403=VECTOR('',#8988,10.);
#2404=VECTOR('',#8989,10.);
#2405=VECTOR('',#8992,10.);
#2406=VECTOR('',#8993,10.);
#2407=VECTOR('',#8994,10.);
#2408=VECTOR('',#8997,10.);
#2409=VECTOR('',#8998,10.);
#2410=VECTOR('',#8999,10.);
#2411=VECTOR('',#9002,10.);
#2412=VECTOR('',#9003,10.);
#2413=VECTOR('',#9004,10.);
#2414=VECTOR('',#9007,10.);
#2415=VECTOR('',#9008,10.);
#2416=VECTOR('',#9009,10.);
#2417=VECTOR('',#9012,10.);
#2418=VECTOR('',#9013,10.);
#2419=VECTOR('',#9014,10.);
#2420=VECTOR('',#9017,10.);
#2421=VECTOR('',#9018,10.);
#2422=VECTOR('',#9019,10.);
#2423=VECTOR('',#9022,10.);
#2424=VECTOR('',#9023,10.);
#2425=VECTOR('',#9024,10.);
#2426=VECTOR('',#9027,10.);
#2427=VECTOR('',#9028,10.);
#2428=VECTOR('',#9029,10.);
#2429=VECTOR('',#9032,10.);
#2430=VECTOR('',#9033,10.);
#2431=VECTOR('',#9034,10.);
#2432=VECTOR('',#9037,10.);
#2433=VECTOR('',#9038,10.);
#2434=VECTOR('',#9041,10.);
#2435=VECTOR('',#9042,10.);
#2436=VECTOR('',#9043,10.);
#2437=VECTOR('',#9044,10.);
#2438=VECTOR('',#9047,10.);
#2439=VECTOR('',#9048,10.);
#2440=VECTOR('',#9049,10.);
#2441=VECTOR('',#9052,10.);
#2442=VECTOR('',#9053,10.);
#2443=VECTOR('',#9054,10.);
#2444=VECTOR('',#9057,10.);
#2445=VECTOR('',#9058,10.);
#2446=VECTOR('',#9061,10.);
#2447=VECTOR('',#9062,10.);
#2448=VECTOR('',#9063,10.);
#2449=VECTOR('',#9064,10.);
#2450=VECTOR('',#9067,10.);
#2451=VECTOR('',#9068,10.);
#2452=VECTOR('',#9069,10.);
#2453=VECTOR('',#9072,10.);
#2454=VECTOR('',#9073,10.);
#2455=VECTOR('',#9074,10.);
#2456=VECTOR('',#9077,10.);
#2457=VECTOR('',#9078,10.);
#2458=VECTOR('',#9081,10.);
#2459=VECTOR('',#9082,10.);
#2460=VECTOR('',#9083,10.);
#2461=VECTOR('',#9084,10.);
#2462=VECTOR('',#9087,10.);
#2463=VECTOR('',#9088,10.);
#2464=VECTOR('',#9089,10.);
#2465=VECTOR('',#9092,10.);
#2466=VECTOR('',#9093,10.);
#2467=VECTOR('',#9094,10.);
#2468=VECTOR('',#9097,10.);
#2469=VECTOR('',#9098,10.);
#2470=VECTOR('',#9101,10.);
#2471=VECTOR('',#9102,10.);
#2472=VECTOR('',#9103,10.);
#2473=VECTOR('',#9104,10.);
#2474=VECTOR('',#9107,10.);
#2475=VECTOR('',#9108,10.);
#2476=VECTOR('',#9109,10.);
#2477=VECTOR('',#9112,10.);
#2478=VECTOR('',#9113,10.);
#2479=VECTOR('',#9114,10.);
#2480=VECTOR('',#9117,10.);
#2481=VECTOR('',#9118,10.);
#2482=VECTOR('',#9119,10.);
#2483=VECTOR('',#9122,10.);
#2484=VECTOR('',#9123,10.);
#2485=VECTOR('',#9124,10.);
#2486=VECTOR('',#9127,10.);
#2487=VECTOR('',#9128,10.);
#2488=VECTOR('',#9129,10.);
#2489=VECTOR('',#9132,10.);
#2490=VECTOR('',#9133,10.);
#2491=VECTOR('',#9134,10.);
#2492=VECTOR('',#9137,10.);
#2493=VECTOR('',#9138,10.);
#2494=VECTOR('',#9139,10.);
#2495=VECTOR('',#9142,10.);
#2496=VECTOR('',#9143,10.);
#2497=VECTOR('',#9144,10.);
#2498=VECTOR('',#9147,10.);
#2499=VECTOR('',#9148,10.);
#2500=VECTOR('',#9149,10.);
#2501=VECTOR('',#9152,10.);
#2502=VECTOR('',#9153,10.);
#2503=VECTOR('',#9154,10.);
#2504=VECTOR('',#9157,10.);
#2505=VECTOR('',#9158,10.);
#2506=VECTOR('',#9159,10.);
#2507=VECTOR('',#9162,10.);
#2508=VECTOR('',#9163,10.);
#2509=VECTOR('',#9164,10.);
#2510=VECTOR('',#9167,10.);
#2511=VECTOR('',#9168,10.);
#2512=VECTOR('',#9169,10.);
#2513=VECTOR('',#9172,10.);
#2514=VECTOR('',#9173,10.);
#2515=VECTOR('',#9174,10.);
#2516=VECTOR('',#9177,10.);
#2517=VECTOR('',#9178,10.);
#2518=VECTOR('',#9179,10.);
#2519=VECTOR('',#9182,10.);
#2520=VECTOR('',#9183,10.);
#2521=VECTOR('',#9184,10.);
#2522=VECTOR('',#9187,10.);
#2523=VECTOR('',#9188,10.);
#2524=VECTOR('',#9189,10.);
#2525=VECTOR('',#9192,10.);
#2526=VECTOR('',#9193,10.);
#2527=VECTOR('',#9194,10.);
#2528=VECTOR('',#9197,10.);
#2529=VECTOR('',#9198,10.);
#2530=VECTOR('',#9199,10.);
#2531=VECTOR('',#9202,10.);
#2532=VECTOR('',#9203,10.);
#2533=VECTOR('',#9204,10.);
#2534=VECTOR('',#9207,10.);
#2535=VECTOR('',#9208,10.);
#2536=VECTOR('',#9209,10.);
#2537=VECTOR('',#9212,10.);
#2538=VECTOR('',#9213,10.);
#2539=VECTOR('',#9214,10.);
#2540=VECTOR('',#9217,10.);
#2541=VECTOR('',#9218,10.);
#2542=VECTOR('',#9219,10.);
#2543=VECTOR('',#9222,10.);
#2544=VECTOR('',#9223,10.);
#2545=VECTOR('',#9224,10.);
#2546=VECTOR('',#9227,10.);
#2547=VECTOR('',#9228,10.);
#2548=VECTOR('',#9229,10.);
#2549=VECTOR('',#9232,10.);
#2550=VECTOR('',#9233,10.);
#2551=VECTOR('',#9234,10.);
#2552=VECTOR('',#9237,10.);
#2553=VECTOR('',#9238,10.);
#2554=VECTOR('',#9239,10.);
#2555=VECTOR('',#9242,10.);
#2556=VECTOR('',#9243,10.);
#2557=VECTOR('',#9244,10.);
#2558=VECTOR('',#9247,10.);
#2559=VECTOR('',#9248,10.);
#2560=VECTOR('',#9249,10.);
#2561=VECTOR('',#9252,10.);
#2562=VECTOR('',#9253,10.);
#2563=VECTOR('',#9254,10.);
#2564=VECTOR('',#9257,10.);
#2565=VECTOR('',#9258,10.);
#2566=VECTOR('',#9259,10.);
#2567=VECTOR('',#9262,10.);
#2568=VECTOR('',#9263,10.);
#2569=VECTOR('',#9264,10.);
#2570=VECTOR('',#9267,10.);
#2571=VECTOR('',#9268,10.);
#2572=VECTOR('',#9269,10.);
#2573=VECTOR('',#9272,10.);
#2574=VECTOR('',#9273,10.);
#2575=VECTOR('',#9274,10.);
#2576=VECTOR('',#9277,10.);
#2577=VECTOR('',#9278,10.);
#2578=VECTOR('',#9281,10.);
#2579=VECTOR('',#9282,10.);
#2580=VECTOR('',#9283,10.);
#2581=VECTOR('',#9284,10.);
#2582=VECTOR('',#9287,10.);
#2583=VECTOR('',#9288,10.);
#2584=VECTOR('',#9289,10.);
#2585=VECTOR('',#9292,10.);
#2586=VECTOR('',#9293,10.);
#2587=VECTOR('',#9294,10.);
#2588=VECTOR('',#9297,10.);
#2589=VECTOR('',#9298,10.);
#2590=VECTOR('',#9301,10.);
#2591=VECTOR('',#9302,10.);
#2592=VECTOR('',#9303,10.);
#2593=VECTOR('',#9304,10.);
#2594=VECTOR('',#9307,10.);
#2595=VECTOR('',#9308,10.);
#2596=VECTOR('',#9309,10.);
#2597=VECTOR('',#9312,10.);
#2598=VECTOR('',#9313,10.);
#2599=VECTOR('',#9314,10.);
#2600=VECTOR('',#9317,10.);
#2601=VECTOR('',#9318,10.);
#2602=VECTOR('',#9321,10.);
#2603=VECTOR('',#9322,10.);
#2604=VECTOR('',#9323,10.);
#2605=VECTOR('',#9324,10.);
#2606=VECTOR('',#9327,10.);
#2607=VECTOR('',#9328,10.);
#2608=VECTOR('',#9329,10.);
#2609=VECTOR('',#9332,10.);
#2610=VECTOR('',#9333,10.);
#2611=VECTOR('',#9334,10.);
#2612=VECTOR('',#9337,10.);
#2613=VECTOR('',#9338,10.);
#2614=VECTOR('',#9341,10.);
#2615=VECTOR('',#9342,10.);
#2616=VECTOR('',#9343,10.);
#2617=VECTOR('',#9344,10.);
#2618=VECTOR('',#9347,10.);
#2619=VECTOR('',#9348,10.);
#2620=VECTOR('',#9349,10.);
#2621=VECTOR('',#9352,10.);
#2622=VECTOR('',#9353,10.);
#2623=VECTOR('',#9354,10.);
#2624=VECTOR('',#9357,10.);
#2625=VECTOR('',#9358,10.);
#2626=VECTOR('',#9361,10.);
#2627=VECTOR('',#9362,10.);
#2628=VECTOR('',#9363,10.);
#2629=VECTOR('',#9364,10.);
#2630=VECTOR('',#9367,10.);
#2631=VECTOR('',#9368,10.);
#2632=VECTOR('',#9369,10.);
#2633=VECTOR('',#9372,10.);
#2634=VECTOR('',#9373,10.);
#2635=VECTOR('',#9374,10.);
#2636=VECTOR('',#9377,10.);
#2637=VECTOR('',#9378,10.);
#2638=VECTOR('',#9381,10.);
#2639=VECTOR('',#9382,10.);
#2640=VECTOR('',#9383,10.);
#2641=VECTOR('',#9384,10.);
#2642=VECTOR('',#9387,10.);
#2643=VECTOR('',#9388,10.);
#2644=VECTOR('',#9389,10.);
#2645=VECTOR('',#9392,10.);
#2646=VECTOR('',#9393,10.);
#2647=VECTOR('',#9394,10.);
#2648=VECTOR('',#9397,10.);
#2649=VECTOR('',#9398,10.);
#2650=VECTOR('',#9399,10.);
#2651=VECTOR('',#9402,10.);
#2652=VECTOR('',#9403,10.);
#2653=VECTOR('',#9404,10.);
#2654=VECTOR('',#9407,10.);
#2655=VECTOR('',#9408,10.);
#2656=VECTOR('',#9409,10.);
#2657=VECTOR('',#9412,10.);
#2658=VECTOR('',#9413,10.);
#2659=VECTOR('',#9414,10.);
#2660=VECTOR('',#9417,10.);
#2661=VECTOR('',#9418,10.);
#2662=VECTOR('',#9419,10.);
#2663=VECTOR('',#9422,10.);
#2664=VECTOR('',#9423,10.);
#2665=VECTOR('',#9424,10.);
#2666=VECTOR('',#9427,10.);
#2667=VECTOR('',#9428,10.);
#2668=VECTOR('',#9429,10.);
#2669=VECTOR('',#9432,10.);
#2670=VECTOR('',#9433,10.);
#2671=VECTOR('',#9434,10.);
#2672=VECTOR('',#9437,10.);
#2673=VECTOR('',#9438,10.);
#2674=VECTOR('',#9439,10.);
#2675=VECTOR('',#9442,10.);
#2676=VECTOR('',#9443,10.);
#2677=VECTOR('',#9444,10.);
#2678=VECTOR('',#9447,10.);
#2679=VECTOR('',#9448,10.);
#2680=VECTOR('',#9449,10.);
#2681=VECTOR('',#9452,10.);
#2682=VECTOR('',#9453,10.);
#2683=VECTOR('',#9454,10.);
#2684=VECTOR('',#9457,10.);
#2685=VECTOR('',#9458,10.);
#2686=VECTOR('',#9459,10.);
#2687=VECTOR('',#9462,10.);
#2688=VECTOR('',#9463,10.);
#2689=VECTOR('',#9464,10.);
#2690=VECTOR('',#9467,10.);
#2691=VECTOR('',#9468,10.);
#2692=VECTOR('',#9469,10.);
#2693=VECTOR('',#9472,10.);
#2694=VECTOR('',#9473,10.);
#2695=VECTOR('',#9474,10.);
#2696=VECTOR('',#9477,10.);
#2697=VECTOR('',#9478,10.);
#2698=VECTOR('',#9479,10.);
#2699=VECTOR('',#9482,10.);
#2700=VECTOR('',#9483,10.);
#2701=VECTOR('',#9484,10.);
#2702=VECTOR('',#9487,10.);
#2703=VECTOR('',#9488,10.);
#2704=VECTOR('',#9489,10.);
#2705=VECTOR('',#9492,10.);
#2706=VECTOR('',#9493,10.);
#2707=VECTOR('',#9494,10.);
#2708=VECTOR('',#9497,10.);
#2709=VECTOR('',#9498,10.);
#2710=VECTOR('',#9499,10.);
#2711=VECTOR('',#9502,10.);
#2712=VECTOR('',#9503,10.);
#2713=VECTOR('',#9504,10.);
#2714=VECTOR('',#9507,10.);
#2715=VECTOR('',#9508,10.);
#2716=VECTOR('',#9509,10.);
#2717=VECTOR('',#9512,10.);
#2718=VECTOR('',#9513,10.);
#2719=VECTOR('',#9514,10.);
#2720=VECTOR('',#9517,10.);
#2721=VECTOR('',#9518,10.);
#2722=VECTOR('',#9519,10.);
#2723=VECTOR('',#9522,10.);
#2724=VECTOR('',#9523,10.);
#2725=VECTOR('',#9524,10.);
#2726=VECTOR('',#9527,10.);
#2727=VECTOR('',#9528,10.);
#2728=VECTOR('',#9529,10.);
#2729=VECTOR('',#9532,10.);
#2730=VECTOR('',#9533,10.);
#2731=VECTOR('',#9534,10.);
#2732=VECTOR('',#9537,10.);
#2733=VECTOR('',#9538,10.);
#2734=VECTOR('',#9539,10.);
#2735=VECTOR('',#9542,10.);
#2736=VECTOR('',#9543,10.);
#2737=VECTOR('',#9544,10.);
#2738=VECTOR('',#9547,10.);
#2739=VECTOR('',#9548,10.);
#2740=VECTOR('',#9549,10.);
#2741=VECTOR('',#9552,10.);
#2742=VECTOR('',#9553,10.);
#2743=VECTOR('',#9554,10.);
#2744=VECTOR('',#9557,10.);
#2745=VECTOR('',#9558,10.);
#2746=VECTOR('',#9561,10.);
#2747=VECTOR('',#9562,10.);
#2748=VECTOR('',#9563,10.);
#2749=VECTOR('',#9564,10.);
#2750=VECTOR('',#9567,10.);
#2751=VECTOR('',#9568,10.);
#2752=VECTOR('',#9569,10.);
#2753=VECTOR('',#9572,10.);
#2754=VECTOR('',#9573,10.);
#2755=VECTOR('',#9574,10.);
#2756=VECTOR('',#9577,10.);
#2757=VECTOR('',#9578,10.);
#2758=VECTOR('',#9581,10.);
#2759=VECTOR('',#9582,10.);
#2760=VECTOR('',#9583,10.);
#2761=VECTOR('',#9584,10.);
#2762=VECTOR('',#9587,10.);
#2763=VECTOR('',#9588,10.);
#2764=VECTOR('',#9589,10.);
#2765=VECTOR('',#9592,10.);
#2766=VECTOR('',#9593,10.);
#2767=VECTOR('',#9594,10.);
#2768=VECTOR('',#9597,10.);
#2769=VECTOR('',#9598,10.);
#2770=VECTOR('',#9601,10.);
#2771=VECTOR('',#9602,10.);
#2772=VECTOR('',#9603,10.);
#2773=VECTOR('',#9604,10.);
#2774=VECTOR('',#9607,10.);
#2775=VECTOR('',#9608,10.);
#2776=VECTOR('',#9609,10.);
#2777=VECTOR('',#9612,10.);
#2778=VECTOR('',#9613,10.);
#2779=VECTOR('',#9614,10.);
#2780=VECTOR('',#9617,10.);
#2781=VECTOR('',#9618,10.);
#2782=VECTOR('',#9621,10.);
#2783=VECTOR('',#9622,10.);
#2784=VECTOR('',#9623,10.);
#2785=VECTOR('',#9624,10.);
#2786=VECTOR('',#9627,10.);
#2787=VECTOR('',#9628,10.);
#2788=VECTOR('',#9629,10.);
#2789=VECTOR('',#9632,10.);
#2790=VECTOR('',#9633,10.);
#2791=VECTOR('',#9634,10.);
#2792=VECTOR('',#9637,10.);
#2793=VECTOR('',#9638,10.);
#2794=VECTOR('',#9641,10.);
#2795=VECTOR('',#9642,10.);
#2796=VECTOR('',#9643,10.);
#2797=VECTOR('',#9644,10.);
#2798=VECTOR('',#9647,10.);
#2799=VECTOR('',#9648,10.);
#2800=VECTOR('',#9649,10.);
#2801=VECTOR('',#9652,10.);
#2802=VECTOR('',#9653,10.);
#2803=VECTOR('',#9654,10.);
#2804=VECTOR('',#9657,10.);
#2805=VECTOR('',#9658,10.);
#2806=VECTOR('',#9661,10.);
#2807=VECTOR('',#9662,10.);
#2808=VECTOR('',#9663,10.);
#2809=VECTOR('',#9664,10.);
#2810=VECTOR('',#9667,10.);
#2811=VECTOR('',#9668,10.);
#2812=VECTOR('',#9669,10.);
#2813=VECTOR('',#9672,10.);
#2814=VECTOR('',#9673,10.);
#2815=VECTOR('',#9674,10.);
#2816=VECTOR('',#9677,10.);
#2817=VECTOR('',#9678,10.);
#2818=VECTOR('',#9681,10.);
#2819=VECTOR('',#9682,10.);
#2820=VECTOR('',#9683,10.);
#2821=VECTOR('',#9684,10.);
#2822=VECTOR('',#9687,10.);
#2823=VECTOR('',#9688,10.);
#2824=VECTOR('',#9689,10.);
#2825=VECTOR('',#9692,10.);
#2826=VECTOR('',#9693,10.);
#2827=VECTOR('',#9694,10.);
#2828=VECTOR('',#9697,10.);
#2829=VECTOR('',#9698,10.);
#2830=VECTOR('',#9701,10.);
#2831=VECTOR('',#9702,10.);
#2832=VECTOR('',#9703,10.);
#2833=VECTOR('',#9704,10.);
#2834=VECTOR('',#9707,10.);
#2835=VECTOR('',#9708,10.);
#2836=VECTOR('',#9709,10.);
#2837=VECTOR('',#9712,10.);
#2838=VECTOR('',#9713,10.);
#2839=VECTOR('',#9714,10.);
#2840=VECTOR('',#9717,10.);
#2841=VECTOR('',#9718,10.);
#2842=VECTOR('',#9721,10.);
#2843=VECTOR('',#9722,10.);
#2844=VECTOR('',#9723,10.);
#2845=VECTOR('',#9724,10.);
#2846=VECTOR('',#9727,10.);
#2847=VECTOR('',#9728,10.);
#2848=VECTOR('',#9729,10.);
#2849=VECTOR('',#9732,10.);
#2850=VECTOR('',#9733,10.);
#2851=VECTOR('',#9734,10.);
#2852=VECTOR('',#9737,10.);
#2853=VECTOR('',#9738,10.);
#2854=VECTOR('',#9741,10.);
#2855=VECTOR('',#9742,10.);
#2856=VECTOR('',#9743,10.);
#2857=VECTOR('',#9744,10.);
#2858=VECTOR('',#9747,10.);
#2859=VECTOR('',#9748,10.);
#2860=VECTOR('',#9749,10.);
#2861=VECTOR('',#9752,10.);
#2862=VECTOR('',#9753,10.);
#2863=VECTOR('',#9754,10.);
#2864=VECTOR('',#9757,10.);
#2865=VECTOR('',#9758,10.);
#2866=VECTOR('',#9761,10.);
#2867=VECTOR('',#9762,10.);
#2868=VECTOR('',#9763,10.);
#2869=VECTOR('',#9764,10.);
#2870=VECTOR('',#9767,10.);
#2871=VECTOR('',#9768,10.);
#2872=VECTOR('',#9769,10.);
#2873=VECTOR('',#9772,10.);
#2874=VECTOR('',#9773,10.);
#2875=VECTOR('',#9774,10.);
#2876=VECTOR('',#9777,10.);
#2877=VECTOR('',#9778,10.);
#2878=VECTOR('',#9781,10.);
#2879=VECTOR('',#9782,10.);
#2880=VECTOR('',#9783,10.);
#2881=VECTOR('',#9784,10.);
#2882=VECTOR('',#9787,10.);
#2883=VECTOR('',#9788,10.);
#2884=VECTOR('',#9789,10.);
#2885=VECTOR('',#9792,10.);
#2886=VECTOR('',#9793,10.);
#2887=VECTOR('',#9794,10.);
#2888=VECTOR('',#9797,10.);
#2889=VECTOR('',#9798,10.);
#2890=VECTOR('',#9801,10.);
#2891=VECTOR('',#9802,10.);
#2892=VECTOR('',#9803,10.);
#2893=VECTOR('',#9804,10.);
#2894=VECTOR('',#9807,10.);
#2895=VECTOR('',#9808,10.);
#2896=VECTOR('',#9809,10.);
#2897=VECTOR('',#9812,10.);
#2898=VECTOR('',#9813,10.);
#2899=VECTOR('',#9814,10.);
#2900=VECTOR('',#9817,10.);
#2901=VECTOR('',#9818,10.);
#2902=VECTOR('',#9821,10.);
#2903=VECTOR('',#9822,10.);
#2904=VECTOR('',#9823,10.);
#2905=VECTOR('',#9824,10.);
#2906=VECTOR('',#9827,10.);
#2907=VECTOR('',#9828,10.);
#2908=VECTOR('',#9829,10.);
#2909=VECTOR('',#9832,10.);
#2910=VECTOR('',#9833,10.);
#2911=VECTOR('',#9834,10.);
#2912=VECTOR('',#9837,10.);
#2913=VECTOR('',#9838,10.);
#2914=VECTOR('',#9841,10.);
#2915=VECTOR('',#9842,10.);
#2916=VECTOR('',#9843,10.);
#2917=VECTOR('',#9844,10.);
#2918=VECTOR('',#9847,10.);
#2919=VECTOR('',#9848,10.);
#2920=VECTOR('',#9849,10.);
#2921=VECTOR('',#9852,10.);
#2922=VECTOR('',#9853,10.);
#2923=VECTOR('',#9854,10.);
#2924=VECTOR('',#9857,10.);
#2925=VECTOR('',#9858,10.);
#2926=VECTOR('',#9861,10.);
#2927=VECTOR('',#9862,10.);
#2928=VECTOR('',#9863,10.);
#2929=VECTOR('',#9864,10.);
#2930=VECTOR('',#9867,10.);
#2931=VECTOR('',#9868,10.);
#2932=VECTOR('',#9869,10.);
#2933=VECTOR('',#9872,10.);
#2934=VECTOR('',#9873,10.);
#2935=VECTOR('',#9874,10.);
#2936=VECTOR('',#9877,10.);
#2937=VECTOR('',#9878,10.);
#2938=VECTOR('',#9881,10.);
#2939=VECTOR('',#9882,10.);
#2940=VECTOR('',#9883,10.);
#2941=VECTOR('',#9884,10.);
#2942=VECTOR('',#9887,10.);
#2943=VECTOR('',#9888,10.);
#2944=VECTOR('',#9889,10.);
#2945=VECTOR('',#9892,10.);
#2946=VECTOR('',#9893,10.);
#2947=VECTOR('',#9894,10.);
#2948=VECTOR('',#9897,10.);
#2949=VECTOR('',#9898,10.);
#2950=VECTOR('',#9901,10.);
#2951=VECTOR('',#9902,10.);
#2952=VECTOR('',#9903,10.);
#2953=VECTOR('',#9904,10.);
#2954=VECTOR('',#9907,10.);
#2955=VECTOR('',#9908,10.);
#2956=VECTOR('',#9909,10.);
#2957=VECTOR('',#9912,10.);
#2958=VECTOR('',#9913,10.);
#2959=VECTOR('',#9914,10.);
#2960=VECTOR('',#9917,10.);
#2961=VECTOR('',#9918,10.);
#2962=VECTOR('',#9921,10.);
#2963=VECTOR('',#9922,10.);
#2964=VECTOR('',#9923,10.);
#2965=VECTOR('',#9924,10.);
#2966=VECTOR('',#9927,10.);
#2967=VECTOR('',#9928,10.);
#2968=VECTOR('',#9929,10.);
#2969=VECTOR('',#9932,10.);
#2970=VECTOR('',#9933,10.);
#2971=VECTOR('',#9934,10.);
#2972=VECTOR('',#9937,10.);
#2973=VECTOR('',#9938,10.);
#2974=VECTOR('',#9941,10.);
#2975=VECTOR('',#9942,10.);
#2976=VECTOR('',#9943,10.);
#2977=VECTOR('',#9944,10.);
#2978=VECTOR('',#9947,10.);
#2979=VECTOR('',#9948,10.);
#2980=VECTOR('',#9949,10.);
#2981=VECTOR('',#9952,10.);
#2982=VECTOR('',#9953,10.);
#2983=VECTOR('',#9954,10.);
#2984=VECTOR('',#9957,10.);
#2985=VECTOR('',#9958,10.);
#2986=VECTOR('',#9961,10.);
#2987=VECTOR('',#9962,10.);
#2988=VECTOR('',#9963,10.);
#2989=VECTOR('',#9964,10.);
#2990=VECTOR('',#9967,10.);
#2991=VECTOR('',#9968,10.);
#2992=VECTOR('',#9969,10.);
#2993=VECTOR('',#9972,10.);
#2994=VECTOR('',#9973,10.);
#2995=VECTOR('',#9974,10.);
#2996=VECTOR('',#9977,10.);
#2997=VECTOR('',#9978,10.);
#2998=VECTOR('',#9981,10.);
#2999=VECTOR('',#9982,10.);
#3000=VECTOR('',#9983,10.);
#3001=VECTOR('',#9984,10.);
#3002=VECTOR('',#9987,10.);
#3003=VECTOR('',#9988,10.);
#3004=VECTOR('',#9989,10.);
#3005=VECTOR('',#9992,10.);
#3006=VECTOR('',#9993,10.);
#3007=VECTOR('',#9994,10.);
#3008=VECTOR('',#9997,10.);
#3009=VECTOR('',#9998,10.);
#3010=VECTOR('',#10001,10.);
#3011=VECTOR('',#10002,10.);
#3012=VECTOR('',#10003,10.);
#3013=VECTOR('',#10004,10.);
#3014=VECTOR('',#10007,10.);
#3015=VECTOR('',#10008,10.);
#3016=VECTOR('',#10009,10.);
#3017=VECTOR('',#10012,10.);
#3018=VECTOR('',#10013,10.);
#3019=VECTOR('',#10014,10.);
#3020=VECTOR('',#10017,10.);
#3021=VECTOR('',#10018,10.);
#3022=VECTOR('',#10021,10.);
#3023=VECTOR('',#10022,10.);
#3024=VECTOR('',#10023,10.);
#3025=VECTOR('',#10024,10.);
#3026=VECTOR('',#10027,10.);
#3027=VECTOR('',#10028,10.);
#3028=VECTOR('',#10029,10.);
#3029=VECTOR('',#10032,10.);
#3030=VECTOR('',#10033,10.);
#3031=VECTOR('',#10034,10.);
#3032=VECTOR('',#10037,10.);
#3033=VECTOR('',#10038,10.);
#3034=VECTOR('',#10041,10.);
#3035=VECTOR('',#10042,10.);
#3036=VECTOR('',#10043,10.);
#3037=VECTOR('',#10044,10.);
#3038=VECTOR('',#10047,10.);
#3039=VECTOR('',#10048,10.);
#3040=VECTOR('',#10049,10.);
#3041=VECTOR('',#10052,10.);
#3042=VECTOR('',#10053,10.);
#3043=VECTOR('',#10054,10.);
#3044=VECTOR('',#10057,10.);
#3045=VECTOR('',#10058,10.);
#3046=VECTOR('',#10061,10.);
#3047=VECTOR('',#10062,10.);
#3048=VECTOR('',#10063,10.);
#3049=VECTOR('',#10064,10.);
#3050=VECTOR('',#10067,10.);
#3051=VECTOR('',#10068,10.);
#3052=VECTOR('',#10069,10.);
#3053=VECTOR('',#10072,10.);
#3054=VECTOR('',#10073,10.);
#3055=VECTOR('',#10074,10.);
#3056=VECTOR('',#10077,10.);
#3057=VECTOR('',#10078,10.);
#3058=VECTOR('',#10081,10.);
#3059=VECTOR('',#10082,10.);
#3060=VECTOR('',#10083,10.);
#3061=VECTOR('',#10084,10.);
#3062=VECTOR('',#10087,10.);
#3063=VECTOR('',#10088,10.);
#3064=VECTOR('',#10089,10.);
#3065=VECTOR('',#10092,10.);
#3066=VECTOR('',#10093,10.);
#3067=VECTOR('',#10094,10.);
#3068=VECTOR('',#10097,10.);
#3069=VECTOR('',#10098,10.);
#3070=VECTOR('',#10101,10.);
#3071=VECTOR('',#10102,10.);
#3072=VECTOR('',#10103,10.);
#3073=VECTOR('',#10104,10.);
#3074=VECTOR('',#10107,10.);
#3075=VECTOR('',#10108,10.);
#3076=VECTOR('',#10109,10.);
#3077=VECTOR('',#10112,10.);
#3078=VECTOR('',#10113,10.);
#3079=VECTOR('',#10114,10.);
#3080=VECTOR('',#10117,10.);
#3081=VECTOR('',#10118,10.);
#3082=VECTOR('',#10121,10.);
#3083=VECTOR('',#10122,10.);
#3084=VECTOR('',#10123,10.);
#3085=VECTOR('',#10124,10.);
#3086=VECTOR('',#10127,10.);
#3087=VECTOR('',#10128,10.);
#3088=VECTOR('',#10129,10.);
#3089=VECTOR('',#10132,10.);
#3090=VECTOR('',#10133,10.);
#3091=VECTOR('',#10134,10.);
#3092=VECTOR('',#10137,10.);
#3093=VECTOR('',#10138,10.);
#3094=VECTOR('',#10141,10.);
#3095=VECTOR('',#10142,10.);
#3096=VECTOR('',#10143,10.);
#3097=VECTOR('',#10144,10.);
#3098=VECTOR('',#10147,10.);
#3099=VECTOR('',#10148,10.);
#3100=VECTOR('',#10149,10.);
#3101=VECTOR('',#10152,10.);
#3102=VECTOR('',#10153,10.);
#3103=VECTOR('',#10154,10.);
#3104=VECTOR('',#10157,10.);
#3105=VECTOR('',#10158,10.);
#3106=VECTOR('',#10161,10.);
#3107=VECTOR('',#10162,10.);
#3108=VECTOR('',#10163,10.);
#3109=VECTOR('',#10164,10.);
#3110=VECTOR('',#10167,10.);
#3111=VECTOR('',#10168,10.);
#3112=VECTOR('',#10169,10.);
#3113=VECTOR('',#10172,10.);
#3114=VECTOR('',#10173,10.);
#3115=VECTOR('',#10174,10.);
#3116=VECTOR('',#10177,10.);
#3117=VECTOR('',#10178,10.);
#3118=VECTOR('',#10181,10.);
#3119=VECTOR('',#10182,10.);
#3120=VECTOR('',#10183,10.);
#3121=VECTOR('',#10184,10.);
#3122=VECTOR('',#10187,10.);
#3123=VECTOR('',#10188,10.);
#3124=VECTOR('',#10189,10.);
#3125=VECTOR('',#10192,10.);
#3126=VECTOR('',#10193,10.);
#3127=VECTOR('',#10194,10.);
#3128=VECTOR('',#10197,10.);
#3129=VECTOR('',#10198,10.);
#3130=VECTOR('',#10201,10.);
#3131=VECTOR('',#10202,10.);
#3132=VECTOR('',#10203,10.);
#3133=VECTOR('',#10204,10.);
#3134=VECTOR('',#10207,10.);
#3135=VECTOR('',#10208,10.);
#3136=VECTOR('',#10209,10.);
#3137=VECTOR('',#10212,10.);
#3138=VECTOR('',#10213,10.);
#3139=VECTOR('',#10214,10.);
#3140=VECTOR('',#10217,10.);
#3141=VECTOR('',#10218,10.);
#3142=VECTOR('',#10221,10.);
#3143=VECTOR('',#10222,10.);
#3144=VECTOR('',#10223,10.);
#3145=VECTOR('',#10224,10.);
#3146=VECTOR('',#10227,10.);
#3147=VECTOR('',#10228,10.);
#3148=VECTOR('',#10229,10.);
#3149=VECTOR('',#10232,10.);
#3150=VECTOR('',#10233,10.);
#3151=VECTOR('',#10234,10.);
#3152=VECTOR('',#10237,10.);
#3153=VECTOR('',#10238,10.);
#3154=VECTOR('',#10241,10.);
#3155=VECTOR('',#10242,10.);
#3156=VECTOR('',#10243,10.);
#3157=VECTOR('',#10244,10.);
#3158=VECTOR('',#10247,10.);
#3159=VECTOR('',#10248,10.);
#3160=VECTOR('',#10249,10.);
#3161=VECTOR('',#10252,10.);
#3162=VECTOR('',#10253,10.);
#3163=VECTOR('',#10254,10.);
#3164=VECTOR('',#10257,10.);
#3165=VECTOR('',#10258,10.);
#3166=VECTOR('',#10261,10.);
#3167=VECTOR('',#10262,10.);
#3168=VECTOR('',#10263,10.);
#3169=VECTOR('',#10264,10.);
#3170=VECTOR('',#10267,10.);
#3171=VECTOR('',#10268,10.);
#3172=VECTOR('',#10269,10.);
#3173=VECTOR('',#10272,10.);
#3174=VECTOR('',#10273,10.);
#3175=VECTOR('',#10274,10.);
#3176=VECTOR('',#10277,10.);
#3177=VECTOR('',#10278,10.);
#3178=VECTOR('',#10281,10.);
#3179=VECTOR('',#10282,10.);
#3180=VECTOR('',#10283,10.);
#3181=VECTOR('',#10284,10.);
#3182=VECTOR('',#10287,10.);
#3183=VECTOR('',#10288,10.);
#3184=VECTOR('',#10289,10.);
#3185=VECTOR('',#10292,10.);
#3186=VECTOR('',#10293,10.);
#3187=VECTOR('',#10294,10.);
#3188=VECTOR('',#10297,10.);
#3189=VECTOR('',#10298,10.);
#3190=VECTOR('',#10301,10.);
#3191=VECTOR('',#10302,10.);
#3192=VECTOR('',#10303,10.);
#3193=VECTOR('',#10304,10.);
#3194=VECTOR('',#10311,10.);
#3195=VECTOR('',#10314,10.);
#3196=VECTOR('',#10315,10.);
#3197=VECTOR('',#10316,10.);
#3198=VECTOR('',#10325,10.);
#3199=VECTOR('',#10328,10.);
#3200=VECTOR('',#10333,10.);
#3201=VECTOR('',#10336,10.);
#3202=VECTOR('',#10341,10.);
#3203=VECTOR('',#10344,10.);
#3204=VECTOR('',#10349,10.);
#3205=VECTOR('',#10352,10.);
#3206=VECTOR('',#10357,10.);
#3207=VECTOR('',#10360,10.);
#3208=VECTOR('',#10365,10.);
#3209=VECTOR('',#10372,10.);
#3210=VECTOR('',#10373,10.);
#3211=VECTOR('',#10374,10.);
#3212=VECTOR('',#10375,10.);
#3213=VECTOR('',#10382,10.);
#3214=VECTOR('',#10385,10.);
#3215=VECTOR('',#10386,10.);
#3216=VECTOR('',#10387,10.);
#3217=VECTOR('',#10396,10.);
#3218=VECTOR('',#10397,10.);
#3219=VECTOR('',#10398,10.);
#3220=VECTOR('',#10399,10.);
#3221=VECTOR('',#10406,10.);
#3222=VECTOR('',#10409,10.);
#3223=VECTOR('',#10410,10.);
#3224=VECTOR('',#10411,10.);
#3225=VECTOR('',#10420,10.);
#3226=VECTOR('',#10423,10.);
#3227=VECTOR('',#10428,10.);
#3228=VECTOR('',#10429,10.);
#3229=VECTOR('',#10430,10.);
#3230=VECTOR('',#10431,10.);
#3231=VECTOR('',#10438,10.);
#3232=VECTOR('',#10441,10.);
#3233=VECTOR('',#10442,10.);
#3234=VECTOR('',#10443,10.);
#3235=VECTOR('',#10452,10.);
#3236=VECTOR('',#10455,10.);
#3237=VECTOR('',#10462,10.);
#3238=VECTOR('',#10469,10.);
#3239=VECTOR('',#10476,10.);
#3240=VECTOR('',#10483,10.);
#3241=VECTOR('',#10490,10.);
#3242=VECTOR('',#10497,10.);
#3243=VECTOR('',#10504,10.);
#3244=VECTOR('',#10511,10.);
#3245=VECTOR('',#10516,10.);
#3246=VECTOR('',#10517,10.);
#3247=VECTOR('',#10520,10.);
#3248=VECTOR('',#10523,10.);
#3249=VECTOR('',#10524,10.);
#3250=VECTOR('',#10525,10.);
#3251=VECTOR('',#10526,10.);
#3252=VECTOR('',#10527,10.);
#3253=VECTOR('',#10528,10.);
#3254=VECTOR('',#10529,10.);
#3255=VECTOR('',#10530,10.);
#3256=VECTOR('',#10533,10.);
#3257=VECTOR('',#10536,10.);
#3258=VECTOR('',#10537,10.);
#3259=VECTOR('',#10538,10.);
#3260=VECTOR('',#10539,10.);
#3261=VECTOR('',#10540,10.);
#3262=VECTOR('',#10541,10.);
#3263=VECTOR('',#10542,10.);
#3264=VECTOR('',#10561,10.);
#3265=VECTOR('',#10562,10.);
#3266=VECTOR('',#10563,10.);
#3267=VECTOR('',#10564,10.);
#3268=VECTOR('',#10565,10.);
#3269=VECTOR('',#10566,10.);
#3270=VECTOR('',#10567,10.);
#3271=VECTOR('',#10570,10.);
#3272=VECTOR('',#10573,10.);
#3273=VECTOR('',#10574,10.);
#3274=VECTOR('',#10575,10.);
#3275=VECTOR('',#10576,10.);
#3276=VECTOR('',#10577,10.);
#3277=VECTOR('',#10578,10.);
#3278=VECTOR('',#10579,10.);
#3279=VECTOR('',#10580,10.);
#3280=VECTOR('',#10583,10.);
#3281=VECTOR('',#10586,10.);
#3282=VECTOR('',#10587,10.);
#3283=VECTOR('',#10614,10.);
#3284=VECTOR('',#10617,1.55000000000001);
#3285=VECTOR('',#10622,10.);
#3286=VECTOR('',#10625,1.55);
#3287=VECTOR('',#10628,10.);
#3288=VECTOR('',#10631,10.);
#3289=VECTOR('',#10634,1.55);
#3290=VECTOR('',#10637,10.);
#3291=VECTOR('',#10640,1.54999999999999);
#3292=VECTOR('',#10643,1.55);
#3293=VECTOR('',#10646,10.);
#3294=VECTOR('',#10649,10.);
#3295=VECTOR('',#10652,1.55000000000001);
#3296=VECTOR('',#10655,10.);
#3297=VECTOR('',#10658,10.);
#3298=VECTOR('',#10663,1.55000000000001);
#3299=VECTOR('',#10666,1.55000000000001);
#3300=VECTOR('',#10669,10.);
#3301=VECTOR('',#10672,10.);
#3302=VECTOR('',#10675,10.);
#3303=VECTOR('',#10678,10.);
#3304=VECTOR('',#10681,10.);
#3305=VECTOR('',#10684,10.);
#3306=VERTEX_POINT('',#10691);
#3307=VERTEX_POINT('',#10692);
#3308=VERTEX_POINT('',#10694);
#3309=VERTEX_POINT('',#10696);
#3310=VERTEX_POINT('',#10700);
#3311=VERTEX_POINT('',#10702);
#3312=VERTEX_POINT('',#10706);
#3313=VERTEX_POINT('',#10708);
#3314=VERTEX_POINT('',#10712);
#3315=VERTEX_POINT('',#10713);
#3316=VERTEX_POINT('',#10715);
#3317=VERTEX_POINT('',#10717);
#3318=VERTEX_POINT('',#10721);
#3319=VERTEX_POINT('',#10723);
#3320=VERTEX_POINT('',#10727);
#3321=VERTEX_POINT('',#10729);
#3322=VERTEX_POINT('',#10736);
#3323=VERTEX_POINT('',#10737);
#3324=VERTEX_POINT('',#10739);
#3325=VERTEX_POINT('',#10741);
#3326=VERTEX_POINT('',#10745);
#3327=VERTEX_POINT('',#10747);
#3328=VERTEX_POINT('',#10751);
#3329=VERTEX_POINT('',#10753);
#3330=VERTEX_POINT('',#10760);
#3331=VERTEX_POINT('',#10761);
#3332=VERTEX_POINT('',#10763);
#3333=VERTEX_POINT('',#10765);
#3334=VERTEX_POINT('',#10769);
#3335=VERTEX_POINT('',#10771);
#3336=VERTEX_POINT('',#10775);
#3337=VERTEX_POINT('',#10777);
#3338=VERTEX_POINT('',#10784);
#3339=VERTEX_POINT('',#10785);
#3340=VERTEX_POINT('',#10787);
#3341=VERTEX_POINT('',#10789);
#3342=VERTEX_POINT('',#10793);
#3343=VERTEX_POINT('',#10795);
#3344=VERTEX_POINT('',#10799);
#3345=VERTEX_POINT('',#10801);
#3346=VERTEX_POINT('',#10808);
#3347=VERTEX_POINT('',#10809);
#3348=VERTEX_POINT('',#10811);
#3349=VERTEX_POINT('',#10813);
#3350=VERTEX_POINT('',#10817);
#3351=VERTEX_POINT('',#10819);
#3352=VERTEX_POINT('',#10823);
#3353=VERTEX_POINT('',#10825);
#3354=VERTEX_POINT('',#10832);
#3355=VERTEX_POINT('',#10833);
#3356=VERTEX_POINT('',#10835);
#3357=VERTEX_POINT('',#10837);
#3358=VERTEX_POINT('',#10841);
#3359=VERTEX_POINT('',#10843);
#3360=VERTEX_POINT('',#10847);
#3361=VERTEX_POINT('',#10849);
#3362=VERTEX_POINT('',#10856);
#3363=VERTEX_POINT('',#10857);
#3364=VERTEX_POINT('',#10859);
#3365=VERTEX_POINT('',#10861);
#3366=VERTEX_POINT('',#10865);
#3367=VERTEX_POINT('',#10867);
#3368=VERTEX_POINT('',#10871);
#3369=VERTEX_POINT('',#10873);
#3370=VERTEX_POINT('',#10880);
#3371=VERTEX_POINT('',#10881);
#3372=VERTEX_POINT('',#10883);
#3373=VERTEX_POINT('',#10885);
#3374=VERTEX_POINT('',#10889);
#3375=VERTEX_POINT('',#10891);
#3376=VERTEX_POINT('',#10895);
#3377=VERTEX_POINT('',#10897);
#3378=VERTEX_POINT('',#10901);
#3379=VERTEX_POINT('',#10903);
#3380=VERTEX_POINT('',#10907);
#3381=VERTEX_POINT('',#10909);
#3382=VERTEX_POINT('',#10913);
#3383=VERTEX_POINT('',#10915);
#3384=VERTEX_POINT('',#10919);
#3385=VERTEX_POINT('',#10921);
#3386=VERTEX_POINT('',#10925);
#3387=VERTEX_POINT('',#10927);
#3388=VERTEX_POINT('',#10931);
#3389=VERTEX_POINT('',#10933);
#3390=VERTEX_POINT('',#10937);
#3391=VERTEX_POINT('',#10939);
#3392=VERTEX_POINT('',#10943);
#3393=VERTEX_POINT('',#10945);
#3394=VERTEX_POINT('',#10949);
#3395=VERTEX_POINT('',#10951);
#3396=VERTEX_POINT('',#10955);
#3397=VERTEX_POINT('',#10957);
#3398=VERTEX_POINT('',#10961);
#3399=VERTEX_POINT('',#10963);
#3400=VERTEX_POINT('',#10967);
#3401=VERTEX_POINT('',#10969);
#3402=VERTEX_POINT('',#10973);
#3403=VERTEX_POINT('',#10975);
#3404=VERTEX_POINT('',#10979);
#3405=VERTEX_POINT('',#10981);
#3406=VERTEX_POINT('',#10985);
#3407=VERTEX_POINT('',#10987);
#3408=VERTEX_POINT('',#10991);
#3409=VERTEX_POINT('',#10993);
#3410=VERTEX_POINT('',#10997);
#3411=VERTEX_POINT('',#10999);
#3412=VERTEX_POINT('',#11003);
#3413=VERTEX_POINT('',#11005);
#3414=VERTEX_POINT('',#11009);
#3415=VERTEX_POINT('',#11011);
#3416=VERTEX_POINT('',#11015);
#3417=VERTEX_POINT('',#11017);
#3418=VERTEX_POINT('',#11021);
#3419=VERTEX_POINT('',#11023);
#3420=VERTEX_POINT('',#11027);
#3421=VERTEX_POINT('',#11029);
#3422=VERTEX_POINT('',#11033);
#3423=VERTEX_POINT('',#11035);
#3424=VERTEX_POINT('',#11039);
#3425=VERTEX_POINT('',#11041);
#3426=VERTEX_POINT('',#11045);
#3427=VERTEX_POINT('',#11047);
#3428=VERTEX_POINT('',#11051);
#3429=VERTEX_POINT('',#11053);
#3430=VERTEX_POINT('',#11057);
#3431=VERTEX_POINT('',#11059);
#3432=VERTEX_POINT('',#11063);
#3433=VERTEX_POINT('',#11065);
#3434=VERTEX_POINT('',#11069);
#3435=VERTEX_POINT('',#11071);
#3436=VERTEX_POINT('',#11075);
#3437=VERTEX_POINT('',#11077);
#3438=VERTEX_POINT('',#11081);
#3439=VERTEX_POINT('',#11083);
#3440=VERTEX_POINT('',#11087);
#3441=VERTEX_POINT('',#11089);
#3442=VERTEX_POINT('',#11096);
#3443=VERTEX_POINT('',#11097);
#3444=VERTEX_POINT('',#11099);
#3445=VERTEX_POINT('',#11101);
#3446=VERTEX_POINT('',#11105);
#3447=VERTEX_POINT('',#11107);
#3448=VERTEX_POINT('',#11111);
#3449=VERTEX_POINT('',#11113);
#3450=VERTEX_POINT('',#11120);
#3451=VERTEX_POINT('',#11121);
#3452=VERTEX_POINT('',#11123);
#3453=VERTEX_POINT('',#11125);
#3454=VERTEX_POINT('',#11129);
#3455=VERTEX_POINT('',#11131);
#3456=VERTEX_POINT('',#11135);
#3457=VERTEX_POINT('',#11137);
#3458=VERTEX_POINT('',#11144);
#3459=VERTEX_POINT('',#11145);
#3460=VERTEX_POINT('',#11147);
#3461=VERTEX_POINT('',#11149);
#3462=VERTEX_POINT('',#11153);
#3463=VERTEX_POINT('',#11155);
#3464=VERTEX_POINT('',#11159);
#3465=VERTEX_POINT('',#11161);
#3466=VERTEX_POINT('',#11168);
#3467=VERTEX_POINT('',#11169);
#3468=VERTEX_POINT('',#11171);
#3469=VERTEX_POINT('',#11173);
#3470=VERTEX_POINT('',#11177);
#3471=VERTEX_POINT('',#11179);
#3472=VERTEX_POINT('',#11183);
#3473=VERTEX_POINT('',#11185);
#3474=VERTEX_POINT('',#11189);
#3475=VERTEX_POINT('',#11191);
#3476=VERTEX_POINT('',#11195);
#3477=VERTEX_POINT('',#11197);
#3478=VERTEX_POINT('',#11201);
#3479=VERTEX_POINT('',#11203);
#3480=VERTEX_POINT('',#11207);
#3481=VERTEX_POINT('',#11209);
#3482=VERTEX_POINT('',#11213);
#3483=VERTEX_POINT('',#11215);
#3484=VERTEX_POINT('',#11219);
#3485=VERTEX_POINT('',#11221);
#3486=VERTEX_POINT('',#11225);
#3487=VERTEX_POINT('',#11227);
#3488=VERTEX_POINT('',#11231);
#3489=VERTEX_POINT('',#11233);
#3490=VERTEX_POINT('',#11237);
#3491=VERTEX_POINT('',#11239);
#3492=VERTEX_POINT('',#11243);
#3493=VERTEX_POINT('',#11245);
#3494=VERTEX_POINT('',#11249);
#3495=VERTEX_POINT('',#11251);
#3496=VERTEX_POINT('',#11255);
#3497=VERTEX_POINT('',#11257);
#3498=VERTEX_POINT('',#11261);
#3499=VERTEX_POINT('',#11263);
#3500=VERTEX_POINT('',#11267);
#3501=VERTEX_POINT('',#11269);
#3502=VERTEX_POINT('',#11273);
#3503=VERTEX_POINT('',#11275);
#3504=VERTEX_POINT('',#11279);
#3505=VERTEX_POINT('',#11281);
#3506=VERTEX_POINT('',#11285);
#3507=VERTEX_POINT('',#11287);
#3508=VERTEX_POINT('',#11291);
#3509=VERTEX_POINT('',#11293);
#3510=VERTEX_POINT('',#11297);
#3511=VERTEX_POINT('',#11299);
#3512=VERTEX_POINT('',#11303);
#3513=VERTEX_POINT('',#11305);
#3514=VERTEX_POINT('',#11309);
#3515=VERTEX_POINT('',#11311);
#3516=VERTEX_POINT('',#11315);
#3517=VERTEX_POINT('',#11317);
#3518=VERTEX_POINT('',#11321);
#3519=VERTEX_POINT('',#11323);
#3520=VERTEX_POINT('',#11327);
#3521=VERTEX_POINT('',#11329);
#3522=VERTEX_POINT('',#11333);
#3523=VERTEX_POINT('',#11335);
#3524=VERTEX_POINT('',#11339);
#3525=VERTEX_POINT('',#11341);
#3526=VERTEX_POINT('',#11345);
#3527=VERTEX_POINT('',#11347);
#3528=VERTEX_POINT('',#11351);
#3529=VERTEX_POINT('',#11353);
#3530=VERTEX_POINT('',#11357);
#3531=VERTEX_POINT('',#11359);
#3532=VERTEX_POINT('',#11363);
#3533=VERTEX_POINT('',#11365);
#3534=VERTEX_POINT('',#11369);
#3535=VERTEX_POINT('',#11371);
#3536=VERTEX_POINT('',#11375);
#3537=VERTEX_POINT('',#11377);
#3538=VERTEX_POINT('',#11384);
#3539=VERTEX_POINT('',#11385);
#3540=VERTEX_POINT('',#11387);
#3541=VERTEX_POINT('',#11389);
#3542=VERTEX_POINT('',#11393);
#3543=VERTEX_POINT('',#11395);
#3544=VERTEX_POINT('',#11399);
#3545=VERTEX_POINT('',#11401);
#3546=VERTEX_POINT('',#11408);
#3547=VERTEX_POINT('',#11409);
#3548=VERTEX_POINT('',#11411);
#3549=VERTEX_POINT('',#11413);
#3550=VERTEX_POINT('',#11417);
#3551=VERTEX_POINT('',#11419);
#3552=VERTEX_POINT('',#11423);
#3553=VERTEX_POINT('',#11425);
#3554=VERTEX_POINT('',#11432);
#3555=VERTEX_POINT('',#11433);
#3556=VERTEX_POINT('',#11435);
#3557=VERTEX_POINT('',#11437);
#3558=VERTEX_POINT('',#11441);
#3559=VERTEX_POINT('',#11443);
#3560=VERTEX_POINT('',#11447);
#3561=VERTEX_POINT('',#11449);
#3562=VERTEX_POINT('',#11456);
#3563=VERTEX_POINT('',#11457);
#3564=VERTEX_POINT('',#11459);
#3565=VERTEX_POINT('',#11461);
#3566=VERTEX_POINT('',#11465);
#3567=VERTEX_POINT('',#11467);
#3568=VERTEX_POINT('',#11471);
#3569=VERTEX_POINT('',#11473);
#3570=VERTEX_POINT('',#11480);
#3571=VERTEX_POINT('',#11481);
#3572=VERTEX_POINT('',#11483);
#3573=VERTEX_POINT('',#11485);
#3574=VERTEX_POINT('',#11489);
#3575=VERTEX_POINT('',#11491);
#3576=VERTEX_POINT('',#11495);
#3577=VERTEX_POINT('',#11497);
#3578=VERTEX_POINT('',#11504);
#3579=VERTEX_POINT('',#11505);
#3580=VERTEX_POINT('',#11507);
#3581=VERTEX_POINT('',#11509);
#3582=VERTEX_POINT('',#11513);
#3583=VERTEX_POINT('',#11515);
#3584=VERTEX_POINT('',#11519);
#3585=VERTEX_POINT('',#11521);
#3586=VERTEX_POINT('',#11525);
#3587=VERTEX_POINT('',#11527);
#3588=VERTEX_POINT('',#11531);
#3589=VERTEX_POINT('',#11533);
#3590=VERTEX_POINT('',#11537);
#3591=VERTEX_POINT('',#11539);
#3592=VERTEX_POINT('',#11543);
#3593=VERTEX_POINT('',#11545);
#3594=VERTEX_POINT('',#11549);
#3595=VERTEX_POINT('',#11551);
#3596=VERTEX_POINT('',#11555);
#3597=VERTEX_POINT('',#11557);
#3598=VERTEX_POINT('',#11561);
#3599=VERTEX_POINT('',#11563);
#3600=VERTEX_POINT('',#11567);
#3601=VERTEX_POINT('',#11569);
#3602=VERTEX_POINT('',#11573);
#3603=VERTEX_POINT('',#11575);
#3604=VERTEX_POINT('',#11579);
#3605=VERTEX_POINT('',#11581);
#3606=VERTEX_POINT('',#11585);
#3607=VERTEX_POINT('',#11587);
#3608=VERTEX_POINT('',#11591);
#3609=VERTEX_POINT('',#11593);
#3610=VERTEX_POINT('',#11597);
#3611=VERTEX_POINT('',#11599);
#3612=VERTEX_POINT('',#11603);
#3613=VERTEX_POINT('',#11605);
#3614=VERTEX_POINT('',#11609);
#3615=VERTEX_POINT('',#11611);
#3616=VERTEX_POINT('',#11615);
#3617=VERTEX_POINT('',#11617);
#3618=VERTEX_POINT('',#11621);
#3619=VERTEX_POINT('',#11623);
#3620=VERTEX_POINT('',#11627);
#3621=VERTEX_POINT('',#11629);
#3622=VERTEX_POINT('',#11633);
#3623=VERTEX_POINT('',#11635);
#3624=VERTEX_POINT('',#11639);
#3625=VERTEX_POINT('',#11641);
#3626=VERTEX_POINT('',#11645);
#3627=VERTEX_POINT('',#11647);
#3628=VERTEX_POINT('',#11651);
#3629=VERTEX_POINT('',#11653);
#3630=VERTEX_POINT('',#11657);
#3631=VERTEX_POINT('',#11659);
#3632=VERTEX_POINT('',#11663);
#3633=VERTEX_POINT('',#11665);
#3634=VERTEX_POINT('',#11669);
#3635=VERTEX_POINT('',#11671);
#3636=VERTEX_POINT('',#11675);
#3637=VERTEX_POINT('',#11677);
#3638=VERTEX_POINT('',#11681);
#3639=VERTEX_POINT('',#11683);
#3640=VERTEX_POINT('',#11687);
#3641=VERTEX_POINT('',#11689);
#3642=VERTEX_POINT('',#11693);
#3643=VERTEX_POINT('',#11695);
#3644=VERTEX_POINT('',#11699);
#3645=VERTEX_POINT('',#11701);
#3646=VERTEX_POINT('',#11705);
#3647=VERTEX_POINT('',#11707);
#3648=VERTEX_POINT('',#11711);
#3649=VERTEX_POINT('',#11713);
#3650=VERTEX_POINT('',#11720);
#3651=VERTEX_POINT('',#11721);
#3652=VERTEX_POINT('',#11723);
#3653=VERTEX_POINT('',#11725);
#3654=VERTEX_POINT('',#11729);
#3655=VERTEX_POINT('',#11731);
#3656=VERTEX_POINT('',#11735);
#3657=VERTEX_POINT('',#11737);
#3658=VERTEX_POINT('',#11744);
#3659=VERTEX_POINT('',#11745);
#3660=VERTEX_POINT('',#11747);
#3661=VERTEX_POINT('',#11749);
#3662=VERTEX_POINT('',#11753);
#3663=VERTEX_POINT('',#11755);
#3664=VERTEX_POINT('',#11759);
#3665=VERTEX_POINT('',#11761);
#3666=VERTEX_POINT('',#11768);
#3667=VERTEX_POINT('',#11769);
#3668=VERTEX_POINT('',#11771);
#3669=VERTEX_POINT('',#11773);
#3670=VERTEX_POINT('',#11777);
#3671=VERTEX_POINT('',#11779);
#3672=VERTEX_POINT('',#11783);
#3673=VERTEX_POINT('',#11785);
#3674=VERTEX_POINT('',#11792);
#3675=VERTEX_POINT('',#11793);
#3676=VERTEX_POINT('',#11795);
#3677=VERTEX_POINT('',#11797);
#3678=VERTEX_POINT('',#11801);
#3679=VERTEX_POINT('',#11803);
#3680=VERTEX_POINT('',#11807);
#3681=VERTEX_POINT('',#11809);
#3682=VERTEX_POINT('',#11816);
#3683=VERTEX_POINT('',#11817);
#3684=VERTEX_POINT('',#11819);
#3685=VERTEX_POINT('',#11821);
#3686=VERTEX_POINT('',#11825);
#3687=VERTEX_POINT('',#11827);
#3688=VERTEX_POINT('',#11831);
#3689=VERTEX_POINT('',#11833);
#3690=VERTEX_POINT('',#11840);
#3691=VERTEX_POINT('',#11841);
#3692=VERTEX_POINT('',#11843);
#3693=VERTEX_POINT('',#11845);
#3694=VERTEX_POINT('',#11849);
#3695=VERTEX_POINT('',#11851);
#3696=VERTEX_POINT('',#11855);
#3697=VERTEX_POINT('',#11857);
#3698=VERTEX_POINT('',#11864);
#3699=VERTEX_POINT('',#11865);
#3700=VERTEX_POINT('',#11867);
#3701=VERTEX_POINT('',#11869);
#3702=VERTEX_POINT('',#11873);
#3703=VERTEX_POINT('',#11875);
#3704=VERTEX_POINT('',#11879);
#3705=VERTEX_POINT('',#11881);
#3706=VERTEX_POINT('',#11888);
#3707=VERTEX_POINT('',#11889);
#3708=VERTEX_POINT('',#11891);
#3709=VERTEX_POINT('',#11893);
#3710=VERTEX_POINT('',#11897);
#3711=VERTEX_POINT('',#11899);
#3712=VERTEX_POINT('',#11903);
#3713=VERTEX_POINT('',#11905);
#3714=VERTEX_POINT('',#11912);
#3715=VERTEX_POINT('',#11913);
#3716=VERTEX_POINT('',#11915);
#3717=VERTEX_POINT('',#11917);
#3718=VERTEX_POINT('',#11921);
#3719=VERTEX_POINT('',#11923);
#3720=VERTEX_POINT('',#11927);
#3721=VERTEX_POINT('',#11929);
#3722=VERTEX_POINT('',#11936);
#3723=VERTEX_POINT('',#11937);
#3724=VERTEX_POINT('',#11939);
#3725=VERTEX_POINT('',#11941);
#3726=VERTEX_POINT('',#11945);
#3727=VERTEX_POINT('',#11947);
#3728=VERTEX_POINT('',#11951);
#3729=VERTEX_POINT('',#11953);
#3730=VERTEX_POINT('',#11960);
#3731=VERTEX_POINT('',#11961);
#3732=VERTEX_POINT('',#11963);
#3733=VERTEX_POINT('',#11965);
#3734=VERTEX_POINT('',#11969);
#3735=VERTEX_POINT('',#11971);
#3736=VERTEX_POINT('',#11975);
#3737=VERTEX_POINT('',#11977);
#3738=VERTEX_POINT('',#11984);
#3739=VERTEX_POINT('',#11985);
#3740=VERTEX_POINT('',#11987);
#3741=VERTEX_POINT('',#11989);
#3742=VERTEX_POINT('',#11993);
#3743=VERTEX_POINT('',#11995);
#3744=VERTEX_POINT('',#11999);
#3745=VERTEX_POINT('',#12001);
#3746=VERTEX_POINT('',#12008);
#3747=VERTEX_POINT('',#12009);
#3748=VERTEX_POINT('',#12011);
#3749=VERTEX_POINT('',#12013);
#3750=VERTEX_POINT('',#12017);
#3751=VERTEX_POINT('',#12019);
#3752=VERTEX_POINT('',#12023);
#3753=VERTEX_POINT('',#12025);
#3754=VERTEX_POINT('',#12032);
#3755=VERTEX_POINT('',#12033);
#3756=VERTEX_POINT('',#12035);
#3757=VERTEX_POINT('',#12037);
#3758=VERTEX_POINT('',#12041);
#3759=VERTEX_POINT('',#12043);
#3760=VERTEX_POINT('',#12047);
#3761=VERTEX_POINT('',#12049);
#3762=VERTEX_POINT('',#12056);
#3763=VERTEX_POINT('',#12057);
#3764=VERTEX_POINT('',#12059);
#3765=VERTEX_POINT('',#12061);
#3766=VERTEX_POINT('',#12065);
#3767=VERTEX_POINT('',#12067);
#3768=VERTEX_POINT('',#12071);
#3769=VERTEX_POINT('',#12073);
#3770=VERTEX_POINT('',#12080);
#3771=VERTEX_POINT('',#12081);
#3772=VERTEX_POINT('',#12083);
#3773=VERTEX_POINT('',#12085);
#3774=VERTEX_POINT('',#12089);
#3775=VERTEX_POINT('',#12091);
#3776=VERTEX_POINT('',#12095);
#3777=VERTEX_POINT('',#12097);
#3778=VERTEX_POINT('',#12104);
#3779=VERTEX_POINT('',#12105);
#3780=VERTEX_POINT('',#12107);
#3781=VERTEX_POINT('',#12109);
#3782=VERTEX_POINT('',#12113);
#3783=VERTEX_POINT('',#12115);
#3784=VERTEX_POINT('',#12119);
#3785=VERTEX_POINT('',#12121);
#3786=VERTEX_POINT('',#12128);
#3787=VERTEX_POINT('',#12129);
#3788=VERTEX_POINT('',#12131);
#3789=VERTEX_POINT('',#12133);
#3790=VERTEX_POINT('',#12137);
#3791=VERTEX_POINT('',#12139);
#3792=VERTEX_POINT('',#12143);
#3793=VERTEX_POINT('',#12145);
#3794=VERTEX_POINT('',#12152);
#3795=VERTEX_POINT('',#12153);
#3796=VERTEX_POINT('',#12155);
#3797=VERTEX_POINT('',#12157);
#3798=VERTEX_POINT('',#12161);
#3799=VERTEX_POINT('',#12163);
#3800=VERTEX_POINT('',#12167);
#3801=VERTEX_POINT('',#12169);
#3802=VERTEX_POINT('',#12176);
#3803=VERTEX_POINT('',#12177);
#3804=VERTEX_POINT('',#12179);
#3805=VERTEX_POINT('',#12181);
#3806=VERTEX_POINT('',#12185);
#3807=VERTEX_POINT('',#12187);
#3808=VERTEX_POINT('',#12191);
#3809=VERTEX_POINT('',#12193);
#3810=VERTEX_POINT('',#12200);
#3811=VERTEX_POINT('',#12201);
#3812=VERTEX_POINT('',#12203);
#3813=VERTEX_POINT('',#12205);
#3814=VERTEX_POINT('',#12209);
#3815=VERTEX_POINT('',#12211);
#3816=VERTEX_POINT('',#12215);
#3817=VERTEX_POINT('',#12217);
#3818=VERTEX_POINT('',#12224);
#3819=VERTEX_POINT('',#12225);
#3820=VERTEX_POINT('',#12227);
#3821=VERTEX_POINT('',#12229);
#3822=VERTEX_POINT('',#12233);
#3823=VERTEX_POINT('',#12235);
#3824=VERTEX_POINT('',#12239);
#3825=VERTEX_POINT('',#12241);
#3826=VERTEX_POINT('',#12248);
#3827=VERTEX_POINT('',#12249);
#3828=VERTEX_POINT('',#12251);
#3829=VERTEX_POINT('',#12253);
#3830=VERTEX_POINT('',#12257);
#3831=VERTEX_POINT('',#12259);
#3832=VERTEX_POINT('',#12263);
#3833=VERTEX_POINT('',#12265);
#3834=VERTEX_POINT('',#12272);
#3835=VERTEX_POINT('',#12273);
#3836=VERTEX_POINT('',#12275);
#3837=VERTEX_POINT('',#12277);
#3838=VERTEX_POINT('',#12281);
#3839=VERTEX_POINT('',#12283);
#3840=VERTEX_POINT('',#12287);
#3841=VERTEX_POINT('',#12289);
#3842=VERTEX_POINT('',#12296);
#3843=VERTEX_POINT('',#12297);
#3844=VERTEX_POINT('',#12299);
#3845=VERTEX_POINT('',#12301);
#3846=VERTEX_POINT('',#12305);
#3847=VERTEX_POINT('',#12307);
#3848=VERTEX_POINT('',#12311);
#3849=VERTEX_POINT('',#12313);
#3850=VERTEX_POINT('',#12320);
#3851=VERTEX_POINT('',#12321);
#3852=VERTEX_POINT('',#12323);
#3853=VERTEX_POINT('',#12325);
#3854=VERTEX_POINT('',#12329);
#3855=VERTEX_POINT('',#12331);
#3856=VERTEX_POINT('',#12335);
#3857=VERTEX_POINT('',#12337);
#3858=VERTEX_POINT('',#12344);
#3859=VERTEX_POINT('',#12345);
#3860=VERTEX_POINT('',#12347);
#3861=VERTEX_POINT('',#12349);
#3862=VERTEX_POINT('',#12353);
#3863=VERTEX_POINT('',#12355);
#3864=VERTEX_POINT('',#12359);
#3865=VERTEX_POINT('',#12361);
#3866=VERTEX_POINT('',#12368);
#3867=VERTEX_POINT('',#12369);
#3868=VERTEX_POINT('',#12371);
#3869=VERTEX_POINT('',#12373);
#3870=VERTEX_POINT('',#12377);
#3871=VERTEX_POINT('',#12379);
#3872=VERTEX_POINT('',#12383);
#3873=VERTEX_POINT('',#12385);
#3874=VERTEX_POINT('',#12392);
#3875=VERTEX_POINT('',#12393);
#3876=VERTEX_POINT('',#12395);
#3877=VERTEX_POINT('',#12397);
#3878=VERTEX_POINT('',#12401);
#3879=VERTEX_POINT('',#12403);
#3880=VERTEX_POINT('',#12407);
#3881=VERTEX_POINT('',#12409);
#3882=VERTEX_POINT('',#12416);
#3883=VERTEX_POINT('',#12417);
#3884=VERTEX_POINT('',#12419);
#3885=VERTEX_POINT('',#12421);
#3886=VERTEX_POINT('',#12425);
#3887=VERTEX_POINT('',#12427);
#3888=VERTEX_POINT('',#12431);
#3889=VERTEX_POINT('',#12433);
#3890=VERTEX_POINT('',#12440);
#3891=VERTEX_POINT('',#12441);
#3892=VERTEX_POINT('',#12443);
#3893=VERTEX_POINT('',#12445);
#3894=VERTEX_POINT('',#12449);
#3895=VERTEX_POINT('',#12451);
#3896=VERTEX_POINT('',#12455);
#3897=VERTEX_POINT('',#12457);
#3898=VERTEX_POINT('',#12464);
#3899=VERTEX_POINT('',#12465);
#3900=VERTEX_POINT('',#12467);
#3901=VERTEX_POINT('',#12469);
#3902=VERTEX_POINT('',#12473);
#3903=VERTEX_POINT('',#12475);
#3904=VERTEX_POINT('',#12479);
#3905=VERTEX_POINT('',#12481);
#3906=VERTEX_POINT('',#12488);
#3907=VERTEX_POINT('',#12489);
#3908=VERTEX_POINT('',#12491);
#3909=VERTEX_POINT('',#12493);
#3910=VERTEX_POINT('',#12497);
#3911=VERTEX_POINT('',#12499);
#3912=VERTEX_POINT('',#12503);
#3913=VERTEX_POINT('',#12505);
#3914=VERTEX_POINT('',#12512);
#3915=VERTEX_POINT('',#12513);
#3916=VERTEX_POINT('',#12515);
#3917=VERTEX_POINT('',#12517);
#3918=VERTEX_POINT('',#12521);
#3919=VERTEX_POINT('',#12523);
#3920=VERTEX_POINT('',#12527);
#3921=VERTEX_POINT('',#12529);
#3922=VERTEX_POINT('',#12536);
#3923=VERTEX_POINT('',#12537);
#3924=VERTEX_POINT('',#12539);
#3925=VERTEX_POINT('',#12541);
#3926=VERTEX_POINT('',#12545);
#3927=VERTEX_POINT('',#12547);
#3928=VERTEX_POINT('',#12551);
#3929=VERTEX_POINT('',#12553);
#3930=VERTEX_POINT('',#12560);
#3931=VERTEX_POINT('',#12561);
#3932=VERTEX_POINT('',#12563);
#3933=VERTEX_POINT('',#12565);
#3934=VERTEX_POINT('',#12569);
#3935=VERTEX_POINT('',#12571);
#3936=VERTEX_POINT('',#12575);
#3937=VERTEX_POINT('',#12577);
#3938=VERTEX_POINT('',#12584);
#3939=VERTEX_POINT('',#12585);
#3940=VERTEX_POINT('',#12587);
#3941=VERTEX_POINT('',#12589);
#3942=VERTEX_POINT('',#12593);
#3943=VERTEX_POINT('',#12595);
#3944=VERTEX_POINT('',#12599);
#3945=VERTEX_POINT('',#12601);
#3946=VERTEX_POINT('',#12608);
#3947=VERTEX_POINT('',#12609);
#3948=VERTEX_POINT('',#12611);
#3949=VERTEX_POINT('',#12613);
#3950=VERTEX_POINT('',#12617);
#3951=VERTEX_POINT('',#12619);
#3952=VERTEX_POINT('',#12623);
#3953=VERTEX_POINT('',#12625);
#3954=VERTEX_POINT('',#12632);
#3955=VERTEX_POINT('',#12633);
#3956=VERTEX_POINT('',#12635);
#3957=VERTEX_POINT('',#12637);
#3958=VERTEX_POINT('',#12641);
#3959=VERTEX_POINT('',#12642);
#3960=VERTEX_POINT('',#12644);
#3961=VERTEX_POINT('',#12646);
#3962=VERTEX_POINT('',#12650);
#3963=VERTEX_POINT('',#12651);
#3964=VERTEX_POINT('',#12653);
#3965=VERTEX_POINT('',#12655);
#3966=VERTEX_POINT('',#12659);
#3967=VERTEX_POINT('',#12660);
#3968=VERTEX_POINT('',#12662);
#3969=VERTEX_POINT('',#12664);
#3970=VERTEX_POINT('',#12668);
#3971=VERTEX_POINT('',#12669);
#3972=VERTEX_POINT('',#12671);
#3973=VERTEX_POINT('',#12673);
#3974=VERTEX_POINT('',#12677);
#3975=VERTEX_POINT('',#12678);
#3976=VERTEX_POINT('',#12683);
#3977=VERTEX_POINT('',#12684);
#3978=VERTEX_POINT('',#12686);
#3979=VERTEX_POINT('',#12688);
#3980=VERTEX_POINT('',#12692);
#3981=VERTEX_POINT('',#12694);
#3982=VERTEX_POINT('',#12698);
#3983=VERTEX_POINT('',#12700);
#3984=VERTEX_POINT('',#12707);
#3985=VERTEX_POINT('',#12708);
#3986=VERTEX_POINT('',#12710);
#3987=VERTEX_POINT('',#12712);
#3988=VERTEX_POINT('',#12716);
#3989=VERTEX_POINT('',#12718);
#3990=VERTEX_POINT('',#12722);
#3991=VERTEX_POINT('',#12724);
#3992=VERTEX_POINT('',#12731);
#3993=VERTEX_POINT('',#12732);
#3994=VERTEX_POINT('',#12734);
#3995=VERTEX_POINT('',#12736);
#3996=VERTEX_POINT('',#12740);
#3997=VERTEX_POINT('',#12741);
#3998=VERTEX_POINT('',#12743);
#3999=VERTEX_POINT('',#12745);
#4000=VERTEX_POINT('',#12749);
#4001=VERTEX_POINT('',#12751);
#4002=VERTEX_POINT('',#12755);
#4003=VERTEX_POINT('',#12757);
#4004=VERTEX_POINT('',#12764);
#4005=VERTEX_POINT('',#12765);
#4006=VERTEX_POINT('',#12767);
#4007=VERTEX_POINT('',#12769);
#4008=VERTEX_POINT('',#12773);
#4009=VERTEX_POINT('',#12775);
#4010=VERTEX_POINT('',#12779);
#4011=VERTEX_POINT('',#12781);
#4012=VERTEX_POINT('',#12785);
#4013=VERTEX_POINT('',#12787);
#4014=VERTEX_POINT('',#12791);
#4015=VERTEX_POINT('',#12793);
#4016=VERTEX_POINT('',#12797);
#4017=VERTEX_POINT('',#12799);
#4018=VERTEX_POINT('',#12803);
#4019=VERTEX_POINT('',#12805);
#4020=VERTEX_POINT('',#12809);
#4021=VERTEX_POINT('',#12811);
#4022=VERTEX_POINT('',#12815);
#4023=VERTEX_POINT('',#12817);
#4024=VERTEX_POINT('',#12821);
#4025=VERTEX_POINT('',#12823);
#4026=VERTEX_POINT('',#12825);
#4027=VERTEX_POINT('',#12827);
#4028=VERTEX_POINT('',#12829);
#4029=VERTEX_POINT('',#12831);
#4030=VERTEX_POINT('',#12835);
#4031=VERTEX_POINT('',#12839);
#4032=VERTEX_POINT('',#12841);
#4033=VERTEX_POINT('',#12843);
#4034=VERTEX_POINT('',#12845);
#4035=VERTEX_POINT('',#12847);
#4036=VERTEX_POINT('',#12849);
#4037=VERTEX_POINT('',#12853);
#4038=VERTEX_POINT('',#12855);
#4039=VERTEX_POINT('',#12859);
#4040=VERTEX_POINT('',#12861);
#4041=VERTEX_POINT('',#12863);
#4042=VERTEX_POINT('',#12865);
#4043=VERTEX_POINT('',#12867);
#4044=VERTEX_POINT('',#12869);
#4045=VERTEX_POINT('',#12871);
#4046=VERTEX_POINT('',#12873);
#4047=VERTEX_POINT('',#12877);
#4048=VERTEX_POINT('',#12879);
#4049=VERTEX_POINT('',#12883);
#4050=VERTEX_POINT('',#12885);
#4051=VERTEX_POINT('',#12887);
#4052=VERTEX_POINT('',#12889);
#4053=VERTEX_POINT('',#12891);
#4054=VERTEX_POINT('',#12893);
#4055=VERTEX_POINT('',#12897);
#4056=VERTEX_POINT('',#12901);
#4057=VERTEX_POINT('',#12903);
#4058=VERTEX_POINT('',#12905);
#4059=VERTEX_POINT('',#12907);
#4060=VERTEX_POINT('',#12909);
#4061=VERTEX_POINT('',#12911);
#4062=VERTEX_POINT('',#12914);
#4063=VERTEX_POINT('',#12916);
#4064=VERTEX_POINT('',#12918);
#4065=VERTEX_POINT('',#12920);
#4066=VERTEX_POINT('',#12922);
#4067=VERTEX_POINT('',#12924);
#4068=VERTEX_POINT('',#12926);
#4069=VERTEX_POINT('',#12928);
#4070=EDGE_CURVE('',#3306,#3307,#1162,.T.);
#4071=EDGE_CURVE('',#3308,#3307,#1163,.T.);
#4072=EDGE_CURVE('',#3308,#3309,#1164,.T.);
#4073=EDGE_CURVE('',#3306,#3309,#1165,.T.);
#4074=EDGE_CURVE('',#3307,#3310,#149,.T.);
#4075=EDGE_CURVE('',#3311,#3310,#1166,.T.);
#4076=EDGE_CURVE('',#3308,#3311,#150,.T.);
#4077=EDGE_CURVE('',#3312,#3309,#1167,.T.);
#4078=EDGE_CURVE('',#3312,#3313,#1168,.T.);
#4079=EDGE_CURVE('',#3313,#3306,#1169,.T.);
#4080=EDGE_CURVE('',#3314,#3315,#1170,.T.);
#4081=EDGE_CURVE('',#3316,#3314,#1171,.T.);
#4082=EDGE_CURVE('',#3317,#3316,#1172,.T.);
#4083=EDGE_CURVE('',#3317,#3315,#1173,.T.);
#4084=EDGE_CURVE('',#3315,#3318,#1174,.T.);
#4085=EDGE_CURVE('',#3319,#3317,#1175,.T.);
#4086=EDGE_CURVE('',#3319,#3318,#1176,.T.);
#4087=EDGE_CURVE('',#3318,#3320,#1177,.T.);
#4088=EDGE_CURVE('',#3321,#3319,#1178,.T.);
#4089=EDGE_CURVE('',#3321,#3320,#1179,.T.);
#4090=EDGE_CURVE('',#3320,#3314,#1180,.T.);
#4091=EDGE_CURVE('',#3316,#3321,#1181,.T.);
#4092=EDGE_CURVE('',#3322,#3323,#1182,.T.);
#4093=EDGE_CURVE('',#3324,#3322,#1183,.T.);
#4094=EDGE_CURVE('',#3325,#3324,#1184,.T.);
#4095=EDGE_CURVE('',#3325,#3323,#1185,.T.);
#4096=EDGE_CURVE('',#3323,#3326,#1186,.T.);
#4097=EDGE_CURVE('',#3327,#3325,#1187,.T.);
#4098=EDGE_CURVE('',#3327,#3326,#1188,.T.);
#4099=EDGE_CURVE('',#3326,#3328,#1189,.T.);
#4100=EDGE_CURVE('',#3329,#3327,#1190,.T.);
#4101=EDGE_CURVE('',#3329,#3328,#1191,.T.);
#4102=EDGE_CURVE('',#3328,#3322,#1192,.T.);
#4103=EDGE_CURVE('',#3324,#3329,#1193,.T.);
#4104=EDGE_CURVE('',#3330,#3331,#1194,.T.);
#4105=EDGE_CURVE('',#3332,#3330,#1195,.T.);
#4106=EDGE_CURVE('',#3333,#3332,#1196,.T.);
#4107=EDGE_CURVE('',#3333,#3331,#1197,.T.);
#4108=EDGE_CURVE('',#3331,#3334,#1198,.T.);
#4109=EDGE_CURVE('',#3335,#3333,#1199,.T.);
#4110=EDGE_CURVE('',#3335,#3334,#1200,.T.);
#4111=EDGE_CURVE('',#3334,#3336,#1201,.T.);
#4112=EDGE_CURVE('',#3337,#3335,#1202,.T.);
#4113=EDGE_CURVE('',#3337,#3336,#1203,.T.);
#4114=EDGE_CURVE('',#3336,#3330,#1204,.T.);
#4115=EDGE_CURVE('',#3332,#3337,#1205,.T.);
#4116=EDGE_CURVE('',#3338,#3339,#1206,.T.);
#4117=EDGE_CURVE('',#3340,#3338,#1207,.T.);
#4118=EDGE_CURVE('',#3341,#3340,#1208,.T.);
#4119=EDGE_CURVE('',#3341,#3339,#1209,.T.);
#4120=EDGE_CURVE('',#3339,#3342,#1210,.T.);
#4121=EDGE_CURVE('',#3343,#3341,#1211,.T.);
#4122=EDGE_CURVE('',#3343,#3342,#1212,.T.);
#4123=EDGE_CURVE('',#3342,#3344,#1213,.T.);
#4124=EDGE_CURVE('',#3345,#3343,#1214,.T.);
#4125=EDGE_CURVE('',#3345,#3344,#1215,.T.);
#4126=EDGE_CURVE('',#3344,#3338,#1216,.T.);
#4127=EDGE_CURVE('',#3340,#3345,#1217,.T.);
#4128=EDGE_CURVE('',#3346,#3347,#1218,.T.);
#4129=EDGE_CURVE('',#3348,#3346,#1219,.T.);
#4130=EDGE_CURVE('',#3349,#3348,#1220,.T.);
#4131=EDGE_CURVE('',#3349,#3347,#1221,.T.);
#4132=EDGE_CURVE('',#3347,#3350,#1222,.T.);
#4133=EDGE_CURVE('',#3351,#3349,#1223,.T.);
#4134=EDGE_CURVE('',#3351,#3350,#1224,.T.);
#4135=EDGE_CURVE('',#3350,#3352,#1225,.T.);
#4136=EDGE_CURVE('',#3353,#3351,#1226,.T.);
#4137=EDGE_CURVE('',#3353,#3352,#1227,.T.);
#4138=EDGE_CURVE('',#3352,#3346,#1228,.T.);
#4139=EDGE_CURVE('',#3348,#3353,#1229,.T.);
#4140=EDGE_CURVE('',#3354,#3355,#1230,.T.);
#4141=EDGE_CURVE('',#3356,#3354,#1231,.T.);
#4142=EDGE_CURVE('',#3357,#3356,#1232,.T.);
#4143=EDGE_CURVE('',#3357,#3355,#1233,.T.);
#4144=EDGE_CURVE('',#3355,#3358,#1234,.T.);
#4145=EDGE_CURVE('',#3359,#3357,#1235,.T.);
#4146=EDGE_CURVE('',#3359,#3358,#1236,.T.);
#4147=EDGE_CURVE('',#3358,#3360,#1237,.T.);
#4148=EDGE_CURVE('',#3361,#3359,#1238,.T.);
#4149=EDGE_CURVE('',#3361,#3360,#1239,.T.);
#4150=EDGE_CURVE('',#3360,#3354,#1240,.T.);
#4151=EDGE_CURVE('',#3356,#3361,#1241,.T.);
#4152=EDGE_CURVE('',#3362,#3363,#1242,.T.);
#4153=EDGE_CURVE('',#3364,#3362,#1243,.T.);
#4154=EDGE_CURVE('',#3365,#3364,#1244,.T.);
#4155=EDGE_CURVE('',#3365,#3363,#1245,.T.);
#4156=EDGE_CURVE('',#3363,#3366,#1246,.T.);
#4157=EDGE_CURVE('',#3367,#3365,#1247,.T.);
#4158=EDGE_CURVE('',#3367,#3366,#1248,.T.);
#4159=EDGE_CURVE('',#3366,#3368,#1249,.T.);
#4160=EDGE_CURVE('',#3369,#3367,#1250,.T.);
#4161=EDGE_CURVE('',#3369,#3368,#1251,.T.);
#4162=EDGE_CURVE('',#3368,#3362,#1252,.T.);
#4163=EDGE_CURVE('',#3364,#3369,#1253,.T.);
#4164=EDGE_CURVE('',#3370,#3371,#1254,.T.);
#4165=EDGE_CURVE('',#3372,#3370,#1255,.T.);
#4166=EDGE_CURVE('',#3373,#3372,#1256,.T.);
#4167=EDGE_CURVE('',#3373,#3371,#1257,.T.);
#4168=EDGE_CURVE('',#3371,#3374,#1258,.T.);
#4169=EDGE_CURVE('',#3375,#3373,#1259,.T.);
#4170=EDGE_CURVE('',#3375,#3374,#1260,.T.);
#4171=EDGE_CURVE('',#3374,#3376,#1261,.T.);
#4172=EDGE_CURVE('',#3377,#3375,#1262,.T.);
#4173=EDGE_CURVE('',#3377,#3376,#1263,.T.);
#4174=EDGE_CURVE('',#3376,#3378,#1264,.T.);
#4175=EDGE_CURVE('',#3379,#3377,#1265,.T.);
#4176=EDGE_CURVE('',#3379,#3378,#1266,.T.);
#4177=EDGE_CURVE('',#3378,#3380,#1267,.T.);
#4178=EDGE_CURVE('',#3381,#3379,#1268,.T.);
#4179=EDGE_CURVE('',#3381,#3380,#1269,.T.);
#4180=EDGE_CURVE('',#3380,#3382,#1270,.T.);
#4181=EDGE_CURVE('',#3383,#3381,#1271,.T.);
#4182=EDGE_CURVE('',#3383,#3382,#1272,.T.);
#4183=EDGE_CURVE('',#3382,#3384,#1273,.T.);
#4184=EDGE_CURVE('',#3385,#3383,#1274,.T.);
#4185=EDGE_CURVE('',#3385,#3384,#1275,.T.);
#4186=EDGE_CURVE('',#3384,#3386,#1276,.T.);
#4187=EDGE_CURVE('',#3387,#3385,#1277,.T.);
#4188=EDGE_CURVE('',#3387,#3386,#1278,.T.);
#4189=EDGE_CURVE('',#3386,#3388,#1279,.T.);
#4190=EDGE_CURVE('',#3389,#3387,#1280,.T.);
#4191=EDGE_CURVE('',#3389,#3388,#1281,.T.);
#4192=EDGE_CURVE('',#3388,#3390,#1282,.T.);
#4193=EDGE_CURVE('',#3391,#3389,#1283,.T.);
#4194=EDGE_CURVE('',#3391,#3390,#1284,.T.);
#4195=EDGE_CURVE('',#3390,#3392,#1285,.T.);
#4196=EDGE_CURVE('',#3393,#3391,#1286,.T.);
#4197=EDGE_CURVE('',#3393,#3392,#1287,.T.);
#4198=EDGE_CURVE('',#3392,#3394,#1288,.T.);
#4199=EDGE_CURVE('',#3395,#3393,#1289,.T.);
#4200=EDGE_CURVE('',#3395,#3394,#1290,.T.);
#4201=EDGE_CURVE('',#3394,#3396,#1291,.T.);
#4202=EDGE_CURVE('',#3397,#3395,#1292,.T.);
#4203=EDGE_CURVE('',#3397,#3396,#1293,.T.);
#4204=EDGE_CURVE('',#3396,#3398,#1294,.T.);
#4205=EDGE_CURVE('',#3399,#3397,#1295,.T.);
#4206=EDGE_CURVE('',#3399,#3398,#1296,.T.);
#4207=EDGE_CURVE('',#3398,#3400,#1297,.T.);
#4208=EDGE_CURVE('',#3401,#3399,#1298,.T.);
#4209=EDGE_CURVE('',#3401,#3400,#1299,.T.);
#4210=EDGE_CURVE('',#3400,#3402,#1300,.T.);
#4211=EDGE_CURVE('',#3403,#3401,#1301,.T.);
#4212=EDGE_CURVE('',#3403,#3402,#1302,.T.);
#4213=EDGE_CURVE('',#3402,#3404,#1303,.T.);
#4214=EDGE_CURVE('',#3405,#3403,#1304,.T.);
#4215=EDGE_CURVE('',#3405,#3404,#1305,.T.);
#4216=EDGE_CURVE('',#3404,#3406,#1306,.T.);
#4217=EDGE_CURVE('',#3407,#3405,#1307,.T.);
#4218=EDGE_CURVE('',#3407,#3406,#1308,.T.);
#4219=EDGE_CURVE('',#3406,#3408,#1309,.T.);
#4220=EDGE_CURVE('',#3409,#3407,#1310,.T.);
#4221=EDGE_CURVE('',#3409,#3408,#1311,.T.);
#4222=EDGE_CURVE('',#3408,#3410,#1312,.T.);
#4223=EDGE_CURVE('',#3411,#3409,#1313,.T.);
#4224=EDGE_CURVE('',#3411,#3410,#1314,.T.);
#4225=EDGE_CURVE('',#3410,#3412,#1315,.T.);
#4226=EDGE_CURVE('',#3413,#3411,#1316,.T.);
#4227=EDGE_CURVE('',#3413,#3412,#1317,.T.);
#4228=EDGE_CURVE('',#3412,#3414,#1318,.T.);
#4229=EDGE_CURVE('',#3415,#3413,#1319,.T.);
#4230=EDGE_CURVE('',#3415,#3414,#1320,.T.);
#4231=EDGE_CURVE('',#3414,#3416,#1321,.T.);
#4232=EDGE_CURVE('',#3417,#3415,#1322,.T.);
#4233=EDGE_CURVE('',#3417,#3416,#1323,.T.);
#4234=EDGE_CURVE('',#3416,#3418,#1324,.T.);
#4235=EDGE_CURVE('',#3419,#3417,#1325,.T.);
#4236=EDGE_CURVE('',#3419,#3418,#1326,.T.);
#4237=EDGE_CURVE('',#3418,#3420,#1327,.T.);
#4238=EDGE_CURVE('',#3421,#3419,#1328,.T.);
#4239=EDGE_CURVE('',#3421,#3420,#1329,.T.);
#4240=EDGE_CURVE('',#3420,#3422,#1330,.T.);
#4241=EDGE_CURVE('',#3423,#3421,#1331,.T.);
#4242=EDGE_CURVE('',#3423,#3422,#1332,.T.);
#4243=EDGE_CURVE('',#3422,#3424,#1333,.T.);
#4244=EDGE_CURVE('',#3425,#3423,#1334,.T.);
#4245=EDGE_CURVE('',#3425,#3424,#1335,.T.);
#4246=EDGE_CURVE('',#3424,#3426,#1336,.T.);
#4247=EDGE_CURVE('',#3427,#3425,#1337,.T.);
#4248=EDGE_CURVE('',#3427,#3426,#1338,.T.);
#4249=EDGE_CURVE('',#3426,#3428,#1339,.T.);
#4250=EDGE_CURVE('',#3429,#3427,#1340,.T.);
#4251=EDGE_CURVE('',#3429,#3428,#1341,.T.);
#4252=EDGE_CURVE('',#3428,#3430,#1342,.T.);
#4253=EDGE_CURVE('',#3431,#3429,#1343,.T.);
#4254=EDGE_CURVE('',#3431,#3430,#1344,.T.);
#4255=EDGE_CURVE('',#3430,#3432,#1345,.T.);
#4256=EDGE_CURVE('',#3433,#3431,#1346,.T.);
#4257=EDGE_CURVE('',#3433,#3432,#1347,.T.);
#4258=EDGE_CURVE('',#3432,#3434,#1348,.T.);
#4259=EDGE_CURVE('',#3435,#3433,#1349,.T.);
#4260=EDGE_CURVE('',#3435,#3434,#1350,.T.);
#4261=EDGE_CURVE('',#3434,#3436,#1351,.T.);
#4262=EDGE_CURVE('',#3437,#3435,#1352,.T.);
#4263=EDGE_CURVE('',#3437,#3436,#1353,.T.);
#4264=EDGE_CURVE('',#3436,#3438,#1354,.T.);
#4265=EDGE_CURVE('',#3439,#3437,#1355,.T.);
#4266=EDGE_CURVE('',#3439,#3438,#1356,.T.);
#4267=EDGE_CURVE('',#3438,#3440,#1357,.T.);
#4268=EDGE_CURVE('',#3441,#3439,#1358,.T.);
#4269=EDGE_CURVE('',#3441,#3440,#1359,.T.);
#4270=EDGE_CURVE('',#3440,#3370,#1360,.T.);
#4271=EDGE_CURVE('',#3372,#3441,#1361,.T.);
#4272=EDGE_CURVE('',#3442,#3443,#1362,.T.);
#4273=EDGE_CURVE('',#3444,#3442,#1363,.T.);
#4274=EDGE_CURVE('',#3445,#3444,#1364,.T.);
#4275=EDGE_CURVE('',#3445,#3443,#1365,.T.);
#4276=EDGE_CURVE('',#3443,#3446,#1366,.T.);
#4277=EDGE_CURVE('',#3447,#3445,#1367,.T.);
#4278=EDGE_CURVE('',#3447,#3446,#1368,.T.);
#4279=EDGE_CURVE('',#3446,#3448,#1369,.T.);
#4280=EDGE_CURVE('',#3449,#3447,#1370,.T.);
#4281=EDGE_CURVE('',#3449,#3448,#1371,.T.);
#4282=EDGE_CURVE('',#3448,#3442,#1372,.T.);
#4283=EDGE_CURVE('',#3444,#3449,#1373,.T.);
#4284=EDGE_CURVE('',#3450,#3451,#1374,.T.);
#4285=EDGE_CURVE('',#3452,#3450,#1375,.T.);
#4286=EDGE_CURVE('',#3453,#3452,#1376,.T.);
#4287=EDGE_CURVE('',#3453,#3451,#1377,.T.);
#4288=EDGE_CURVE('',#3451,#3454,#1378,.T.);
#4289=EDGE_CURVE('',#3455,#3453,#1379,.T.);
#4290=EDGE_CURVE('',#3455,#3454,#1380,.T.);
#4291=EDGE_CURVE('',#3454,#3456,#1381,.T.);
#4292=EDGE_CURVE('',#3457,#3455,#1382,.T.);
#4293=EDGE_CURVE('',#3457,#3456,#1383,.T.);
#4294=EDGE_CURVE('',#3456,#3450,#1384,.T.);
#4295=EDGE_CURVE('',#3452,#3457,#1385,.T.);
#4296=EDGE_CURVE('',#3458,#3459,#1386,.T.);
#4297=EDGE_CURVE('',#3460,#3458,#1387,.T.);
#4298=EDGE_CURVE('',#3461,#3460,#1388,.T.);
#4299=EDGE_CURVE('',#3461,#3459,#1389,.T.);
#4300=EDGE_CURVE('',#3459,#3462,#1390,.T.);
#4301=EDGE_CURVE('',#3463,#3461,#1391,.T.);
#4302=EDGE_CURVE('',#3463,#3462,#1392,.T.);
#4303=EDGE_CURVE('',#3462,#3464,#1393,.T.);
#4304=EDGE_CURVE('',#3465,#3463,#1394,.T.);
#4305=EDGE_CURVE('',#3465,#3464,#1395,.T.);
#4306=EDGE_CURVE('',#3464,#3458,#1396,.T.);
#4307=EDGE_CURVE('',#3460,#3465,#1397,.T.);
#4308=EDGE_CURVE('',#3466,#3467,#1398,.T.);
#4309=EDGE_CURVE('',#3468,#3466,#1399,.T.);
#4310=EDGE_CURVE('',#3469,#3468,#1400,.T.);
#4311=EDGE_CURVE('',#3469,#3467,#1401,.T.);
#4312=EDGE_CURVE('',#3467,#3470,#1402,.T.);
#4313=EDGE_CURVE('',#3471,#3469,#1403,.T.);
#4314=EDGE_CURVE('',#3471,#3470,#1404,.T.);
#4315=EDGE_CURVE('',#3470,#3472,#1405,.T.);
#4316=EDGE_CURVE('',#3473,#3471,#1406,.T.);
#4317=EDGE_CURVE('',#3473,#3472,#1407,.T.);
#4318=EDGE_CURVE('',#3472,#3474,#1408,.T.);
#4319=EDGE_CURVE('',#3475,#3473,#1409,.T.);
#4320=EDGE_CURVE('',#3475,#3474,#1410,.T.);
#4321=EDGE_CURVE('',#3474,#3476,#1411,.T.);
#4322=EDGE_CURVE('',#3477,#3475,#1412,.T.);
#4323=EDGE_CURVE('',#3477,#3476,#1413,.T.);
#4324=EDGE_CURVE('',#3476,#3478,#1414,.T.);
#4325=EDGE_CURVE('',#3479,#3477,#1415,.T.);
#4326=EDGE_CURVE('',#3479,#3478,#1416,.T.);
#4327=EDGE_CURVE('',#3478,#3480,#1417,.T.);
#4328=EDGE_CURVE('',#3481,#3479,#1418,.T.);
#4329=EDGE_CURVE('',#3481,#3480,#1419,.T.);
#4330=EDGE_CURVE('',#3480,#3482,#1420,.T.);
#4331=EDGE_CURVE('',#3483,#3481,#1421,.T.);
#4332=EDGE_CURVE('',#3483,#3482,#1422,.T.);
#4333=EDGE_CURVE('',#3482,#3484,#1423,.T.);
#4334=EDGE_CURVE('',#3485,#3483,#1424,.T.);
#4335=EDGE_CURVE('',#3485,#3484,#1425,.T.);
#4336=EDGE_CURVE('',#3484,#3486,#1426,.T.);
#4337=EDGE_CURVE('',#3487,#3485,#1427,.T.);
#4338=EDGE_CURVE('',#3487,#3486,#1428,.T.);
#4339=EDGE_CURVE('',#3486,#3488,#1429,.T.);
#4340=EDGE_CURVE('',#3489,#3487,#1430,.T.);
#4341=EDGE_CURVE('',#3489,#3488,#1431,.T.);
#4342=EDGE_CURVE('',#3488,#3490,#1432,.T.);
#4343=EDGE_CURVE('',#3491,#3489,#1433,.T.);
#4344=EDGE_CURVE('',#3491,#3490,#1434,.T.);
#4345=EDGE_CURVE('',#3490,#3492,#1435,.T.);
#4346=EDGE_CURVE('',#3493,#3491,#1436,.T.);
#4347=EDGE_CURVE('',#3493,#3492,#1437,.T.);
#4348=EDGE_CURVE('',#3492,#3494,#1438,.T.);
#4349=EDGE_CURVE('',#3495,#3493,#1439,.T.);
#4350=EDGE_CURVE('',#3495,#3494,#1440,.T.);
#4351=EDGE_CURVE('',#3494,#3496,#1441,.T.);
#4352=EDGE_CURVE('',#3497,#3495,#1442,.T.);
#4353=EDGE_CURVE('',#3497,#3496,#1443,.T.);
#4354=EDGE_CURVE('',#3496,#3498,#1444,.T.);
#4355=EDGE_CURVE('',#3499,#3497,#1445,.T.);
#4356=EDGE_CURVE('',#3499,#3498,#1446,.T.);
#4357=EDGE_CURVE('',#3498,#3500,#1447,.T.);
#4358=EDGE_CURVE('',#3501,#3499,#1448,.T.);
#4359=EDGE_CURVE('',#3501,#3500,#1449,.T.);
#4360=EDGE_CURVE('',#3500,#3502,#1450,.T.);
#4361=EDGE_CURVE('',#3503,#3501,#1451,.T.);
#4362=EDGE_CURVE('',#3503,#3502,#1452,.T.);
#4363=EDGE_CURVE('',#3502,#3504,#1453,.T.);
#4364=EDGE_CURVE('',#3505,#3503,#1454,.T.);
#4365=EDGE_CURVE('',#3505,#3504,#1455,.T.);
#4366=EDGE_CURVE('',#3504,#3506,#1456,.T.);
#4367=EDGE_CURVE('',#3507,#3505,#1457,.T.);
#4368=EDGE_CURVE('',#3507,#3506,#1458,.T.);
#4369=EDGE_CURVE('',#3506,#3508,#1459,.T.);
#4370=EDGE_CURVE('',#3509,#3507,#1460,.T.);
#4371=EDGE_CURVE('',#3509,#3508,#1461,.T.);
#4372=EDGE_CURVE('',#3508,#3510,#1462,.T.);
#4373=EDGE_CURVE('',#3511,#3509,#1463,.T.);
#4374=EDGE_CURVE('',#3511,#3510,#1464,.T.);
#4375=EDGE_CURVE('',#3510,#3512,#1465,.T.);
#4376=EDGE_CURVE('',#3513,#3511,#1466,.T.);
#4377=EDGE_CURVE('',#3513,#3512,#1467,.T.);
#4378=EDGE_CURVE('',#3512,#3514,#1468,.T.);
#4379=EDGE_CURVE('',#3515,#3513,#1469,.T.);
#4380=EDGE_CURVE('',#3515,#3514,#1470,.T.);
#4381=EDGE_CURVE('',#3514,#3516,#1471,.T.);
#4382=EDGE_CURVE('',#3517,#3515,#1472,.T.);
#4383=EDGE_CURVE('',#3517,#3516,#1473,.T.);
#4384=EDGE_CURVE('',#3516,#3518,#1474,.T.);
#4385=EDGE_CURVE('',#3519,#3517,#1475,.T.);
#4386=EDGE_CURVE('',#3519,#3518,#1476,.T.);
#4387=EDGE_CURVE('',#3518,#3520,#1477,.T.);
#4388=EDGE_CURVE('',#3521,#3519,#1478,.T.);
#4389=EDGE_CURVE('',#3521,#3520,#1479,.T.);
#4390=EDGE_CURVE('',#3520,#3522,#1480,.T.);
#4391=EDGE_CURVE('',#3523,#3521,#1481,.T.);
#4392=EDGE_CURVE('',#3523,#3522,#1482,.T.);
#4393=EDGE_CURVE('',#3522,#3524,#1483,.T.);
#4394=EDGE_CURVE('',#3525,#3523,#1484,.T.);
#4395=EDGE_CURVE('',#3525,#3524,#1485,.T.);
#4396=EDGE_CURVE('',#3524,#3526,#1486,.T.);
#4397=EDGE_CURVE('',#3527,#3525,#1487,.T.);
#4398=EDGE_CURVE('',#3527,#3526,#1488,.T.);
#4399=EDGE_CURVE('',#3526,#3528,#1489,.T.);
#4400=EDGE_CURVE('',#3529,#3527,#1490,.T.);
#4401=EDGE_CURVE('',#3529,#3528,#1491,.T.);
#4402=EDGE_CURVE('',#3528,#3530,#1492,.T.);
#4403=EDGE_CURVE('',#3531,#3529,#1493,.T.);
#4404=EDGE_CURVE('',#3531,#3530,#1494,.T.);
#4405=EDGE_CURVE('',#3530,#3532,#1495,.T.);
#4406=EDGE_CURVE('',#3533,#3531,#1496,.T.);
#4407=EDGE_CURVE('',#3533,#3532,#1497,.T.);
#4408=EDGE_CURVE('',#3532,#3534,#1498,.T.);
#4409=EDGE_CURVE('',#3535,#3533,#1499,.T.);
#4410=EDGE_CURVE('',#3535,#3534,#1500,.T.);
#4411=EDGE_CURVE('',#3534,#3536,#1501,.T.);
#4412=EDGE_CURVE('',#3537,#3535,#1502,.T.);
#4413=EDGE_CURVE('',#3537,#3536,#1503,.T.);
#4414=EDGE_CURVE('',#3536,#3466,#1504,.T.);
#4415=EDGE_CURVE('',#3468,#3537,#1505,.T.);
#4416=EDGE_CURVE('',#3538,#3539,#1506,.T.);
#4417=EDGE_CURVE('',#3540,#3538,#1507,.T.);
#4418=EDGE_CURVE('',#3541,#3540,#1508,.T.);
#4419=EDGE_CURVE('',#3541,#3539,#1509,.T.);
#4420=EDGE_CURVE('',#3539,#3542,#1510,.T.);
#4421=EDGE_CURVE('',#3543,#3541,#1511,.T.);
#4422=EDGE_CURVE('',#3543,#3542,#1512,.T.);
#4423=EDGE_CURVE('',#3542,#3544,#1513,.T.);
#4424=EDGE_CURVE('',#3545,#3543,#1514,.T.);
#4425=EDGE_CURVE('',#3545,#3544,#1515,.T.);
#4426=EDGE_CURVE('',#3544,#3538,#1516,.T.);
#4427=EDGE_CURVE('',#3540,#3545,#1517,.T.);
#4428=EDGE_CURVE('',#3546,#3547,#1518,.T.);
#4429=EDGE_CURVE('',#3548,#3546,#1519,.T.);
#4430=EDGE_CURVE('',#3549,#3548,#1520,.T.);
#4431=EDGE_CURVE('',#3549,#3547,#1521,.T.);
#4432=EDGE_CURVE('',#3547,#3550,#1522,.T.);
#4433=EDGE_CURVE('',#3551,#3549,#1523,.T.);
#4434=EDGE_CURVE('',#3551,#3550,#1524,.T.);
#4435=EDGE_CURVE('',#3550,#3552,#1525,.T.);
#4436=EDGE_CURVE('',#3553,#3551,#1526,.T.);
#4437=EDGE_CURVE('',#3553,#3552,#1527,.T.);
#4438=EDGE_CURVE('',#3552,#3546,#1528,.T.);
#4439=EDGE_CURVE('',#3548,#3553,#1529,.T.);
#4440=EDGE_CURVE('',#3554,#3555,#1530,.T.);
#4441=EDGE_CURVE('',#3556,#3554,#1531,.T.);
#4442=EDGE_CURVE('',#3557,#3556,#1532,.T.);
#4443=EDGE_CURVE('',#3557,#3555,#1533,.T.);
#4444=EDGE_CURVE('',#3555,#3558,#1534,.T.);
#4445=EDGE_CURVE('',#3559,#3557,#1535,.T.);
#4446=EDGE_CURVE('',#3559,#3558,#1536,.T.);
#4447=EDGE_CURVE('',#3558,#3560,#1537,.T.);
#4448=EDGE_CURVE('',#3561,#3559,#1538,.T.);
#4449=EDGE_CURVE('',#3561,#3560,#1539,.T.);
#4450=EDGE_CURVE('',#3560,#3554,#1540,.T.);
#4451=EDGE_CURVE('',#3556,#3561,#1541,.T.);
#4452=EDGE_CURVE('',#3562,#3563,#1542,.T.);
#4453=EDGE_CURVE('',#3564,#3562,#1543,.T.);
#4454=EDGE_CURVE('',#3565,#3564,#1544,.T.);
#4455=EDGE_CURVE('',#3565,#3563,#1545,.T.);
#4456=EDGE_CURVE('',#3563,#3566,#1546,.T.);
#4457=EDGE_CURVE('',#3567,#3565,#1547,.T.);
#4458=EDGE_CURVE('',#3567,#3566,#1548,.T.);
#4459=EDGE_CURVE('',#3566,#3568,#1549,.T.);
#4460=EDGE_CURVE('',#3569,#3567,#1550,.T.);
#4461=EDGE_CURVE('',#3569,#3568,#1551,.T.);
#4462=EDGE_CURVE('',#3568,#3562,#1552,.T.);
#4463=EDGE_CURVE('',#3564,#3569,#1553,.T.);
#4464=EDGE_CURVE('',#3570,#3571,#1554,.T.);
#4465=EDGE_CURVE('',#3572,#3570,#1555,.T.);
#4466=EDGE_CURVE('',#3573,#3572,#1556,.T.);
#4467=EDGE_CURVE('',#3573,#3571,#1557,.T.);
#4468=EDGE_CURVE('',#3571,#3574,#1558,.T.);
#4469=EDGE_CURVE('',#3575,#3573,#1559,.T.);
#4470=EDGE_CURVE('',#3575,#3574,#1560,.T.);
#4471=EDGE_CURVE('',#3574,#3576,#1561,.T.);
#4472=EDGE_CURVE('',#3577,#3575,#1562,.T.);
#4473=EDGE_CURVE('',#3577,#3576,#1563,.T.);
#4474=EDGE_CURVE('',#3576,#3570,#1564,.T.);
#4475=EDGE_CURVE('',#3572,#3577,#1565,.T.);
#4476=EDGE_CURVE('',#3578,#3579,#1566,.T.);
#4477=EDGE_CURVE('',#3580,#3578,#1567,.T.);
#4478=EDGE_CURVE('',#3581,#3580,#1568,.T.);
#4479=EDGE_CURVE('',#3581,#3579,#1569,.T.);
#4480=EDGE_CURVE('',#3579,#3582,#1570,.T.);
#4481=EDGE_CURVE('',#3583,#3581,#1571,.T.);
#4482=EDGE_CURVE('',#3583,#3582,#1572,.T.);
#4483=EDGE_CURVE('',#3582,#3584,#1573,.T.);
#4484=EDGE_CURVE('',#3585,#3583,#1574,.T.);
#4485=EDGE_CURVE('',#3585,#3584,#1575,.T.);
#4486=EDGE_CURVE('',#3584,#3586,#1576,.T.);
#4487=EDGE_CURVE('',#3587,#3585,#1577,.T.);
#4488=EDGE_CURVE('',#3587,#3586,#1578,.T.);
#4489=EDGE_CURVE('',#3586,#3588,#1579,.T.);
#4490=EDGE_CURVE('',#3589,#3587,#1580,.T.);
#4491=EDGE_CURVE('',#3589,#3588,#1581,.T.);
#4492=EDGE_CURVE('',#3588,#3590,#1582,.T.);
#4493=EDGE_CURVE('',#3591,#3589,#1583,.T.);
#4494=EDGE_CURVE('',#3591,#3590,#1584,.T.);
#4495=EDGE_CURVE('',#3590,#3592,#1585,.T.);
#4496=EDGE_CURVE('',#3593,#3591,#1586,.T.);
#4497=EDGE_CURVE('',#3593,#3592,#1587,.T.);
#4498=EDGE_CURVE('',#3592,#3594,#1588,.T.);
#4499=EDGE_CURVE('',#3595,#3593,#1589,.T.);
#4500=EDGE_CURVE('',#3595,#3594,#1590,.T.);
#4501=EDGE_CURVE('',#3594,#3596,#1591,.T.);
#4502=EDGE_CURVE('',#3597,#3595,#1592,.T.);
#4503=EDGE_CURVE('',#3597,#3596,#1593,.T.);
#4504=EDGE_CURVE('',#3596,#3598,#1594,.T.);
#4505=EDGE_CURVE('',#3599,#3597,#1595,.T.);
#4506=EDGE_CURVE('',#3599,#3598,#1596,.T.);
#4507=EDGE_CURVE('',#3598,#3600,#1597,.T.);
#4508=EDGE_CURVE('',#3601,#3599,#1598,.T.);
#4509=EDGE_CURVE('',#3601,#3600,#1599,.T.);
#4510=EDGE_CURVE('',#3600,#3602,#1600,.T.);
#4511=EDGE_CURVE('',#3603,#3601,#1601,.T.);
#4512=EDGE_CURVE('',#3603,#3602,#1602,.T.);
#4513=EDGE_CURVE('',#3602,#3604,#1603,.T.);
#4514=EDGE_CURVE('',#3605,#3603,#1604,.T.);
#4515=EDGE_CURVE('',#3605,#3604,#1605,.T.);
#4516=EDGE_CURVE('',#3604,#3606,#1606,.T.);
#4517=EDGE_CURVE('',#3607,#3605,#1607,.T.);
#4518=EDGE_CURVE('',#3607,#3606,#1608,.T.);
#4519=EDGE_CURVE('',#3606,#3608,#1609,.T.);
#4520=EDGE_CURVE('',#3609,#3607,#1610,.T.);
#4521=EDGE_CURVE('',#3609,#3608,#1611,.T.);
#4522=EDGE_CURVE('',#3608,#3610,#1612,.T.);
#4523=EDGE_CURVE('',#3611,#3609,#1613,.T.);
#4524=EDGE_CURVE('',#3611,#3610,#1614,.T.);
#4525=EDGE_CURVE('',#3610,#3612,#1615,.T.);
#4526=EDGE_CURVE('',#3613,#3611,#1616,.T.);
#4527=EDGE_CURVE('',#3613,#3612,#1617,.T.);
#4528=EDGE_CURVE('',#3612,#3614,#1618,.T.);
#4529=EDGE_CURVE('',#3615,#3613,#1619,.T.);
#4530=EDGE_CURVE('',#3615,#3614,#1620,.T.);
#4531=EDGE_CURVE('',#3614,#3616,#1621,.T.);
#4532=EDGE_CURVE('',#3617,#3615,#1622,.T.);
#4533=EDGE_CURVE('',#3617,#3616,#1623,.T.);
#4534=EDGE_CURVE('',#3616,#3618,#1624,.T.);
#4535=EDGE_CURVE('',#3619,#3617,#1625,.T.);
#4536=EDGE_CURVE('',#3619,#3618,#1626,.T.);
#4537=EDGE_CURVE('',#3618,#3620,#1627,.T.);
#4538=EDGE_CURVE('',#3621,#3619,#1628,.T.);
#4539=EDGE_CURVE('',#3621,#3620,#1629,.T.);
#4540=EDGE_CURVE('',#3620,#3622,#1630,.T.);
#4541=EDGE_CURVE('',#3623,#3621,#1631,.T.);
#4542=EDGE_CURVE('',#3623,#3622,#1632,.T.);
#4543=EDGE_CURVE('',#3622,#3624,#1633,.T.);
#4544=EDGE_CURVE('',#3625,#3623,#1634,.T.);
#4545=EDGE_CURVE('',#3625,#3624,#1635,.T.);
#4546=EDGE_CURVE('',#3624,#3626,#1636,.T.);
#4547=EDGE_CURVE('',#3627,#3625,#1637,.T.);
#4548=EDGE_CURVE('',#3627,#3626,#1638,.T.);
#4549=EDGE_CURVE('',#3626,#3628,#1639,.T.);
#4550=EDGE_CURVE('',#3629,#3627,#1640,.T.);
#4551=EDGE_CURVE('',#3629,#3628,#1641,.T.);
#4552=EDGE_CURVE('',#3628,#3630,#1642,.T.);
#4553=EDGE_CURVE('',#3631,#3629,#1643,.T.);
#4554=EDGE_CURVE('',#3631,#3630,#1644,.T.);
#4555=EDGE_CURVE('',#3630,#3632,#1645,.T.);
#4556=EDGE_CURVE('',#3633,#3631,#1646,.T.);
#4557=EDGE_CURVE('',#3633,#3632,#1647,.T.);
#4558=EDGE_CURVE('',#3632,#3634,#1648,.T.);
#4559=EDGE_CURVE('',#3635,#3633,#1649,.T.);
#4560=EDGE_CURVE('',#3635,#3634,#1650,.T.);
#4561=EDGE_CURVE('',#3634,#3636,#1651,.T.);
#4562=EDGE_CURVE('',#3637,#3635,#1652,.T.);
#4563=EDGE_CURVE('',#3637,#3636,#1653,.T.);
#4564=EDGE_CURVE('',#3636,#3638,#1654,.T.);
#4565=EDGE_CURVE('',#3639,#3637,#1655,.T.);
#4566=EDGE_CURVE('',#3639,#3638,#1656,.T.);
#4567=EDGE_CURVE('',#3638,#3640,#1657,.T.);
#4568=EDGE_CURVE('',#3641,#3639,#1658,.T.);
#4569=EDGE_CURVE('',#3641,#3640,#1659,.T.);
#4570=EDGE_CURVE('',#3640,#3642,#1660,.T.);
#4571=EDGE_CURVE('',#3643,#3641,#1661,.T.);
#4572=EDGE_CURVE('',#3643,#3642,#1662,.T.);
#4573=EDGE_CURVE('',#3642,#3644,#1663,.T.);
#4574=EDGE_CURVE('',#3645,#3643,#1664,.T.);
#4575=EDGE_CURVE('',#3645,#3644,#1665,.T.);
#4576=EDGE_CURVE('',#3644,#3646,#1666,.T.);
#4577=EDGE_CURVE('',#3647,#3645,#1667,.T.);
#4578=EDGE_CURVE('',#3647,#3646,#1668,.T.);
#4579=EDGE_CURVE('',#3646,#3648,#1669,.T.);
#4580=EDGE_CURVE('',#3649,#3647,#1670,.T.);
#4581=EDGE_CURVE('',#3649,#3648,#1671,.T.);
#4582=EDGE_CURVE('',#3648,#3578,#1672,.T.);
#4583=EDGE_CURVE('',#3580,#3649,#1673,.T.);
#4584=EDGE_CURVE('',#3650,#3651,#1674,.T.);
#4585=EDGE_CURVE('',#3652,#3650,#1675,.T.);
#4586=EDGE_CURVE('',#3653,#3652,#1676,.T.);
#4587=EDGE_CURVE('',#3653,#3651,#1677,.T.);
#4588=EDGE_CURVE('',#3651,#3654,#1678,.T.);
#4589=EDGE_CURVE('',#3655,#3653,#1679,.T.);
#4590=EDGE_CURVE('',#3655,#3654,#1680,.T.);
#4591=EDGE_CURVE('',#3654,#3656,#1681,.T.);
#4592=EDGE_CURVE('',#3657,#3655,#1682,.T.);
#4593=EDGE_CURVE('',#3657,#3656,#1683,.T.);
#4594=EDGE_CURVE('',#3656,#3650,#1684,.T.);
#4595=EDGE_CURVE('',#3652,#3657,#1685,.T.);
#4596=EDGE_CURVE('',#3658,#3659,#1686,.T.);
#4597=EDGE_CURVE('',#3660,#3658,#1687,.T.);
#4598=EDGE_CURVE('',#3661,#3660,#1688,.T.);
#4599=EDGE_CURVE('',#3661,#3659,#1689,.T.);
#4600=EDGE_CURVE('',#3659,#3662,#1690,.T.);
#4601=EDGE_CURVE('',#3663,#3661,#1691,.T.);
#4602=EDGE_CURVE('',#3663,#3662,#1692,.T.);
#4603=EDGE_CURVE('',#3662,#3664,#1693,.T.);
#4604=EDGE_CURVE('',#3665,#3663,#1694,.T.);
#4605=EDGE_CURVE('',#3665,#3664,#1695,.T.);
#4606=EDGE_CURVE('',#3664,#3658,#1696,.T.);
#4607=EDGE_CURVE('',#3660,#3665,#1697,.T.);
#4608=EDGE_CURVE('',#3666,#3667,#1698,.T.);
#4609=EDGE_CURVE('',#3668,#3666,#1699,.T.);
#4610=EDGE_CURVE('',#3669,#3668,#1700,.T.);
#4611=EDGE_CURVE('',#3669,#3667,#1701,.T.);
#4612=EDGE_CURVE('',#3667,#3670,#1702,.T.);
#4613=EDGE_CURVE('',#3671,#3669,#1703,.T.);
#4614=EDGE_CURVE('',#3671,#3670,#1704,.T.);
#4615=EDGE_CURVE('',#3670,#3672,#1705,.T.);
#4616=EDGE_CURVE('',#3673,#3671,#1706,.T.);
#4617=EDGE_CURVE('',#3673,#3672,#1707,.T.);
#4618=EDGE_CURVE('',#3672,#3666,#1708,.T.);
#4619=EDGE_CURVE('',#3668,#3673,#1709,.T.);
#4620=EDGE_CURVE('',#3674,#3675,#1710,.T.);
#4621=EDGE_CURVE('',#3676,#3674,#1711,.T.);
#4622=EDGE_CURVE('',#3677,#3676,#1712,.T.);
#4623=EDGE_CURVE('',#3677,#3675,#1713,.T.);
#4624=EDGE_CURVE('',#3675,#3678,#1714,.T.);
#4625=EDGE_CURVE('',#3679,#3677,#1715,.T.);
#4626=EDGE_CURVE('',#3679,#3678,#1716,.T.);
#4627=EDGE_CURVE('',#3678,#3680,#1717,.T.);
#4628=EDGE_CURVE('',#3681,#3679,#1718,.T.);
#4629=EDGE_CURVE('',#3681,#3680,#1719,.T.);
#4630=EDGE_CURVE('',#3680,#3674,#1720,.T.);
#4631=EDGE_CURVE('',#3676,#3681,#1721,.T.);
#4632=EDGE_CURVE('',#3682,#3683,#1722,.T.);
#4633=EDGE_CURVE('',#3684,#3682,#1723,.T.);
#4634=EDGE_CURVE('',#3685,#3684,#1724,.T.);
#4635=EDGE_CURVE('',#3685,#3683,#1725,.T.);
#4636=EDGE_CURVE('',#3683,#3686,#1726,.T.);
#4637=EDGE_CURVE('',#3687,#3685,#1727,.T.);
#4638=EDGE_CURVE('',#3687,#3686,#1728,.T.);
#4639=EDGE_CURVE('',#3686,#3688,#1729,.T.);
#4640=EDGE_CURVE('',#3689,#3687,#1730,.T.);
#4641=EDGE_CURVE('',#3689,#3688,#1731,.T.);
#4642=EDGE_CURVE('',#3688,#3682,#1732,.T.);
#4643=EDGE_CURVE('',#3684,#3689,#1733,.T.);
#4644=EDGE_CURVE('',#3690,#3691,#1734,.T.);
#4645=EDGE_CURVE('',#3692,#3690,#1735,.T.);
#4646=EDGE_CURVE('',#3693,#3692,#1736,.T.);
#4647=EDGE_CURVE('',#3693,#3691,#1737,.T.);
#4648=EDGE_CURVE('',#3691,#3694,#1738,.T.);
#4649=EDGE_CURVE('',#3695,#3693,#1739,.T.);
#4650=EDGE_CURVE('',#3695,#3694,#1740,.T.);
#4651=EDGE_CURVE('',#3694,#3696,#1741,.T.);
#4652=EDGE_CURVE('',#3697,#3695,#1742,.T.);
#4653=EDGE_CURVE('',#3697,#3696,#1743,.T.);
#4654=EDGE_CURVE('',#3696,#3690,#1744,.T.);
#4655=EDGE_CURVE('',#3692,#3697,#1745,.T.);
#4656=EDGE_CURVE('',#3698,#3699,#1746,.T.);
#4657=EDGE_CURVE('',#3700,#3698,#1747,.T.);
#4658=EDGE_CURVE('',#3701,#3700,#1748,.T.);
#4659=EDGE_CURVE('',#3701,#3699,#1749,.T.);
#4660=EDGE_CURVE('',#3699,#3702,#1750,.T.);
#4661=EDGE_CURVE('',#3703,#3701,#1751,.T.);
#4662=EDGE_CURVE('',#3703,#3702,#1752,.T.);
#4663=EDGE_CURVE('',#3702,#3704,#1753,.T.);
#4664=EDGE_CURVE('',#3705,#3703,#1754,.T.);
#4665=EDGE_CURVE('',#3705,#3704,#1755,.T.);
#4666=EDGE_CURVE('',#3704,#3698,#1756,.T.);
#4667=EDGE_CURVE('',#3700,#3705,#1757,.T.);
#4668=EDGE_CURVE('',#3706,#3707,#1758,.T.);
#4669=EDGE_CURVE('',#3708,#3706,#1759,.T.);
#4670=EDGE_CURVE('',#3709,#3708,#1760,.T.);
#4671=EDGE_CURVE('',#3709,#3707,#1761,.T.);
#4672=EDGE_CURVE('',#3707,#3710,#1762,.T.);
#4673=EDGE_CURVE('',#3711,#3709,#1763,.T.);
#4674=EDGE_CURVE('',#3711,#3710,#1764,.T.);
#4675=EDGE_CURVE('',#3710,#3712,#1765,.T.);
#4676=EDGE_CURVE('',#3713,#3711,#1766,.T.);
#4677=EDGE_CURVE('',#3713,#3712,#1767,.T.);
#4678=EDGE_CURVE('',#3712,#3706,#1768,.T.);
#4679=EDGE_CURVE('',#3708,#3713,#1769,.T.);
#4680=EDGE_CURVE('',#3714,#3715,#1770,.T.);
#4681=EDGE_CURVE('',#3716,#3714,#1771,.T.);
#4682=EDGE_CURVE('',#3717,#3716,#1772,.T.);
#4683=EDGE_CURVE('',#3717,#3715,#1773,.T.);
#4684=EDGE_CURVE('',#3715,#3718,#1774,.T.);
#4685=EDGE_CURVE('',#3719,#3717,#1775,.T.);
#4686=EDGE_CURVE('',#3719,#3718,#1776,.T.);
#4687=EDGE_CURVE('',#3718,#3720,#1777,.T.);
#4688=EDGE_CURVE('',#3721,#3719,#1778,.T.);
#4689=EDGE_CURVE('',#3721,#3720,#1779,.T.);
#4690=EDGE_CURVE('',#3720,#3714,#1780,.T.);
#4691=EDGE_CURVE('',#3716,#3721,#1781,.T.);
#4692=EDGE_CURVE('',#3722,#3723,#1782,.T.);
#4693=EDGE_CURVE('',#3724,#3722,#1783,.T.);
#4694=EDGE_CURVE('',#3725,#3724,#1784,.T.);
#4695=EDGE_CURVE('',#3725,#3723,#1785,.T.);
#4696=EDGE_CURVE('',#3723,#3726,#1786,.T.);
#4697=EDGE_CURVE('',#3727,#3725,#1787,.T.);
#4698=EDGE_CURVE('',#3727,#3726,#1788,.T.);
#4699=EDGE_CURVE('',#3726,#3728,#1789,.T.);
#4700=EDGE_CURVE('',#3729,#3727,#1790,.T.);
#4701=EDGE_CURVE('',#3729,#3728,#1791,.T.);
#4702=EDGE_CURVE('',#3728,#3722,#1792,.T.);
#4703=EDGE_CURVE('',#3724,#3729,#1793,.T.);
#4704=EDGE_CURVE('',#3730,#3731,#1794,.T.);
#4705=EDGE_CURVE('',#3732,#3730,#1795,.T.);
#4706=EDGE_CURVE('',#3733,#3732,#1796,.T.);
#4707=EDGE_CURVE('',#3733,#3731,#1797,.T.);
#4708=EDGE_CURVE('',#3731,#3734,#1798,.T.);
#4709=EDGE_CURVE('',#3735,#3733,#1799,.T.);
#4710=EDGE_CURVE('',#3735,#3734,#1800,.T.);
#4711=EDGE_CURVE('',#3734,#3736,#1801,.T.);
#4712=EDGE_CURVE('',#3737,#3735,#1802,.T.);
#4713=EDGE_CURVE('',#3737,#3736,#1803,.T.);
#4714=EDGE_CURVE('',#3736,#3730,#1804,.T.);
#4715=EDGE_CURVE('',#3732,#3737,#1805,.T.);
#4716=EDGE_CURVE('',#3738,#3739,#1806,.T.);
#4717=EDGE_CURVE('',#3740,#3738,#1807,.T.);
#4718=EDGE_CURVE('',#3741,#3740,#1808,.T.);
#4719=EDGE_CURVE('',#3741,#3739,#1809,.T.);
#4720=EDGE_CURVE('',#3739,#3742,#1810,.T.);
#4721=EDGE_CURVE('',#3743,#3741,#1811,.T.);
#4722=EDGE_CURVE('',#3743,#3742,#1812,.T.);
#4723=EDGE_CURVE('',#3742,#3744,#1813,.T.);
#4724=EDGE_CURVE('',#3745,#3743,#1814,.T.);
#4725=EDGE_CURVE('',#3745,#3744,#1815,.T.);
#4726=EDGE_CURVE('',#3744,#3738,#1816,.T.);
#4727=EDGE_CURVE('',#3740,#3745,#1817,.T.);
#4728=EDGE_CURVE('',#3746,#3747,#1818,.T.);
#4729=EDGE_CURVE('',#3748,#3746,#1819,.T.);
#4730=EDGE_CURVE('',#3749,#3748,#1820,.T.);
#4731=EDGE_CURVE('',#3749,#3747,#1821,.T.);
#4732=EDGE_CURVE('',#3747,#3750,#1822,.T.);
#4733=EDGE_CURVE('',#3751,#3749,#1823,.T.);
#4734=EDGE_CURVE('',#3751,#3750,#1824,.T.);
#4735=EDGE_CURVE('',#3750,#3752,#1825,.T.);
#4736=EDGE_CURVE('',#3753,#3751,#1826,.T.);
#4737=EDGE_CURVE('',#3753,#3752,#1827,.T.);
#4738=EDGE_CURVE('',#3752,#3746,#1828,.T.);
#4739=EDGE_CURVE('',#3748,#3753,#1829,.T.);
#4740=EDGE_CURVE('',#3754,#3755,#1830,.T.);
#4741=EDGE_CURVE('',#3756,#3754,#1831,.T.);
#4742=EDGE_CURVE('',#3757,#3756,#1832,.T.);
#4743=EDGE_CURVE('',#3757,#3755,#1833,.T.);
#4744=EDGE_CURVE('',#3755,#3758,#1834,.T.);
#4745=EDGE_CURVE('',#3759,#3757,#1835,.T.);
#4746=EDGE_CURVE('',#3759,#3758,#1836,.T.);
#4747=EDGE_CURVE('',#3758,#3760,#1837,.T.);
#4748=EDGE_CURVE('',#3761,#3759,#1838,.T.);
#4749=EDGE_CURVE('',#3761,#3760,#1839,.T.);
#4750=EDGE_CURVE('',#3760,#3754,#1840,.T.);
#4751=EDGE_CURVE('',#3756,#3761,#1841,.T.);
#4752=EDGE_CURVE('',#3762,#3763,#1842,.T.);
#4753=EDGE_CURVE('',#3764,#3762,#1843,.T.);
#4754=EDGE_CURVE('',#3765,#3764,#1844,.T.);
#4755=EDGE_CURVE('',#3765,#3763,#1845,.T.);
#4756=EDGE_CURVE('',#3763,#3766,#1846,.T.);
#4757=EDGE_CURVE('',#3767,#3765,#1847,.T.);
#4758=EDGE_CURVE('',#3767,#3766,#1848,.T.);
#4759=EDGE_CURVE('',#3766,#3768,#1849,.T.);
#4760=EDGE_CURVE('',#3769,#3767,#1850,.T.);
#4761=EDGE_CURVE('',#3769,#3768,#1851,.T.);
#4762=EDGE_CURVE('',#3768,#3762,#1852,.T.);
#4763=EDGE_CURVE('',#3764,#3769,#1853,.T.);
#4764=EDGE_CURVE('',#3770,#3771,#1854,.T.);
#4765=EDGE_CURVE('',#3772,#3770,#1855,.T.);
#4766=EDGE_CURVE('',#3773,#3772,#1856,.T.);
#4767=EDGE_CURVE('',#3773,#3771,#1857,.T.);
#4768=EDGE_CURVE('',#3771,#3774,#1858,.T.);
#4769=EDGE_CURVE('',#3775,#3773,#1859,.T.);
#4770=EDGE_CURVE('',#3775,#3774,#1860,.T.);
#4771=EDGE_CURVE('',#3774,#3776,#1861,.T.);
#4772=EDGE_CURVE('',#3777,#3775,#1862,.T.);
#4773=EDGE_CURVE('',#3777,#3776,#1863,.T.);
#4774=EDGE_CURVE('',#3776,#3770,#1864,.T.);
#4775=EDGE_CURVE('',#3772,#3777,#1865,.T.);
#4776=EDGE_CURVE('',#3778,#3779,#1866,.T.);
#4777=EDGE_CURVE('',#3780,#3778,#1867,.T.);
#4778=EDGE_CURVE('',#3781,#3780,#1868,.T.);
#4779=EDGE_CURVE('',#3781,#3779,#1869,.T.);
#4780=EDGE_CURVE('',#3779,#3782,#1870,.T.);
#4781=EDGE_CURVE('',#3783,#3781,#1871,.T.);
#4782=EDGE_CURVE('',#3783,#3782,#1872,.T.);
#4783=EDGE_CURVE('',#3782,#3784,#1873,.T.);
#4784=EDGE_CURVE('',#3785,#3783,#1874,.T.);
#4785=EDGE_CURVE('',#3785,#3784,#1875,.T.);
#4786=EDGE_CURVE('',#3784,#3778,#1876,.T.);
#4787=EDGE_CURVE('',#3780,#3785,#1877,.T.);
#4788=EDGE_CURVE('',#3786,#3787,#1878,.T.);
#4789=EDGE_CURVE('',#3788,#3786,#1879,.T.);
#4790=EDGE_CURVE('',#3789,#3788,#1880,.T.);
#4791=EDGE_CURVE('',#3789,#3787,#1881,.T.);
#4792=EDGE_CURVE('',#3787,#3790,#1882,.T.);
#4793=EDGE_CURVE('',#3791,#3789,#1883,.T.);
#4794=EDGE_CURVE('',#3791,#3790,#1884,.T.);
#4795=EDGE_CURVE('',#3790,#3792,#1885,.T.);
#4796=EDGE_CURVE('',#3793,#3791,#1886,.T.);
#4797=EDGE_CURVE('',#3793,#3792,#1887,.T.);
#4798=EDGE_CURVE('',#3792,#3786,#1888,.T.);
#4799=EDGE_CURVE('',#3788,#3793,#1889,.T.);
#4800=EDGE_CURVE('',#3794,#3795,#1890,.T.);
#4801=EDGE_CURVE('',#3796,#3794,#1891,.T.);
#4802=EDGE_CURVE('',#3797,#3796,#1892,.T.);
#4803=EDGE_CURVE('',#3797,#3795,#1893,.T.);
#4804=EDGE_CURVE('',#3795,#3798,#1894,.T.);
#4805=EDGE_CURVE('',#3799,#3797,#1895,.T.);
#4806=EDGE_CURVE('',#3799,#3798,#1896,.T.);
#4807=EDGE_CURVE('',#3798,#3800,#1897,.T.);
#4808=EDGE_CURVE('',#3801,#3799,#1898,.T.);
#4809=EDGE_CURVE('',#3801,#3800,#1899,.T.);
#4810=EDGE_CURVE('',#3800,#3794,#1900,.T.);
#4811=EDGE_CURVE('',#3796,#3801,#1901,.T.);
#4812=EDGE_CURVE('',#3802,#3803,#1902,.T.);
#4813=EDGE_CURVE('',#3804,#3802,#1903,.T.);
#4814=EDGE_CURVE('',#3805,#3804,#1904,.T.);
#4815=EDGE_CURVE('',#3805,#3803,#1905,.T.);
#4816=EDGE_CURVE('',#3803,#3806,#1906,.T.);
#4817=EDGE_CURVE('',#3807,#3805,#1907,.T.);
#4818=EDGE_CURVE('',#3807,#3806,#1908,.T.);
#4819=EDGE_CURVE('',#3806,#3808,#1909,.T.);
#4820=EDGE_CURVE('',#3809,#3807,#1910,.T.);
#4821=EDGE_CURVE('',#3809,#3808,#1911,.T.);
#4822=EDGE_CURVE('',#3808,#3802,#1912,.T.);
#4823=EDGE_CURVE('',#3804,#3809,#1913,.T.);
#4824=EDGE_CURVE('',#3810,#3811,#1914,.T.);
#4825=EDGE_CURVE('',#3812,#3810,#1915,.T.);
#4826=EDGE_CURVE('',#3813,#3812,#1916,.T.);
#4827=EDGE_CURVE('',#3813,#3811,#1917,.T.);
#4828=EDGE_CURVE('',#3811,#3814,#1918,.T.);
#4829=EDGE_CURVE('',#3815,#3813,#1919,.T.);
#4830=EDGE_CURVE('',#3815,#3814,#1920,.T.);
#4831=EDGE_CURVE('',#3814,#3816,#1921,.T.);
#4832=EDGE_CURVE('',#3817,#3815,#1922,.T.);
#4833=EDGE_CURVE('',#3817,#3816,#1923,.T.);
#4834=EDGE_CURVE('',#3816,#3810,#1924,.T.);
#4835=EDGE_CURVE('',#3812,#3817,#1925,.T.);
#4836=EDGE_CURVE('',#3818,#3819,#1926,.T.);
#4837=EDGE_CURVE('',#3820,#3818,#1927,.T.);
#4838=EDGE_CURVE('',#3821,#3820,#1928,.T.);
#4839=EDGE_CURVE('',#3821,#3819,#1929,.T.);
#4840=EDGE_CURVE('',#3819,#3822,#1930,.T.);
#4841=EDGE_CURVE('',#3823,#3821,#1931,.T.);
#4842=EDGE_CURVE('',#3823,#3822,#1932,.T.);
#4843=EDGE_CURVE('',#3822,#3824,#1933,.T.);
#4844=EDGE_CURVE('',#3825,#3823,#1934,.T.);
#4845=EDGE_CURVE('',#3825,#3824,#1935,.T.);
#4846=EDGE_CURVE('',#3824,#3818,#1936,.T.);
#4847=EDGE_CURVE('',#3820,#3825,#1937,.T.);
#4848=EDGE_CURVE('',#3826,#3827,#1938,.T.);
#4849=EDGE_CURVE('',#3828,#3826,#1939,.T.);
#4850=EDGE_CURVE('',#3829,#3828,#1940,.T.);
#4851=EDGE_CURVE('',#3829,#3827,#1941,.T.);
#4852=EDGE_CURVE('',#3827,#3830,#1942,.T.);
#4853=EDGE_CURVE('',#3831,#3829,#1943,.T.);
#4854=EDGE_CURVE('',#3831,#3830,#1944,.T.);
#4855=EDGE_CURVE('',#3830,#3832,#1945,.T.);
#4856=EDGE_CURVE('',#3833,#3831,#1946,.T.);
#4857=EDGE_CURVE('',#3833,#3832,#1947,.T.);
#4858=EDGE_CURVE('',#3832,#3826,#1948,.T.);
#4859=EDGE_CURVE('',#3828,#3833,#1949,.T.);
#4860=EDGE_CURVE('',#3834,#3835,#1950,.T.);
#4861=EDGE_CURVE('',#3836,#3834,#1951,.T.);
#4862=EDGE_CURVE('',#3837,#3836,#1952,.T.);
#4863=EDGE_CURVE('',#3837,#3835,#1953,.T.);
#4864=EDGE_CURVE('',#3835,#3838,#1954,.T.);
#4865=EDGE_CURVE('',#3839,#3837,#1955,.T.);
#4866=EDGE_CURVE('',#3839,#3838,#1956,.T.);
#4867=EDGE_CURVE('',#3838,#3840,#1957,.T.);
#4868=EDGE_CURVE('',#3841,#3839,#1958,.T.);
#4869=EDGE_CURVE('',#3841,#3840,#1959,.T.);
#4870=EDGE_CURVE('',#3840,#3834,#1960,.T.);
#4871=EDGE_CURVE('',#3836,#3841,#1961,.T.);
#4872=EDGE_CURVE('',#3842,#3843,#1962,.T.);
#4873=EDGE_CURVE('',#3844,#3842,#1963,.T.);
#4874=EDGE_CURVE('',#3845,#3844,#1964,.T.);
#4875=EDGE_CURVE('',#3845,#3843,#1965,.T.);
#4876=EDGE_CURVE('',#3843,#3846,#1966,.T.);
#4877=EDGE_CURVE('',#3847,#3845,#1967,.T.);
#4878=EDGE_CURVE('',#3847,#3846,#1968,.T.);
#4879=EDGE_CURVE('',#3846,#3848,#1969,.T.);
#4880=EDGE_CURVE('',#3849,#3847,#1970,.T.);
#4881=EDGE_CURVE('',#3849,#3848,#1971,.T.);
#4882=EDGE_CURVE('',#3848,#3842,#1972,.T.);
#4883=EDGE_CURVE('',#3844,#3849,#1973,.T.);
#4884=EDGE_CURVE('',#3850,#3851,#1974,.T.);
#4885=EDGE_CURVE('',#3852,#3850,#1975,.T.);
#4886=EDGE_CURVE('',#3853,#3852,#1976,.T.);
#4887=EDGE_CURVE('',#3853,#3851,#1977,.T.);
#4888=EDGE_CURVE('',#3851,#3854,#1978,.T.);
#4889=EDGE_CURVE('',#3855,#3853,#1979,.T.);
#4890=EDGE_CURVE('',#3855,#3854,#1980,.T.);
#4891=EDGE_CURVE('',#3854,#3856,#1981,.T.);
#4892=EDGE_CURVE('',#3857,#3855,#1982,.T.);
#4893=EDGE_CURVE('',#3857,#3856,#1983,.T.);
#4894=EDGE_CURVE('',#3856,#3850,#1984,.T.);
#4895=EDGE_CURVE('',#3852,#3857,#1985,.T.);
#4896=EDGE_CURVE('',#3858,#3859,#1986,.T.);
#4897=EDGE_CURVE('',#3860,#3858,#1987,.T.);
#4898=EDGE_CURVE('',#3861,#3860,#1988,.T.);
#4899=EDGE_CURVE('',#3861,#3859,#1989,.T.);
#4900=EDGE_CURVE('',#3859,#3862,#1990,.T.);
#4901=EDGE_CURVE('',#3863,#3861,#1991,.T.);
#4902=EDGE_CURVE('',#3863,#3862,#1992,.T.);
#4903=EDGE_CURVE('',#3862,#3864,#1993,.T.);
#4904=EDGE_CURVE('',#3865,#3863,#1994,.T.);
#4905=EDGE_CURVE('',#3865,#3864,#1995,.T.);
#4906=EDGE_CURVE('',#3864,#3858,#1996,.T.);
#4907=EDGE_CURVE('',#3860,#3865,#1997,.T.);
#4908=EDGE_CURVE('',#3866,#3867,#1998,.T.);
#4909=EDGE_CURVE('',#3868,#3866,#1999,.T.);
#4910=EDGE_CURVE('',#3869,#3868,#2000,.T.);
#4911=EDGE_CURVE('',#3869,#3867,#2001,.T.);
#4912=EDGE_CURVE('',#3867,#3870,#2002,.T.);
#4913=EDGE_CURVE('',#3871,#3869,#2003,.T.);
#4914=EDGE_CURVE('',#3871,#3870,#2004,.T.);
#4915=EDGE_CURVE('',#3870,#3872,#2005,.T.);
#4916=EDGE_CURVE('',#3873,#3871,#2006,.T.);
#4917=EDGE_CURVE('',#3873,#3872,#2007,.T.);
#4918=EDGE_CURVE('',#3872,#3866,#2008,.T.);
#4919=EDGE_CURVE('',#3868,#3873,#2009,.T.);
#4920=EDGE_CURVE('',#3874,#3875,#2010,.T.);
#4921=EDGE_CURVE('',#3876,#3874,#2011,.T.);
#4922=EDGE_CURVE('',#3877,#3876,#2012,.T.);
#4923=EDGE_CURVE('',#3877,#3875,#2013,.T.);
#4924=EDGE_CURVE('',#3875,#3878,#2014,.T.);
#4925=EDGE_CURVE('',#3879,#3877,#2015,.T.);
#4926=EDGE_CURVE('',#3879,#3878,#2016,.T.);
#4927=EDGE_CURVE('',#3878,#3880,#2017,.T.);
#4928=EDGE_CURVE('',#3881,#3879,#2018,.T.);
#4929=EDGE_CURVE('',#3881,#3880,#2019,.T.);
#4930=EDGE_CURVE('',#3880,#3874,#2020,.T.);
#4931=EDGE_CURVE('',#3876,#3881,#2021,.T.);
#4932=EDGE_CURVE('',#3882,#3883,#2022,.T.);
#4933=EDGE_CURVE('',#3884,#3882,#2023,.T.);
#4934=EDGE_CURVE('',#3885,#3884,#2024,.T.);
#4935=EDGE_CURVE('',#3885,#3883,#2025,.T.);
#4936=EDGE_CURVE('',#3883,#3886,#2026,.T.);
#4937=EDGE_CURVE('',#3887,#3885,#2027,.T.);
#4938=EDGE_CURVE('',#3887,#3886,#2028,.T.);
#4939=EDGE_CURVE('',#3886,#3888,#2029,.T.);
#4940=EDGE_CURVE('',#3889,#3887,#2030,.T.);
#4941=EDGE_CURVE('',#3889,#3888,#2031,.T.);
#4942=EDGE_CURVE('',#3888,#3882,#2032,.T.);
#4943=EDGE_CURVE('',#3884,#3889,#2033,.T.);
#4944=EDGE_CURVE('',#3890,#3891,#2034,.T.);
#4945=EDGE_CURVE('',#3892,#3890,#2035,.T.);
#4946=EDGE_CURVE('',#3893,#3892,#2036,.T.);
#4947=EDGE_CURVE('',#3893,#3891,#2037,.T.);
#4948=EDGE_CURVE('',#3891,#3894,#2038,.T.);
#4949=EDGE_CURVE('',#3895,#3893,#2039,.T.);
#4950=EDGE_CURVE('',#3895,#3894,#2040,.T.);
#4951=EDGE_CURVE('',#3894,#3896,#2041,.T.);
#4952=EDGE_CURVE('',#3897,#3895,#2042,.T.);
#4953=EDGE_CURVE('',#3897,#3896,#2043,.T.);
#4954=EDGE_CURVE('',#3896,#3890,#2044,.T.);
#4955=EDGE_CURVE('',#3892,#3897,#2045,.T.);
#4956=EDGE_CURVE('',#3898,#3899,#2046,.T.);
#4957=EDGE_CURVE('',#3900,#3898,#2047,.T.);
#4958=EDGE_CURVE('',#3901,#3900,#2048,.T.);
#4959=EDGE_CURVE('',#3901,#3899,#2049,.T.);
#4960=EDGE_CURVE('',#3899,#3902,#2050,.T.);
#4961=EDGE_CURVE('',#3903,#3901,#2051,.T.);
#4962=EDGE_CURVE('',#3903,#3902,#2052,.T.);
#4963=EDGE_CURVE('',#3902,#3904,#2053,.T.);
#4964=EDGE_CURVE('',#3905,#3903,#2054,.T.);
#4965=EDGE_CURVE('',#3905,#3904,#2055,.T.);
#4966=EDGE_CURVE('',#3904,#3898,#2056,.T.);
#4967=EDGE_CURVE('',#3900,#3905,#2057,.T.);
#4968=EDGE_CURVE('',#3906,#3907,#2058,.T.);
#4969=EDGE_CURVE('',#3908,#3906,#2059,.T.);
#4970=EDGE_CURVE('',#3909,#3908,#2060,.T.);
#4971=EDGE_CURVE('',#3909,#3907,#2061,.T.);
#4972=EDGE_CURVE('',#3907,#3910,#2062,.T.);
#4973=EDGE_CURVE('',#3911,#3909,#2063,.T.);
#4974=EDGE_CURVE('',#3911,#3910,#2064,.T.);
#4975=EDGE_CURVE('',#3910,#3912,#2065,.T.);
#4976=EDGE_CURVE('',#3913,#3911,#2066,.T.);
#4977=EDGE_CURVE('',#3913,#3912,#2067,.T.);
#4978=EDGE_CURVE('',#3912,#3906,#2068,.T.);
#4979=EDGE_CURVE('',#3908,#3913,#2069,.T.);
#4980=EDGE_CURVE('',#3914,#3915,#2070,.T.);
#4981=EDGE_CURVE('',#3916,#3914,#2071,.T.);
#4982=EDGE_CURVE('',#3917,#3916,#2072,.T.);
#4983=EDGE_CURVE('',#3917,#3915,#2073,.T.);
#4984=EDGE_CURVE('',#3915,#3918,#2074,.T.);
#4985=EDGE_CURVE('',#3919,#3917,#2075,.T.);
#4986=EDGE_CURVE('',#3919,#3918,#2076,.T.);
#4987=EDGE_CURVE('',#3918,#3920,#2077,.T.);
#4988=EDGE_CURVE('',#3921,#3919,#2078,.T.);
#4989=EDGE_CURVE('',#3921,#3920,#2079,.T.);
#4990=EDGE_CURVE('',#3920,#3914,#2080,.T.);
#4991=EDGE_CURVE('',#3916,#3921,#2081,.T.);
#4992=EDGE_CURVE('',#3922,#3923,#2082,.T.);
#4993=EDGE_CURVE('',#3924,#3922,#2083,.T.);
#4994=EDGE_CURVE('',#3925,#3924,#2084,.T.);
#4995=EDGE_CURVE('',#3925,#3923,#2085,.T.);
#4996=EDGE_CURVE('',#3923,#3926,#2086,.T.);
#4997=EDGE_CURVE('',#3927,#3925,#2087,.T.);
#4998=EDGE_CURVE('',#3927,#3926,#2088,.T.);
#4999=EDGE_CURVE('',#3926,#3928,#2089,.T.);
#5000=EDGE_CURVE('',#3929,#3927,#2090,.T.);
#5001=EDGE_CURVE('',#3929,#3928,#2091,.T.);
#5002=EDGE_CURVE('',#3928,#3922,#2092,.T.);
#5003=EDGE_CURVE('',#3924,#3929,#2093,.T.);
#5004=EDGE_CURVE('',#3930,#3931,#2094,.T.);
#5005=EDGE_CURVE('',#3932,#3930,#2095,.T.);
#5006=EDGE_CURVE('',#3933,#3932,#2096,.T.);
#5007=EDGE_CURVE('',#3933,#3931,#2097,.T.);
#5008=EDGE_CURVE('',#3931,#3934,#2098,.T.);
#5009=EDGE_CURVE('',#3935,#3933,#2099,.T.);
#5010=EDGE_CURVE('',#3935,#3934,#2100,.T.);
#5011=EDGE_CURVE('',#3934,#3936,#2101,.T.);
#5012=EDGE_CURVE('',#3937,#3935,#2102,.T.);
#5013=EDGE_CURVE('',#3937,#3936,#2103,.T.);
#5014=EDGE_CURVE('',#3936,#3930,#2104,.T.);
#5015=EDGE_CURVE('',#3932,#3937,#2105,.T.);
#5016=EDGE_CURVE('',#3938,#3939,#2106,.T.);
#5017=EDGE_CURVE('',#3940,#3938,#2107,.T.);
#5018=EDGE_CURVE('',#3941,#3940,#2108,.T.);
#5019=EDGE_CURVE('',#3941,#3939,#2109,.T.);
#5020=EDGE_CURVE('',#3939,#3942,#2110,.T.);
#5021=EDGE_CURVE('',#3943,#3941,#2111,.T.);
#5022=EDGE_CURVE('',#3943,#3942,#2112,.T.);
#5023=EDGE_CURVE('',#3942,#3944,#2113,.T.);
#5024=EDGE_CURVE('',#3945,#3943,#2114,.T.);
#5025=EDGE_CURVE('',#3945,#3944,#2115,.T.);
#5026=EDGE_CURVE('',#3944,#3938,#2116,.T.);
#5027=EDGE_CURVE('',#3940,#3945,#2117,.T.);
#5028=EDGE_CURVE('',#3946,#3947,#2118,.T.);
#5029=EDGE_CURVE('',#3948,#3946,#2119,.T.);
#5030=EDGE_CURVE('',#3949,#3948,#2120,.T.);
#5031=EDGE_CURVE('',#3949,#3947,#2121,.T.);
#5032=EDGE_CURVE('',#3947,#3950,#151,.T.);
#5033=EDGE_CURVE('',#3951,#3949,#152,.T.);
#5034=EDGE_CURVE('',#3951,#3950,#2122,.T.);
#5035=EDGE_CURVE('',#3950,#3952,#2123,.T.);
#5036=EDGE_CURVE('',#3953,#3951,#2124,.T.);
#5037=EDGE_CURVE('',#3953,#3952,#2125,.T.);
#5038=EDGE_CURVE('',#3952,#3946,#153,.T.);
#5039=EDGE_CURVE('',#3948,#3953,#154,.T.);
#5040=EDGE_CURVE('',#3954,#3955,#2126,.T.);
#5041=EDGE_CURVE('',#3956,#3954,#155,.T.);
#5042=EDGE_CURVE('',#3957,#3956,#2127,.T.);
#5043=EDGE_CURVE('',#3955,#3957,#156,.T.);
#5044=EDGE_CURVE('',#3958,#3959,#2128,.T.);
#5045=EDGE_CURVE('',#3960,#3958,#157,.T.);
#5046=EDGE_CURVE('',#3961,#3960,#2129,.T.);
#5047=EDGE_CURVE('',#3959,#3961,#158,.T.);
#5048=EDGE_CURVE('',#3962,#3963,#2130,.T.);
#5049=EDGE_CURVE('',#3964,#3962,#159,.T.);
#5050=EDGE_CURVE('',#3965,#3964,#2131,.T.);
#5051=EDGE_CURVE('',#3963,#3965,#160,.T.);
#5052=EDGE_CURVE('',#3966,#3967,#2132,.T.);
#5053=EDGE_CURVE('',#3968,#3966,#161,.T.);
#5054=EDGE_CURVE('',#3969,#3968,#2133,.T.);
#5055=EDGE_CURVE('',#3967,#3969,#162,.T.);
#5056=EDGE_CURVE('',#3970,#3971,#2134,.T.);
#5057=EDGE_CURVE('',#3972,#3970,#163,.T.);
#5058=EDGE_CURVE('',#3973,#3972,#2135,.T.);
#5059=EDGE_CURVE('',#3971,#3973,#164,.T.);
#5060=EDGE_CURVE('',#3974,#3975,#2136,.T.);
#5061=EDGE_CURVE('',#3313,#3974,#165,.T.);
#5062=EDGE_CURVE('',#3975,#3312,#166,.T.);
#5063=EDGE_CURVE('',#3976,#3977,#2137,.T.);
#5064=EDGE_CURVE('',#3978,#3976,#2138,.T.);
#5065=EDGE_CURVE('',#3979,#3978,#2139,.T.);
#5066=EDGE_CURVE('',#3979,#3977,#2140,.T.);
#5067=EDGE_CURVE('',#3977,#3980,#167,.T.);
#5068=EDGE_CURVE('',#3981,#3979,#168,.T.);
#5069=EDGE_CURVE('',#3981,#3980,#2141,.T.);
#5070=EDGE_CURVE('',#3980,#3982,#2142,.T.);
#5071=EDGE_CURVE('',#3983,#3981,#2143,.T.);
#5072=EDGE_CURVE('',#3983,#3982,#2144,.T.);
#5073=EDGE_CURVE('',#3982,#3976,#169,.T.);
#5074=EDGE_CURVE('',#3978,#3983,#170,.T.);
#5075=EDGE_CURVE('',#3984,#3985,#2145,.T.);
#5076=EDGE_CURVE('',#3986,#3984,#2146,.T.);
#5077=EDGE_CURVE('',#3987,#3986,#2147,.T.);
#5078=EDGE_CURVE('',#3987,#3985,#2148,.T.);
#5079=EDGE_CURVE('',#3985,#3988,#171,.T.);
#5080=EDGE_CURVE('',#3989,#3987,#172,.T.);
#5081=EDGE_CURVE('',#3989,#3988,#2149,.T.);
#5082=EDGE_CURVE('',#3988,#3990,#2150,.T.);
#5083=EDGE_CURVE('',#3991,#3989,#2151,.T.);
#5084=EDGE_CURVE('',#3991,#3990,#2152,.T.);
#5085=EDGE_CURVE('',#3990,#3984,#173,.T.);
#5086=EDGE_CURVE('',#3986,#3991,#174,.T.);
#5087=EDGE_CURVE('',#3992,#3993,#2153,.T.);
#5088=EDGE_CURVE('',#3994,#3992,#175,.T.);
#5089=EDGE_CURVE('',#3995,#3994,#2154,.T.);
#5090=EDGE_CURVE('',#3993,#3995,#176,.T.);
#5091=EDGE_CURVE('',#3996,#3997,#2155,.T.);
#5092=EDGE_CURVE('',#3998,#3996,#2156,.T.);
#5093=EDGE_CURVE('',#3999,#3998,#2157,.T.);
#5094=EDGE_CURVE('',#3999,#3997,#2158,.T.);
#5095=EDGE_CURVE('',#3997,#4000,#177,.T.);
#5096=EDGE_CURVE('',#4001,#3999,#178,.T.);
#5097=EDGE_CURVE('',#4001,#4000,#2159,.T.);
#5098=EDGE_CURVE('',#4000,#4002,#2160,.T.);
#5099=EDGE_CURVE('',#4003,#4001,#2161,.T.);
#5100=EDGE_CURVE('',#4003,#4002,#2162,.T.);
#5101=EDGE_CURVE('',#4002,#3996,#179,.T.);
#5102=EDGE_CURVE('',#3998,#4003,#180,.T.);
#5103=EDGE_CURVE('',#4004,#4005,#2163,.T.);
#5104=EDGE_CURVE('',#4006,#4004,#181,.T.);
#5105=EDGE_CURVE('',#4007,#4006,#2164,.T.);
#5106=EDGE_CURVE('',#4005,#4007,#182,.T.);
#5107=EDGE_CURVE('',#3955,#4008,#183,.T.);
#5108=EDGE_CURVE('',#4009,#4008,#2165,.T.);
#5109=EDGE_CURVE('',#3954,#4009,#184,.T.);
#5110=EDGE_CURVE('',#4010,#3959,#185,.T.);
#5111=EDGE_CURVE('',#4010,#4011,#2166,.T.);
#5112=EDGE_CURVE('',#4011,#3958,#186,.T.);
#5113=EDGE_CURVE('',#3963,#4012,#187,.T.);
#5114=EDGE_CURVE('',#4013,#4012,#2167,.T.);
#5115=EDGE_CURVE('',#3962,#4013,#188,.T.);
#5116=EDGE_CURVE('',#4014,#3967,#189,.T.);
#5117=EDGE_CURVE('',#4014,#4015,#2168,.T.);
#5118=EDGE_CURVE('',#4015,#3966,#190,.T.);
#5119=EDGE_CURVE('',#3971,#4016,#191,.T.);
#5120=EDGE_CURVE('',#4017,#4016,#2169,.T.);
#5121=EDGE_CURVE('',#3970,#4017,#192,.T.);
#5122=EDGE_CURVE('',#4018,#3975,#193,.T.);
#5123=EDGE_CURVE('',#4018,#4019,#2170,.T.);
#5124=EDGE_CURVE('',#4019,#3974,#194,.T.);
#5125=EDGE_CURVE('',#4020,#3993,#195,.T.);
#5126=EDGE_CURVE('',#4020,#4021,#2171,.T.);
#5127=EDGE_CURVE('',#4021,#3992,#196,.T.);
#5128=EDGE_CURVE('',#4005,#4022,#197,.T.);
#5129=EDGE_CURVE('',#4023,#4022,#2172,.T.);
#5130=EDGE_CURVE('',#4004,#4023,#198,.T.);
#5131=EDGE_CURVE('',#4024,#3957,#2173,.T.);
#5132=EDGE_CURVE('',#4024,#4025,#2174,.T.);
#5133=EDGE_CURVE('',#4026,#4025,#199,.T.);
#5134=EDGE_CURVE('',#4026,#4027,#2175,.T.);
#5135=EDGE_CURVE('',#4028,#4027,#200,.T.);
#5136=EDGE_CURVE('',#4028,#4029,#2176,.T.);
#5137=EDGE_CURVE('',#3968,#4029,#2177,.T.);
#5138=EDGE_CURVE('',#4022,#4015,#2178,.T.);
#5139=EDGE_CURVE('',#4030,#4007,#2179,.T.);
#5140=EDGE_CURVE('',#4030,#3310,#2180,.T.);
#5141=EDGE_CURVE('',#4016,#4019,#2181,.T.);
#5142=EDGE_CURVE('',#4031,#3973,#2182,.T.);
#5143=EDGE_CURVE('',#4031,#4032,#2183,.T.);
#5144=EDGE_CURVE('',#4033,#4032,#201,.T.);
#5145=EDGE_CURVE('',#4033,#4034,#2184,.T.);
#5146=EDGE_CURVE('',#4035,#4034,#202,.T.);
#5147=EDGE_CURVE('',#4035,#4036,#2185,.T.);
#5148=EDGE_CURVE('',#3960,#4036,#2186,.T.);
#5149=EDGE_CURVE('',#4012,#4011,#2187,.T.);
#5150=EDGE_CURVE('',#4037,#3965,#2188,.T.);
#5151=EDGE_CURVE('',#4037,#4038,#2189,.T.);
#5152=EDGE_CURVE('',#3994,#4038,#2190,.T.);
#5153=EDGE_CURVE('',#4008,#4021,#2191,.T.);
#5154=EDGE_CURVE('',#4039,#4039,#203,.T.);
#5155=EDGE_CURVE('',#4040,#4040,#204,.T.);
#5156=EDGE_CURVE('',#4041,#4041,#205,.T.);
#5157=EDGE_CURVE('',#4042,#4042,#206,.T.);
#5158=EDGE_CURVE('',#4043,#4043,#207,.T.);
#5159=EDGE_CURVE('',#4044,#4044,#208,.T.);
#5160=EDGE_CURVE('',#4045,#4045,#209,.T.);
#5161=EDGE_CURVE('',#4046,#4046,#210,.T.);
#5162=EDGE_CURVE('',#4020,#4009,#2192,.T.);
#5163=EDGE_CURVE('',#3995,#4047,#2193,.T.);
#5164=EDGE_CURVE('',#4048,#4047,#2194,.T.);
#5165=EDGE_CURVE('',#3964,#4048,#2195,.T.);
#5166=EDGE_CURVE('',#4010,#4013,#2196,.T.);
#5167=EDGE_CURVE('',#3961,#4049,#2197,.T.);
#5168=EDGE_CURVE('',#4050,#4049,#2198,.T.);
#5169=EDGE_CURVE('',#4051,#4050,#211,.T.);
#5170=EDGE_CURVE('',#4052,#4051,#2199,.T.);
#5171=EDGE_CURVE('',#4053,#4052,#212,.T.);
#5172=EDGE_CURVE('',#4054,#4053,#2200,.T.);
#5173=EDGE_CURVE('',#3972,#4054,#2201,.T.);
#5174=EDGE_CURVE('',#4018,#4017,#2202,.T.);
#5175=EDGE_CURVE('',#4055,#3311,#2203,.T.);
#5176=EDGE_CURVE('',#4006,#4055,#2204,.T.);
#5177=EDGE_CURVE('',#4014,#4023,#2205,.T.);
#5178=EDGE_CURVE('',#3969,#4056,#2206,.T.);
#5179=EDGE_CURVE('',#4057,#4056,#2207,.T.);
#5180=EDGE_CURVE('',#4058,#4057,#213,.T.);
#5181=EDGE_CURVE('',#4059,#4058,#2208,.T.);
#5182=EDGE_CURVE('',#4060,#4059,#214,.T.);
#5183=EDGE_CURVE('',#4061,#4060,#2209,.T.);
#5184=EDGE_CURVE('',#3956,#4061,#2210,.T.);
#5185=EDGE_CURVE('',#4062,#4062,#215,.T.);
#5186=EDGE_CURVE('',#4063,#4063,#216,.T.);
#5187=EDGE_CURVE('',#4064,#4064,#217,.T.);
#5188=EDGE_CURVE('',#4065,#4065,#218,.T.);
#5189=EDGE_CURVE('',#4066,#4066,#219,.T.);
#5190=EDGE_CURVE('',#4067,#4067,#220,.T.);
#5191=EDGE_CURVE('',#4068,#4068,#221,.T.);
#5192=EDGE_CURVE('',#4069,#4069,#222,.T.);
#5193=EDGE_CURVE('',#4030,#4055,#2211,.T.);
#5194=EDGE_CURVE('',#4039,#4062,#2212,.T.);
#5195=EDGE_CURVE('',#4031,#4054,#2213,.T.);
#5196=EDGE_CURVE('',#4040,#4063,#2214,.T.);
#5197=EDGE_CURVE('',#4032,#4053,#2215,.T.);
#5198=EDGE_CURVE('',#4049,#4036,#2216,.T.);
#5199=EDGE_CURVE('',#4041,#4064,#2217,.T.);
#5200=EDGE_CURVE('',#4050,#4035,#2218,.T.);
#5201=EDGE_CURVE('',#4042,#4065,#2219,.T.);
#5202=EDGE_CURVE('',#4043,#4066,#2220,.T.);
#5203=EDGE_CURVE('',#4037,#4048,#2221,.T.);
#5204=EDGE_CURVE('',#4047,#4038,#2222,.T.);
#5205=EDGE_CURVE('',#4044,#4067,#2223,.T.);
#5206=EDGE_CURVE('',#4024,#4061,#2224,.T.);
#5207=EDGE_CURVE('',#4025,#4060,#2225,.T.);
#5208=EDGE_CURVE('',#4045,#4068,#2226,.T.);
#5209=EDGE_CURVE('',#4046,#4069,#2227,.T.);
#5210=EDGE_CURVE('',#4056,#4029,#2228,.T.);
#5211=EDGE_CURVE('',#4057,#4028,#2229,.T.);
#5212=EDGE_CURVE('',#4059,#4026,#2230,.T.);
#5213=EDGE_CURVE('',#4027,#4058,#2231,.T.);
#5214=EDGE_CURVE('',#4052,#4033,#2232,.T.);
#5215=EDGE_CURVE('',#4034,#4051,#2233,.T.);
#5216=ORIENTED_EDGE('',*,*,#4070,.T.);
#5217=ORIENTED_EDGE('',*,*,#4071,.F.);
#5218=ORIENTED_EDGE('',*,*,#4072,.T.);
#5219=ORIENTED_EDGE('',*,*,#4073,.F.);
#5220=ORIENTED_EDGE('',*,*,#4074,.T.);
#5221=ORIENTED_EDGE('',*,*,#4075,.F.);
#5222=ORIENTED_EDGE('',*,*,#4076,.F.);
#5223=ORIENTED_EDGE('',*,*,#4071,.T.);
#5224=ORIENTED_EDGE('',*,*,#4073,.T.);
#5225=ORIENTED_EDGE('',*,*,#4077,.F.);
#5226=ORIENTED_EDGE('',*,*,#4078,.T.);
#5227=ORIENTED_EDGE('',*,*,#4079,.T.);
#5228=ORIENTED_EDGE('',*,*,#4080,.F.);
#5229=ORIENTED_EDGE('',*,*,#4081,.F.);
#5230=ORIENTED_EDGE('',*,*,#4082,.F.);
#5231=ORIENTED_EDGE('',*,*,#4083,.T.);
#5232=ORIENTED_EDGE('',*,*,#4084,.F.);
#5233=ORIENTED_EDGE('',*,*,#4083,.F.);
#5234=ORIENTED_EDGE('',*,*,#4085,.F.);
#5235=ORIENTED_EDGE('',*,*,#4086,.T.);
#5236=ORIENTED_EDGE('',*,*,#4087,.F.);
#5237=ORIENTED_EDGE('',*,*,#4086,.F.);
#5238=ORIENTED_EDGE('',*,*,#4088,.F.);
#5239=ORIENTED_EDGE('',*,*,#4089,.T.);
#5240=ORIENTED_EDGE('',*,*,#4090,.F.);
#5241=ORIENTED_EDGE('',*,*,#4089,.F.);
#5242=ORIENTED_EDGE('',*,*,#4091,.F.);
#5243=ORIENTED_EDGE('',*,*,#4081,.T.);
#5244=ORIENTED_EDGE('',*,*,#4092,.F.);
#5245=ORIENTED_EDGE('',*,*,#4093,.F.);
#5246=ORIENTED_EDGE('',*,*,#4094,.F.);
#5247=ORIENTED_EDGE('',*,*,#4095,.T.);
#5248=ORIENTED_EDGE('',*,*,#4096,.F.);
#5249=ORIENTED_EDGE('',*,*,#4095,.F.);
#5250=ORIENTED_EDGE('',*,*,#4097,.F.);
#5251=ORIENTED_EDGE('',*,*,#4098,.T.);
#5252=ORIENTED_EDGE('',*,*,#4099,.F.);
#5253=ORIENTED_EDGE('',*,*,#4098,.F.);
#5254=ORIENTED_EDGE('',*,*,#4100,.F.);
#5255=ORIENTED_EDGE('',*,*,#4101,.T.);
#5256=ORIENTED_EDGE('',*,*,#4102,.F.);
#5257=ORIENTED_EDGE('',*,*,#4101,.F.);
#5258=ORIENTED_EDGE('',*,*,#4103,.F.);
#5259=ORIENTED_EDGE('',*,*,#4093,.T.);
#5260=ORIENTED_EDGE('',*,*,#4104,.F.);
#5261=ORIENTED_EDGE('',*,*,#4105,.F.);
#5262=ORIENTED_EDGE('',*,*,#4106,.F.);
#5263=ORIENTED_EDGE('',*,*,#4107,.T.);
#5264=ORIENTED_EDGE('',*,*,#4108,.F.);
#5265=ORIENTED_EDGE('',*,*,#4107,.F.);
#5266=ORIENTED_EDGE('',*,*,#4109,.F.);
#5267=ORIENTED_EDGE('',*,*,#4110,.T.);
#5268=ORIENTED_EDGE('',*,*,#4111,.F.);
#5269=ORIENTED_EDGE('',*,*,#4110,.F.);
#5270=ORIENTED_EDGE('',*,*,#4112,.F.);
#5271=ORIENTED_EDGE('',*,*,#4113,.T.);
#5272=ORIENTED_EDGE('',*,*,#4114,.F.);
#5273=ORIENTED_EDGE('',*,*,#4113,.F.);
#5274=ORIENTED_EDGE('',*,*,#4115,.F.);
#5275=ORIENTED_EDGE('',*,*,#4105,.T.);
#5276=ORIENTED_EDGE('',*,*,#4116,.F.);
#5277=ORIENTED_EDGE('',*,*,#4117,.F.);
#5278=ORIENTED_EDGE('',*,*,#4118,.F.);
#5279=ORIENTED_EDGE('',*,*,#4119,.T.);
#5280=ORIENTED_EDGE('',*,*,#4120,.F.);
#5281=ORIENTED_EDGE('',*,*,#4119,.F.);
#5282=ORIENTED_EDGE('',*,*,#4121,.F.);
#5283=ORIENTED_EDGE('',*,*,#4122,.T.);
#5284=ORIENTED_EDGE('',*,*,#4123,.F.);
#5285=ORIENTED_EDGE('',*,*,#4122,.F.);
#5286=ORIENTED_EDGE('',*,*,#4124,.F.);
#5287=ORIENTED_EDGE('',*,*,#4125,.T.);
#5288=ORIENTED_EDGE('',*,*,#4126,.F.);
#5289=ORIENTED_EDGE('',*,*,#4125,.F.);
#5290=ORIENTED_EDGE('',*,*,#4127,.F.);
#5291=ORIENTED_EDGE('',*,*,#4117,.T.);
#5292=ORIENTED_EDGE('',*,*,#4128,.F.);
#5293=ORIENTED_EDGE('',*,*,#4129,.F.);
#5294=ORIENTED_EDGE('',*,*,#4130,.F.);
#5295=ORIENTED_EDGE('',*,*,#4131,.T.);
#5296=ORIENTED_EDGE('',*,*,#4132,.F.);
#5297=ORIENTED_EDGE('',*,*,#4131,.F.);
#5298=ORIENTED_EDGE('',*,*,#4133,.F.);
#5299=ORIENTED_EDGE('',*,*,#4134,.T.);
#5300=ORIENTED_EDGE('',*,*,#4135,.F.);
#5301=ORIENTED_EDGE('',*,*,#4134,.F.);
#5302=ORIENTED_EDGE('',*,*,#4136,.F.);
#5303=ORIENTED_EDGE('',*,*,#4137,.T.);
#5304=ORIENTED_EDGE('',*,*,#4138,.F.);
#5305=ORIENTED_EDGE('',*,*,#4137,.F.);
#5306=ORIENTED_EDGE('',*,*,#4139,.F.);
#5307=ORIENTED_EDGE('',*,*,#4129,.T.);
#5308=ORIENTED_EDGE('',*,*,#4140,.F.);
#5309=ORIENTED_EDGE('',*,*,#4141,.F.);
#5310=ORIENTED_EDGE('',*,*,#4142,.F.);
#5311=ORIENTED_EDGE('',*,*,#4143,.T.);
#5312=ORIENTED_EDGE('',*,*,#4144,.F.);
#5313=ORIENTED_EDGE('',*,*,#4143,.F.);
#5314=ORIENTED_EDGE('',*,*,#4145,.F.);
#5315=ORIENTED_EDGE('',*,*,#4146,.T.);
#5316=ORIENTED_EDGE('',*,*,#4147,.F.);
#5317=ORIENTED_EDGE('',*,*,#4146,.F.);
#5318=ORIENTED_EDGE('',*,*,#4148,.F.);
#5319=ORIENTED_EDGE('',*,*,#4149,.T.);
#5320=ORIENTED_EDGE('',*,*,#4150,.F.);
#5321=ORIENTED_EDGE('',*,*,#4149,.F.);
#5322=ORIENTED_EDGE('',*,*,#4151,.F.);
#5323=ORIENTED_EDGE('',*,*,#4141,.T.);
#5324=ORIENTED_EDGE('',*,*,#4152,.F.);
#5325=ORIENTED_EDGE('',*,*,#4153,.F.);
#5326=ORIENTED_EDGE('',*,*,#4154,.F.);
#5327=ORIENTED_EDGE('',*,*,#4155,.T.);
#5328=ORIENTED_EDGE('',*,*,#4156,.F.);
#5329=ORIENTED_EDGE('',*,*,#4155,.F.);
#5330=ORIENTED_EDGE('',*,*,#4157,.F.);
#5331=ORIENTED_EDGE('',*,*,#4158,.T.);
#5332=ORIENTED_EDGE('',*,*,#4159,.F.);
#5333=ORIENTED_EDGE('',*,*,#4158,.F.);
#5334=ORIENTED_EDGE('',*,*,#4160,.F.);
#5335=ORIENTED_EDGE('',*,*,#4161,.T.);
#5336=ORIENTED_EDGE('',*,*,#4162,.F.);
#5337=ORIENTED_EDGE('',*,*,#4161,.F.);
#5338=ORIENTED_EDGE('',*,*,#4163,.F.);
#5339=ORIENTED_EDGE('',*,*,#4153,.T.);
#5340=ORIENTED_EDGE('',*,*,#4164,.F.);
#5341=ORIENTED_EDGE('',*,*,#4165,.F.);
#5342=ORIENTED_EDGE('',*,*,#4166,.F.);
#5343=ORIENTED_EDGE('',*,*,#4167,.T.);
#5344=ORIENTED_EDGE('',*,*,#4168,.F.);
#5345=ORIENTED_EDGE('',*,*,#4167,.F.);
#5346=ORIENTED_EDGE('',*,*,#4169,.F.);
#5347=ORIENTED_EDGE('',*,*,#4170,.T.);
#5348=ORIENTED_EDGE('',*,*,#4171,.F.);
#5349=ORIENTED_EDGE('',*,*,#4170,.F.);
#5350=ORIENTED_EDGE('',*,*,#4172,.F.);
#5351=ORIENTED_EDGE('',*,*,#4173,.T.);
#5352=ORIENTED_EDGE('',*,*,#4174,.F.);
#5353=ORIENTED_EDGE('',*,*,#4173,.F.);
#5354=ORIENTED_EDGE('',*,*,#4175,.F.);
#5355=ORIENTED_EDGE('',*,*,#4176,.T.);
#5356=ORIENTED_EDGE('',*,*,#4177,.F.);
#5357=ORIENTED_EDGE('',*,*,#4176,.F.);
#5358=ORIENTED_EDGE('',*,*,#4178,.F.);
#5359=ORIENTED_EDGE('',*,*,#4179,.T.);
#5360=ORIENTED_EDGE('',*,*,#4180,.F.);
#5361=ORIENTED_EDGE('',*,*,#4179,.F.);
#5362=ORIENTED_EDGE('',*,*,#4181,.F.);
#5363=ORIENTED_EDGE('',*,*,#4182,.T.);
#5364=ORIENTED_EDGE('',*,*,#4183,.F.);
#5365=ORIENTED_EDGE('',*,*,#4182,.F.);
#5366=ORIENTED_EDGE('',*,*,#4184,.F.);
#5367=ORIENTED_EDGE('',*,*,#4185,.T.);
#5368=ORIENTED_EDGE('',*,*,#4186,.F.);
#5369=ORIENTED_EDGE('',*,*,#4185,.F.);
#5370=ORIENTED_EDGE('',*,*,#4187,.F.);
#5371=ORIENTED_EDGE('',*,*,#4188,.T.);
#5372=ORIENTED_EDGE('',*,*,#4189,.F.);
#5373=ORIENTED_EDGE('',*,*,#4188,.F.);
#5374=ORIENTED_EDGE('',*,*,#4190,.F.);
#5375=ORIENTED_EDGE('',*,*,#4191,.T.);
#5376=ORIENTED_EDGE('',*,*,#4192,.F.);
#5377=ORIENTED_EDGE('',*,*,#4191,.F.);
#5378=ORIENTED_EDGE('',*,*,#4193,.F.);
#5379=ORIENTED_EDGE('',*,*,#4194,.T.);
#5380=ORIENTED_EDGE('',*,*,#4195,.F.);
#5381=ORIENTED_EDGE('',*,*,#4194,.F.);
#5382=ORIENTED_EDGE('',*,*,#4196,.F.);
#5383=ORIENTED_EDGE('',*,*,#4197,.T.);
#5384=ORIENTED_EDGE('',*,*,#4198,.F.);
#5385=ORIENTED_EDGE('',*,*,#4197,.F.);
#5386=ORIENTED_EDGE('',*,*,#4199,.F.);
#5387=ORIENTED_EDGE('',*,*,#4200,.T.);
#5388=ORIENTED_EDGE('',*,*,#4201,.F.);
#5389=ORIENTED_EDGE('',*,*,#4200,.F.);
#5390=ORIENTED_EDGE('',*,*,#4202,.F.);
#5391=ORIENTED_EDGE('',*,*,#4203,.T.);
#5392=ORIENTED_EDGE('',*,*,#4204,.F.);
#5393=ORIENTED_EDGE('',*,*,#4203,.F.);
#5394=ORIENTED_EDGE('',*,*,#4205,.F.);
#5395=ORIENTED_EDGE('',*,*,#4206,.T.);
#5396=ORIENTED_EDGE('',*,*,#4207,.F.);
#5397=ORIENTED_EDGE('',*,*,#4206,.F.);
#5398=ORIENTED_EDGE('',*,*,#4208,.F.);
#5399=ORIENTED_EDGE('',*,*,#4209,.T.);
#5400=ORIENTED_EDGE('',*,*,#4210,.F.);
#5401=ORIENTED_EDGE('',*,*,#4209,.F.);
#5402=ORIENTED_EDGE('',*,*,#4211,.F.);
#5403=ORIENTED_EDGE('',*,*,#4212,.T.);
#5404=ORIENTED_EDGE('',*,*,#4213,.F.);
#5405=ORIENTED_EDGE('',*,*,#4212,.F.);
#5406=ORIENTED_EDGE('',*,*,#4214,.F.);
#5407=ORIENTED_EDGE('',*,*,#4215,.T.);
#5408=ORIENTED_EDGE('',*,*,#4216,.F.);
#5409=ORIENTED_EDGE('',*,*,#4215,.F.);
#5410=ORIENTED_EDGE('',*,*,#4217,.F.);
#5411=ORIENTED_EDGE('',*,*,#4218,.T.);
#5412=ORIENTED_EDGE('',*,*,#4219,.F.);
#5413=ORIENTED_EDGE('',*,*,#4218,.F.);
#5414=ORIENTED_EDGE('',*,*,#4220,.F.);
#5415=ORIENTED_EDGE('',*,*,#4221,.T.);
#5416=ORIENTED_EDGE('',*,*,#4222,.F.);
#5417=ORIENTED_EDGE('',*,*,#4221,.F.);
#5418=ORIENTED_EDGE('',*,*,#4223,.F.);
#5419=ORIENTED_EDGE('',*,*,#4224,.T.);
#5420=ORIENTED_EDGE('',*,*,#4225,.F.);
#5421=ORIENTED_EDGE('',*,*,#4224,.F.);
#5422=ORIENTED_EDGE('',*,*,#4226,.F.);
#5423=ORIENTED_EDGE('',*,*,#4227,.T.);
#5424=ORIENTED_EDGE('',*,*,#4228,.F.);
#5425=ORIENTED_EDGE('',*,*,#4227,.F.);
#5426=ORIENTED_EDGE('',*,*,#4229,.F.);
#5427=ORIENTED_EDGE('',*,*,#4230,.T.);
#5428=ORIENTED_EDGE('',*,*,#4231,.F.);
#5429=ORIENTED_EDGE('',*,*,#4230,.F.);
#5430=ORIENTED_EDGE('',*,*,#4232,.F.);
#5431=ORIENTED_EDGE('',*,*,#4233,.T.);
#5432=ORIENTED_EDGE('',*,*,#4234,.F.);
#5433=ORIENTED_EDGE('',*,*,#4233,.F.);
#5434=ORIENTED_EDGE('',*,*,#4235,.F.);
#5435=ORIENTED_EDGE('',*,*,#4236,.T.);
#5436=ORIENTED_EDGE('',*,*,#4237,.F.);
#5437=ORIENTED_EDGE('',*,*,#4236,.F.);
#5438=ORIENTED_EDGE('',*,*,#4238,.F.);
#5439=ORIENTED_EDGE('',*,*,#4239,.T.);
#5440=ORIENTED_EDGE('',*,*,#4240,.F.);
#5441=ORIENTED_EDGE('',*,*,#4239,.F.);
#5442=ORIENTED_EDGE('',*,*,#4241,.F.);
#5443=ORIENTED_EDGE('',*,*,#4242,.T.);
#5444=ORIENTED_EDGE('',*,*,#4243,.F.);
#5445=ORIENTED_EDGE('',*,*,#4242,.F.);
#5446=ORIENTED_EDGE('',*,*,#4244,.F.);
#5447=ORIENTED_EDGE('',*,*,#4245,.T.);
#5448=ORIENTED_EDGE('',*,*,#4246,.F.);
#5449=ORIENTED_EDGE('',*,*,#4245,.F.);
#5450=ORIENTED_EDGE('',*,*,#4247,.F.);
#5451=ORIENTED_EDGE('',*,*,#4248,.T.);
#5452=ORIENTED_EDGE('',*,*,#4249,.F.);
#5453=ORIENTED_EDGE('',*,*,#4248,.F.);
#5454=ORIENTED_EDGE('',*,*,#4250,.F.);
#5455=ORIENTED_EDGE('',*,*,#4251,.T.);
#5456=ORIENTED_EDGE('',*,*,#4252,.F.);
#5457=ORIENTED_EDGE('',*,*,#4251,.F.);
#5458=ORIENTED_EDGE('',*,*,#4253,.F.);
#5459=ORIENTED_EDGE('',*,*,#4254,.T.);
#5460=ORIENTED_EDGE('',*,*,#4255,.F.);
#5461=ORIENTED_EDGE('',*,*,#4254,.F.);
#5462=ORIENTED_EDGE('',*,*,#4256,.F.);
#5463=ORIENTED_EDGE('',*,*,#4257,.T.);
#5464=ORIENTED_EDGE('',*,*,#4258,.F.);
#5465=ORIENTED_EDGE('',*,*,#4257,.F.);
#5466=ORIENTED_EDGE('',*,*,#4259,.F.);
#5467=ORIENTED_EDGE('',*,*,#4260,.T.);
#5468=ORIENTED_EDGE('',*,*,#4261,.F.);
#5469=ORIENTED_EDGE('',*,*,#4260,.F.);
#5470=ORIENTED_EDGE('',*,*,#4262,.F.);
#5471=ORIENTED_EDGE('',*,*,#4263,.T.);
#5472=ORIENTED_EDGE('',*,*,#4264,.F.);
#5473=ORIENTED_EDGE('',*,*,#4263,.F.);
#5474=ORIENTED_EDGE('',*,*,#4265,.F.);
#5475=ORIENTED_EDGE('',*,*,#4266,.T.);
#5476=ORIENTED_EDGE('',*,*,#4267,.F.);
#5477=ORIENTED_EDGE('',*,*,#4266,.F.);
#5478=ORIENTED_EDGE('',*,*,#4268,.F.);
#5479=ORIENTED_EDGE('',*,*,#4269,.T.);
#5480=ORIENTED_EDGE('',*,*,#4270,.F.);
#5481=ORIENTED_EDGE('',*,*,#4269,.F.);
#5482=ORIENTED_EDGE('',*,*,#4271,.F.);
#5483=ORIENTED_EDGE('',*,*,#4165,.T.);
#5484=ORIENTED_EDGE('',*,*,#4272,.F.);
#5485=ORIENTED_EDGE('',*,*,#4273,.F.);
#5486=ORIENTED_EDGE('',*,*,#4274,.F.);
#5487=ORIENTED_EDGE('',*,*,#4275,.T.);
#5488=ORIENTED_EDGE('',*,*,#4276,.F.);
#5489=ORIENTED_EDGE('',*,*,#4275,.F.);
#5490=ORIENTED_EDGE('',*,*,#4277,.F.);
#5491=ORIENTED_EDGE('',*,*,#4278,.T.);
#5492=ORIENTED_EDGE('',*,*,#4279,.F.);
#5493=ORIENTED_EDGE('',*,*,#4278,.F.);
#5494=ORIENTED_EDGE('',*,*,#4280,.F.);
#5495=ORIENTED_EDGE('',*,*,#4281,.T.);
#5496=ORIENTED_EDGE('',*,*,#4282,.F.);
#5497=ORIENTED_EDGE('',*,*,#4281,.F.);
#5498=ORIENTED_EDGE('',*,*,#4283,.F.);
#5499=ORIENTED_EDGE('',*,*,#4273,.T.);
#5500=ORIENTED_EDGE('',*,*,#4284,.F.);
#5501=ORIENTED_EDGE('',*,*,#4285,.F.);
#5502=ORIENTED_EDGE('',*,*,#4286,.F.);
#5503=ORIENTED_EDGE('',*,*,#4287,.T.);
#5504=ORIENTED_EDGE('',*,*,#4288,.F.);
#5505=ORIENTED_EDGE('',*,*,#4287,.F.);
#5506=ORIENTED_EDGE('',*,*,#4289,.F.);
#5507=ORIENTED_EDGE('',*,*,#4290,.T.);
#5508=ORIENTED_EDGE('',*,*,#4291,.F.);
#5509=ORIENTED_EDGE('',*,*,#4290,.F.);
#5510=ORIENTED_EDGE('',*,*,#4292,.F.);
#5511=ORIENTED_EDGE('',*,*,#4293,.T.);
#5512=ORIENTED_EDGE('',*,*,#4294,.F.);
#5513=ORIENTED_EDGE('',*,*,#4293,.F.);
#5514=ORIENTED_EDGE('',*,*,#4295,.F.);
#5515=ORIENTED_EDGE('',*,*,#4285,.T.);
#5516=ORIENTED_EDGE('',*,*,#4296,.F.);
#5517=ORIENTED_EDGE('',*,*,#4297,.F.);
#5518=ORIENTED_EDGE('',*,*,#4298,.F.);
#5519=ORIENTED_EDGE('',*,*,#4299,.T.);
#5520=ORIENTED_EDGE('',*,*,#4300,.F.);
#5521=ORIENTED_EDGE('',*,*,#4299,.F.);
#5522=ORIENTED_EDGE('',*,*,#4301,.F.);
#5523=ORIENTED_EDGE('',*,*,#4302,.T.);
#5524=ORIENTED_EDGE('',*,*,#4303,.F.);
#5525=ORIENTED_EDGE('',*,*,#4302,.F.);
#5526=ORIENTED_EDGE('',*,*,#4304,.F.);
#5527=ORIENTED_EDGE('',*,*,#4305,.T.);
#5528=ORIENTED_EDGE('',*,*,#4306,.F.);
#5529=ORIENTED_EDGE('',*,*,#4305,.F.);
#5530=ORIENTED_EDGE('',*,*,#4307,.F.);
#5531=ORIENTED_EDGE('',*,*,#4297,.T.);
#5532=ORIENTED_EDGE('',*,*,#4308,.F.);
#5533=ORIENTED_EDGE('',*,*,#4309,.F.);
#5534=ORIENTED_EDGE('',*,*,#4310,.F.);
#5535=ORIENTED_EDGE('',*,*,#4311,.T.);
#5536=ORIENTED_EDGE('',*,*,#4312,.F.);
#5537=ORIENTED_EDGE('',*,*,#4311,.F.);
#5538=ORIENTED_EDGE('',*,*,#4313,.F.);
#5539=ORIENTED_EDGE('',*,*,#4314,.T.);
#5540=ORIENTED_EDGE('',*,*,#4315,.F.);
#5541=ORIENTED_EDGE('',*,*,#4314,.F.);
#5542=ORIENTED_EDGE('',*,*,#4316,.F.);
#5543=ORIENTED_EDGE('',*,*,#4317,.T.);
#5544=ORIENTED_EDGE('',*,*,#4318,.F.);
#5545=ORIENTED_EDGE('',*,*,#4317,.F.);
#5546=ORIENTED_EDGE('',*,*,#4319,.F.);
#5547=ORIENTED_EDGE('',*,*,#4320,.T.);
#5548=ORIENTED_EDGE('',*,*,#4321,.F.);
#5549=ORIENTED_EDGE('',*,*,#4320,.F.);
#5550=ORIENTED_EDGE('',*,*,#4322,.F.);
#5551=ORIENTED_EDGE('',*,*,#4323,.T.);
#5552=ORIENTED_EDGE('',*,*,#4324,.F.);
#5553=ORIENTED_EDGE('',*,*,#4323,.F.);
#5554=ORIENTED_EDGE('',*,*,#4325,.F.);
#5555=ORIENTED_EDGE('',*,*,#4326,.T.);
#5556=ORIENTED_EDGE('',*,*,#4327,.F.);
#5557=ORIENTED_EDGE('',*,*,#4326,.F.);
#5558=ORIENTED_EDGE('',*,*,#4328,.F.);
#5559=ORIENTED_EDGE('',*,*,#4329,.T.);
#5560=ORIENTED_EDGE('',*,*,#4330,.F.);
#5561=ORIENTED_EDGE('',*,*,#4329,.F.);
#5562=ORIENTED_EDGE('',*,*,#4331,.F.);
#5563=ORIENTED_EDGE('',*,*,#4332,.T.);
#5564=ORIENTED_EDGE('',*,*,#4333,.F.);
#5565=ORIENTED_EDGE('',*,*,#4332,.F.);
#5566=ORIENTED_EDGE('',*,*,#4334,.F.);
#5567=ORIENTED_EDGE('',*,*,#4335,.T.);
#5568=ORIENTED_EDGE('',*,*,#4336,.F.);
#5569=ORIENTED_EDGE('',*,*,#4335,.F.);
#5570=ORIENTED_EDGE('',*,*,#4337,.F.);
#5571=ORIENTED_EDGE('',*,*,#4338,.T.);
#5572=ORIENTED_EDGE('',*,*,#4339,.F.);
#5573=ORIENTED_EDGE('',*,*,#4338,.F.);
#5574=ORIENTED_EDGE('',*,*,#4340,.F.);
#5575=ORIENTED_EDGE('',*,*,#4341,.T.);
#5576=ORIENTED_EDGE('',*,*,#4342,.F.);
#5577=ORIENTED_EDGE('',*,*,#4341,.F.);
#5578=ORIENTED_EDGE('',*,*,#4343,.F.);
#5579=ORIENTED_EDGE('',*,*,#4344,.T.);
#5580=ORIENTED_EDGE('',*,*,#4345,.F.);
#5581=ORIENTED_EDGE('',*,*,#4344,.F.);
#5582=ORIENTED_EDGE('',*,*,#4346,.F.);
#5583=ORIENTED_EDGE('',*,*,#4347,.T.);
#5584=ORIENTED_EDGE('',*,*,#4348,.F.);
#5585=ORIENTED_EDGE('',*,*,#4347,.F.);
#5586=ORIENTED_EDGE('',*,*,#4349,.F.);
#5587=ORIENTED_EDGE('',*,*,#4350,.T.);
#5588=ORIENTED_EDGE('',*,*,#4351,.F.);
#5589=ORIENTED_EDGE('',*,*,#4350,.F.);
#5590=ORIENTED_EDGE('',*,*,#4352,.F.);
#5591=ORIENTED_EDGE('',*,*,#4353,.T.);
#5592=ORIENTED_EDGE('',*,*,#4354,.F.);
#5593=ORIENTED_EDGE('',*,*,#4353,.F.);
#5594=ORIENTED_EDGE('',*,*,#4355,.F.);
#5595=ORIENTED_EDGE('',*,*,#4356,.T.);
#5596=ORIENTED_EDGE('',*,*,#4357,.F.);
#5597=ORIENTED_EDGE('',*,*,#4356,.F.);
#5598=ORIENTED_EDGE('',*,*,#4358,.F.);
#5599=ORIENTED_EDGE('',*,*,#4359,.T.);
#5600=ORIENTED_EDGE('',*,*,#4360,.F.);
#5601=ORIENTED_EDGE('',*,*,#4359,.F.);
#5602=ORIENTED_EDGE('',*,*,#4361,.F.);
#5603=ORIENTED_EDGE('',*,*,#4362,.T.);
#5604=ORIENTED_EDGE('',*,*,#4363,.F.);
#5605=ORIENTED_EDGE('',*,*,#4362,.F.);
#5606=ORIENTED_EDGE('',*,*,#4364,.F.);
#5607=ORIENTED_EDGE('',*,*,#4365,.T.);
#5608=ORIENTED_EDGE('',*,*,#4366,.F.);
#5609=ORIENTED_EDGE('',*,*,#4365,.F.);
#5610=ORIENTED_EDGE('',*,*,#4367,.F.);
#5611=ORIENTED_EDGE('',*,*,#4368,.T.);
#5612=ORIENTED_EDGE('',*,*,#4369,.F.);
#5613=ORIENTED_EDGE('',*,*,#4368,.F.);
#5614=ORIENTED_EDGE('',*,*,#4370,.F.);
#5615=ORIENTED_EDGE('',*,*,#4371,.T.);
#5616=ORIENTED_EDGE('',*,*,#4372,.F.);
#5617=ORIENTED_EDGE('',*,*,#4371,.F.);
#5618=ORIENTED_EDGE('',*,*,#4373,.F.);
#5619=ORIENTED_EDGE('',*,*,#4374,.T.);
#5620=ORIENTED_EDGE('',*,*,#4375,.F.);
#5621=ORIENTED_EDGE('',*,*,#4374,.F.);
#5622=ORIENTED_EDGE('',*,*,#4376,.F.);
#5623=ORIENTED_EDGE('',*,*,#4377,.T.);
#5624=ORIENTED_EDGE('',*,*,#4378,.F.);
#5625=ORIENTED_EDGE('',*,*,#4377,.F.);
#5626=ORIENTED_EDGE('',*,*,#4379,.F.);
#5627=ORIENTED_EDGE('',*,*,#4380,.T.);
#5628=ORIENTED_EDGE('',*,*,#4381,.F.);
#5629=ORIENTED_EDGE('',*,*,#4380,.F.);
#5630=ORIENTED_EDGE('',*,*,#4382,.F.);
#5631=ORIENTED_EDGE('',*,*,#4383,.T.);
#5632=ORIENTED_EDGE('',*,*,#4384,.F.);
#5633=ORIENTED_EDGE('',*,*,#4383,.F.);
#5634=ORIENTED_EDGE('',*,*,#4385,.F.);
#5635=ORIENTED_EDGE('',*,*,#4386,.T.);
#5636=ORIENTED_EDGE('',*,*,#4387,.F.);
#5637=ORIENTED_EDGE('',*,*,#4386,.F.);
#5638=ORIENTED_EDGE('',*,*,#4388,.F.);
#5639=ORIENTED_EDGE('',*,*,#4389,.T.);
#5640=ORIENTED_EDGE('',*,*,#4390,.F.);
#5641=ORIENTED_EDGE('',*,*,#4389,.F.);
#5642=ORIENTED_EDGE('',*,*,#4391,.F.);
#5643=ORIENTED_EDGE('',*,*,#4392,.T.);
#5644=ORIENTED_EDGE('',*,*,#4393,.F.);
#5645=ORIENTED_EDGE('',*,*,#4392,.F.);
#5646=ORIENTED_EDGE('',*,*,#4394,.F.);
#5647=ORIENTED_EDGE('',*,*,#4395,.T.);
#5648=ORIENTED_EDGE('',*,*,#4396,.F.);
#5649=ORIENTED_EDGE('',*,*,#4395,.F.);
#5650=ORIENTED_EDGE('',*,*,#4397,.F.);
#5651=ORIENTED_EDGE('',*,*,#4398,.T.);
#5652=ORIENTED_EDGE('',*,*,#4399,.F.);
#5653=ORIENTED_EDGE('',*,*,#4398,.F.);
#5654=ORIENTED_EDGE('',*,*,#4400,.F.);
#5655=ORIENTED_EDGE('',*,*,#4401,.T.);
#5656=ORIENTED_EDGE('',*,*,#4402,.F.);
#5657=ORIENTED_EDGE('',*,*,#4401,.F.);
#5658=ORIENTED_EDGE('',*,*,#4403,.F.);
#5659=ORIENTED_EDGE('',*,*,#4404,.T.);
#5660=ORIENTED_EDGE('',*,*,#4405,.F.);
#5661=ORIENTED_EDGE('',*,*,#4404,.F.);
#5662=ORIENTED_EDGE('',*,*,#4406,.F.);
#5663=ORIENTED_EDGE('',*,*,#4407,.T.);
#5664=ORIENTED_EDGE('',*,*,#4408,.F.);
#5665=ORIENTED_EDGE('',*,*,#4407,.F.);
#5666=ORIENTED_EDGE('',*,*,#4409,.F.);
#5667=ORIENTED_EDGE('',*,*,#4410,.T.);
#5668=ORIENTED_EDGE('',*,*,#4411,.F.);
#5669=ORIENTED_EDGE('',*,*,#4410,.F.);
#5670=ORIENTED_EDGE('',*,*,#4412,.F.);
#5671=ORIENTED_EDGE('',*,*,#4413,.T.);
#5672=ORIENTED_EDGE('',*,*,#4414,.F.);
#5673=ORIENTED_EDGE('',*,*,#4413,.F.);
#5674=ORIENTED_EDGE('',*,*,#4415,.F.);
#5675=ORIENTED_EDGE('',*,*,#4309,.T.);
#5676=ORIENTED_EDGE('',*,*,#4416,.F.);
#5677=ORIENTED_EDGE('',*,*,#4417,.F.);
#5678=ORIENTED_EDGE('',*,*,#4418,.F.);
#5679=ORIENTED_EDGE('',*,*,#4419,.T.);
#5680=ORIENTED_EDGE('',*,*,#4420,.F.);
#5681=ORIENTED_EDGE('',*,*,#4419,.F.);
#5682=ORIENTED_EDGE('',*,*,#4421,.F.);
#5683=ORIENTED_EDGE('',*,*,#4422,.T.);
#5684=ORIENTED_EDGE('',*,*,#4423,.F.);
#5685=ORIENTED_EDGE('',*,*,#4422,.F.);
#5686=ORIENTED_EDGE('',*,*,#4424,.F.);
#5687=ORIENTED_EDGE('',*,*,#4425,.T.);
#5688=ORIENTED_EDGE('',*,*,#4426,.F.);
#5689=ORIENTED_EDGE('',*,*,#4425,.F.);
#5690=ORIENTED_EDGE('',*,*,#4427,.F.);
#5691=ORIENTED_EDGE('',*,*,#4417,.T.);
#5692=ORIENTED_EDGE('',*,*,#4428,.F.);
#5693=ORIENTED_EDGE('',*,*,#4429,.F.);
#5694=ORIENTED_EDGE('',*,*,#4430,.F.);
#5695=ORIENTED_EDGE('',*,*,#4431,.T.);
#5696=ORIENTED_EDGE('',*,*,#4432,.F.);
#5697=ORIENTED_EDGE('',*,*,#4431,.F.);
#5698=ORIENTED_EDGE('',*,*,#4433,.F.);
#5699=ORIENTED_EDGE('',*,*,#4434,.T.);
#5700=ORIENTED_EDGE('',*,*,#4435,.F.);
#5701=ORIENTED_EDGE('',*,*,#4434,.F.);
#5702=ORIENTED_EDGE('',*,*,#4436,.F.);
#5703=ORIENTED_EDGE('',*,*,#4437,.T.);
#5704=ORIENTED_EDGE('',*,*,#4438,.F.);
#5705=ORIENTED_EDGE('',*,*,#4437,.F.);
#5706=ORIENTED_EDGE('',*,*,#4439,.F.);
#5707=ORIENTED_EDGE('',*,*,#4429,.T.);
#5708=ORIENTED_EDGE('',*,*,#4440,.F.);
#5709=ORIENTED_EDGE('',*,*,#4441,.F.);
#5710=ORIENTED_EDGE('',*,*,#4442,.F.);
#5711=ORIENTED_EDGE('',*,*,#4443,.T.);
#5712=ORIENTED_EDGE('',*,*,#4444,.F.);
#5713=ORIENTED_EDGE('',*,*,#4443,.F.);
#5714=ORIENTED_EDGE('',*,*,#4445,.F.);
#5715=ORIENTED_EDGE('',*,*,#4446,.T.);
#5716=ORIENTED_EDGE('',*,*,#4447,.F.);
#5717=ORIENTED_EDGE('',*,*,#4446,.F.);
#5718=ORIENTED_EDGE('',*,*,#4448,.F.);
#5719=ORIENTED_EDGE('',*,*,#4449,.T.);
#5720=ORIENTED_EDGE('',*,*,#4450,.F.);
#5721=ORIENTED_EDGE('',*,*,#4449,.F.);
#5722=ORIENTED_EDGE('',*,*,#4451,.F.);
#5723=ORIENTED_EDGE('',*,*,#4441,.T.);
#5724=ORIENTED_EDGE('',*,*,#4452,.F.);
#5725=ORIENTED_EDGE('',*,*,#4453,.F.);
#5726=ORIENTED_EDGE('',*,*,#4454,.F.);
#5727=ORIENTED_EDGE('',*,*,#4455,.T.);
#5728=ORIENTED_EDGE('',*,*,#4456,.F.);
#5729=ORIENTED_EDGE('',*,*,#4455,.F.);
#5730=ORIENTED_EDGE('',*,*,#4457,.F.);
#5731=ORIENTED_EDGE('',*,*,#4458,.T.);
#5732=ORIENTED_EDGE('',*,*,#4459,.F.);
#5733=ORIENTED_EDGE('',*,*,#4458,.F.);
#5734=ORIENTED_EDGE('',*,*,#4460,.F.);
#5735=ORIENTED_EDGE('',*,*,#4461,.T.);
#5736=ORIENTED_EDGE('',*,*,#4462,.F.);
#5737=ORIENTED_EDGE('',*,*,#4461,.F.);
#5738=ORIENTED_EDGE('',*,*,#4463,.F.);
#5739=ORIENTED_EDGE('',*,*,#4453,.T.);
#5740=ORIENTED_EDGE('',*,*,#4464,.F.);
#5741=ORIENTED_EDGE('',*,*,#4465,.F.);
#5742=ORIENTED_EDGE('',*,*,#4466,.F.);
#5743=ORIENTED_EDGE('',*,*,#4467,.T.);
#5744=ORIENTED_EDGE('',*,*,#4468,.F.);
#5745=ORIENTED_EDGE('',*,*,#4467,.F.);
#5746=ORIENTED_EDGE('',*,*,#4469,.F.);
#5747=ORIENTED_EDGE('',*,*,#4470,.T.);
#5748=ORIENTED_EDGE('',*,*,#4471,.F.);
#5749=ORIENTED_EDGE('',*,*,#4470,.F.);
#5750=ORIENTED_EDGE('',*,*,#4472,.F.);
#5751=ORIENTED_EDGE('',*,*,#4473,.T.);
#5752=ORIENTED_EDGE('',*,*,#4474,.F.);
#5753=ORIENTED_EDGE('',*,*,#4473,.F.);
#5754=ORIENTED_EDGE('',*,*,#4475,.F.);
#5755=ORIENTED_EDGE('',*,*,#4465,.T.);
#5756=ORIENTED_EDGE('',*,*,#4476,.F.);
#5757=ORIENTED_EDGE('',*,*,#4477,.F.);
#5758=ORIENTED_EDGE('',*,*,#4478,.F.);
#5759=ORIENTED_EDGE('',*,*,#4479,.T.);
#5760=ORIENTED_EDGE('',*,*,#4480,.F.);
#5761=ORIENTED_EDGE('',*,*,#4479,.F.);
#5762=ORIENTED_EDGE('',*,*,#4481,.F.);
#5763=ORIENTED_EDGE('',*,*,#4482,.T.);
#5764=ORIENTED_EDGE('',*,*,#4483,.F.);
#5765=ORIENTED_EDGE('',*,*,#4482,.F.);
#5766=ORIENTED_EDGE('',*,*,#4484,.F.);
#5767=ORIENTED_EDGE('',*,*,#4485,.T.);
#5768=ORIENTED_EDGE('',*,*,#4486,.F.);
#5769=ORIENTED_EDGE('',*,*,#4485,.F.);
#5770=ORIENTED_EDGE('',*,*,#4487,.F.);
#5771=ORIENTED_EDGE('',*,*,#4488,.T.);
#5772=ORIENTED_EDGE('',*,*,#4489,.F.);
#5773=ORIENTED_EDGE('',*,*,#4488,.F.);
#5774=ORIENTED_EDGE('',*,*,#4490,.F.);
#5775=ORIENTED_EDGE('',*,*,#4491,.T.);
#5776=ORIENTED_EDGE('',*,*,#4492,.F.);
#5777=ORIENTED_EDGE('',*,*,#4491,.F.);
#5778=ORIENTED_EDGE('',*,*,#4493,.F.);
#5779=ORIENTED_EDGE('',*,*,#4494,.T.);
#5780=ORIENTED_EDGE('',*,*,#4495,.F.);
#5781=ORIENTED_EDGE('',*,*,#4494,.F.);
#5782=ORIENTED_EDGE('',*,*,#4496,.F.);
#5783=ORIENTED_EDGE('',*,*,#4497,.T.);
#5784=ORIENTED_EDGE('',*,*,#4498,.F.);
#5785=ORIENTED_EDGE('',*,*,#4497,.F.);
#5786=ORIENTED_EDGE('',*,*,#4499,.F.);
#5787=ORIENTED_EDGE('',*,*,#4500,.T.);
#5788=ORIENTED_EDGE('',*,*,#4501,.F.);
#5789=ORIENTED_EDGE('',*,*,#4500,.F.);
#5790=ORIENTED_EDGE('',*,*,#4502,.F.);
#5791=ORIENTED_EDGE('',*,*,#4503,.T.);
#5792=ORIENTED_EDGE('',*,*,#4504,.F.);
#5793=ORIENTED_EDGE('',*,*,#4503,.F.);
#5794=ORIENTED_EDGE('',*,*,#4505,.F.);
#5795=ORIENTED_EDGE('',*,*,#4506,.T.);
#5796=ORIENTED_EDGE('',*,*,#4507,.F.);
#5797=ORIENTED_EDGE('',*,*,#4506,.F.);
#5798=ORIENTED_EDGE('',*,*,#4508,.F.);
#5799=ORIENTED_EDGE('',*,*,#4509,.T.);
#5800=ORIENTED_EDGE('',*,*,#4510,.F.);
#5801=ORIENTED_EDGE('',*,*,#4509,.F.);
#5802=ORIENTED_EDGE('',*,*,#4511,.F.);
#5803=ORIENTED_EDGE('',*,*,#4512,.T.);
#5804=ORIENTED_EDGE('',*,*,#4513,.F.);
#5805=ORIENTED_EDGE('',*,*,#4512,.F.);
#5806=ORIENTED_EDGE('',*,*,#4514,.F.);
#5807=ORIENTED_EDGE('',*,*,#4515,.T.);
#5808=ORIENTED_EDGE('',*,*,#4516,.F.);
#5809=ORIENTED_EDGE('',*,*,#4515,.F.);
#5810=ORIENTED_EDGE('',*,*,#4517,.F.);
#5811=ORIENTED_EDGE('',*,*,#4518,.T.);
#5812=ORIENTED_EDGE('',*,*,#4519,.F.);
#5813=ORIENTED_EDGE('',*,*,#4518,.F.);
#5814=ORIENTED_EDGE('',*,*,#4520,.F.);
#5815=ORIENTED_EDGE('',*,*,#4521,.T.);
#5816=ORIENTED_EDGE('',*,*,#4522,.F.);
#5817=ORIENTED_EDGE('',*,*,#4521,.F.);
#5818=ORIENTED_EDGE('',*,*,#4523,.F.);
#5819=ORIENTED_EDGE('',*,*,#4524,.T.);
#5820=ORIENTED_EDGE('',*,*,#4525,.F.);
#5821=ORIENTED_EDGE('',*,*,#4524,.F.);
#5822=ORIENTED_EDGE('',*,*,#4526,.F.);
#5823=ORIENTED_EDGE('',*,*,#4527,.T.);
#5824=ORIENTED_EDGE('',*,*,#4528,.F.);
#5825=ORIENTED_EDGE('',*,*,#4527,.F.);
#5826=ORIENTED_EDGE('',*,*,#4529,.F.);
#5827=ORIENTED_EDGE('',*,*,#4530,.T.);
#5828=ORIENTED_EDGE('',*,*,#4531,.F.);
#5829=ORIENTED_EDGE('',*,*,#4530,.F.);
#5830=ORIENTED_EDGE('',*,*,#4532,.F.);
#5831=ORIENTED_EDGE('',*,*,#4533,.T.);
#5832=ORIENTED_EDGE('',*,*,#4534,.F.);
#5833=ORIENTED_EDGE('',*,*,#4533,.F.);
#5834=ORIENTED_EDGE('',*,*,#4535,.F.);
#5835=ORIENTED_EDGE('',*,*,#4536,.T.);
#5836=ORIENTED_EDGE('',*,*,#4537,.F.);
#5837=ORIENTED_EDGE('',*,*,#4536,.F.);
#5838=ORIENTED_EDGE('',*,*,#4538,.F.);
#5839=ORIENTED_EDGE('',*,*,#4539,.T.);
#5840=ORIENTED_EDGE('',*,*,#4540,.F.);
#5841=ORIENTED_EDGE('',*,*,#4539,.F.);
#5842=ORIENTED_EDGE('',*,*,#4541,.F.);
#5843=ORIENTED_EDGE('',*,*,#4542,.T.);
#5844=ORIENTED_EDGE('',*,*,#4543,.F.);
#5845=ORIENTED_EDGE('',*,*,#4542,.F.);
#5846=ORIENTED_EDGE('',*,*,#4544,.F.);
#5847=ORIENTED_EDGE('',*,*,#4545,.T.);
#5848=ORIENTED_EDGE('',*,*,#4546,.F.);
#5849=ORIENTED_EDGE('',*,*,#4545,.F.);
#5850=ORIENTED_EDGE('',*,*,#4547,.F.);
#5851=ORIENTED_EDGE('',*,*,#4548,.T.);
#5852=ORIENTED_EDGE('',*,*,#4549,.F.);
#5853=ORIENTED_EDGE('',*,*,#4548,.F.);
#5854=ORIENTED_EDGE('',*,*,#4550,.F.);
#5855=ORIENTED_EDGE('',*,*,#4551,.T.);
#5856=ORIENTED_EDGE('',*,*,#4552,.F.);
#5857=ORIENTED_EDGE('',*,*,#4551,.F.);
#5858=ORIENTED_EDGE('',*,*,#4553,.F.);
#5859=ORIENTED_EDGE('',*,*,#4554,.T.);
#5860=ORIENTED_EDGE('',*,*,#4555,.F.);
#5861=ORIENTED_EDGE('',*,*,#4554,.F.);
#5862=ORIENTED_EDGE('',*,*,#4556,.F.);
#5863=ORIENTED_EDGE('',*,*,#4557,.T.);
#5864=ORIENTED_EDGE('',*,*,#4558,.F.);
#5865=ORIENTED_EDGE('',*,*,#4557,.F.);
#5866=ORIENTED_EDGE('',*,*,#4559,.F.);
#5867=ORIENTED_EDGE('',*,*,#4560,.T.);
#5868=ORIENTED_EDGE('',*,*,#4561,.F.);
#5869=ORIENTED_EDGE('',*,*,#4560,.F.);
#5870=ORIENTED_EDGE('',*,*,#4562,.F.);
#5871=ORIENTED_EDGE('',*,*,#4563,.T.);
#5872=ORIENTED_EDGE('',*,*,#4564,.F.);
#5873=ORIENTED_EDGE('',*,*,#4563,.F.);
#5874=ORIENTED_EDGE('',*,*,#4565,.F.);
#5875=ORIENTED_EDGE('',*,*,#4566,.T.);
#5876=ORIENTED_EDGE('',*,*,#4567,.F.);
#5877=ORIENTED_EDGE('',*,*,#4566,.F.);
#5878=ORIENTED_EDGE('',*,*,#4568,.F.);
#5879=ORIENTED_EDGE('',*,*,#4569,.T.);
#5880=ORIENTED_EDGE('',*,*,#4570,.F.);
#5881=ORIENTED_EDGE('',*,*,#4569,.F.);
#5882=ORIENTED_EDGE('',*,*,#4571,.F.);
#5883=ORIENTED_EDGE('',*,*,#4572,.T.);
#5884=ORIENTED_EDGE('',*,*,#4573,.F.);
#5885=ORIENTED_EDGE('',*,*,#4572,.F.);
#5886=ORIENTED_EDGE('',*,*,#4574,.F.);
#5887=ORIENTED_EDGE('',*,*,#4575,.T.);
#5888=ORIENTED_EDGE('',*,*,#4576,.F.);
#5889=ORIENTED_EDGE('',*,*,#4575,.F.);
#5890=ORIENTED_EDGE('',*,*,#4577,.F.);
#5891=ORIENTED_EDGE('',*,*,#4578,.T.);
#5892=ORIENTED_EDGE('',*,*,#4579,.F.);
#5893=ORIENTED_EDGE('',*,*,#4578,.F.);
#5894=ORIENTED_EDGE('',*,*,#4580,.F.);
#5895=ORIENTED_EDGE('',*,*,#4581,.T.);
#5896=ORIENTED_EDGE('',*,*,#4582,.F.);
#5897=ORIENTED_EDGE('',*,*,#4581,.F.);
#5898=ORIENTED_EDGE('',*,*,#4583,.F.);
#5899=ORIENTED_EDGE('',*,*,#4477,.T.);
#5900=ORIENTED_EDGE('',*,*,#4584,.F.);
#5901=ORIENTED_EDGE('',*,*,#4585,.F.);
#5902=ORIENTED_EDGE('',*,*,#4586,.F.);
#5903=ORIENTED_EDGE('',*,*,#4587,.T.);
#5904=ORIENTED_EDGE('',*,*,#4588,.F.);
#5905=ORIENTED_EDGE('',*,*,#4587,.F.);
#5906=ORIENTED_EDGE('',*,*,#4589,.F.);
#5907=ORIENTED_EDGE('',*,*,#4590,.T.);
#5908=ORIENTED_EDGE('',*,*,#4591,.F.);
#5909=ORIENTED_EDGE('',*,*,#4590,.F.);
#5910=ORIENTED_EDGE('',*,*,#4592,.F.);
#5911=ORIENTED_EDGE('',*,*,#4593,.T.);
#5912=ORIENTED_EDGE('',*,*,#4594,.F.);
#5913=ORIENTED_EDGE('',*,*,#4593,.F.);
#5914=ORIENTED_EDGE('',*,*,#4595,.F.);
#5915=ORIENTED_EDGE('',*,*,#4585,.T.);
#5916=ORIENTED_EDGE('',*,*,#4596,.F.);
#5917=ORIENTED_EDGE('',*,*,#4597,.F.);
#5918=ORIENTED_EDGE('',*,*,#4598,.F.);
#5919=ORIENTED_EDGE('',*,*,#4599,.T.);
#5920=ORIENTED_EDGE('',*,*,#4600,.F.);
#5921=ORIENTED_EDGE('',*,*,#4599,.F.);
#5922=ORIENTED_EDGE('',*,*,#4601,.F.);
#5923=ORIENTED_EDGE('',*,*,#4602,.T.);
#5924=ORIENTED_EDGE('',*,*,#4603,.F.);
#5925=ORIENTED_EDGE('',*,*,#4602,.F.);
#5926=ORIENTED_EDGE('',*,*,#4604,.F.);
#5927=ORIENTED_EDGE('',*,*,#4605,.T.);
#5928=ORIENTED_EDGE('',*,*,#4606,.F.);
#5929=ORIENTED_EDGE('',*,*,#4605,.F.);
#5930=ORIENTED_EDGE('',*,*,#4607,.F.);
#5931=ORIENTED_EDGE('',*,*,#4597,.T.);
#5932=ORIENTED_EDGE('',*,*,#4608,.F.);
#5933=ORIENTED_EDGE('',*,*,#4609,.F.);
#5934=ORIENTED_EDGE('',*,*,#4610,.F.);
#5935=ORIENTED_EDGE('',*,*,#4611,.T.);
#5936=ORIENTED_EDGE('',*,*,#4612,.F.);
#5937=ORIENTED_EDGE('',*,*,#4611,.F.);
#5938=ORIENTED_EDGE('',*,*,#4613,.F.);
#5939=ORIENTED_EDGE('',*,*,#4614,.T.);
#5940=ORIENTED_EDGE('',*,*,#4615,.F.);
#5941=ORIENTED_EDGE('',*,*,#4614,.F.);
#5942=ORIENTED_EDGE('',*,*,#4616,.F.);
#5943=ORIENTED_EDGE('',*,*,#4617,.T.);
#5944=ORIENTED_EDGE('',*,*,#4618,.F.);
#5945=ORIENTED_EDGE('',*,*,#4617,.F.);
#5946=ORIENTED_EDGE('',*,*,#4619,.F.);
#5947=ORIENTED_EDGE('',*,*,#4609,.T.);
#5948=ORIENTED_EDGE('',*,*,#4620,.F.);
#5949=ORIENTED_EDGE('',*,*,#4621,.F.);
#5950=ORIENTED_EDGE('',*,*,#4622,.F.);
#5951=ORIENTED_EDGE('',*,*,#4623,.T.);
#5952=ORIENTED_EDGE('',*,*,#4624,.F.);
#5953=ORIENTED_EDGE('',*,*,#4623,.F.);
#5954=ORIENTED_EDGE('',*,*,#4625,.F.);
#5955=ORIENTED_EDGE('',*,*,#4626,.T.);
#5956=ORIENTED_EDGE('',*,*,#4627,.F.);
#5957=ORIENTED_EDGE('',*,*,#4626,.F.);
#5958=ORIENTED_EDGE('',*,*,#4628,.F.);
#5959=ORIENTED_EDGE('',*,*,#4629,.T.);
#5960=ORIENTED_EDGE('',*,*,#4630,.F.);
#5961=ORIENTED_EDGE('',*,*,#4629,.F.);
#5962=ORIENTED_EDGE('',*,*,#4631,.F.);
#5963=ORIENTED_EDGE('',*,*,#4621,.T.);
#5964=ORIENTED_EDGE('',*,*,#4632,.F.);
#5965=ORIENTED_EDGE('',*,*,#4633,.F.);
#5966=ORIENTED_EDGE('',*,*,#4634,.F.);
#5967=ORIENTED_EDGE('',*,*,#4635,.T.);
#5968=ORIENTED_EDGE('',*,*,#4636,.F.);
#5969=ORIENTED_EDGE('',*,*,#4635,.F.);
#5970=ORIENTED_EDGE('',*,*,#4637,.F.);
#5971=ORIENTED_EDGE('',*,*,#4638,.T.);
#5972=ORIENTED_EDGE('',*,*,#4639,.F.);
#5973=ORIENTED_EDGE('',*,*,#4638,.F.);
#5974=ORIENTED_EDGE('',*,*,#4640,.F.);
#5975=ORIENTED_EDGE('',*,*,#4641,.T.);
#5976=ORIENTED_EDGE('',*,*,#4642,.F.);
#5977=ORIENTED_EDGE('',*,*,#4641,.F.);
#5978=ORIENTED_EDGE('',*,*,#4643,.F.);
#5979=ORIENTED_EDGE('',*,*,#4633,.T.);
#5980=ORIENTED_EDGE('',*,*,#4644,.F.);
#5981=ORIENTED_EDGE('',*,*,#4645,.F.);
#5982=ORIENTED_EDGE('',*,*,#4646,.F.);
#5983=ORIENTED_EDGE('',*,*,#4647,.T.);
#5984=ORIENTED_EDGE('',*,*,#4648,.F.);
#5985=ORIENTED_EDGE('',*,*,#4647,.F.);
#5986=ORIENTED_EDGE('',*,*,#4649,.F.);
#5987=ORIENTED_EDGE('',*,*,#4650,.T.);
#5988=ORIENTED_EDGE('',*,*,#4651,.F.);
#5989=ORIENTED_EDGE('',*,*,#4650,.F.);
#5990=ORIENTED_EDGE('',*,*,#4652,.F.);
#5991=ORIENTED_EDGE('',*,*,#4653,.T.);
#5992=ORIENTED_EDGE('',*,*,#4654,.F.);
#5993=ORIENTED_EDGE('',*,*,#4653,.F.);
#5994=ORIENTED_EDGE('',*,*,#4655,.F.);
#5995=ORIENTED_EDGE('',*,*,#4645,.T.);
#5996=ORIENTED_EDGE('',*,*,#4656,.F.);
#5997=ORIENTED_EDGE('',*,*,#4657,.F.);
#5998=ORIENTED_EDGE('',*,*,#4658,.F.);
#5999=ORIENTED_EDGE('',*,*,#4659,.T.);
#6000=ORIENTED_EDGE('',*,*,#4660,.F.);
#6001=ORIENTED_EDGE('',*,*,#4659,.F.);
#6002=ORIENTED_EDGE('',*,*,#4661,.F.);
#6003=ORIENTED_EDGE('',*,*,#4662,.T.);
#6004=ORIENTED_EDGE('',*,*,#4663,.F.);
#6005=ORIENTED_EDGE('',*,*,#4662,.F.);
#6006=ORIENTED_EDGE('',*,*,#4664,.F.);
#6007=ORIENTED_EDGE('',*,*,#4665,.T.);
#6008=ORIENTED_EDGE('',*,*,#4666,.F.);
#6009=ORIENTED_EDGE('',*,*,#4665,.F.);
#6010=ORIENTED_EDGE('',*,*,#4667,.F.);
#6011=ORIENTED_EDGE('',*,*,#4657,.T.);
#6012=ORIENTED_EDGE('',*,*,#4668,.F.);
#6013=ORIENTED_EDGE('',*,*,#4669,.F.);
#6014=ORIENTED_EDGE('',*,*,#4670,.F.);
#6015=ORIENTED_EDGE('',*,*,#4671,.T.);
#6016=ORIENTED_EDGE('',*,*,#4672,.F.);
#6017=ORIENTED_EDGE('',*,*,#4671,.F.);
#6018=ORIENTED_EDGE('',*,*,#4673,.F.);
#6019=ORIENTED_EDGE('',*,*,#4674,.T.);
#6020=ORIENTED_EDGE('',*,*,#4675,.F.);
#6021=ORIENTED_EDGE('',*,*,#4674,.F.);
#6022=ORIENTED_EDGE('',*,*,#4676,.F.);
#6023=ORIENTED_EDGE('',*,*,#4677,.T.);
#6024=ORIENTED_EDGE('',*,*,#4678,.F.);
#6025=ORIENTED_EDGE('',*,*,#4677,.F.);
#6026=ORIENTED_EDGE('',*,*,#4679,.F.);
#6027=ORIENTED_EDGE('',*,*,#4669,.T.);
#6028=ORIENTED_EDGE('',*,*,#4680,.F.);
#6029=ORIENTED_EDGE('',*,*,#4681,.F.);
#6030=ORIENTED_EDGE('',*,*,#4682,.F.);
#6031=ORIENTED_EDGE('',*,*,#4683,.T.);
#6032=ORIENTED_EDGE('',*,*,#4684,.F.);
#6033=ORIENTED_EDGE('',*,*,#4683,.F.);
#6034=ORIENTED_EDGE('',*,*,#4685,.F.);
#6035=ORIENTED_EDGE('',*,*,#4686,.T.);
#6036=ORIENTED_EDGE('',*,*,#4687,.F.);
#6037=ORIENTED_EDGE('',*,*,#4686,.F.);
#6038=ORIENTED_EDGE('',*,*,#4688,.F.);
#6039=ORIENTED_EDGE('',*,*,#4689,.T.);
#6040=ORIENTED_EDGE('',*,*,#4690,.F.);
#6041=ORIENTED_EDGE('',*,*,#4689,.F.);
#6042=ORIENTED_EDGE('',*,*,#4691,.F.);
#6043=ORIENTED_EDGE('',*,*,#4681,.T.);
#6044=ORIENTED_EDGE('',*,*,#4692,.F.);
#6045=ORIENTED_EDGE('',*,*,#4693,.F.);
#6046=ORIENTED_EDGE('',*,*,#4694,.F.);
#6047=ORIENTED_EDGE('',*,*,#4695,.T.);
#6048=ORIENTED_EDGE('',*,*,#4696,.F.);
#6049=ORIENTED_EDGE('',*,*,#4695,.F.);
#6050=ORIENTED_EDGE('',*,*,#4697,.F.);
#6051=ORIENTED_EDGE('',*,*,#4698,.T.);
#6052=ORIENTED_EDGE('',*,*,#4699,.F.);
#6053=ORIENTED_EDGE('',*,*,#4698,.F.);
#6054=ORIENTED_EDGE('',*,*,#4700,.F.);
#6055=ORIENTED_EDGE('',*,*,#4701,.T.);
#6056=ORIENTED_EDGE('',*,*,#4702,.F.);
#6057=ORIENTED_EDGE('',*,*,#4701,.F.);
#6058=ORIENTED_EDGE('',*,*,#4703,.F.);
#6059=ORIENTED_EDGE('',*,*,#4693,.T.);
#6060=ORIENTED_EDGE('',*,*,#4704,.F.);
#6061=ORIENTED_EDGE('',*,*,#4705,.F.);
#6062=ORIENTED_EDGE('',*,*,#4706,.F.);
#6063=ORIENTED_EDGE('',*,*,#4707,.T.);
#6064=ORIENTED_EDGE('',*,*,#4708,.F.);
#6065=ORIENTED_EDGE('',*,*,#4707,.F.);
#6066=ORIENTED_EDGE('',*,*,#4709,.F.);
#6067=ORIENTED_EDGE('',*,*,#4710,.T.);
#6068=ORIENTED_EDGE('',*,*,#4711,.F.);
#6069=ORIENTED_EDGE('',*,*,#4710,.F.);
#6070=ORIENTED_EDGE('',*,*,#4712,.F.);
#6071=ORIENTED_EDGE('',*,*,#4713,.T.);
#6072=ORIENTED_EDGE('',*,*,#4714,.F.);
#6073=ORIENTED_EDGE('',*,*,#4713,.F.);
#6074=ORIENTED_EDGE('',*,*,#4715,.F.);
#6075=ORIENTED_EDGE('',*,*,#4705,.T.);
#6076=ORIENTED_EDGE('',*,*,#4716,.F.);
#6077=ORIENTED_EDGE('',*,*,#4717,.F.);
#6078=ORIENTED_EDGE('',*,*,#4718,.F.);
#6079=ORIENTED_EDGE('',*,*,#4719,.T.);
#6080=ORIENTED_EDGE('',*,*,#4720,.F.);
#6081=ORIENTED_EDGE('',*,*,#4719,.F.);
#6082=ORIENTED_EDGE('',*,*,#4721,.F.);
#6083=ORIENTED_EDGE('',*,*,#4722,.T.);
#6084=ORIENTED_EDGE('',*,*,#4723,.F.);
#6085=ORIENTED_EDGE('',*,*,#4722,.F.);
#6086=ORIENTED_EDGE('',*,*,#4724,.F.);
#6087=ORIENTED_EDGE('',*,*,#4725,.T.);
#6088=ORIENTED_EDGE('',*,*,#4726,.F.);
#6089=ORIENTED_EDGE('',*,*,#4725,.F.);
#6090=ORIENTED_EDGE('',*,*,#4727,.F.);
#6091=ORIENTED_EDGE('',*,*,#4717,.T.);
#6092=ORIENTED_EDGE('',*,*,#4728,.F.);
#6093=ORIENTED_EDGE('',*,*,#4729,.F.);
#6094=ORIENTED_EDGE('',*,*,#4730,.F.);
#6095=ORIENTED_EDGE('',*,*,#4731,.T.);
#6096=ORIENTED_EDGE('',*,*,#4732,.F.);
#6097=ORIENTED_EDGE('',*,*,#4731,.F.);
#6098=ORIENTED_EDGE('',*,*,#4733,.F.);
#6099=ORIENTED_EDGE('',*,*,#4734,.T.);
#6100=ORIENTED_EDGE('',*,*,#4735,.F.);
#6101=ORIENTED_EDGE('',*,*,#4734,.F.);
#6102=ORIENTED_EDGE('',*,*,#4736,.F.);
#6103=ORIENTED_EDGE('',*,*,#4737,.T.);
#6104=ORIENTED_EDGE('',*,*,#4738,.F.);
#6105=ORIENTED_EDGE('',*,*,#4737,.F.);
#6106=ORIENTED_EDGE('',*,*,#4739,.F.);
#6107=ORIENTED_EDGE('',*,*,#4729,.T.);
#6108=ORIENTED_EDGE('',*,*,#4740,.F.);
#6109=ORIENTED_EDGE('',*,*,#4741,.F.);
#6110=ORIENTED_EDGE('',*,*,#4742,.F.);
#6111=ORIENTED_EDGE('',*,*,#4743,.T.);
#6112=ORIENTED_EDGE('',*,*,#4744,.F.);
#6113=ORIENTED_EDGE('',*,*,#4743,.F.);
#6114=ORIENTED_EDGE('',*,*,#4745,.F.);
#6115=ORIENTED_EDGE('',*,*,#4746,.T.);
#6116=ORIENTED_EDGE('',*,*,#4747,.F.);
#6117=ORIENTED_EDGE('',*,*,#4746,.F.);
#6118=ORIENTED_EDGE('',*,*,#4748,.F.);
#6119=ORIENTED_EDGE('',*,*,#4749,.T.);
#6120=ORIENTED_EDGE('',*,*,#4750,.F.);
#6121=ORIENTED_EDGE('',*,*,#4749,.F.);
#6122=ORIENTED_EDGE('',*,*,#4751,.F.);
#6123=ORIENTED_EDGE('',*,*,#4741,.T.);
#6124=ORIENTED_EDGE('',*,*,#4752,.F.);
#6125=ORIENTED_EDGE('',*,*,#4753,.F.);
#6126=ORIENTED_EDGE('',*,*,#4754,.F.);
#6127=ORIENTED_EDGE('',*,*,#4755,.T.);
#6128=ORIENTED_EDGE('',*,*,#4756,.F.);
#6129=ORIENTED_EDGE('',*,*,#4755,.F.);
#6130=ORIENTED_EDGE('',*,*,#4757,.F.);
#6131=ORIENTED_EDGE('',*,*,#4758,.T.);
#6132=ORIENTED_EDGE('',*,*,#4759,.F.);
#6133=ORIENTED_EDGE('',*,*,#4758,.F.);
#6134=ORIENTED_EDGE('',*,*,#4760,.F.);
#6135=ORIENTED_EDGE('',*,*,#4761,.T.);
#6136=ORIENTED_EDGE('',*,*,#4762,.F.);
#6137=ORIENTED_EDGE('',*,*,#4761,.F.);
#6138=ORIENTED_EDGE('',*,*,#4763,.F.);
#6139=ORIENTED_EDGE('',*,*,#4753,.T.);
#6140=ORIENTED_EDGE('',*,*,#4764,.F.);
#6141=ORIENTED_EDGE('',*,*,#4765,.F.);
#6142=ORIENTED_EDGE('',*,*,#4766,.F.);
#6143=ORIENTED_EDGE('',*,*,#4767,.T.);
#6144=ORIENTED_EDGE('',*,*,#4768,.F.);
#6145=ORIENTED_EDGE('',*,*,#4767,.F.);
#6146=ORIENTED_EDGE('',*,*,#4769,.F.);
#6147=ORIENTED_EDGE('',*,*,#4770,.T.);
#6148=ORIENTED_EDGE('',*,*,#4771,.F.);
#6149=ORIENTED_EDGE('',*,*,#4770,.F.);
#6150=ORIENTED_EDGE('',*,*,#4772,.F.);
#6151=ORIENTED_EDGE('',*,*,#4773,.T.);
#6152=ORIENTED_EDGE('',*,*,#4774,.F.);
#6153=ORIENTED_EDGE('',*,*,#4773,.F.);
#6154=ORIENTED_EDGE('',*,*,#4775,.F.);
#6155=ORIENTED_EDGE('',*,*,#4765,.T.);
#6156=ORIENTED_EDGE('',*,*,#4776,.F.);
#6157=ORIENTED_EDGE('',*,*,#4777,.F.);
#6158=ORIENTED_EDGE('',*,*,#4778,.F.);
#6159=ORIENTED_EDGE('',*,*,#4779,.T.);
#6160=ORIENTED_EDGE('',*,*,#4780,.F.);
#6161=ORIENTED_EDGE('',*,*,#4779,.F.);
#6162=ORIENTED_EDGE('',*,*,#4781,.F.);
#6163=ORIENTED_EDGE('',*,*,#4782,.T.);
#6164=ORIENTED_EDGE('',*,*,#4783,.F.);
#6165=ORIENTED_EDGE('',*,*,#4782,.F.);
#6166=ORIENTED_EDGE('',*,*,#4784,.F.);
#6167=ORIENTED_EDGE('',*,*,#4785,.T.);
#6168=ORIENTED_EDGE('',*,*,#4786,.F.);
#6169=ORIENTED_EDGE('',*,*,#4785,.F.);
#6170=ORIENTED_EDGE('',*,*,#4787,.F.);
#6171=ORIENTED_EDGE('',*,*,#4777,.T.);
#6172=ORIENTED_EDGE('',*,*,#4788,.F.);
#6173=ORIENTED_EDGE('',*,*,#4789,.F.);
#6174=ORIENTED_EDGE('',*,*,#4790,.F.);
#6175=ORIENTED_EDGE('',*,*,#4791,.T.);
#6176=ORIENTED_EDGE('',*,*,#4792,.F.);
#6177=ORIENTED_EDGE('',*,*,#4791,.F.);
#6178=ORIENTED_EDGE('',*,*,#4793,.F.);
#6179=ORIENTED_EDGE('',*,*,#4794,.T.);
#6180=ORIENTED_EDGE('',*,*,#4795,.F.);
#6181=ORIENTED_EDGE('',*,*,#4794,.F.);
#6182=ORIENTED_EDGE('',*,*,#4796,.F.);
#6183=ORIENTED_EDGE('',*,*,#4797,.T.);
#6184=ORIENTED_EDGE('',*,*,#4798,.F.);
#6185=ORIENTED_EDGE('',*,*,#4797,.F.);
#6186=ORIENTED_EDGE('',*,*,#4799,.F.);
#6187=ORIENTED_EDGE('',*,*,#4789,.T.);
#6188=ORIENTED_EDGE('',*,*,#4800,.F.);
#6189=ORIENTED_EDGE('',*,*,#4801,.F.);
#6190=ORIENTED_EDGE('',*,*,#4802,.F.);
#6191=ORIENTED_EDGE('',*,*,#4803,.T.);
#6192=ORIENTED_EDGE('',*,*,#4804,.F.);
#6193=ORIENTED_EDGE('',*,*,#4803,.F.);
#6194=ORIENTED_EDGE('',*,*,#4805,.F.);
#6195=ORIENTED_EDGE('',*,*,#4806,.T.);
#6196=ORIENTED_EDGE('',*,*,#4807,.F.);
#6197=ORIENTED_EDGE('',*,*,#4806,.F.);
#6198=ORIENTED_EDGE('',*,*,#4808,.F.);
#6199=ORIENTED_EDGE('',*,*,#4809,.T.);
#6200=ORIENTED_EDGE('',*,*,#4810,.F.);
#6201=ORIENTED_EDGE('',*,*,#4809,.F.);
#6202=ORIENTED_EDGE('',*,*,#4811,.F.);
#6203=ORIENTED_EDGE('',*,*,#4801,.T.);
#6204=ORIENTED_EDGE('',*,*,#4812,.F.);
#6205=ORIENTED_EDGE('',*,*,#4813,.F.);
#6206=ORIENTED_EDGE('',*,*,#4814,.F.);
#6207=ORIENTED_EDGE('',*,*,#4815,.T.);
#6208=ORIENTED_EDGE('',*,*,#4816,.F.);
#6209=ORIENTED_EDGE('',*,*,#4815,.F.);
#6210=ORIENTED_EDGE('',*,*,#4817,.F.);
#6211=ORIENTED_EDGE('',*,*,#4818,.T.);
#6212=ORIENTED_EDGE('',*,*,#4819,.F.);
#6213=ORIENTED_EDGE('',*,*,#4818,.F.);
#6214=ORIENTED_EDGE('',*,*,#4820,.F.);
#6215=ORIENTED_EDGE('',*,*,#4821,.T.);
#6216=ORIENTED_EDGE('',*,*,#4822,.F.);
#6217=ORIENTED_EDGE('',*,*,#4821,.F.);
#6218=ORIENTED_EDGE('',*,*,#4823,.F.);
#6219=ORIENTED_EDGE('',*,*,#4813,.T.);
#6220=ORIENTED_EDGE('',*,*,#4824,.F.);
#6221=ORIENTED_EDGE('',*,*,#4825,.F.);
#6222=ORIENTED_EDGE('',*,*,#4826,.F.);
#6223=ORIENTED_EDGE('',*,*,#4827,.T.);
#6224=ORIENTED_EDGE('',*,*,#4828,.F.);
#6225=ORIENTED_EDGE('',*,*,#4827,.F.);
#6226=ORIENTED_EDGE('',*,*,#4829,.F.);
#6227=ORIENTED_EDGE('',*,*,#4830,.T.);
#6228=ORIENTED_EDGE('',*,*,#4831,.F.);
#6229=ORIENTED_EDGE('',*,*,#4830,.F.);
#6230=ORIENTED_EDGE('',*,*,#4832,.F.);
#6231=ORIENTED_EDGE('',*,*,#4833,.T.);
#6232=ORIENTED_EDGE('',*,*,#4834,.F.);
#6233=ORIENTED_EDGE('',*,*,#4833,.F.);
#6234=ORIENTED_EDGE('',*,*,#4835,.F.);
#6235=ORIENTED_EDGE('',*,*,#4825,.T.);
#6236=ORIENTED_EDGE('',*,*,#4836,.F.);
#6237=ORIENTED_EDGE('',*,*,#4837,.F.);
#6238=ORIENTED_EDGE('',*,*,#4838,.F.);
#6239=ORIENTED_EDGE('',*,*,#4839,.T.);
#6240=ORIENTED_EDGE('',*,*,#4840,.F.);
#6241=ORIENTED_EDGE('',*,*,#4839,.F.);
#6242=ORIENTED_EDGE('',*,*,#4841,.F.);
#6243=ORIENTED_EDGE('',*,*,#4842,.T.);
#6244=ORIENTED_EDGE('',*,*,#4843,.F.);
#6245=ORIENTED_EDGE('',*,*,#4842,.F.);
#6246=ORIENTED_EDGE('',*,*,#4844,.F.);
#6247=ORIENTED_EDGE('',*,*,#4845,.T.);
#6248=ORIENTED_EDGE('',*,*,#4846,.F.);
#6249=ORIENTED_EDGE('',*,*,#4845,.F.);
#6250=ORIENTED_EDGE('',*,*,#4847,.F.);
#6251=ORIENTED_EDGE('',*,*,#4837,.T.);
#6252=ORIENTED_EDGE('',*,*,#4848,.F.);
#6253=ORIENTED_EDGE('',*,*,#4849,.F.);
#6254=ORIENTED_EDGE('',*,*,#4850,.F.);
#6255=ORIENTED_EDGE('',*,*,#4851,.T.);
#6256=ORIENTED_EDGE('',*,*,#4852,.F.);
#6257=ORIENTED_EDGE('',*,*,#4851,.F.);
#6258=ORIENTED_EDGE('',*,*,#4853,.F.);
#6259=ORIENTED_EDGE('',*,*,#4854,.T.);
#6260=ORIENTED_EDGE('',*,*,#4855,.F.);
#6261=ORIENTED_EDGE('',*,*,#4854,.F.);
#6262=ORIENTED_EDGE('',*,*,#4856,.F.);
#6263=ORIENTED_EDGE('',*,*,#4857,.T.);
#6264=ORIENTED_EDGE('',*,*,#4858,.F.);
#6265=ORIENTED_EDGE('',*,*,#4857,.F.);
#6266=ORIENTED_EDGE('',*,*,#4859,.F.);
#6267=ORIENTED_EDGE('',*,*,#4849,.T.);
#6268=ORIENTED_EDGE('',*,*,#4860,.F.);
#6269=ORIENTED_EDGE('',*,*,#4861,.F.);
#6270=ORIENTED_EDGE('',*,*,#4862,.F.);
#6271=ORIENTED_EDGE('',*,*,#4863,.T.);
#6272=ORIENTED_EDGE('',*,*,#4864,.F.);
#6273=ORIENTED_EDGE('',*,*,#4863,.F.);
#6274=ORIENTED_EDGE('',*,*,#4865,.F.);
#6275=ORIENTED_EDGE('',*,*,#4866,.T.);
#6276=ORIENTED_EDGE('',*,*,#4867,.F.);
#6277=ORIENTED_EDGE('',*,*,#4866,.F.);
#6278=ORIENTED_EDGE('',*,*,#4868,.F.);
#6279=ORIENTED_EDGE('',*,*,#4869,.T.);
#6280=ORIENTED_EDGE('',*,*,#4870,.F.);
#6281=ORIENTED_EDGE('',*,*,#4869,.F.);
#6282=ORIENTED_EDGE('',*,*,#4871,.F.);
#6283=ORIENTED_EDGE('',*,*,#4861,.T.);
#6284=ORIENTED_EDGE('',*,*,#4872,.F.);
#6285=ORIENTED_EDGE('',*,*,#4873,.F.);
#6286=ORIENTED_EDGE('',*,*,#4874,.F.);
#6287=ORIENTED_EDGE('',*,*,#4875,.T.);
#6288=ORIENTED_EDGE('',*,*,#4876,.F.);
#6289=ORIENTED_EDGE('',*,*,#4875,.F.);
#6290=ORIENTED_EDGE('',*,*,#4877,.F.);
#6291=ORIENTED_EDGE('',*,*,#4878,.T.);
#6292=ORIENTED_EDGE('',*,*,#4879,.F.);
#6293=ORIENTED_EDGE('',*,*,#4878,.F.);
#6294=ORIENTED_EDGE('',*,*,#4880,.F.);
#6295=ORIENTED_EDGE('',*,*,#4881,.T.);
#6296=ORIENTED_EDGE('',*,*,#4882,.F.);
#6297=ORIENTED_EDGE('',*,*,#4881,.F.);
#6298=ORIENTED_EDGE('',*,*,#4883,.F.);
#6299=ORIENTED_EDGE('',*,*,#4873,.T.);
#6300=ORIENTED_EDGE('',*,*,#4884,.F.);
#6301=ORIENTED_EDGE('',*,*,#4885,.F.);
#6302=ORIENTED_EDGE('',*,*,#4886,.F.);
#6303=ORIENTED_EDGE('',*,*,#4887,.T.);
#6304=ORIENTED_EDGE('',*,*,#4888,.F.);
#6305=ORIENTED_EDGE('',*,*,#4887,.F.);
#6306=ORIENTED_EDGE('',*,*,#4889,.F.);
#6307=ORIENTED_EDGE('',*,*,#4890,.T.);
#6308=ORIENTED_EDGE('',*,*,#4891,.F.);
#6309=ORIENTED_EDGE('',*,*,#4890,.F.);
#6310=ORIENTED_EDGE('',*,*,#4892,.F.);
#6311=ORIENTED_EDGE('',*,*,#4893,.T.);
#6312=ORIENTED_EDGE('',*,*,#4894,.F.);
#6313=ORIENTED_EDGE('',*,*,#4893,.F.);
#6314=ORIENTED_EDGE('',*,*,#4895,.F.);
#6315=ORIENTED_EDGE('',*,*,#4885,.T.);
#6316=ORIENTED_EDGE('',*,*,#4896,.F.);
#6317=ORIENTED_EDGE('',*,*,#4897,.F.);
#6318=ORIENTED_EDGE('',*,*,#4898,.F.);
#6319=ORIENTED_EDGE('',*,*,#4899,.T.);
#6320=ORIENTED_EDGE('',*,*,#4900,.F.);
#6321=ORIENTED_EDGE('',*,*,#4899,.F.);
#6322=ORIENTED_EDGE('',*,*,#4901,.F.);
#6323=ORIENTED_EDGE('',*,*,#4902,.T.);
#6324=ORIENTED_EDGE('',*,*,#4903,.F.);
#6325=ORIENTED_EDGE('',*,*,#4902,.F.);
#6326=ORIENTED_EDGE('',*,*,#4904,.F.);
#6327=ORIENTED_EDGE('',*,*,#4905,.T.);
#6328=ORIENTED_EDGE('',*,*,#4906,.F.);
#6329=ORIENTED_EDGE('',*,*,#4905,.F.);
#6330=ORIENTED_EDGE('',*,*,#4907,.F.);
#6331=ORIENTED_EDGE('',*,*,#4897,.T.);
#6332=ORIENTED_EDGE('',*,*,#4908,.F.);
#6333=ORIENTED_EDGE('',*,*,#4909,.F.);
#6334=ORIENTED_EDGE('',*,*,#4910,.F.);
#6335=ORIENTED_EDGE('',*,*,#4911,.T.);
#6336=ORIENTED_EDGE('',*,*,#4912,.F.);
#6337=ORIENTED_EDGE('',*,*,#4911,.F.);
#6338=ORIENTED_EDGE('',*,*,#4913,.F.);
#6339=ORIENTED_EDGE('',*,*,#4914,.T.);
#6340=ORIENTED_EDGE('',*,*,#4915,.F.);
#6341=ORIENTED_EDGE('',*,*,#4914,.F.);
#6342=ORIENTED_EDGE('',*,*,#4916,.F.);
#6343=ORIENTED_EDGE('',*,*,#4917,.T.);
#6344=ORIENTED_EDGE('',*,*,#4918,.F.);
#6345=ORIENTED_EDGE('',*,*,#4917,.F.);
#6346=ORIENTED_EDGE('',*,*,#4919,.F.);
#6347=ORIENTED_EDGE('',*,*,#4909,.T.);
#6348=ORIENTED_EDGE('',*,*,#4920,.F.);
#6349=ORIENTED_EDGE('',*,*,#4921,.F.);
#6350=ORIENTED_EDGE('',*,*,#4922,.F.);
#6351=ORIENTED_EDGE('',*,*,#4923,.T.);
#6352=ORIENTED_EDGE('',*,*,#4924,.F.);
#6353=ORIENTED_EDGE('',*,*,#4923,.F.);
#6354=ORIENTED_EDGE('',*,*,#4925,.F.);
#6355=ORIENTED_EDGE('',*,*,#4926,.T.);
#6356=ORIENTED_EDGE('',*,*,#4927,.F.);
#6357=ORIENTED_EDGE('',*,*,#4926,.F.);
#6358=ORIENTED_EDGE('',*,*,#4928,.F.);
#6359=ORIENTED_EDGE('',*,*,#4929,.T.);
#6360=ORIENTED_EDGE('',*,*,#4930,.F.);
#6361=ORIENTED_EDGE('',*,*,#4929,.F.);
#6362=ORIENTED_EDGE('',*,*,#4931,.F.);
#6363=ORIENTED_EDGE('',*,*,#4921,.T.);
#6364=ORIENTED_EDGE('',*,*,#4932,.F.);
#6365=ORIENTED_EDGE('',*,*,#4933,.F.);
#6366=ORIENTED_EDGE('',*,*,#4934,.F.);
#6367=ORIENTED_EDGE('',*,*,#4935,.T.);
#6368=ORIENTED_EDGE('',*,*,#4936,.F.);
#6369=ORIENTED_EDGE('',*,*,#4935,.F.);
#6370=ORIENTED_EDGE('',*,*,#4937,.F.);
#6371=ORIENTED_EDGE('',*,*,#4938,.T.);
#6372=ORIENTED_EDGE('',*,*,#4939,.F.);
#6373=ORIENTED_EDGE('',*,*,#4938,.F.);
#6374=ORIENTED_EDGE('',*,*,#4940,.F.);
#6375=ORIENTED_EDGE('',*,*,#4941,.T.);
#6376=ORIENTED_EDGE('',*,*,#4942,.F.);
#6377=ORIENTED_EDGE('',*,*,#4941,.F.);
#6378=ORIENTED_EDGE('',*,*,#4943,.F.);
#6379=ORIENTED_EDGE('',*,*,#4933,.T.);
#6380=ORIENTED_EDGE('',*,*,#4944,.F.);
#6381=ORIENTED_EDGE('',*,*,#4945,.F.);
#6382=ORIENTED_EDGE('',*,*,#4946,.F.);
#6383=ORIENTED_EDGE('',*,*,#4947,.T.);
#6384=ORIENTED_EDGE('',*,*,#4948,.F.);
#6385=ORIENTED_EDGE('',*,*,#4947,.F.);
#6386=ORIENTED_EDGE('',*,*,#4949,.F.);
#6387=ORIENTED_EDGE('',*,*,#4950,.T.);
#6388=ORIENTED_EDGE('',*,*,#4951,.F.);
#6389=ORIENTED_EDGE('',*,*,#4950,.F.);
#6390=ORIENTED_EDGE('',*,*,#4952,.F.);
#6391=ORIENTED_EDGE('',*,*,#4953,.T.);
#6392=ORIENTED_EDGE('',*,*,#4954,.F.);
#6393=ORIENTED_EDGE('',*,*,#4953,.F.);
#6394=ORIENTED_EDGE('',*,*,#4955,.F.);
#6395=ORIENTED_EDGE('',*,*,#4945,.T.);
#6396=ORIENTED_EDGE('',*,*,#4956,.F.);
#6397=ORIENTED_EDGE('',*,*,#4957,.F.);
#6398=ORIENTED_EDGE('',*,*,#4958,.F.);
#6399=ORIENTED_EDGE('',*,*,#4959,.T.);
#6400=ORIENTED_EDGE('',*,*,#4960,.F.);
#6401=ORIENTED_EDGE('',*,*,#4959,.F.);
#6402=ORIENTED_EDGE('',*,*,#4961,.F.);
#6403=ORIENTED_EDGE('',*,*,#4962,.T.);
#6404=ORIENTED_EDGE('',*,*,#4963,.F.);
#6405=ORIENTED_EDGE('',*,*,#4962,.F.);
#6406=ORIENTED_EDGE('',*,*,#4964,.F.);
#6407=ORIENTED_EDGE('',*,*,#4965,.T.);
#6408=ORIENTED_EDGE('',*,*,#4966,.F.);
#6409=ORIENTED_EDGE('',*,*,#4965,.F.);
#6410=ORIENTED_EDGE('',*,*,#4967,.F.);
#6411=ORIENTED_EDGE('',*,*,#4957,.T.);
#6412=ORIENTED_EDGE('',*,*,#4968,.F.);
#6413=ORIENTED_EDGE('',*,*,#4969,.F.);
#6414=ORIENTED_EDGE('',*,*,#4970,.F.);
#6415=ORIENTED_EDGE('',*,*,#4971,.T.);
#6416=ORIENTED_EDGE('',*,*,#4972,.F.);
#6417=ORIENTED_EDGE('',*,*,#4971,.F.);
#6418=ORIENTED_EDGE('',*,*,#4973,.F.);
#6419=ORIENTED_EDGE('',*,*,#4974,.T.);
#6420=ORIENTED_EDGE('',*,*,#4975,.F.);
#6421=ORIENTED_EDGE('',*,*,#4974,.F.);
#6422=ORIENTED_EDGE('',*,*,#4976,.F.);
#6423=ORIENTED_EDGE('',*,*,#4977,.T.);
#6424=ORIENTED_EDGE('',*,*,#4978,.F.);
#6425=ORIENTED_EDGE('',*,*,#4977,.F.);
#6426=ORIENTED_EDGE('',*,*,#4979,.F.);
#6427=ORIENTED_EDGE('',*,*,#4969,.T.);
#6428=ORIENTED_EDGE('',*,*,#4980,.F.);
#6429=ORIENTED_EDGE('',*,*,#4981,.F.);
#6430=ORIENTED_EDGE('',*,*,#4982,.F.);
#6431=ORIENTED_EDGE('',*,*,#4983,.T.);
#6432=ORIENTED_EDGE('',*,*,#4984,.F.);
#6433=ORIENTED_EDGE('',*,*,#4983,.F.);
#6434=ORIENTED_EDGE('',*,*,#4985,.F.);
#6435=ORIENTED_EDGE('',*,*,#4986,.T.);
#6436=ORIENTED_EDGE('',*,*,#4987,.F.);
#6437=ORIENTED_EDGE('',*,*,#4986,.F.);
#6438=ORIENTED_EDGE('',*,*,#4988,.F.);
#6439=ORIENTED_EDGE('',*,*,#4989,.T.);
#6440=ORIENTED_EDGE('',*,*,#4990,.F.);
#6441=ORIENTED_EDGE('',*,*,#4989,.F.);
#6442=ORIENTED_EDGE('',*,*,#4991,.F.);
#6443=ORIENTED_EDGE('',*,*,#4981,.T.);
#6444=ORIENTED_EDGE('',*,*,#4992,.F.);
#6445=ORIENTED_EDGE('',*,*,#4993,.F.);
#6446=ORIENTED_EDGE('',*,*,#4994,.F.);
#6447=ORIENTED_EDGE('',*,*,#4995,.T.);
#6448=ORIENTED_EDGE('',*,*,#4996,.F.);
#6449=ORIENTED_EDGE('',*,*,#4995,.F.);
#6450=ORIENTED_EDGE('',*,*,#4997,.F.);
#6451=ORIENTED_EDGE('',*,*,#4998,.T.);
#6452=ORIENTED_EDGE('',*,*,#4999,.F.);
#6453=ORIENTED_EDGE('',*,*,#4998,.F.);
#6454=ORIENTED_EDGE('',*,*,#5000,.F.);
#6455=ORIENTED_EDGE('',*,*,#5001,.T.);
#6456=ORIENTED_EDGE('',*,*,#5002,.F.);
#6457=ORIENTED_EDGE('',*,*,#5001,.F.);
#6458=ORIENTED_EDGE('',*,*,#5003,.F.);
#6459=ORIENTED_EDGE('',*,*,#4993,.T.);
#6460=ORIENTED_EDGE('',*,*,#5004,.F.);
#6461=ORIENTED_EDGE('',*,*,#5005,.F.);
#6462=ORIENTED_EDGE('',*,*,#5006,.F.);
#6463=ORIENTED_EDGE('',*,*,#5007,.T.);
#6464=ORIENTED_EDGE('',*,*,#5008,.F.);
#6465=ORIENTED_EDGE('',*,*,#5007,.F.);
#6466=ORIENTED_EDGE('',*,*,#5009,.F.);
#6467=ORIENTED_EDGE('',*,*,#5010,.T.);
#6468=ORIENTED_EDGE('',*,*,#5011,.F.);
#6469=ORIENTED_EDGE('',*,*,#5010,.F.);
#6470=ORIENTED_EDGE('',*,*,#5012,.F.);
#6471=ORIENTED_EDGE('',*,*,#5013,.T.);
#6472=ORIENTED_EDGE('',*,*,#5014,.F.);
#6473=ORIENTED_EDGE('',*,*,#5013,.F.);
#6474=ORIENTED_EDGE('',*,*,#5015,.F.);
#6475=ORIENTED_EDGE('',*,*,#5005,.T.);
#6476=ORIENTED_EDGE('',*,*,#5016,.F.);
#6477=ORIENTED_EDGE('',*,*,#5017,.F.);
#6478=ORIENTED_EDGE('',*,*,#5018,.F.);
#6479=ORIENTED_EDGE('',*,*,#5019,.T.);
#6480=ORIENTED_EDGE('',*,*,#5020,.F.);
#6481=ORIENTED_EDGE('',*,*,#5019,.F.);
#6482=ORIENTED_EDGE('',*,*,#5021,.F.);
#6483=ORIENTED_EDGE('',*,*,#5022,.T.);
#6484=ORIENTED_EDGE('',*,*,#5023,.F.);
#6485=ORIENTED_EDGE('',*,*,#5022,.F.);
#6486=ORIENTED_EDGE('',*,*,#5024,.F.);
#6487=ORIENTED_EDGE('',*,*,#5025,.T.);
#6488=ORIENTED_EDGE('',*,*,#5026,.F.);
#6489=ORIENTED_EDGE('',*,*,#5025,.F.);
#6490=ORIENTED_EDGE('',*,*,#5027,.F.);
#6491=ORIENTED_EDGE('',*,*,#5017,.T.);
#6492=ORIENTED_EDGE('',*,*,#5028,.F.);
#6493=ORIENTED_EDGE('',*,*,#5029,.F.);
#6494=ORIENTED_EDGE('',*,*,#5030,.F.);
#6495=ORIENTED_EDGE('',*,*,#5031,.T.);
#6496=ORIENTED_EDGE('',*,*,#5032,.F.);
#6497=ORIENTED_EDGE('',*,*,#5031,.F.);
#6498=ORIENTED_EDGE('',*,*,#5033,.F.);
#6499=ORIENTED_EDGE('',*,*,#5034,.T.);
#6500=ORIENTED_EDGE('',*,*,#5035,.F.);
#6501=ORIENTED_EDGE('',*,*,#5034,.F.);
#6502=ORIENTED_EDGE('',*,*,#5036,.F.);
#6503=ORIENTED_EDGE('',*,*,#5037,.T.);
#6504=ORIENTED_EDGE('',*,*,#5038,.F.);
#6505=ORIENTED_EDGE('',*,*,#5037,.F.);
#6506=ORIENTED_EDGE('',*,*,#5039,.F.);
#6507=ORIENTED_EDGE('',*,*,#5029,.T.);
#6508=ORIENTED_EDGE('',*,*,#5040,.F.);
#6509=ORIENTED_EDGE('',*,*,#5041,.F.);
#6510=ORIENTED_EDGE('',*,*,#5042,.F.);
#6511=ORIENTED_EDGE('',*,*,#5043,.F.);
#6512=ORIENTED_EDGE('',*,*,#5044,.F.);
#6513=ORIENTED_EDGE('',*,*,#5045,.F.);
#6514=ORIENTED_EDGE('',*,*,#5046,.F.);
#6515=ORIENTED_EDGE('',*,*,#5047,.F.);
#6516=ORIENTED_EDGE('',*,*,#5048,.F.);
#6517=ORIENTED_EDGE('',*,*,#5049,.F.);
#6518=ORIENTED_EDGE('',*,*,#5050,.F.);
#6519=ORIENTED_EDGE('',*,*,#5051,.F.);
#6520=ORIENTED_EDGE('',*,*,#5052,.F.);
#6521=ORIENTED_EDGE('',*,*,#5053,.F.);
#6522=ORIENTED_EDGE('',*,*,#5054,.F.);
#6523=ORIENTED_EDGE('',*,*,#5055,.F.);
#6524=ORIENTED_EDGE('',*,*,#5056,.F.);
#6525=ORIENTED_EDGE('',*,*,#5057,.F.);
#6526=ORIENTED_EDGE('',*,*,#5058,.F.);
#6527=ORIENTED_EDGE('',*,*,#5059,.F.);
#6528=ORIENTED_EDGE('',*,*,#5060,.F.);
#6529=ORIENTED_EDGE('',*,*,#5061,.F.);
#6530=ORIENTED_EDGE('',*,*,#4078,.F.);
#6531=ORIENTED_EDGE('',*,*,#5062,.F.);
#6532=ORIENTED_EDGE('',*,*,#5063,.F.);
#6533=ORIENTED_EDGE('',*,*,#5064,.F.);
#6534=ORIENTED_EDGE('',*,*,#5065,.F.);
#6535=ORIENTED_EDGE('',*,*,#5066,.T.);
#6536=ORIENTED_EDGE('',*,*,#5067,.F.);
#6537=ORIENTED_EDGE('',*,*,#5066,.F.);
#6538=ORIENTED_EDGE('',*,*,#5068,.F.);
#6539=ORIENTED_EDGE('',*,*,#5069,.T.);
#6540=ORIENTED_EDGE('',*,*,#5070,.F.);
#6541=ORIENTED_EDGE('',*,*,#5069,.F.);
#6542=ORIENTED_EDGE('',*,*,#5071,.F.);
#6543=ORIENTED_EDGE('',*,*,#5072,.T.);
#6544=ORIENTED_EDGE('',*,*,#5073,.F.);
#6545=ORIENTED_EDGE('',*,*,#5072,.F.);
#6546=ORIENTED_EDGE('',*,*,#5074,.F.);
#6547=ORIENTED_EDGE('',*,*,#5064,.T.);
#6548=ORIENTED_EDGE('',*,*,#5075,.F.);
#6549=ORIENTED_EDGE('',*,*,#5076,.F.);
#6550=ORIENTED_EDGE('',*,*,#5077,.F.);
#6551=ORIENTED_EDGE('',*,*,#5078,.T.);
#6552=ORIENTED_EDGE('',*,*,#5079,.F.);
#6553=ORIENTED_EDGE('',*,*,#5078,.F.);
#6554=ORIENTED_EDGE('',*,*,#5080,.F.);
#6555=ORIENTED_EDGE('',*,*,#5081,.T.);
#6556=ORIENTED_EDGE('',*,*,#5082,.F.);
#6557=ORIENTED_EDGE('',*,*,#5081,.F.);
#6558=ORIENTED_EDGE('',*,*,#5083,.F.);
#6559=ORIENTED_EDGE('',*,*,#5084,.T.);
#6560=ORIENTED_EDGE('',*,*,#5085,.F.);
#6561=ORIENTED_EDGE('',*,*,#5084,.F.);
#6562=ORIENTED_EDGE('',*,*,#5086,.F.);
#6563=ORIENTED_EDGE('',*,*,#5076,.T.);
#6564=ORIENTED_EDGE('',*,*,#5087,.F.);
#6565=ORIENTED_EDGE('',*,*,#5088,.F.);
#6566=ORIENTED_EDGE('',*,*,#5089,.F.);
#6567=ORIENTED_EDGE('',*,*,#5090,.F.);
#6568=ORIENTED_EDGE('',*,*,#5091,.F.);
#6569=ORIENTED_EDGE('',*,*,#5092,.F.);
#6570=ORIENTED_EDGE('',*,*,#5093,.F.);
#6571=ORIENTED_EDGE('',*,*,#5094,.T.);
#6572=ORIENTED_EDGE('',*,*,#5095,.F.);
#6573=ORIENTED_EDGE('',*,*,#5094,.F.);
#6574=ORIENTED_EDGE('',*,*,#5096,.F.);
#6575=ORIENTED_EDGE('',*,*,#5097,.T.);
#6576=ORIENTED_EDGE('',*,*,#5098,.F.);
#6577=ORIENTED_EDGE('',*,*,#5097,.F.);
#6578=ORIENTED_EDGE('',*,*,#5099,.F.);
#6579=ORIENTED_EDGE('',*,*,#5100,.T.);
#6580=ORIENTED_EDGE('',*,*,#5101,.F.);
#6581=ORIENTED_EDGE('',*,*,#5100,.F.);
#6582=ORIENTED_EDGE('',*,*,#5102,.F.);
#6583=ORIENTED_EDGE('',*,*,#5092,.T.);
#6584=ORIENTED_EDGE('',*,*,#5103,.F.);
#6585=ORIENTED_EDGE('',*,*,#5104,.F.);
#6586=ORIENTED_EDGE('',*,*,#5105,.F.);
#6587=ORIENTED_EDGE('',*,*,#5106,.F.);
#6588=ORIENTED_EDGE('',*,*,#5040,.T.);
#6589=ORIENTED_EDGE('',*,*,#5107,.T.);
#6590=ORIENTED_EDGE('',*,*,#5108,.F.);
#6591=ORIENTED_EDGE('',*,*,#5109,.F.);
#6592=ORIENTED_EDGE('',*,*,#5044,.T.);
#6593=ORIENTED_EDGE('',*,*,#5110,.F.);
#6594=ORIENTED_EDGE('',*,*,#5111,.T.);
#6595=ORIENTED_EDGE('',*,*,#5112,.T.);
#6596=ORIENTED_EDGE('',*,*,#5048,.T.);
#6597=ORIENTED_EDGE('',*,*,#5113,.T.);
#6598=ORIENTED_EDGE('',*,*,#5114,.F.);
#6599=ORIENTED_EDGE('',*,*,#5115,.F.);
#6600=ORIENTED_EDGE('',*,*,#5052,.T.);
#6601=ORIENTED_EDGE('',*,*,#5116,.F.);
#6602=ORIENTED_EDGE('',*,*,#5117,.T.);
#6603=ORIENTED_EDGE('',*,*,#5118,.T.);
#6604=ORIENTED_EDGE('',*,*,#5056,.T.);
#6605=ORIENTED_EDGE('',*,*,#5119,.T.);
#6606=ORIENTED_EDGE('',*,*,#5120,.F.);
#6607=ORIENTED_EDGE('',*,*,#5121,.F.);
#6608=ORIENTED_EDGE('',*,*,#5060,.T.);
#6609=ORIENTED_EDGE('',*,*,#5122,.F.);
#6610=ORIENTED_EDGE('',*,*,#5123,.T.);
#6611=ORIENTED_EDGE('',*,*,#5124,.T.);
#6612=ORIENTED_EDGE('',*,*,#5087,.T.);
#6613=ORIENTED_EDGE('',*,*,#5125,.F.);
#6614=ORIENTED_EDGE('',*,*,#5126,.T.);
#6615=ORIENTED_EDGE('',*,*,#5127,.T.);
#6616=ORIENTED_EDGE('',*,*,#5103,.T.);
#6617=ORIENTED_EDGE('',*,*,#5128,.T.);
#6618=ORIENTED_EDGE('',*,*,#5129,.F.);
#6619=ORIENTED_EDGE('',*,*,#5130,.F.);
#6620=ORIENTED_EDGE('',*,*,#5043,.T.);
#6621=ORIENTED_EDGE('',*,*,#5131,.F.);
#6622=ORIENTED_EDGE('',*,*,#5132,.T.);
#6623=ORIENTED_EDGE('',*,*,#5133,.F.);
#6624=ORIENTED_EDGE('',*,*,#5134,.T.);
#6625=ORIENTED_EDGE('',*,*,#5135,.F.);
#6626=ORIENTED_EDGE('',*,*,#5136,.T.);
#6627=ORIENTED_EDGE('',*,*,#5137,.F.);
#6628=ORIENTED_EDGE('',*,*,#5053,.T.);
#6629=ORIENTED_EDGE('',*,*,#5118,.F.);
#6630=ORIENTED_EDGE('',*,*,#5138,.F.);
#6631=ORIENTED_EDGE('',*,*,#5128,.F.);
#6632=ORIENTED_EDGE('',*,*,#5106,.T.);
#6633=ORIENTED_EDGE('',*,*,#5139,.F.);
#6634=ORIENTED_EDGE('',*,*,#5140,.T.);
#6635=ORIENTED_EDGE('',*,*,#4074,.F.);
#6636=ORIENTED_EDGE('',*,*,#4070,.F.);
#6637=ORIENTED_EDGE('',*,*,#4079,.F.);
#6638=ORIENTED_EDGE('',*,*,#5061,.T.);
#6639=ORIENTED_EDGE('',*,*,#5124,.F.);
#6640=ORIENTED_EDGE('',*,*,#5141,.F.);
#6641=ORIENTED_EDGE('',*,*,#5119,.F.);
#6642=ORIENTED_EDGE('',*,*,#5059,.T.);
#6643=ORIENTED_EDGE('',*,*,#5142,.F.);
#6644=ORIENTED_EDGE('',*,*,#5143,.T.);
#6645=ORIENTED_EDGE('',*,*,#5144,.F.);
#6646=ORIENTED_EDGE('',*,*,#5145,.T.);
#6647=ORIENTED_EDGE('',*,*,#5146,.F.);
#6648=ORIENTED_EDGE('',*,*,#5147,.T.);
#6649=ORIENTED_EDGE('',*,*,#5148,.F.);
#6650=ORIENTED_EDGE('',*,*,#5045,.T.);
#6651=ORIENTED_EDGE('',*,*,#5112,.F.);
#6652=ORIENTED_EDGE('',*,*,#5149,.F.);
#6653=ORIENTED_EDGE('',*,*,#5113,.F.);
#6654=ORIENTED_EDGE('',*,*,#5051,.T.);
#6655=ORIENTED_EDGE('',*,*,#5150,.F.);
#6656=ORIENTED_EDGE('',*,*,#5151,.T.);
#6657=ORIENTED_EDGE('',*,*,#5152,.F.);
#6658=ORIENTED_EDGE('',*,*,#5088,.T.);
#6659=ORIENTED_EDGE('',*,*,#5127,.F.);
#6660=ORIENTED_EDGE('',*,*,#5153,.F.);
#6661=ORIENTED_EDGE('',*,*,#5107,.F.);
#6662=ORIENTED_EDGE('',*,*,#5028,.T.);
#6663=ORIENTED_EDGE('',*,*,#5032,.T.);
#6664=ORIENTED_EDGE('',*,*,#5035,.T.);
#6665=ORIENTED_EDGE('',*,*,#5038,.T.);
#6666=ORIENTED_EDGE('',*,*,#5063,.T.);
#6667=ORIENTED_EDGE('',*,*,#5067,.T.);
#6668=ORIENTED_EDGE('',*,*,#5070,.T.);
#6669=ORIENTED_EDGE('',*,*,#5073,.T.);
#6670=ORIENTED_EDGE('',*,*,#5075,.T.);
#6671=ORIENTED_EDGE('',*,*,#5079,.T.);
#6672=ORIENTED_EDGE('',*,*,#5082,.T.);
#6673=ORIENTED_EDGE('',*,*,#5085,.T.);
#6674=ORIENTED_EDGE('',*,*,#5091,.T.);
#6675=ORIENTED_EDGE('',*,*,#5095,.T.);
#6676=ORIENTED_EDGE('',*,*,#5098,.T.);
#6677=ORIENTED_EDGE('',*,*,#5101,.T.);
#6678=ORIENTED_EDGE('',*,*,#5154,.F.);
#6679=ORIENTED_EDGE('',*,*,#5155,.F.);
#6680=ORIENTED_EDGE('',*,*,#5156,.F.);
#6681=ORIENTED_EDGE('',*,*,#5157,.F.);
#6682=ORIENTED_EDGE('',*,*,#5158,.F.);
#6683=ORIENTED_EDGE('',*,*,#5159,.F.);
#6684=ORIENTED_EDGE('',*,*,#5160,.F.);
#6685=ORIENTED_EDGE('',*,*,#5161,.F.);
#6686=ORIENTED_EDGE('',*,*,#5023,.T.);
#6687=ORIENTED_EDGE('',*,*,#5026,.T.);
#6688=ORIENTED_EDGE('',*,*,#5016,.T.);
#6689=ORIENTED_EDGE('',*,*,#5020,.T.);
#6690=ORIENTED_EDGE('',*,*,#5011,.T.);
#6691=ORIENTED_EDGE('',*,*,#5014,.T.);
#6692=ORIENTED_EDGE('',*,*,#5004,.T.);
#6693=ORIENTED_EDGE('',*,*,#5008,.T.);
#6694=ORIENTED_EDGE('',*,*,#4999,.T.);
#6695=ORIENTED_EDGE('',*,*,#5002,.T.);
#6696=ORIENTED_EDGE('',*,*,#4992,.T.);
#6697=ORIENTED_EDGE('',*,*,#4996,.T.);
#6698=ORIENTED_EDGE('',*,*,#4987,.T.);
#6699=ORIENTED_EDGE('',*,*,#4990,.T.);
#6700=ORIENTED_EDGE('',*,*,#4980,.T.);
#6701=ORIENTED_EDGE('',*,*,#4984,.T.);
#6702=ORIENTED_EDGE('',*,*,#4975,.T.);
#6703=ORIENTED_EDGE('',*,*,#4978,.T.);
#6704=ORIENTED_EDGE('',*,*,#4968,.T.);
#6705=ORIENTED_EDGE('',*,*,#4972,.T.);
#6706=ORIENTED_EDGE('',*,*,#4963,.T.);
#6707=ORIENTED_EDGE('',*,*,#4966,.T.);
#6708=ORIENTED_EDGE('',*,*,#4956,.T.);
#6709=ORIENTED_EDGE('',*,*,#4960,.T.);
#6710=ORIENTED_EDGE('',*,*,#4951,.T.);
#6711=ORIENTED_EDGE('',*,*,#4954,.T.);
#6712=ORIENTED_EDGE('',*,*,#4944,.T.);
#6713=ORIENTED_EDGE('',*,*,#4948,.T.);
#6714=ORIENTED_EDGE('',*,*,#4939,.T.);
#6715=ORIENTED_EDGE('',*,*,#4942,.T.);
#6716=ORIENTED_EDGE('',*,*,#4932,.T.);
#6717=ORIENTED_EDGE('',*,*,#4936,.T.);
#6718=ORIENTED_EDGE('',*,*,#4927,.T.);
#6719=ORIENTED_EDGE('',*,*,#4930,.T.);
#6720=ORIENTED_EDGE('',*,*,#4920,.T.);
#6721=ORIENTED_EDGE('',*,*,#4924,.T.);
#6722=ORIENTED_EDGE('',*,*,#4915,.T.);
#6723=ORIENTED_EDGE('',*,*,#4918,.T.);
#6724=ORIENTED_EDGE('',*,*,#4908,.T.);
#6725=ORIENTED_EDGE('',*,*,#4912,.T.);
#6726=ORIENTED_EDGE('',*,*,#4903,.T.);
#6727=ORIENTED_EDGE('',*,*,#4906,.T.);
#6728=ORIENTED_EDGE('',*,*,#4896,.T.);
#6729=ORIENTED_EDGE('',*,*,#4900,.T.);
#6730=ORIENTED_EDGE('',*,*,#4891,.T.);
#6731=ORIENTED_EDGE('',*,*,#4894,.T.);
#6732=ORIENTED_EDGE('',*,*,#4884,.T.);
#6733=ORIENTED_EDGE('',*,*,#4888,.T.);
#6734=ORIENTED_EDGE('',*,*,#4879,.T.);
#6735=ORIENTED_EDGE('',*,*,#4882,.T.);
#6736=ORIENTED_EDGE('',*,*,#4872,.T.);
#6737=ORIENTED_EDGE('',*,*,#4876,.T.);
#6738=ORIENTED_EDGE('',*,*,#4867,.T.);
#6739=ORIENTED_EDGE('',*,*,#4870,.T.);
#6740=ORIENTED_EDGE('',*,*,#4860,.T.);
#6741=ORIENTED_EDGE('',*,*,#4864,.T.);
#6742=ORIENTED_EDGE('',*,*,#4855,.T.);
#6743=ORIENTED_EDGE('',*,*,#4858,.T.);
#6744=ORIENTED_EDGE('',*,*,#4848,.T.);
#6745=ORIENTED_EDGE('',*,*,#4852,.T.);
#6746=ORIENTED_EDGE('',*,*,#4843,.T.);
#6747=ORIENTED_EDGE('',*,*,#4846,.T.);
#6748=ORIENTED_EDGE('',*,*,#4836,.T.);
#6749=ORIENTED_EDGE('',*,*,#4840,.T.);
#6750=ORIENTED_EDGE('',*,*,#4831,.T.);
#6751=ORIENTED_EDGE('',*,*,#4834,.T.);
#6752=ORIENTED_EDGE('',*,*,#4824,.T.);
#6753=ORIENTED_EDGE('',*,*,#4828,.T.);
#6754=ORIENTED_EDGE('',*,*,#4819,.T.);
#6755=ORIENTED_EDGE('',*,*,#4822,.T.);
#6756=ORIENTED_EDGE('',*,*,#4812,.T.);
#6757=ORIENTED_EDGE('',*,*,#4816,.T.);
#6758=ORIENTED_EDGE('',*,*,#4807,.T.);
#6759=ORIENTED_EDGE('',*,*,#4810,.T.);
#6760=ORIENTED_EDGE('',*,*,#4800,.T.);
#6761=ORIENTED_EDGE('',*,*,#4804,.T.);
#6762=ORIENTED_EDGE('',*,*,#4795,.T.);
#6763=ORIENTED_EDGE('',*,*,#4798,.T.);
#6764=ORIENTED_EDGE('',*,*,#4788,.T.);
#6765=ORIENTED_EDGE('',*,*,#4792,.T.);
#6766=ORIENTED_EDGE('',*,*,#4783,.T.);
#6767=ORIENTED_EDGE('',*,*,#4786,.T.);
#6768=ORIENTED_EDGE('',*,*,#4776,.T.);
#6769=ORIENTED_EDGE('',*,*,#4780,.T.);
#6770=ORIENTED_EDGE('',*,*,#4771,.T.);
#6771=ORIENTED_EDGE('',*,*,#4774,.T.);
#6772=ORIENTED_EDGE('',*,*,#4764,.T.);
#6773=ORIENTED_EDGE('',*,*,#4768,.T.);
#6774=ORIENTED_EDGE('',*,*,#4759,.T.);
#6775=ORIENTED_EDGE('',*,*,#4762,.T.);
#6776=ORIENTED_EDGE('',*,*,#4752,.T.);
#6777=ORIENTED_EDGE('',*,*,#4756,.T.);
#6778=ORIENTED_EDGE('',*,*,#4747,.T.);
#6779=ORIENTED_EDGE('',*,*,#4750,.T.);
#6780=ORIENTED_EDGE('',*,*,#4740,.T.);
#6781=ORIENTED_EDGE('',*,*,#4744,.T.);
#6782=ORIENTED_EDGE('',*,*,#4735,.T.);
#6783=ORIENTED_EDGE('',*,*,#4738,.T.);
#6784=ORIENTED_EDGE('',*,*,#4728,.T.);
#6785=ORIENTED_EDGE('',*,*,#4732,.T.);
#6786=ORIENTED_EDGE('',*,*,#4723,.T.);
#6787=ORIENTED_EDGE('',*,*,#4726,.T.);
#6788=ORIENTED_EDGE('',*,*,#4716,.T.);
#6789=ORIENTED_EDGE('',*,*,#4720,.T.);
#6790=ORIENTED_EDGE('',*,*,#4711,.T.);
#6791=ORIENTED_EDGE('',*,*,#4714,.T.);
#6792=ORIENTED_EDGE('',*,*,#4704,.T.);
#6793=ORIENTED_EDGE('',*,*,#4708,.T.);
#6794=ORIENTED_EDGE('',*,*,#4699,.T.);
#6795=ORIENTED_EDGE('',*,*,#4702,.T.);
#6796=ORIENTED_EDGE('',*,*,#4692,.T.);
#6797=ORIENTED_EDGE('',*,*,#4696,.T.);
#6798=ORIENTED_EDGE('',*,*,#4687,.T.);
#6799=ORIENTED_EDGE('',*,*,#4690,.T.);
#6800=ORIENTED_EDGE('',*,*,#4680,.T.);
#6801=ORIENTED_EDGE('',*,*,#4684,.T.);
#6802=ORIENTED_EDGE('',*,*,#4675,.T.);
#6803=ORIENTED_EDGE('',*,*,#4678,.T.);
#6804=ORIENTED_EDGE('',*,*,#4668,.T.);
#6805=ORIENTED_EDGE('',*,*,#4672,.T.);
#6806=ORIENTED_EDGE('',*,*,#4663,.T.);
#6807=ORIENTED_EDGE('',*,*,#4666,.T.);
#6808=ORIENTED_EDGE('',*,*,#4656,.T.);
#6809=ORIENTED_EDGE('',*,*,#4660,.T.);
#6810=ORIENTED_EDGE('',*,*,#4651,.T.);
#6811=ORIENTED_EDGE('',*,*,#4654,.T.);
#6812=ORIENTED_EDGE('',*,*,#4644,.T.);
#6813=ORIENTED_EDGE('',*,*,#4648,.T.);
#6814=ORIENTED_EDGE('',*,*,#4639,.T.);
#6815=ORIENTED_EDGE('',*,*,#4642,.T.);
#6816=ORIENTED_EDGE('',*,*,#4632,.T.);
#6817=ORIENTED_EDGE('',*,*,#4636,.T.);
#6818=ORIENTED_EDGE('',*,*,#4627,.T.);
#6819=ORIENTED_EDGE('',*,*,#4630,.T.);
#6820=ORIENTED_EDGE('',*,*,#4620,.T.);
#6821=ORIENTED_EDGE('',*,*,#4624,.T.);
#6822=ORIENTED_EDGE('',*,*,#4615,.T.);
#6823=ORIENTED_EDGE('',*,*,#4618,.T.);
#6824=ORIENTED_EDGE('',*,*,#4608,.T.);
#6825=ORIENTED_EDGE('',*,*,#4612,.T.);
#6826=ORIENTED_EDGE('',*,*,#4603,.T.);
#6827=ORIENTED_EDGE('',*,*,#4606,.T.);
#6828=ORIENTED_EDGE('',*,*,#4596,.T.);
#6829=ORIENTED_EDGE('',*,*,#4600,.T.);
#6830=ORIENTED_EDGE('',*,*,#4591,.T.);
#6831=ORIENTED_EDGE('',*,*,#4594,.T.);
#6832=ORIENTED_EDGE('',*,*,#4584,.T.);
#6833=ORIENTED_EDGE('',*,*,#4588,.T.);
#6834=ORIENTED_EDGE('',*,*,#4531,.T.);
#6835=ORIENTED_EDGE('',*,*,#4534,.T.);
#6836=ORIENTED_EDGE('',*,*,#4537,.T.);
#6837=ORIENTED_EDGE('',*,*,#4540,.T.);
#6838=ORIENTED_EDGE('',*,*,#4543,.T.);
#6839=ORIENTED_EDGE('',*,*,#4546,.T.);
#6840=ORIENTED_EDGE('',*,*,#4549,.T.);
#6841=ORIENTED_EDGE('',*,*,#4552,.T.);
#6842=ORIENTED_EDGE('',*,*,#4555,.T.);
#6843=ORIENTED_EDGE('',*,*,#4558,.T.);
#6844=ORIENTED_EDGE('',*,*,#4561,.T.);
#6845=ORIENTED_EDGE('',*,*,#4564,.T.);
#6846=ORIENTED_EDGE('',*,*,#4567,.T.);
#6847=ORIENTED_EDGE('',*,*,#4570,.T.);
#6848=ORIENTED_EDGE('',*,*,#4573,.T.);
#6849=ORIENTED_EDGE('',*,*,#4576,.T.);
#6850=ORIENTED_EDGE('',*,*,#4579,.T.);
#6851=ORIENTED_EDGE('',*,*,#4582,.T.);
#6852=ORIENTED_EDGE('',*,*,#4476,.T.);
#6853=ORIENTED_EDGE('',*,*,#4480,.T.);
#6854=ORIENTED_EDGE('',*,*,#4483,.T.);
#6855=ORIENTED_EDGE('',*,*,#4486,.T.);
#6856=ORIENTED_EDGE('',*,*,#4489,.T.);
#6857=ORIENTED_EDGE('',*,*,#4492,.T.);
#6858=ORIENTED_EDGE('',*,*,#4495,.T.);
#6859=ORIENTED_EDGE('',*,*,#4498,.T.);
#6860=ORIENTED_EDGE('',*,*,#4501,.T.);
#6861=ORIENTED_EDGE('',*,*,#4504,.T.);
#6862=ORIENTED_EDGE('',*,*,#4507,.T.);
#6863=ORIENTED_EDGE('',*,*,#4510,.T.);
#6864=ORIENTED_EDGE('',*,*,#4513,.T.);
#6865=ORIENTED_EDGE('',*,*,#4516,.T.);
#6866=ORIENTED_EDGE('',*,*,#4519,.T.);
#6867=ORIENTED_EDGE('',*,*,#4522,.T.);
#6868=ORIENTED_EDGE('',*,*,#4525,.T.);
#6869=ORIENTED_EDGE('',*,*,#4528,.T.);
#6870=ORIENTED_EDGE('',*,*,#4471,.T.);
#6871=ORIENTED_EDGE('',*,*,#4474,.T.);
#6872=ORIENTED_EDGE('',*,*,#4464,.T.);
#6873=ORIENTED_EDGE('',*,*,#4468,.T.);
#6874=ORIENTED_EDGE('',*,*,#4459,.T.);
#6875=ORIENTED_EDGE('',*,*,#4462,.T.);
#6876=ORIENTED_EDGE('',*,*,#4452,.T.);
#6877=ORIENTED_EDGE('',*,*,#4456,.T.);
#6878=ORIENTED_EDGE('',*,*,#4447,.T.);
#6879=ORIENTED_EDGE('',*,*,#4450,.T.);
#6880=ORIENTED_EDGE('',*,*,#4440,.T.);
#6881=ORIENTED_EDGE('',*,*,#4444,.T.);
#6882=ORIENTED_EDGE('',*,*,#4435,.T.);
#6883=ORIENTED_EDGE('',*,*,#4438,.T.);
#6884=ORIENTED_EDGE('',*,*,#4428,.T.);
#6885=ORIENTED_EDGE('',*,*,#4432,.T.);
#6886=ORIENTED_EDGE('',*,*,#4423,.T.);
#6887=ORIENTED_EDGE('',*,*,#4426,.T.);
#6888=ORIENTED_EDGE('',*,*,#4416,.T.);
#6889=ORIENTED_EDGE('',*,*,#4420,.T.);
#6890=ORIENTED_EDGE('',*,*,#4363,.T.);
#6891=ORIENTED_EDGE('',*,*,#4366,.T.);
#6892=ORIENTED_EDGE('',*,*,#4369,.T.);
#6893=ORIENTED_EDGE('',*,*,#4372,.T.);
#6894=ORIENTED_EDGE('',*,*,#4375,.T.);
#6895=ORIENTED_EDGE('',*,*,#4378,.T.);
#6896=ORIENTED_EDGE('',*,*,#4381,.T.);
#6897=ORIENTED_EDGE('',*,*,#4384,.T.);
#6898=ORIENTED_EDGE('',*,*,#4387,.T.);
#6899=ORIENTED_EDGE('',*,*,#4390,.T.);
#6900=ORIENTED_EDGE('',*,*,#4393,.T.);
#6901=ORIENTED_EDGE('',*,*,#4396,.T.);
#6902=ORIENTED_EDGE('',*,*,#4399,.T.);
#6903=ORIENTED_EDGE('',*,*,#4402,.T.);
#6904=ORIENTED_EDGE('',*,*,#4405,.T.);
#6905=ORIENTED_EDGE('',*,*,#4408,.T.);
#6906=ORIENTED_EDGE('',*,*,#4411,.T.);
#6907=ORIENTED_EDGE('',*,*,#4414,.T.);
#6908=ORIENTED_EDGE('',*,*,#4308,.T.);
#6909=ORIENTED_EDGE('',*,*,#4312,.T.);
#6910=ORIENTED_EDGE('',*,*,#4315,.T.);
#6911=ORIENTED_EDGE('',*,*,#4318,.T.);
#6912=ORIENTED_EDGE('',*,*,#4321,.T.);
#6913=ORIENTED_EDGE('',*,*,#4324,.T.);
#6914=ORIENTED_EDGE('',*,*,#4327,.T.);
#6915=ORIENTED_EDGE('',*,*,#4330,.T.);
#6916=ORIENTED_EDGE('',*,*,#4333,.T.);
#6917=ORIENTED_EDGE('',*,*,#4336,.T.);
#6918=ORIENTED_EDGE('',*,*,#4339,.T.);
#6919=ORIENTED_EDGE('',*,*,#4342,.T.);
#6920=ORIENTED_EDGE('',*,*,#4345,.T.);
#6921=ORIENTED_EDGE('',*,*,#4348,.T.);
#6922=ORIENTED_EDGE('',*,*,#4351,.T.);
#6923=ORIENTED_EDGE('',*,*,#4354,.T.);
#6924=ORIENTED_EDGE('',*,*,#4357,.T.);
#6925=ORIENTED_EDGE('',*,*,#4360,.T.);
#6926=ORIENTED_EDGE('',*,*,#4303,.T.);
#6927=ORIENTED_EDGE('',*,*,#4306,.T.);
#6928=ORIENTED_EDGE('',*,*,#4296,.T.);
#6929=ORIENTED_EDGE('',*,*,#4300,.T.);
#6930=ORIENTED_EDGE('',*,*,#4291,.T.);
#6931=ORIENTED_EDGE('',*,*,#4294,.T.);
#6932=ORIENTED_EDGE('',*,*,#4284,.T.);
#6933=ORIENTED_EDGE('',*,*,#4288,.T.);
#6934=ORIENTED_EDGE('',*,*,#4279,.T.);
#6935=ORIENTED_EDGE('',*,*,#4282,.T.);
#6936=ORIENTED_EDGE('',*,*,#4272,.T.);
#6937=ORIENTED_EDGE('',*,*,#4276,.T.);
#6938=ORIENTED_EDGE('',*,*,#4219,.T.);
#6939=ORIENTED_EDGE('',*,*,#4222,.T.);
#6940=ORIENTED_EDGE('',*,*,#4225,.T.);
#6941=ORIENTED_EDGE('',*,*,#4228,.T.);
#6942=ORIENTED_EDGE('',*,*,#4231,.T.);
#6943=ORIENTED_EDGE('',*,*,#4234,.T.);
#6944=ORIENTED_EDGE('',*,*,#4237,.T.);
#6945=ORIENTED_EDGE('',*,*,#4240,.T.);
#6946=ORIENTED_EDGE('',*,*,#4243,.T.);
#6947=ORIENTED_EDGE('',*,*,#4246,.T.);
#6948=ORIENTED_EDGE('',*,*,#4249,.T.);
#6949=ORIENTED_EDGE('',*,*,#4252,.T.);
#6950=ORIENTED_EDGE('',*,*,#4255,.T.);
#6951=ORIENTED_EDGE('',*,*,#4258,.T.);
#6952=ORIENTED_EDGE('',*,*,#4261,.T.);
#6953=ORIENTED_EDGE('',*,*,#4264,.T.);
#6954=ORIENTED_EDGE('',*,*,#4267,.T.);
#6955=ORIENTED_EDGE('',*,*,#4270,.T.);
#6956=ORIENTED_EDGE('',*,*,#4164,.T.);
#6957=ORIENTED_EDGE('',*,*,#4168,.T.);
#6958=ORIENTED_EDGE('',*,*,#4171,.T.);
#6959=ORIENTED_EDGE('',*,*,#4174,.T.);
#6960=ORIENTED_EDGE('',*,*,#4177,.T.);
#6961=ORIENTED_EDGE('',*,*,#4180,.T.);
#6962=ORIENTED_EDGE('',*,*,#4183,.T.);
#6963=ORIENTED_EDGE('',*,*,#4186,.T.);
#6964=ORIENTED_EDGE('',*,*,#4189,.T.);
#6965=ORIENTED_EDGE('',*,*,#4192,.T.);
#6966=ORIENTED_EDGE('',*,*,#4195,.T.);
#6967=ORIENTED_EDGE('',*,*,#4198,.T.);
#6968=ORIENTED_EDGE('',*,*,#4201,.T.);
#6969=ORIENTED_EDGE('',*,*,#4204,.T.);
#6970=ORIENTED_EDGE('',*,*,#4207,.T.);
#6971=ORIENTED_EDGE('',*,*,#4210,.T.);
#6972=ORIENTED_EDGE('',*,*,#4213,.T.);
#6973=ORIENTED_EDGE('',*,*,#4216,.T.);
#6974=ORIENTED_EDGE('',*,*,#4159,.T.);
#6975=ORIENTED_EDGE('',*,*,#4162,.T.);
#6976=ORIENTED_EDGE('',*,*,#4152,.T.);
#6977=ORIENTED_EDGE('',*,*,#4156,.T.);
#6978=ORIENTED_EDGE('',*,*,#4147,.T.);
#6979=ORIENTED_EDGE('',*,*,#4150,.T.);
#6980=ORIENTED_EDGE('',*,*,#4140,.T.);
#6981=ORIENTED_EDGE('',*,*,#4144,.T.);
#6982=ORIENTED_EDGE('',*,*,#4135,.T.);
#6983=ORIENTED_EDGE('',*,*,#4138,.T.);
#6984=ORIENTED_EDGE('',*,*,#4128,.T.);
#6985=ORIENTED_EDGE('',*,*,#4132,.T.);
#6986=ORIENTED_EDGE('',*,*,#4123,.T.);
#6987=ORIENTED_EDGE('',*,*,#4126,.T.);
#6988=ORIENTED_EDGE('',*,*,#4116,.T.);
#6989=ORIENTED_EDGE('',*,*,#4120,.T.);
#6990=ORIENTED_EDGE('',*,*,#4111,.T.);
#6991=ORIENTED_EDGE('',*,*,#4114,.T.);
#6992=ORIENTED_EDGE('',*,*,#4104,.T.);
#6993=ORIENTED_EDGE('',*,*,#4108,.T.);
#6994=ORIENTED_EDGE('',*,*,#4099,.T.);
#6995=ORIENTED_EDGE('',*,*,#4102,.T.);
#6996=ORIENTED_EDGE('',*,*,#4092,.T.);
#6997=ORIENTED_EDGE('',*,*,#4096,.T.);
#6998=ORIENTED_EDGE('',*,*,#4087,.T.);
#6999=ORIENTED_EDGE('',*,*,#4090,.T.);
#7000=ORIENTED_EDGE('',*,*,#4080,.T.);
#7001=ORIENTED_EDGE('',*,*,#4084,.T.);
#7002=ORIENTED_EDGE('',*,*,#5041,.T.);
#7003=ORIENTED_EDGE('',*,*,#5109,.T.);
#7004=ORIENTED_EDGE('',*,*,#5162,.F.);
#7005=ORIENTED_EDGE('',*,*,#5125,.T.);
#7006=ORIENTED_EDGE('',*,*,#5090,.T.);
#7007=ORIENTED_EDGE('',*,*,#5163,.T.);
#7008=ORIENTED_EDGE('',*,*,#5164,.F.);
#7009=ORIENTED_EDGE('',*,*,#5165,.F.);
#7010=ORIENTED_EDGE('',*,*,#5049,.T.);
#7011=ORIENTED_EDGE('',*,*,#5115,.T.);
#7012=ORIENTED_EDGE('',*,*,#5166,.F.);
#7013=ORIENTED_EDGE('',*,*,#5110,.T.);
#7014=ORIENTED_EDGE('',*,*,#5047,.T.);
#7015=ORIENTED_EDGE('',*,*,#5167,.T.);
#7016=ORIENTED_EDGE('',*,*,#5168,.F.);
#7017=ORIENTED_EDGE('',*,*,#5169,.F.);
#7018=ORIENTED_EDGE('',*,*,#5170,.F.);
#7019=ORIENTED_EDGE('',*,*,#5171,.F.);
#7020=ORIENTED_EDGE('',*,*,#5172,.F.);
#7021=ORIENTED_EDGE('',*,*,#5173,.F.);
#7022=ORIENTED_EDGE('',*,*,#5057,.T.);
#7023=ORIENTED_EDGE('',*,*,#5121,.T.);
#7024=ORIENTED_EDGE('',*,*,#5174,.F.);
#7025=ORIENTED_EDGE('',*,*,#5122,.T.);
#7026=ORIENTED_EDGE('',*,*,#5062,.T.);
#7027=ORIENTED_EDGE('',*,*,#4077,.T.);
#7028=ORIENTED_EDGE('',*,*,#4072,.F.);
#7029=ORIENTED_EDGE('',*,*,#4076,.T.);
#7030=ORIENTED_EDGE('',*,*,#5175,.F.);
#7031=ORIENTED_EDGE('',*,*,#5176,.F.);
#7032=ORIENTED_EDGE('',*,*,#5104,.T.);
#7033=ORIENTED_EDGE('',*,*,#5130,.T.);
#7034=ORIENTED_EDGE('',*,*,#5177,.F.);
#7035=ORIENTED_EDGE('',*,*,#5116,.T.);
#7036=ORIENTED_EDGE('',*,*,#5055,.T.);
#7037=ORIENTED_EDGE('',*,*,#5178,.T.);
#7038=ORIENTED_EDGE('',*,*,#5179,.F.);
#7039=ORIENTED_EDGE('',*,*,#5180,.F.);
#7040=ORIENTED_EDGE('',*,*,#5181,.F.);
#7041=ORIENTED_EDGE('',*,*,#5182,.F.);
#7042=ORIENTED_EDGE('',*,*,#5183,.F.);
#7043=ORIENTED_EDGE('',*,*,#5184,.F.);
#7044=ORIENTED_EDGE('',*,*,#5030,.T.);
#7045=ORIENTED_EDGE('',*,*,#5039,.T.);
#7046=ORIENTED_EDGE('',*,*,#5036,.T.);
#7047=ORIENTED_EDGE('',*,*,#5033,.T.);
#7048=ORIENTED_EDGE('',*,*,#5065,.T.);
#7049=ORIENTED_EDGE('',*,*,#5074,.T.);
#7050=ORIENTED_EDGE('',*,*,#5071,.T.);
#7051=ORIENTED_EDGE('',*,*,#5068,.T.);
#7052=ORIENTED_EDGE('',*,*,#5077,.T.);
#7053=ORIENTED_EDGE('',*,*,#5086,.T.);
#7054=ORIENTED_EDGE('',*,*,#5083,.T.);
#7055=ORIENTED_EDGE('',*,*,#5080,.T.);
#7056=ORIENTED_EDGE('',*,*,#5093,.T.);
#7057=ORIENTED_EDGE('',*,*,#5102,.T.);
#7058=ORIENTED_EDGE('',*,*,#5099,.T.);
#7059=ORIENTED_EDGE('',*,*,#5096,.T.);
#7060=ORIENTED_EDGE('',*,*,#5185,.T.);
#7061=ORIENTED_EDGE('',*,*,#5186,.T.);
#7062=ORIENTED_EDGE('',*,*,#5187,.T.);
#7063=ORIENTED_EDGE('',*,*,#5188,.T.);
#7064=ORIENTED_EDGE('',*,*,#5189,.T.);
#7065=ORIENTED_EDGE('',*,*,#5190,.T.);
#7066=ORIENTED_EDGE('',*,*,#5191,.T.);
#7067=ORIENTED_EDGE('',*,*,#5192,.T.);
#7068=ORIENTED_EDGE('',*,*,#5024,.T.);
#7069=ORIENTED_EDGE('',*,*,#5021,.T.);
#7070=ORIENTED_EDGE('',*,*,#5018,.T.);
#7071=ORIENTED_EDGE('',*,*,#5027,.T.);
#7072=ORIENTED_EDGE('',*,*,#5012,.T.);
#7073=ORIENTED_EDGE('',*,*,#5009,.T.);
#7074=ORIENTED_EDGE('',*,*,#5006,.T.);
#7075=ORIENTED_EDGE('',*,*,#5015,.T.);
#7076=ORIENTED_EDGE('',*,*,#5000,.T.);
#7077=ORIENTED_EDGE('',*,*,#4997,.T.);
#7078=ORIENTED_EDGE('',*,*,#4994,.T.);
#7079=ORIENTED_EDGE('',*,*,#5003,.T.);
#7080=ORIENTED_EDGE('',*,*,#4988,.T.);
#7081=ORIENTED_EDGE('',*,*,#4985,.T.);
#7082=ORIENTED_EDGE('',*,*,#4982,.T.);
#7083=ORIENTED_EDGE('',*,*,#4991,.T.);
#7084=ORIENTED_EDGE('',*,*,#4976,.T.);
#7085=ORIENTED_EDGE('',*,*,#4973,.T.);
#7086=ORIENTED_EDGE('',*,*,#4970,.T.);
#7087=ORIENTED_EDGE('',*,*,#4979,.T.);
#7088=ORIENTED_EDGE('',*,*,#4964,.T.);
#7089=ORIENTED_EDGE('',*,*,#4961,.T.);
#7090=ORIENTED_EDGE('',*,*,#4958,.T.);
#7091=ORIENTED_EDGE('',*,*,#4967,.T.);
#7092=ORIENTED_EDGE('',*,*,#4952,.T.);
#7093=ORIENTED_EDGE('',*,*,#4949,.T.);
#7094=ORIENTED_EDGE('',*,*,#4946,.T.);
#7095=ORIENTED_EDGE('',*,*,#4955,.T.);
#7096=ORIENTED_EDGE('',*,*,#4940,.T.);
#7097=ORIENTED_EDGE('',*,*,#4937,.T.);
#7098=ORIENTED_EDGE('',*,*,#4934,.T.);
#7099=ORIENTED_EDGE('',*,*,#4943,.T.);
#7100=ORIENTED_EDGE('',*,*,#4928,.T.);
#7101=ORIENTED_EDGE('',*,*,#4925,.T.);
#7102=ORIENTED_EDGE('',*,*,#4922,.T.);
#7103=ORIENTED_EDGE('',*,*,#4931,.T.);
#7104=ORIENTED_EDGE('',*,*,#4916,.T.);
#7105=ORIENTED_EDGE('',*,*,#4913,.T.);
#7106=ORIENTED_EDGE('',*,*,#4910,.T.);
#7107=ORIENTED_EDGE('',*,*,#4919,.T.);
#7108=ORIENTED_EDGE('',*,*,#4904,.T.);
#7109=ORIENTED_EDGE('',*,*,#4901,.T.);
#7110=ORIENTED_EDGE('',*,*,#4898,.T.);
#7111=ORIENTED_EDGE('',*,*,#4907,.T.);
#7112=ORIENTED_EDGE('',*,*,#4892,.T.);
#7113=ORIENTED_EDGE('',*,*,#4889,.T.);
#7114=ORIENTED_EDGE('',*,*,#4886,.T.);
#7115=ORIENTED_EDGE('',*,*,#4895,.T.);
#7116=ORIENTED_EDGE('',*,*,#4880,.T.);
#7117=ORIENTED_EDGE('',*,*,#4877,.T.);
#7118=ORIENTED_EDGE('',*,*,#4874,.T.);
#7119=ORIENTED_EDGE('',*,*,#4883,.T.);
#7120=ORIENTED_EDGE('',*,*,#4868,.T.);
#7121=ORIENTED_EDGE('',*,*,#4865,.T.);
#7122=ORIENTED_EDGE('',*,*,#4862,.T.);
#7123=ORIENTED_EDGE('',*,*,#4871,.T.);
#7124=ORIENTED_EDGE('',*,*,#4856,.T.);
#7125=ORIENTED_EDGE('',*,*,#4853,.T.);
#7126=ORIENTED_EDGE('',*,*,#4850,.T.);
#7127=ORIENTED_EDGE('',*,*,#4859,.T.);
#7128=ORIENTED_EDGE('',*,*,#4844,.T.);
#7129=ORIENTED_EDGE('',*,*,#4841,.T.);
#7130=ORIENTED_EDGE('',*,*,#4838,.T.);
#7131=ORIENTED_EDGE('',*,*,#4847,.T.);
#7132=ORIENTED_EDGE('',*,*,#4832,.T.);
#7133=ORIENTED_EDGE('',*,*,#4829,.T.);
#7134=ORIENTED_EDGE('',*,*,#4826,.T.);
#7135=ORIENTED_EDGE('',*,*,#4835,.T.);
#7136=ORIENTED_EDGE('',*,*,#4820,.T.);
#7137=ORIENTED_EDGE('',*,*,#4817,.T.);
#7138=ORIENTED_EDGE('',*,*,#4814,.T.);
#7139=ORIENTED_EDGE('',*,*,#4823,.T.);
#7140=ORIENTED_EDGE('',*,*,#4808,.T.);
#7141=ORIENTED_EDGE('',*,*,#4805,.T.);
#7142=ORIENTED_EDGE('',*,*,#4802,.T.);
#7143=ORIENTED_EDGE('',*,*,#4811,.T.);
#7144=ORIENTED_EDGE('',*,*,#4796,.T.);
#7145=ORIENTED_EDGE('',*,*,#4793,.T.);
#7146=ORIENTED_EDGE('',*,*,#4790,.T.);
#7147=ORIENTED_EDGE('',*,*,#4799,.T.);
#7148=ORIENTED_EDGE('',*,*,#4784,.T.);
#7149=ORIENTED_EDGE('',*,*,#4781,.T.);
#7150=ORIENTED_EDGE('',*,*,#4778,.T.);
#7151=ORIENTED_EDGE('',*,*,#4787,.T.);
#7152=ORIENTED_EDGE('',*,*,#4772,.T.);
#7153=ORIENTED_EDGE('',*,*,#4769,.T.);
#7154=ORIENTED_EDGE('',*,*,#4766,.T.);
#7155=ORIENTED_EDGE('',*,*,#4775,.T.);
#7156=ORIENTED_EDGE('',*,*,#4760,.T.);
#7157=ORIENTED_EDGE('',*,*,#4757,.T.);
#7158=ORIENTED_EDGE('',*,*,#4754,.T.);
#7159=ORIENTED_EDGE('',*,*,#4763,.T.);
#7160=ORIENTED_EDGE('',*,*,#4748,.T.);
#7161=ORIENTED_EDGE('',*,*,#4745,.T.);
#7162=ORIENTED_EDGE('',*,*,#4742,.T.);
#7163=ORIENTED_EDGE('',*,*,#4751,.T.);
#7164=ORIENTED_EDGE('',*,*,#4736,.T.);
#7165=ORIENTED_EDGE('',*,*,#4733,.T.);
#7166=ORIENTED_EDGE('',*,*,#4730,.T.);
#7167=ORIENTED_EDGE('',*,*,#4739,.T.);
#7168=ORIENTED_EDGE('',*,*,#4724,.T.);
#7169=ORIENTED_EDGE('',*,*,#4721,.T.);
#7170=ORIENTED_EDGE('',*,*,#4718,.T.);
#7171=ORIENTED_EDGE('',*,*,#4727,.T.);
#7172=ORIENTED_EDGE('',*,*,#4712,.T.);
#7173=ORIENTED_EDGE('',*,*,#4709,.T.);
#7174=ORIENTED_EDGE('',*,*,#4706,.T.);
#7175=ORIENTED_EDGE('',*,*,#4715,.T.);
#7176=ORIENTED_EDGE('',*,*,#4700,.T.);
#7177=ORIENTED_EDGE('',*,*,#4697,.T.);
#7178=ORIENTED_EDGE('',*,*,#4694,.T.);
#7179=ORIENTED_EDGE('',*,*,#4703,.T.);
#7180=ORIENTED_EDGE('',*,*,#4688,.T.);
#7181=ORIENTED_EDGE('',*,*,#4685,.T.);
#7182=ORIENTED_EDGE('',*,*,#4682,.T.);
#7183=ORIENTED_EDGE('',*,*,#4691,.T.);
#7184=ORIENTED_EDGE('',*,*,#4676,.T.);
#7185=ORIENTED_EDGE('',*,*,#4673,.T.);
#7186=ORIENTED_EDGE('',*,*,#4670,.T.);
#7187=ORIENTED_EDGE('',*,*,#4679,.T.);
#7188=ORIENTED_EDGE('',*,*,#4664,.T.);
#7189=ORIENTED_EDGE('',*,*,#4661,.T.);
#7190=ORIENTED_EDGE('',*,*,#4658,.T.);
#7191=ORIENTED_EDGE('',*,*,#4667,.T.);
#7192=ORIENTED_EDGE('',*,*,#4652,.T.);
#7193=ORIENTED_EDGE('',*,*,#4649,.T.);
#7194=ORIENTED_EDGE('',*,*,#4646,.T.);
#7195=ORIENTED_EDGE('',*,*,#4655,.T.);
#7196=ORIENTED_EDGE('',*,*,#4640,.T.);
#7197=ORIENTED_EDGE('',*,*,#4637,.T.);
#7198=ORIENTED_EDGE('',*,*,#4634,.T.);
#7199=ORIENTED_EDGE('',*,*,#4643,.T.);
#7200=ORIENTED_EDGE('',*,*,#4628,.T.);
#7201=ORIENTED_EDGE('',*,*,#4625,.T.);
#7202=ORIENTED_EDGE('',*,*,#4622,.T.);
#7203=ORIENTED_EDGE('',*,*,#4631,.T.);
#7204=ORIENTED_EDGE('',*,*,#4616,.T.);
#7205=ORIENTED_EDGE('',*,*,#4613,.T.);
#7206=ORIENTED_EDGE('',*,*,#4610,.T.);
#7207=ORIENTED_EDGE('',*,*,#4619,.T.);
#7208=ORIENTED_EDGE('',*,*,#4604,.T.);
#7209=ORIENTED_EDGE('',*,*,#4601,.T.);
#7210=ORIENTED_EDGE('',*,*,#4598,.T.);
#7211=ORIENTED_EDGE('',*,*,#4607,.T.);
#7212=ORIENTED_EDGE('',*,*,#4592,.T.);
#7213=ORIENTED_EDGE('',*,*,#4589,.T.);
#7214=ORIENTED_EDGE('',*,*,#4586,.T.);
#7215=ORIENTED_EDGE('',*,*,#4595,.T.);
#7216=ORIENTED_EDGE('',*,*,#4532,.T.);
#7217=ORIENTED_EDGE('',*,*,#4529,.T.);
#7218=ORIENTED_EDGE('',*,*,#4526,.T.);
#7219=ORIENTED_EDGE('',*,*,#4523,.T.);
#7220=ORIENTED_EDGE('',*,*,#4520,.T.);
#7221=ORIENTED_EDGE('',*,*,#4517,.T.);
#7222=ORIENTED_EDGE('',*,*,#4514,.T.);
#7223=ORIENTED_EDGE('',*,*,#4511,.T.);
#7224=ORIENTED_EDGE('',*,*,#4508,.T.);
#7225=ORIENTED_EDGE('',*,*,#4505,.T.);
#7226=ORIENTED_EDGE('',*,*,#4502,.T.);
#7227=ORIENTED_EDGE('',*,*,#4499,.T.);
#7228=ORIENTED_EDGE('',*,*,#4496,.T.);
#7229=ORIENTED_EDGE('',*,*,#4493,.T.);
#7230=ORIENTED_EDGE('',*,*,#4490,.T.);
#7231=ORIENTED_EDGE('',*,*,#4487,.T.);
#7232=ORIENTED_EDGE('',*,*,#4484,.T.);
#7233=ORIENTED_EDGE('',*,*,#4481,.T.);
#7234=ORIENTED_EDGE('',*,*,#4478,.T.);
#7235=ORIENTED_EDGE('',*,*,#4583,.T.);
#7236=ORIENTED_EDGE('',*,*,#4580,.T.);
#7237=ORIENTED_EDGE('',*,*,#4577,.T.);
#7238=ORIENTED_EDGE('',*,*,#4574,.T.);
#7239=ORIENTED_EDGE('',*,*,#4571,.T.);
#7240=ORIENTED_EDGE('',*,*,#4568,.T.);
#7241=ORIENTED_EDGE('',*,*,#4565,.T.);
#7242=ORIENTED_EDGE('',*,*,#4562,.T.);
#7243=ORIENTED_EDGE('',*,*,#4559,.T.);
#7244=ORIENTED_EDGE('',*,*,#4556,.T.);
#7245=ORIENTED_EDGE('',*,*,#4553,.T.);
#7246=ORIENTED_EDGE('',*,*,#4550,.T.);
#7247=ORIENTED_EDGE('',*,*,#4547,.T.);
#7248=ORIENTED_EDGE('',*,*,#4544,.T.);
#7249=ORIENTED_EDGE('',*,*,#4541,.T.);
#7250=ORIENTED_EDGE('',*,*,#4538,.T.);
#7251=ORIENTED_EDGE('',*,*,#4535,.T.);
#7252=ORIENTED_EDGE('',*,*,#4472,.T.);
#7253=ORIENTED_EDGE('',*,*,#4469,.T.);
#7254=ORIENTED_EDGE('',*,*,#4466,.T.);
#7255=ORIENTED_EDGE('',*,*,#4475,.T.);
#7256=ORIENTED_EDGE('',*,*,#4460,.T.);
#7257=ORIENTED_EDGE('',*,*,#4457,.T.);
#7258=ORIENTED_EDGE('',*,*,#4454,.T.);
#7259=ORIENTED_EDGE('',*,*,#4463,.T.);
#7260=ORIENTED_EDGE('',*,*,#4448,.T.);
#7261=ORIENTED_EDGE('',*,*,#4445,.T.);
#7262=ORIENTED_EDGE('',*,*,#4442,.T.);
#7263=ORIENTED_EDGE('',*,*,#4451,.T.);
#7264=ORIENTED_EDGE('',*,*,#4436,.T.);
#7265=ORIENTED_EDGE('',*,*,#4433,.T.);
#7266=ORIENTED_EDGE('',*,*,#4430,.T.);
#7267=ORIENTED_EDGE('',*,*,#4439,.T.);
#7268=ORIENTED_EDGE('',*,*,#4424,.T.);
#7269=ORIENTED_EDGE('',*,*,#4421,.T.);
#7270=ORIENTED_EDGE('',*,*,#4418,.T.);
#7271=ORIENTED_EDGE('',*,*,#4427,.T.);
#7272=ORIENTED_EDGE('',*,*,#4364,.T.);
#7273=ORIENTED_EDGE('',*,*,#4361,.T.);
#7274=ORIENTED_EDGE('',*,*,#4358,.T.);
#7275=ORIENTED_EDGE('',*,*,#4355,.T.);
#7276=ORIENTED_EDGE('',*,*,#4352,.T.);
#7277=ORIENTED_EDGE('',*,*,#4349,.T.);
#7278=ORIENTED_EDGE('',*,*,#4346,.T.);
#7279=ORIENTED_EDGE('',*,*,#4343,.T.);
#7280=ORIENTED_EDGE('',*,*,#4340,.T.);
#7281=ORIENTED_EDGE('',*,*,#4337,.T.);
#7282=ORIENTED_EDGE('',*,*,#4334,.T.);
#7283=ORIENTED_EDGE('',*,*,#4331,.T.);
#7284=ORIENTED_EDGE('',*,*,#4328,.T.);
#7285=ORIENTED_EDGE('',*,*,#4325,.T.);
#7286=ORIENTED_EDGE('',*,*,#4322,.T.);
#7287=ORIENTED_EDGE('',*,*,#4319,.T.);
#7288=ORIENTED_EDGE('',*,*,#4316,.T.);
#7289=ORIENTED_EDGE('',*,*,#4313,.T.);
#7290=ORIENTED_EDGE('',*,*,#4310,.T.);
#7291=ORIENTED_EDGE('',*,*,#4415,.T.);
#7292=ORIENTED_EDGE('',*,*,#4412,.T.);
#7293=ORIENTED_EDGE('',*,*,#4409,.T.);
#7294=ORIENTED_EDGE('',*,*,#4406,.T.);
#7295=ORIENTED_EDGE('',*,*,#4403,.T.);
#7296=ORIENTED_EDGE('',*,*,#4400,.T.);
#7297=ORIENTED_EDGE('',*,*,#4397,.T.);
#7298=ORIENTED_EDGE('',*,*,#4394,.T.);
#7299=ORIENTED_EDGE('',*,*,#4391,.T.);
#7300=ORIENTED_EDGE('',*,*,#4388,.T.);
#7301=ORIENTED_EDGE('',*,*,#4385,.T.);
#7302=ORIENTED_EDGE('',*,*,#4382,.T.);
#7303=ORIENTED_EDGE('',*,*,#4379,.T.);
#7304=ORIENTED_EDGE('',*,*,#4376,.T.);
#7305=ORIENTED_EDGE('',*,*,#4373,.T.);
#7306=ORIENTED_EDGE('',*,*,#4370,.T.);
#7307=ORIENTED_EDGE('',*,*,#4367,.T.);
#7308=ORIENTED_EDGE('',*,*,#4304,.T.);
#7309=ORIENTED_EDGE('',*,*,#4301,.T.);
#7310=ORIENTED_EDGE('',*,*,#4298,.T.);
#7311=ORIENTED_EDGE('',*,*,#4307,.T.);
#7312=ORIENTED_EDGE('',*,*,#4292,.T.);
#7313=ORIENTED_EDGE('',*,*,#4289,.T.);
#7314=ORIENTED_EDGE('',*,*,#4286,.T.);
#7315=ORIENTED_EDGE('',*,*,#4295,.T.);
#7316=ORIENTED_EDGE('',*,*,#4280,.T.);
#7317=ORIENTED_EDGE('',*,*,#4277,.T.);
#7318=ORIENTED_EDGE('',*,*,#4274,.T.);
#7319=ORIENTED_EDGE('',*,*,#4283,.T.);
#7320=ORIENTED_EDGE('',*,*,#4220,.T.);
#7321=ORIENTED_EDGE('',*,*,#4217,.T.);
#7322=ORIENTED_EDGE('',*,*,#4214,.T.);
#7323=ORIENTED_EDGE('',*,*,#4211,.T.);
#7324=ORIENTED_EDGE('',*,*,#4208,.T.);
#7325=ORIENTED_EDGE('',*,*,#4205,.T.);
#7326=ORIENTED_EDGE('',*,*,#4202,.T.);
#7327=ORIENTED_EDGE('',*,*,#4199,.T.);
#7328=ORIENTED_EDGE('',*,*,#4196,.T.);
#7329=ORIENTED_EDGE('',*,*,#4193,.T.);
#7330=ORIENTED_EDGE('',*,*,#4190,.T.);
#7331=ORIENTED_EDGE('',*,*,#4187,.T.);
#7332=ORIENTED_EDGE('',*,*,#4184,.T.);
#7333=ORIENTED_EDGE('',*,*,#4181,.T.);
#7334=ORIENTED_EDGE('',*,*,#4178,.T.);
#7335=ORIENTED_EDGE('',*,*,#4175,.T.);
#7336=ORIENTED_EDGE('',*,*,#4172,.T.);
#7337=ORIENTED_EDGE('',*,*,#4169,.T.);
#7338=ORIENTED_EDGE('',*,*,#4166,.T.);
#7339=ORIENTED_EDGE('',*,*,#4271,.T.);
#7340=ORIENTED_EDGE('',*,*,#4268,.T.);
#7341=ORIENTED_EDGE('',*,*,#4265,.T.);
#7342=ORIENTED_EDGE('',*,*,#4262,.T.);
#7343=ORIENTED_EDGE('',*,*,#4259,.T.);
#7344=ORIENTED_EDGE('',*,*,#4256,.T.);
#7345=ORIENTED_EDGE('',*,*,#4253,.T.);
#7346=ORIENTED_EDGE('',*,*,#4250,.T.);
#7347=ORIENTED_EDGE('',*,*,#4247,.T.);
#7348=ORIENTED_EDGE('',*,*,#4244,.T.);
#7349=ORIENTED_EDGE('',*,*,#4241,.T.);
#7350=ORIENTED_EDGE('',*,*,#4238,.T.);
#7351=ORIENTED_EDGE('',*,*,#4235,.T.);
#7352=ORIENTED_EDGE('',*,*,#4232,.T.);
#7353=ORIENTED_EDGE('',*,*,#4229,.T.);
#7354=ORIENTED_EDGE('',*,*,#4226,.T.);
#7355=ORIENTED_EDGE('',*,*,#4223,.T.);
#7356=ORIENTED_EDGE('',*,*,#4160,.T.);
#7357=ORIENTED_EDGE('',*,*,#4157,.T.);
#7358=ORIENTED_EDGE('',*,*,#4154,.T.);
#7359=ORIENTED_EDGE('',*,*,#4163,.T.);
#7360=ORIENTED_EDGE('',*,*,#4148,.T.);
#7361=ORIENTED_EDGE('',*,*,#4145,.T.);
#7362=ORIENTED_EDGE('',*,*,#4142,.T.);
#7363=ORIENTED_EDGE('',*,*,#4151,.T.);
#7364=ORIENTED_EDGE('',*,*,#4136,.T.);
#7365=ORIENTED_EDGE('',*,*,#4133,.T.);
#7366=ORIENTED_EDGE('',*,*,#4130,.T.);
#7367=ORIENTED_EDGE('',*,*,#4139,.T.);
#7368=ORIENTED_EDGE('',*,*,#4124,.T.);
#7369=ORIENTED_EDGE('',*,*,#4121,.T.);
#7370=ORIENTED_EDGE('',*,*,#4118,.T.);
#7371=ORIENTED_EDGE('',*,*,#4127,.T.);
#7372=ORIENTED_EDGE('',*,*,#4112,.T.);
#7373=ORIENTED_EDGE('',*,*,#4109,.T.);
#7374=ORIENTED_EDGE('',*,*,#4106,.T.);
#7375=ORIENTED_EDGE('',*,*,#4115,.T.);
#7376=ORIENTED_EDGE('',*,*,#4100,.T.);
#7377=ORIENTED_EDGE('',*,*,#4097,.T.);
#7378=ORIENTED_EDGE('',*,*,#4094,.T.);
#7379=ORIENTED_EDGE('',*,*,#4103,.T.);
#7380=ORIENTED_EDGE('',*,*,#4088,.T.);
#7381=ORIENTED_EDGE('',*,*,#4085,.T.);
#7382=ORIENTED_EDGE('',*,*,#4082,.T.);
#7383=ORIENTED_EDGE('',*,*,#4091,.T.);
#7384=ORIENTED_EDGE('',*,*,#5138,.T.);
#7385=ORIENTED_EDGE('',*,*,#5117,.F.);
#7386=ORIENTED_EDGE('',*,*,#5177,.T.);
#7387=ORIENTED_EDGE('',*,*,#5129,.T.);
#7388=ORIENTED_EDGE('',*,*,#5149,.T.);
#7389=ORIENTED_EDGE('',*,*,#5111,.F.);
#7390=ORIENTED_EDGE('',*,*,#5166,.T.);
#7391=ORIENTED_EDGE('',*,*,#5114,.T.);
#7392=ORIENTED_EDGE('',*,*,#5141,.T.);
#7393=ORIENTED_EDGE('',*,*,#5123,.F.);
#7394=ORIENTED_EDGE('',*,*,#5174,.T.);
#7395=ORIENTED_EDGE('',*,*,#5120,.T.);
#7396=ORIENTED_EDGE('',*,*,#5153,.T.);
#7397=ORIENTED_EDGE('',*,*,#5126,.F.);
#7398=ORIENTED_EDGE('',*,*,#5162,.T.);
#7399=ORIENTED_EDGE('',*,*,#5108,.T.);
#7400=ORIENTED_EDGE('',*,*,#5105,.T.);
#7401=ORIENTED_EDGE('',*,*,#5176,.T.);
#7402=ORIENTED_EDGE('',*,*,#5193,.F.);
#7403=ORIENTED_EDGE('',*,*,#5139,.T.);
#7404=ORIENTED_EDGE('',*,*,#5154,.T.);
#7405=ORIENTED_EDGE('',*,*,#5194,.T.);
#7406=ORIENTED_EDGE('',*,*,#5185,.F.);
#7407=ORIENTED_EDGE('',*,*,#5194,.F.);
#7408=ORIENTED_EDGE('',*,*,#4075,.T.);
#7409=ORIENTED_EDGE('',*,*,#5140,.F.);
#7410=ORIENTED_EDGE('',*,*,#5193,.T.);
#7411=ORIENTED_EDGE('',*,*,#5175,.T.);
#7412=ORIENTED_EDGE('',*,*,#5058,.T.);
#7413=ORIENTED_EDGE('',*,*,#5173,.T.);
#7414=ORIENTED_EDGE('',*,*,#5195,.F.);
#7415=ORIENTED_EDGE('',*,*,#5142,.T.);
#7416=ORIENTED_EDGE('',*,*,#5155,.T.);
#7417=ORIENTED_EDGE('',*,*,#5196,.T.);
#7418=ORIENTED_EDGE('',*,*,#5186,.F.);
#7419=ORIENTED_EDGE('',*,*,#5196,.F.);
#7420=ORIENTED_EDGE('',*,*,#5195,.T.);
#7421=ORIENTED_EDGE('',*,*,#5172,.T.);
#7422=ORIENTED_EDGE('',*,*,#5197,.F.);
#7423=ORIENTED_EDGE('',*,*,#5143,.F.);
#7424=ORIENTED_EDGE('',*,*,#5046,.T.);
#7425=ORIENTED_EDGE('',*,*,#5148,.T.);
#7426=ORIENTED_EDGE('',*,*,#5198,.F.);
#7427=ORIENTED_EDGE('',*,*,#5167,.F.);
#7428=ORIENTED_EDGE('',*,*,#5156,.T.);
#7429=ORIENTED_EDGE('',*,*,#5199,.T.);
#7430=ORIENTED_EDGE('',*,*,#5187,.F.);
#7431=ORIENTED_EDGE('',*,*,#5199,.F.);
#7432=ORIENTED_EDGE('',*,*,#5198,.T.);
#7433=ORIENTED_EDGE('',*,*,#5147,.F.);
#7434=ORIENTED_EDGE('',*,*,#5200,.F.);
#7435=ORIENTED_EDGE('',*,*,#5168,.T.);
#7436=ORIENTED_EDGE('',*,*,#5157,.T.);
#7437=ORIENTED_EDGE('',*,*,#5201,.T.);
#7438=ORIENTED_EDGE('',*,*,#5188,.F.);
#7439=ORIENTED_EDGE('',*,*,#5201,.F.);
#7440=ORIENTED_EDGE('',*,*,#5158,.T.);
#7441=ORIENTED_EDGE('',*,*,#5202,.T.);
#7442=ORIENTED_EDGE('',*,*,#5189,.F.);
#7443=ORIENTED_EDGE('',*,*,#5202,.F.);
#7444=ORIENTED_EDGE('',*,*,#5050,.T.);
#7445=ORIENTED_EDGE('',*,*,#5165,.T.);
#7446=ORIENTED_EDGE('',*,*,#5203,.F.);
#7447=ORIENTED_EDGE('',*,*,#5150,.T.);
#7448=ORIENTED_EDGE('',*,*,#5203,.T.);
#7449=ORIENTED_EDGE('',*,*,#5164,.T.);
#7450=ORIENTED_EDGE('',*,*,#5204,.T.);
#7451=ORIENTED_EDGE('',*,*,#5151,.F.);
#7452=ORIENTED_EDGE('',*,*,#5159,.T.);
#7453=ORIENTED_EDGE('',*,*,#5205,.T.);
#7454=ORIENTED_EDGE('',*,*,#5190,.F.);
#7455=ORIENTED_EDGE('',*,*,#5205,.F.);
#7456=ORIENTED_EDGE('',*,*,#5042,.T.);
#7457=ORIENTED_EDGE('',*,*,#5184,.T.);
#7458=ORIENTED_EDGE('',*,*,#5206,.F.);
#7459=ORIENTED_EDGE('',*,*,#5131,.T.);
#7460=ORIENTED_EDGE('',*,*,#5206,.T.);
#7461=ORIENTED_EDGE('',*,*,#5183,.T.);
#7462=ORIENTED_EDGE('',*,*,#5207,.F.);
#7463=ORIENTED_EDGE('',*,*,#5132,.F.);
#7464=ORIENTED_EDGE('',*,*,#5089,.T.);
#7465=ORIENTED_EDGE('',*,*,#5152,.T.);
#7466=ORIENTED_EDGE('',*,*,#5204,.F.);
#7467=ORIENTED_EDGE('',*,*,#5163,.F.);
#7468=ORIENTED_EDGE('',*,*,#5160,.T.);
#7469=ORIENTED_EDGE('',*,*,#5208,.T.);
#7470=ORIENTED_EDGE('',*,*,#5191,.F.);
#7471=ORIENTED_EDGE('',*,*,#5208,.F.);
#7472=ORIENTED_EDGE('',*,*,#5161,.T.);
#7473=ORIENTED_EDGE('',*,*,#5209,.T.);
#7474=ORIENTED_EDGE('',*,*,#5192,.F.);
#7475=ORIENTED_EDGE('',*,*,#5209,.F.);
#7476=ORIENTED_EDGE('',*,*,#5054,.T.);
#7477=ORIENTED_EDGE('',*,*,#5137,.T.);
#7478=ORIENTED_EDGE('',*,*,#5210,.F.);
#7479=ORIENTED_EDGE('',*,*,#5178,.F.);
#7480=ORIENTED_EDGE('',*,*,#5210,.T.);
#7481=ORIENTED_EDGE('',*,*,#5136,.F.);
#7482=ORIENTED_EDGE('',*,*,#5211,.F.);
#7483=ORIENTED_EDGE('',*,*,#5179,.T.);
#7484=ORIENTED_EDGE('',*,*,#5133,.T.);
#7485=ORIENTED_EDGE('',*,*,#5207,.T.);
#7486=ORIENTED_EDGE('',*,*,#5182,.T.);
#7487=ORIENTED_EDGE('',*,*,#5212,.T.);
#7488=ORIENTED_EDGE('',*,*,#5135,.T.);
#7489=ORIENTED_EDGE('',*,*,#5213,.T.);
#7490=ORIENTED_EDGE('',*,*,#5180,.T.);
#7491=ORIENTED_EDGE('',*,*,#5211,.T.);
#7492=ORIENTED_EDGE('',*,*,#5144,.T.);
#7493=ORIENTED_EDGE('',*,*,#5197,.T.);
#7494=ORIENTED_EDGE('',*,*,#5171,.T.);
#7495=ORIENTED_EDGE('',*,*,#5214,.T.);
#7496=ORIENTED_EDGE('',*,*,#5146,.T.);
#7497=ORIENTED_EDGE('',*,*,#5215,.T.);
#7498=ORIENTED_EDGE('',*,*,#5169,.T.);
#7499=ORIENTED_EDGE('',*,*,#5200,.T.);
#7500=ORIENTED_EDGE('',*,*,#5214,.F.);
#7501=ORIENTED_EDGE('',*,*,#5170,.T.);
#7502=ORIENTED_EDGE('',*,*,#5215,.F.);
#7503=ORIENTED_EDGE('',*,*,#5145,.F.);
#7504=ORIENTED_EDGE('',*,*,#5212,.F.);
#7505=ORIENTED_EDGE('',*,*,#5181,.T.);
#7506=ORIENTED_EDGE('',*,*,#5213,.F.);
#7507=ORIENTED_EDGE('',*,*,#5134,.F.);
#7508=PLANE('',#8241);
#7509=PLANE('',#8245);
#7510=PLANE('',#8246);
#7511=PLANE('',#8247);
#7512=PLANE('',#8248);
#7513=PLANE('',#8249);
#7514=PLANE('',#8250);
#7515=PLANE('',#8251);
#7516=PLANE('',#8252);
#7517=PLANE('',#8253);
#7518=PLANE('',#8254);
#7519=PLANE('',#8255);
#7520=PLANE('',#8256);
#7521=PLANE('',#8257);
#7522=PLANE('',#8258);
#7523=PLANE('',#8259);
#7524=PLANE('',#8260);
#7525=PLANE('',#8261);
#7526=PLANE('',#8262);
#7527=PLANE('',#8263);
#7528=PLANE('',#8264);
#7529=PLANE('',#8265);
#7530=PLANE('',#8266);
#7531=PLANE('',#8267);
#7532=PLANE('',#8268);
#7533=PLANE('',#8269);
#7534=PLANE('',#8270);
#7535=PLANE('',#8271);
#7536=PLANE('',#8272);
#7537=PLANE('',#8273);
#7538=PLANE('',#8274);
#7539=PLANE('',#8275);
#7540=PLANE('',#8276);
#7541=PLANE('',#8277);
#7542=PLANE('',#8278);
#7543=PLANE('',#8279);
#7544=PLANE('',#8280);
#7545=PLANE('',#8281);
#7546=PLANE('',#8282);
#7547=PLANE('',#8283);
#7548=PLANE('',#8284);
#7549=PLANE('',#8285);
#7550=PLANE('',#8286);
#7551=PLANE('',#8287);
#7552=PLANE('',#8288);
#7553=PLANE('',#8289);
#7554=PLANE('',#8290);
#7555=PLANE('',#8291);
#7556=PLANE('',#8292);
#7557=PLANE('',#8293);
#7558=PLANE('',#8294);
#7559=PLANE('',#8295);
#7560=PLANE('',#8296);
#7561=PLANE('',#8297);
#7562=PLANE('',#8298);
#7563=PLANE('',#8299);
#7564=PLANE('',#8300);
#7565=PLANE('',#8301);
#7566=PLANE('',#8302);
#7567=PLANE('',#8303);
#7568=PLANE('',#8304);
#7569=PLANE('',#8305);
#7570=PLANE('',#8306);
#7571=PLANE('',#8307);
#7572=PLANE('',#8308);
#7573=PLANE('',#8309);
#7574=PLANE('',#8310);
#7575=PLANE('',#8311);
#7576=PLANE('',#8312);
#7577=PLANE('',#8313);
#7578=PLANE('',#8314);
#7579=PLANE('',#8315);
#7580=PLANE('',#8316);
#7581=PLANE('',#8317);
#7582=PLANE('',#8318);
#7583=PLANE('',#8319);
#7584=PLANE('',#8320);
#7585=PLANE('',#8321);
#7586=PLANE('',#8322);
#7587=PLANE('',#8323);
#7588=PLANE('',#8324);
#7589=PLANE('',#8325);
#7590=PLANE('',#8326);
#7591=PLANE('',#8327);
#7592=PLANE('',#8328);
#7593=PLANE('',#8329);
#7594=PLANE('',#8330);
#7595=PLANE('',#8331);
#7596=PLANE('',#8332);
#7597=PLANE('',#8333);
#7598=PLANE('',#8334);
#7599=PLANE('',#8335);
#7600=PLANE('',#8336);
#7601=PLANE('',#8337);
#7602=PLANE('',#8338);
#7603=PLANE('',#8339);
#7604=PLANE('',#8340);
#7605=PLANE('',#8341);
#7606=PLANE('',#8342);
#7607=PLANE('',#8343);
#7608=PLANE('',#8344);
#7609=PLANE('',#8345);
#7610=PLANE('',#8346);
#7611=PLANE('',#8347);
#7612=PLANE('',#8348);
#7613=PLANE('',#8349);
#7614=PLANE('',#8350);
#7615=PLANE('',#8351);
#7616=PLANE('',#8352);
#7617=PLANE('',#8353);
#7618=PLANE('',#8354);
#7619=PLANE('',#8355);
#7620=PLANE('',#8356);
#7621=PLANE('',#8357);
#7622=PLANE('',#8358);
#7623=PLANE('',#8359);
#7624=PLANE('',#8360);
#7625=PLANE('',#8361);
#7626=PLANE('',#8362);
#7627=PLANE('',#8363);
#7628=PLANE('',#8364);
#7629=PLANE('',#8365);
#7630=PLANE('',#8366);
#7631=PLANE('',#8367);
#7632=PLANE('',#8368);
#7633=PLANE('',#8369);
#7634=PLANE('',#8370);
#7635=PLANE('',#8371);
#7636=PLANE('',#8372);
#7637=PLANE('',#8373);
#7638=PLANE('',#8374);
#7639=PLANE('',#8375);
#7640=PLANE('',#8376);
#7641=PLANE('',#8377);
#7642=PLANE('',#8378);
#7643=PLANE('',#8379);
#7644=PLANE('',#8380);
#7645=PLANE('',#8381);
#7646=PLANE('',#8382);
#7647=PLANE('',#8383);
#7648=PLANE('',#8384);
#7649=PLANE('',#8385);
#7650=PLANE('',#8386);
#7651=PLANE('',#8387);
#7652=PLANE('',#8388);
#7653=PLANE('',#8389);
#7654=PLANE('',#8390);
#7655=PLANE('',#8391);
#7656=PLANE('',#8392);
#7657=PLANE('',#8393);
#7658=PLANE('',#8394);
#7659=PLANE('',#8395);
#7660=PLANE('',#8396);
#7661=PLANE('',#8397);
#7662=PLANE('',#8398);
#7663=PLANE('',#8399);
#7664=PLANE('',#8400);
#7665=PLANE('',#8401);
#7666=PLANE('',#8402);
#7667=PLANE('',#8403);
#7668=PLANE('',#8404);
#7669=PLANE('',#8405);
#7670=PLANE('',#8406);
#7671=PLANE('',#8407);
#7672=PLANE('',#8408);
#7673=PLANE('',#8409);
#7674=PLANE('',#8410);
#7675=PLANE('',#8411);
#7676=PLANE('',#8412);
#7677=PLANE('',#8413);
#7678=PLANE('',#8414);
#7679=PLANE('',#8415);
#7680=PLANE('',#8416);
#7681=PLANE('',#8417);
#7682=PLANE('',#8418);
#7683=PLANE('',#8419);
#7684=PLANE('',#8420);
#7685=PLANE('',#8421);
#7686=PLANE('',#8422);
#7687=PLANE('',#8423);
#7688=PLANE('',#8424);
#7689=PLANE('',#8425);
#7690=PLANE('',#8426);
#7691=PLANE('',#8427);
#7692=PLANE('',#8428);
#7693=PLANE('',#8429);
#7694=PLANE('',#8430);
#7695=PLANE('',#8431);
#7696=PLANE('',#8432);
#7697=PLANE('',#8433);
#7698=PLANE('',#8434);
#7699=PLANE('',#8435);
#7700=PLANE('',#8436);
#7701=PLANE('',#8437);
#7702=PLANE('',#8438);
#7703=PLANE('',#8439);
#7704=PLANE('',#8440);
#7705=PLANE('',#8441);
#7706=PLANE('',#8442);
#7707=PLANE('',#8443);
#7708=PLANE('',#8444);
#7709=PLANE('',#8445);
#7710=PLANE('',#8446);
#7711=PLANE('',#8447);
#7712=PLANE('',#8448);
#7713=PLANE('',#8449);
#7714=PLANE('',#8450);
#7715=PLANE('',#8451);
#7716=PLANE('',#8452);
#7717=PLANE('',#8453);
#7718=PLANE('',#8454);
#7719=PLANE('',#8455);
#7720=PLANE('',#8456);
#7721=PLANE('',#8457);
#7722=PLANE('',#8458);
#7723=PLANE('',#8459);
#7724=PLANE('',#8460);
#7725=PLANE('',#8461);
#7726=PLANE('',#8462);
#7727=PLANE('',#8463);
#7728=PLANE('',#8464);
#7729=PLANE('',#8465);
#7730=PLANE('',#8466);
#7731=PLANE('',#8467);
#7732=PLANE('',#8468);
#7733=PLANE('',#8469);
#7734=PLANE('',#8470);
#7735=PLANE('',#8471);
#7736=PLANE('',#8472);
#7737=PLANE('',#8473);
#7738=PLANE('',#8474);
#7739=PLANE('',#8475);
#7740=PLANE('',#8476);
#7741=PLANE('',#8477);
#7742=PLANE('',#8478);
#7743=PLANE('',#8479);
#7744=PLANE('',#8480);
#7745=PLANE('',#8481);
#7746=PLANE('',#8482);
#7747=PLANE('',#8483);
#7748=PLANE('',#8484);
#7749=PLANE('',#8485);
#7750=PLANE('',#8486);
#7751=PLANE('',#8487);
#7752=PLANE('',#8488);
#7753=PLANE('',#8489);
#7754=PLANE('',#8490);
#7755=PLANE('',#8491);
#7756=PLANE('',#8492);
#7757=PLANE('',#8493);
#7758=PLANE('',#8494);
#7759=PLANE('',#8495);
#7760=PLANE('',#8496);
#7761=PLANE('',#8497);
#7762=PLANE('',#8498);
#7763=PLANE('',#8499);
#7764=PLANE('',#8500);
#7765=PLANE('',#8501);
#7766=PLANE('',#8502);
#7767=PLANE('',#8503);
#7768=PLANE('',#8504);
#7769=PLANE('',#8505);
#7770=PLANE('',#8506);
#7771=PLANE('',#8507);
#7772=PLANE('',#8508);
#7773=PLANE('',#8509);
#7774=PLANE('',#8510);
#7775=PLANE('',#8511);
#7776=PLANE('',#8512);
#7777=PLANE('',#8513);
#7778=PLANE('',#8514);
#7779=PLANE('',#8515);
#7780=PLANE('',#8516);
#7781=PLANE('',#8517);
#7782=PLANE('',#8518);
#7783=PLANE('',#8519);
#7784=PLANE('',#8520);
#7785=PLANE('',#8521);
#7786=PLANE('',#8522);
#7787=PLANE('',#8523);
#7788=PLANE('',#8524);
#7789=PLANE('',#8525);
#7790=PLANE('',#8526);
#7791=PLANE('',#8527);
#7792=PLANE('',#8528);
#7793=PLANE('',#8529);
#7794=PLANE('',#8530);
#7795=PLANE('',#8531);
#7796=PLANE('',#8532);
#7797=PLANE('',#8533);
#7798=PLANE('',#8534);
#7799=PLANE('',#8535);
#7800=PLANE('',#8536);
#7801=PLANE('',#8537);
#7802=PLANE('',#8538);
#7803=PLANE('',#8539);
#7804=PLANE('',#8540);
#7805=PLANE('',#8541);
#7806=PLANE('',#8542);
#7807=PLANE('',#8543);
#7808=PLANE('',#8544);
#7809=PLANE('',#8545);
#7810=PLANE('',#8546);
#7811=PLANE('',#8547);
#7812=PLANE('',#8548);
#7813=PLANE('',#8549);
#7814=PLANE('',#8550);
#7815=PLANE('',#8551);
#7816=PLANE('',#8552);
#7817=PLANE('',#8553);
#7818=PLANE('',#8554);
#7819=PLANE('',#8555);
#7820=PLANE('',#8556);
#7821=PLANE('',#8557);
#7822=PLANE('',#8558);
#7823=PLANE('',#8559);
#7824=PLANE('',#8560);
#7825=PLANE('',#8561);
#7826=PLANE('',#8562);
#7827=PLANE('',#8566);
#7828=PLANE('',#8588);
#7829=PLANE('',#8592);
#7830=PLANE('',#8596);
#7831=PLANE('',#8600);
#7832=PLANE('',#8607);
#7833=PLANE('',#8611);
#7834=PLANE('',#8642);
#7835=PLANE('',#8655);
#7836=PLANE('',#8668);
#7837=PLANE('',#8669);
#7838=PLANE('',#8670);
#7839=PLANE('',#8671);
#7840=PLANE('',#8672);
#7841=PLANE('',#8674);
#7842=PLANE('',#8675);
#7843=PLANE('',#8677);
#7844=PLANE('',#8678);
#7845=PLANE('',#8680);
#7846=PLANE('',#8683);
#7847=PLANE('',#8684);
#7848=PLANE('',#8686);
#7849=PLANE('',#8687);
#7850=PLANE('',#8688);
#7851=PLANE('',#8691);
#7852=PLANE('',#8692);
#7853=PLANE('',#8697);
#7854=PLANE('',#8698);
#7855=ADVANCED_FACE('',(#260),#7508,.T.);
#7856=ADVANCED_FACE('',(#261),#223,.T.);
#7857=ADVANCED_FACE('',(#262),#7509,.T.);
#7858=ADVANCED_FACE('',(#263),#7510,.F.);
#7859=ADVANCED_FACE('',(#264),#7511,.F.);
#7860=ADVANCED_FACE('',(#265),#7512,.F.);
#7861=ADVANCED_FACE('',(#266),#7513,.F.);
#7862=ADVANCED_FACE('',(#267),#7514,.F.);
#7863=ADVANCED_FACE('',(#268),#7515,.F.);
#7864=ADVANCED_FACE('',(#269),#7516,.F.);
#7865=ADVANCED_FACE('',(#270),#7517,.F.);
#7866=ADVANCED_FACE('',(#271),#7518,.F.);
#7867=ADVANCED_FACE('',(#272),#7519,.F.);
#7868=ADVANCED_FACE('',(#273),#7520,.F.);
#7869=ADVANCED_FACE('',(#274),#7521,.F.);
#7870=ADVANCED_FACE('',(#275),#7522,.F.);
#7871=ADVANCED_FACE('',(#276),#7523,.F.);
#7872=ADVANCED_FACE('',(#277),#7524,.F.);
#7873=ADVANCED_FACE('',(#278),#7525,.F.);
#7874=ADVANCED_FACE('',(#279),#7526,.F.);
#7875=ADVANCED_FACE('',(#280),#7527,.F.);
#7876=ADVANCED_FACE('',(#281),#7528,.F.);
#7877=ADVANCED_FACE('',(#282),#7529,.F.);
#7878=ADVANCED_FACE('',(#283),#7530,.F.);
#7879=ADVANCED_FACE('',(#284),#7531,.F.);
#7880=ADVANCED_FACE('',(#285),#7532,.F.);
#7881=ADVANCED_FACE('',(#286),#7533,.F.);
#7882=ADVANCED_FACE('',(#287),#7534,.F.);
#7883=ADVANCED_FACE('',(#288),#7535,.F.);
#7884=ADVANCED_FACE('',(#289),#7536,.F.);
#7885=ADVANCED_FACE('',(#290),#7537,.F.);
#7886=ADVANCED_FACE('',(#291),#7538,.F.);
#7887=ADVANCED_FACE('',(#292),#7539,.F.);
#7888=ADVANCED_FACE('',(#293),#7540,.F.);
#7889=ADVANCED_FACE('',(#294),#7541,.F.);
#7890=ADVANCED_FACE('',(#295),#7542,.F.);
#7891=ADVANCED_FACE('',(#296),#7543,.F.);
#7892=ADVANCED_FACE('',(#297),#7544,.F.);
#7893=ADVANCED_FACE('',(#298),#7545,.F.);
#7894=ADVANCED_FACE('',(#299),#7546,.F.);
#7895=ADVANCED_FACE('',(#300),#7547,.F.);
#7896=ADVANCED_FACE('',(#301),#7548,.F.);
#7897=ADVANCED_FACE('',(#302),#7549,.F.);
#7898=ADVANCED_FACE('',(#303),#7550,.F.);
#7899=ADVANCED_FACE('',(#304),#7551,.F.);
#7900=ADVANCED_FACE('',(#305),#7552,.F.);
#7901=ADVANCED_FACE('',(#306),#7553,.F.);
#7902=ADVANCED_FACE('',(#307),#7554,.F.);
#7903=ADVANCED_FACE('',(#308),#7555,.F.);
#7904=ADVANCED_FACE('',(#309),#7556,.F.);
#7905=ADVANCED_FACE('',(#310),#7557,.F.);
#7906=ADVANCED_FACE('',(#311),#7558,.F.);
#7907=ADVANCED_FACE('',(#312),#7559,.F.);
#7908=ADVANCED_FACE('',(#313),#7560,.F.);
#7909=ADVANCED_FACE('',(#314),#7561,.F.);
#7910=ADVANCED_FACE('',(#315),#7562,.F.);
#7911=ADVANCED_FACE('',(#316),#7563,.F.);
#7912=ADVANCED_FACE('',(#317),#7564,.F.);
#7913=ADVANCED_FACE('',(#318),#7565,.F.);
#7914=ADVANCED_FACE('',(#319),#7566,.F.);
#7915=ADVANCED_FACE('',(#320),#7567,.F.);
#7916=ADVANCED_FACE('',(#321),#7568,.F.);
#7917=ADVANCED_FACE('',(#322),#7569,.F.);
#7918=ADVANCED_FACE('',(#323),#7570,.F.);
#7919=ADVANCED_FACE('',(#324),#7571,.F.);
#7920=ADVANCED_FACE('',(#325),#7572,.F.);
#7921=ADVANCED_FACE('',(#326),#7573,.F.);
#7922=ADVANCED_FACE('',(#327),#7574,.F.);
#7923=ADVANCED_FACE('',(#328),#7575,.F.);
#7924=ADVANCED_FACE('',(#329),#7576,.F.);
#7925=ADVANCED_FACE('',(#330),#7577,.F.);
#7926=ADVANCED_FACE('',(#331),#7578,.F.);
#7927=ADVANCED_FACE('',(#332),#7579,.F.);
#7928=ADVANCED_FACE('',(#333),#7580,.F.);
#7929=ADVANCED_FACE('',(#334),#7581,.F.);
#7930=ADVANCED_FACE('',(#335),#7582,.F.);
#7931=ADVANCED_FACE('',(#336),#7583,.F.);
#7932=ADVANCED_FACE('',(#337),#7584,.F.);
#7933=ADVANCED_FACE('',(#338),#7585,.F.);
#7934=ADVANCED_FACE('',(#339),#7586,.F.);
#7935=ADVANCED_FACE('',(#340),#7587,.F.);
#7936=ADVANCED_FACE('',(#341),#7588,.F.);
#7937=ADVANCED_FACE('',(#342),#7589,.F.);
#7938=ADVANCED_FACE('',(#343),#7590,.F.);
#7939=ADVANCED_FACE('',(#344),#7591,.F.);
#7940=ADVANCED_FACE('',(#345),#7592,.F.);
#7941=ADVANCED_FACE('',(#346),#7593,.F.);
#7942=ADVANCED_FACE('',(#347),#7594,.F.);
#7943=ADVANCED_FACE('',(#348),#7595,.F.);
#7944=ADVANCED_FACE('',(#349),#7596,.F.);
#7945=ADVANCED_FACE('',(#350),#7597,.F.);
#7946=ADVANCED_FACE('',(#351),#7598,.F.);
#7947=ADVANCED_FACE('',(#352),#7599,.F.);
#7948=ADVANCED_FACE('',(#353),#7600,.F.);
#7949=ADVANCED_FACE('',(#354),#7601,.F.);
#7950=ADVANCED_FACE('',(#355),#7602,.F.);
#7951=ADVANCED_FACE('',(#356),#7603,.F.);
#7952=ADVANCED_FACE('',(#357),#7604,.F.);
#7953=ADVANCED_FACE('',(#358),#7605,.F.);
#7954=ADVANCED_FACE('',(#359),#7606,.F.);
#7955=ADVANCED_FACE('',(#360),#7607,.F.);
#7956=ADVANCED_FACE('',(#361),#7608,.F.);
#7957=ADVANCED_FACE('',(#362),#7609,.F.);
#7958=ADVANCED_FACE('',(#363),#7610,.F.);
#7959=ADVANCED_FACE('',(#364),#7611,.F.);
#7960=ADVANCED_FACE('',(#365),#7612,.F.);
#7961=ADVANCED_FACE('',(#366),#7613,.F.);
#7962=ADVANCED_FACE('',(#367),#7614,.F.);
#7963=ADVANCED_FACE('',(#368),#7615,.F.);
#7964=ADVANCED_FACE('',(#369),#7616,.F.);
#7965=ADVANCED_FACE('',(#370),#7617,.F.);
#7966=ADVANCED_FACE('',(#371),#7618,.F.);
#7967=ADVANCED_FACE('',(#372),#7619,.F.);
#7968=ADVANCED_FACE('',(#373),#7620,.F.);
#7969=ADVANCED_FACE('',(#374),#7621,.F.);
#7970=ADVANCED_FACE('',(#375),#7622,.F.);
#7971=ADVANCED_FACE('',(#376),#7623,.F.);
#7972=ADVANCED_FACE('',(#377),#7624,.F.);
#7973=ADVANCED_FACE('',(#378),#7625,.F.);
#7974=ADVANCED_FACE('',(#379),#7626,.F.);
#7975=ADVANCED_FACE('',(#380),#7627,.F.);
#7976=ADVANCED_FACE('',(#381),#7628,.F.);
#7977=ADVANCED_FACE('',(#382),#7629,.F.);
#7978=ADVANCED_FACE('',(#383),#7630,.F.);
#7979=ADVANCED_FACE('',(#384),#7631,.F.);
#7980=ADVANCED_FACE('',(#385),#7632,.F.);
#7981=ADVANCED_FACE('',(#386),#7633,.F.);
#7982=ADVANCED_FACE('',(#387),#7634,.F.);
#7983=ADVANCED_FACE('',(#388),#7635,.F.);
#7984=ADVANCED_FACE('',(#389),#7636,.F.);
#7985=ADVANCED_FACE('',(#390),#7637,.F.);
#7986=ADVANCED_FACE('',(#391),#7638,.F.);
#7987=ADVANCED_FACE('',(#392),#7639,.F.);
#7988=ADVANCED_FACE('',(#393),#7640,.F.);
#7989=ADVANCED_FACE('',(#394),#7641,.F.);
#7990=ADVANCED_FACE('',(#395),#7642,.F.);
#7991=ADVANCED_FACE('',(#396),#7643,.F.);
#7992=ADVANCED_FACE('',(#397),#7644,.F.);
#7993=ADVANCED_FACE('',(#398),#7645,.F.);
#7994=ADVANCED_FACE('',(#399),#7646,.F.);
#7995=ADVANCED_FACE('',(#400),#7647,.F.);
#7996=ADVANCED_FACE('',(#401),#7648,.F.);
#7997=ADVANCED_FACE('',(#402),#7649,.F.);
#7998=ADVANCED_FACE('',(#403),#7650,.F.);
#7999=ADVANCED_FACE('',(#404),#7651,.F.);
#8000=ADVANCED_FACE('',(#405),#7652,.F.);
#8001=ADVANCED_FACE('',(#406),#7653,.F.);
#8002=ADVANCED_FACE('',(#407),#7654,.F.);
#8003=ADVANCED_FACE('',(#408),#7655,.F.);
#8004=ADVANCED_FACE('',(#409),#7656,.F.);
#8005=ADVANCED_FACE('',(#410),#7657,.F.);
#8006=ADVANCED_FACE('',(#411),#7658,.F.);
#8007=ADVANCED_FACE('',(#412),#7659,.F.);
#8008=ADVANCED_FACE('',(#413),#7660,.F.);
#8009=ADVANCED_FACE('',(#414),#7661,.F.);
#8010=ADVANCED_FACE('',(#415),#7662,.F.);
#8011=ADVANCED_FACE('',(#416),#7663,.F.);
#8012=ADVANCED_FACE('',(#417),#7664,.F.);
#8013=ADVANCED_FACE('',(#418),#7665,.F.);
#8014=ADVANCED_FACE('',(#419),#7666,.F.);
#8015=ADVANCED_FACE('',(#420),#7667,.F.);
#8016=ADVANCED_FACE('',(#421),#7668,.F.);
#8017=ADVANCED_FACE('',(#422),#7669,.F.);
#8018=ADVANCED_FACE('',(#423),#7670,.F.);
#8019=ADVANCED_FACE('',(#424),#7671,.F.);
#8020=ADVANCED_FACE('',(#425),#7672,.F.);
#8021=ADVANCED_FACE('',(#426),#7673,.F.);
#8022=ADVANCED_FACE('',(#427),#7674,.F.);
#8023=ADVANCED_FACE('',(#428),#7675,.F.);
#8024=ADVANCED_FACE('',(#429),#7676,.F.);
#8025=ADVANCED_FACE('',(#430),#7677,.F.);
#8026=ADVANCED_FACE('',(#431),#7678,.F.);
#8027=ADVANCED_FACE('',(#432),#7679,.F.);
#8028=ADVANCED_FACE('',(#433),#7680,.F.);
#8029=ADVANCED_FACE('',(#434),#7681,.F.);
#8030=ADVANCED_FACE('',(#435),#7682,.F.);
#8031=ADVANCED_FACE('',(#436),#7683,.F.);
#8032=ADVANCED_FACE('',(#437),#7684,.F.);
#8033=ADVANCED_FACE('',(#438),#7685,.F.);
#8034=ADVANCED_FACE('',(#439),#7686,.F.);
#8035=ADVANCED_FACE('',(#440),#7687,.F.);
#8036=ADVANCED_FACE('',(#441),#7688,.F.);
#8037=ADVANCED_FACE('',(#442),#7689,.F.);
#8038=ADVANCED_FACE('',(#443),#7690,.F.);
#8039=ADVANCED_FACE('',(#444),#7691,.F.);
#8040=ADVANCED_FACE('',(#445),#7692,.F.);
#8041=ADVANCED_FACE('',(#446),#7693,.F.);
#8042=ADVANCED_FACE('',(#447),#7694,.F.);
#8043=ADVANCED_FACE('',(#448),#7695,.F.);
#8044=ADVANCED_FACE('',(#449),#7696,.F.);
#8045=ADVANCED_FACE('',(#450),#7697,.F.);
#8046=ADVANCED_FACE('',(#451),#7698,.F.);
#8047=ADVANCED_FACE('',(#452),#7699,.F.);
#8048=ADVANCED_FACE('',(#453),#7700,.F.);
#8049=ADVANCED_FACE('',(#454),#7701,.F.);
#8050=ADVANCED_FACE('',(#455),#7702,.F.);
#8051=ADVANCED_FACE('',(#456),#7703,.F.);
#8052=ADVANCED_FACE('',(#457),#7704,.F.);
#8053=ADVANCED_FACE('',(#458),#7705,.F.);
#8054=ADVANCED_FACE('',(#459),#7706,.F.);
#8055=ADVANCED_FACE('',(#460),#7707,.F.);
#8056=ADVANCED_FACE('',(#461),#7708,.F.);
#8057=ADVANCED_FACE('',(#462),#7709,.F.);
#8058=ADVANCED_FACE('',(#463),#7710,.F.);
#8059=ADVANCED_FACE('',(#464),#7711,.F.);
#8060=ADVANCED_FACE('',(#465),#7712,.F.);
#8061=ADVANCED_FACE('',(#466),#7713,.F.);
#8062=ADVANCED_FACE('',(#467),#7714,.F.);
#8063=ADVANCED_FACE('',(#468),#7715,.F.);
#8064=ADVANCED_FACE('',(#469),#7716,.F.);
#8065=ADVANCED_FACE('',(#470),#7717,.F.);
#8066=ADVANCED_FACE('',(#471),#7718,.F.);
#8067=ADVANCED_FACE('',(#472),#7719,.F.);
#8068=ADVANCED_FACE('',(#473),#7720,.F.);
#8069=ADVANCED_FACE('',(#474),#7721,.F.);
#8070=ADVANCED_FACE('',(#475),#7722,.F.);
#8071=ADVANCED_FACE('',(#476),#7723,.F.);
#8072=ADVANCED_FACE('',(#477),#7724,.F.);
#8073=ADVANCED_FACE('',(#478),#7725,.F.);
#8074=ADVANCED_FACE('',(#479),#7726,.F.);
#8075=ADVANCED_FACE('',(#480),#7727,.F.);
#8076=ADVANCED_FACE('',(#481),#7728,.F.);
#8077=ADVANCED_FACE('',(#482),#7729,.F.);
#8078=ADVANCED_FACE('',(#483),#7730,.F.);
#8079=ADVANCED_FACE('',(#484),#7731,.F.);
#8080=ADVANCED_FACE('',(#485),#7732,.F.);
#8081=ADVANCED_FACE('',(#486),#7733,.F.);
#8082=ADVANCED_FACE('',(#487),#7734,.F.);
#8083=ADVANCED_FACE('',(#488),#7735,.F.);
#8084=ADVANCED_FACE('',(#489),#7736,.F.);
#8085=ADVANCED_FACE('',(#490),#7737,.F.);
#8086=ADVANCED_FACE('',(#491),#7738,.F.);
#8087=ADVANCED_FACE('',(#492),#7739,.F.);
#8088=ADVANCED_FACE('',(#493),#7740,.F.);
#8089=ADVANCED_FACE('',(#494),#7741,.F.);
#8090=ADVANCED_FACE('',(#495),#7742,.F.);
#8091=ADVANCED_FACE('',(#496),#7743,.F.);
#8092=ADVANCED_FACE('',(#497),#7744,.F.);
#8093=ADVANCED_FACE('',(#498),#7745,.F.);
#8094=ADVANCED_FACE('',(#499),#7746,.F.);
#8095=ADVANCED_FACE('',(#500),#7747,.F.);
#8096=ADVANCED_FACE('',(#501),#7748,.F.);
#8097=ADVANCED_FACE('',(#502),#7749,.F.);
#8098=ADVANCED_FACE('',(#503),#7750,.F.);
#8099=ADVANCED_FACE('',(#504),#7751,.F.);
#8100=ADVANCED_FACE('',(#505),#7752,.F.);
#8101=ADVANCED_FACE('',(#506),#7753,.F.);
#8102=ADVANCED_FACE('',(#507),#7754,.F.);
#8103=ADVANCED_FACE('',(#508),#7755,.F.);
#8104=ADVANCED_FACE('',(#509),#7756,.F.);
#8105=ADVANCED_FACE('',(#510),#7757,.F.);
#8106=ADVANCED_FACE('',(#511),#7758,.F.);
#8107=ADVANCED_FACE('',(#512),#7759,.F.);
#8108=ADVANCED_FACE('',(#513),#7760,.F.);
#8109=ADVANCED_FACE('',(#514),#7761,.F.);
#8110=ADVANCED_FACE('',(#515),#7762,.F.);
#8111=ADVANCED_FACE('',(#516),#7763,.F.);
#8112=ADVANCED_FACE('',(#517),#7764,.F.);
#8113=ADVANCED_FACE('',(#518),#7765,.F.);
#8114=ADVANCED_FACE('',(#519),#7766,.F.);
#8115=ADVANCED_FACE('',(#520),#7767,.F.);
#8116=ADVANCED_FACE('',(#521),#7768,.F.);
#8117=ADVANCED_FACE('',(#522),#7769,.F.);
#8118=ADVANCED_FACE('',(#523),#7770,.F.);
#8119=ADVANCED_FACE('',(#524),#7771,.F.);
#8120=ADVANCED_FACE('',(#525),#7772,.F.);
#8121=ADVANCED_FACE('',(#526),#7773,.F.);
#8122=ADVANCED_FACE('',(#527),#7774,.F.);
#8123=ADVANCED_FACE('',(#528),#7775,.F.);
#8124=ADVANCED_FACE('',(#529),#7776,.F.);
#8125=ADVANCED_FACE('',(#530),#7777,.F.);
#8126=ADVANCED_FACE('',(#531),#7778,.F.);
#8127=ADVANCED_FACE('',(#532),#7779,.F.);
#8128=ADVANCED_FACE('',(#533),#7780,.F.);
#8129=ADVANCED_FACE('',(#534),#7781,.F.);
#8130=ADVANCED_FACE('',(#535),#7782,.F.);
#8131=ADVANCED_FACE('',(#536),#7783,.F.);
#8132=ADVANCED_FACE('',(#537),#7784,.F.);
#8133=ADVANCED_FACE('',(#538),#7785,.F.);
#8134=ADVANCED_FACE('',(#539),#7786,.F.);
#8135=ADVANCED_FACE('',(#540),#7787,.F.);
#8136=ADVANCED_FACE('',(#541),#7788,.F.);
#8137=ADVANCED_FACE('',(#542),#7789,.F.);
#8138=ADVANCED_FACE('',(#543),#7790,.F.);
#8139=ADVANCED_FACE('',(#544),#7791,.F.);
#8140=ADVANCED_FACE('',(#545),#7792,.F.);
#8141=ADVANCED_FACE('',(#546),#7793,.F.);
#8142=ADVANCED_FACE('',(#547),#7794,.F.);
#8143=ADVANCED_FACE('',(#548),#7795,.F.);
#8144=ADVANCED_FACE('',(#549),#7796,.F.);
#8145=ADVANCED_FACE('',(#550),#7797,.F.);
#8146=ADVANCED_FACE('',(#551),#7798,.F.);
#8147=ADVANCED_FACE('',(#552),#7799,.F.);
#8148=ADVANCED_FACE('',(#553),#7800,.F.);
#8149=ADVANCED_FACE('',(#554),#7801,.F.);
#8150=ADVANCED_FACE('',(#555),#7802,.F.);
#8151=ADVANCED_FACE('',(#556),#7803,.F.);
#8152=ADVANCED_FACE('',(#557),#7804,.F.);
#8153=ADVANCED_FACE('',(#558),#7805,.F.);
#8154=ADVANCED_FACE('',(#559),#7806,.F.);
#8155=ADVANCED_FACE('',(#560),#7807,.F.);
#8156=ADVANCED_FACE('',(#561),#7808,.F.);
#8157=ADVANCED_FACE('',(#562),#7809,.F.);
#8158=ADVANCED_FACE('',(#563),#7810,.F.);
#8159=ADVANCED_FACE('',(#564),#7811,.F.);
#8160=ADVANCED_FACE('',(#565),#7812,.F.);
#8161=ADVANCED_FACE('',(#566),#7813,.F.);
#8162=ADVANCED_FACE('',(#567),#7814,.F.);
#8163=ADVANCED_FACE('',(#568),#7815,.F.);
#8164=ADVANCED_FACE('',(#569),#7816,.F.);
#8165=ADVANCED_FACE('',(#570),#7817,.F.);
#8166=ADVANCED_FACE('',(#571),#7818,.F.);
#8167=ADVANCED_FACE('',(#572),#7819,.F.);
#8168=ADVANCED_FACE('',(#573),#7820,.F.);
#8169=ADVANCED_FACE('',(#574),#7821,.F.);
#8170=ADVANCED_FACE('',(#575),#7822,.F.);
#8171=ADVANCED_FACE('',(#576),#7823,.F.);
#8172=ADVANCED_FACE('',(#577),#7824,.F.);
#8173=ADVANCED_FACE('',(#578),#7825,.F.);
#8174=ADVANCED_FACE('',(#579),#7826,.F.);
#8175=ADVANCED_FACE('',(#580),#224,.F.);
#8176=ADVANCED_FACE('',(#581),#7827,.F.);
#8177=ADVANCED_FACE('',(#582),#225,.F.);
#8178=ADVANCED_FACE('',(#583),#226,.F.);
#8179=ADVANCED_FACE('',(#584),#227,.F.);
#8180=ADVANCED_FACE('',(#585),#228,.F.);
#8181=ADVANCED_FACE('',(#586),#229,.F.);
#8182=ADVANCED_FACE('',(#587),#230,.F.);
#8183=ADVANCED_FACE('',(#588),#231,.F.);
#8184=ADVANCED_FACE('',(#589),#7828,.F.);
#8185=ADVANCED_FACE('',(#590),#232,.F.);
#8186=ADVANCED_FACE('',(#591),#7829,.F.);
#8187=ADVANCED_FACE('',(#592),#233,.F.);
#8188=ADVANCED_FACE('',(#593),#7830,.F.);
#8189=ADVANCED_FACE('',(#594),#234,.F.);
#8190=ADVANCED_FACE('',(#595),#7831,.F.);
#8191=ADVANCED_FACE('',(#596),#235,.F.);
#8192=ADVANCED_FACE('',(#597),#236,.F.);
#8193=ADVANCED_FACE('',(#598),#7832,.F.);
#8194=ADVANCED_FACE('',(#599),#237,.F.);
#8195=ADVANCED_FACE('',(#600),#7833,.F.);
#8196=ADVANCED_FACE('',(#601),#238,.F.);
#8197=ADVANCED_FACE('',(#602),#239,.F.);
#8198=ADVANCED_FACE('',(#603),#240,.T.);
#8199=ADVANCED_FACE('',(#604),#241,.T.);
#8200=ADVANCED_FACE('',(#605),#242,.T.);
#8201=ADVANCED_FACE('',(#606),#243,.T.);
#8202=ADVANCED_FACE('',(#607),#244,.T.);
#8203=ADVANCED_FACE('',(#608),#245,.T.);
#8204=ADVANCED_FACE('',(#609),#246,.T.);
#8205=ADVANCED_FACE('',(#610),#247,.T.);
#8206=ADVANCED_FACE('',(#611,#15,#16,#17,#18,#19,#20,#21,#22,#23,#24,#25,
#26,#27,#28,#29,#30,#31,#32,#33,#34,#35,#36,#37,#38,#39,#40,#41,#42,#43,
#44,#45,#46,#47,#48,#49,#50,#51,#52,#53,#54,#55,#56,#57,#58,#59,#60,#61,
#62,#63,#64,#65,#66,#67,#68,#69,#70,#71,#72,#73,#74,#75,#76,#77,#78,#79,
#80,#81),#7834,.T.);
#8207=ADVANCED_FACE('',(#612,#82,#83,#84,#85,#86,#87,#88,#89,#90,#91,#92,
#93,#94,#95,#96,#97,#98,#99,#100,#101,#102,#103,#104,#105,#106,#107,#108,
#109,#110,#111,#112,#113,#114,#115,#116,#117,#118,#119,#120,#121,#122,#123,
#124,#125,#126,#127,#128,#129,#130,#131,#132,#133,#134,#135,#136,#137,#138,
#139,#140,#141,#142,#143,#144,#145,#146,#147,#148),#7835,.T.);
#8208=ADVANCED_FACE('',(#613),#7836,.T.);
#8209=ADVANCED_FACE('',(#614),#7837,.T.);
#8210=ADVANCED_FACE('',(#615),#7838,.T.);
#8211=ADVANCED_FACE('',(#616),#7839,.T.);
#8212=ADVANCED_FACE('',(#617),#7840,.T.);
#8213=ADVANCED_FACE('',(#618),#248,.F.);
#8214=ADVANCED_FACE('',(#619),#7841,.T.);
#8215=ADVANCED_FACE('',(#620),#7842,.T.);
#8216=ADVANCED_FACE('',(#621),#249,.F.);
#8217=ADVANCED_FACE('',(#622),#7843,.T.);
#8218=ADVANCED_FACE('',(#623),#7844,.T.);
#8219=ADVANCED_FACE('',(#624),#250,.F.);
#8220=ADVANCED_FACE('',(#625),#7845,.T.);
#8221=ADVANCED_FACE('',(#626),#251,.F.);
#8222=ADVANCED_FACE('',(#627),#252,.F.);
#8223=ADVANCED_FACE('',(#628),#7846,.T.);
#8224=ADVANCED_FACE('',(#629),#7847,.T.);
#8225=ADVANCED_FACE('',(#630),#253,.F.);
#8226=ADVANCED_FACE('',(#631),#7848,.T.);
#8227=ADVANCED_FACE('',(#632),#7849,.T.);
#8228=ADVANCED_FACE('',(#633),#7850,.T.);
#8229=ADVANCED_FACE('',(#634),#254,.F.);
#8230=ADVANCED_FACE('',(#635),#255,.F.);
#8231=ADVANCED_FACE('',(#636),#7851,.T.);
#8232=ADVANCED_FACE('',(#637),#7852,.T.);
#8233=ADVANCED_FACE('',(#638),#256,.T.);
#8234=ADVANCED_FACE('',(#639),#257,.T.);
#8235=ADVANCED_FACE('',(#640),#258,.T.);
#8236=ADVANCED_FACE('',(#641),#259,.T.);
#8237=ADVANCED_FACE('',(#642),#7853,.T.);
#8238=ADVANCED_FACE('',(#643),#7854,.T.);
#8239=CLOSED_SHELL('',(#7855,#7856,#7857,#7858,#7859,#7860,#7861,#7862,
#7863,#7864,#7865,#7866,#7867,#7868,#7869,#7870,#7871,#7872,#7873,#7874,
#7875,#7876,#7877,#7878,#7879,#7880,#7881,#7882,#7883,#7884,#7885,#7886,
#7887,#7888,#7889,#7890,#7891,#7892,#7893,#7894,#7895,#7896,#7897,#7898,
#7899,#7900,#7901,#7902,#7903,#7904,#7905,#7906,#7907,#7908,#7909,#7910,
#7911,#7912,#7913,#7914,#7915,#7916,#7917,#7918,#7919,#7920,#7921,#7922,
#7923,#7924,#7925,#7926,#7927,#7928,#7929,#7930,#7931,#7932,#7933,#7934,
#7935,#7936,#7937,#7938,#7939,#7940,#7941,#7942,#7943,#7944,#7945,#7946,
#7947,#7948,#7949,#7950,#7951,#7952,#7953,#7954,#7955,#7956,#7957,#7958,
#7959,#7960,#7961,#7962,#7963,#7964,#7965,#7966,#7967,#7968,#7969,#7970,
#7971,#7972,#7973,#7974,#7975,#7976,#7977,#7978,#7979,#7980,#7981,#7982,
#7983,#7984,#7985,#7986,#7987,#7988,#7989,#7990,#7991,#7992,#7993,#7994,
#7995,#7996,#7997,#7998,#7999,#8000,#8001,#8002,#8003,#8004,#8005,#8006,
#8007,#8008,#8009,#8010,#8011,#8012,#8013,#8014,#8015,#8016,#8017,#8018,
#8019,#8020,#8021,#8022,#8023,#8024,#8025,#8026,#8027,#8028,#8029,#8030,
#8031,#8032,#8033,#8034,#8035,#8036,#8037,#8038,#8039,#8040,#8041,#8042,
#8043,#8044,#8045,#8046,#8047,#8048,#8049,#8050,#8051,#8052,#8053,#8054,
#8055,#8056,#8057,#8058,#8059,#8060,#8061,#8062,#8063,#8064,#8065,#8066,
#8067,#8068,#8069,#8070,#8071,#8072,#8073,#8074,#8075,#8076,#8077,#8078,
#8079,#8080,#8081,#8082,#8083,#8084,#8085,#8086,#8087,#8088,#8089,#8090,
#8091,#8092,#8093,#8094,#8095,#8096,#8097,#8098,#8099,#8100,#8101,#8102,
#8103,#8104,#8105,#8106,#8107,#8108,#8109,#8110,#8111,#8112,#8113,#8114,
#8115,#8116,#8117,#8118,#8119,#8120,#8121,#8122,#8123,#8124,#8125,#8126,
#8127,#8128,#8129,#8130,#8131,#8132,#8133,#8134,#8135,#8136,#8137,#8138,
#8139,#8140,#8141,#8142,#8143,#8144,#8145,#8146,#8147,#8148,#8149,#8150,
#8151,#8152,#8153,#8154,#8155,#8156,#8157,#8158,#8159,#8160,#8161,#8162,
#8163,#8164,#8165,#8166,#8167,#8168,#8169,#8170,#8171,#8172,#8173,#8174,
#8175,#8176,#8177,#8178,#8179,#8180,#8181,#8182,#8183,#8184,#8185,#8186,
#8187,#8188,#8189,#8190,#8191,#8192,#8193,#8194,#8195,#8196,#8197,#8198,
#8199,#8200,#8201,#8202,#8203,#8204,#8205,#8206,#8207,#8208,#8209,#8210,
#8211,#8212,#8213,#8214,#8215,#8216,#8217,#8218,#8219,#8220,#8221,#8222,
#8223,#8224,#8225,#8226,#8227,#8228,#8229,#8230,#8231,#8232,#8233,#8234,
#8235,#8236,#8237,#8238));
#8240=AXIS2_PLACEMENT_3D('',#10689,#8699,#8700);
#8241=AXIS2_PLACEMENT_3D('',#10690,#8701,#8702);
#8242=AXIS2_PLACEMENT_3D('',#10699,#8707,#8708);
#8243=AXIS2_PLACEMENT_3D('',#10701,#8709,#8710);
#8244=AXIS2_PLACEMENT_3D('',#10704,#8712,#8713);
#8245=AXIS2_PLACEMENT_3D('',#10705,#8714,#8715);
#8246=AXIS2_PLACEMENT_3D('',#10711,#8719,#8720);
#8247=AXIS2_PLACEMENT_3D('',#10720,#8725,#8726);
#8248=AXIS2_PLACEMENT_3D('',#10726,#8730,#8731);
#8249=AXIS2_PLACEMENT_3D('',#10732,#8735,#8736);
#8250=AXIS2_PLACEMENT_3D('',#10735,#8739,#8740);
#8251=AXIS2_PLACEMENT_3D('',#10744,#8745,#8746);
#8252=AXIS2_PLACEMENT_3D('',#10750,#8750,#8751);
#8253=AXIS2_PLACEMENT_3D('',#10756,#8755,#8756);
#8254=AXIS2_PLACEMENT_3D('',#10759,#8759,#8760);
#8255=AXIS2_PLACEMENT_3D('',#10768,#8765,#8766);
#8256=AXIS2_PLACEMENT_3D('',#10774,#8770,#8771);
#8257=AXIS2_PLACEMENT_3D('',#10780,#8775,#8776);
#8258=AXIS2_PLACEMENT_3D('',#10783,#8779,#8780);
#8259=AXIS2_PLACEMENT_3D('',#10792,#8785,#8786);
#8260=AXIS2_PLACEMENT_3D('',#10798,#8790,#8791);
#8261=AXIS2_PLACEMENT_3D('',#10804,#8795,#8796);
#8262=AXIS2_PLACEMENT_3D('',#10807,#8799,#8800);
#8263=AXIS2_PLACEMENT_3D('',#10816,#8805,#8806);
#8264=AXIS2_PLACEMENT_3D('',#10822,#8810,#8811);
#8265=AXIS2_PLACEMENT_3D('',#10828,#8815,#8816);
#8266=AXIS2_PLACEMENT_3D('',#10831,#8819,#8820);
#8267=AXIS2_PLACEMENT_3D('',#10840,#8825,#8826);
#8268=AXIS2_PLACEMENT_3D('',#10846,#8830,#8831);
#8269=AXIS2_PLACEMENT_3D('',#10852,#8835,#8836);
#8270=AXIS2_PLACEMENT_3D('',#10855,#8839,#8840);
#8271=AXIS2_PLACEMENT_3D('',#10864,#8845,#8846);
#8272=AXIS2_PLACEMENT_3D('',#10870,#8850,#8851);
#8273=AXIS2_PLACEMENT_3D('',#10876,#8855,#8856);
#8274=AXIS2_PLACEMENT_3D('',#10879,#8859,#8860);
#8275=AXIS2_PLACEMENT_3D('',#10888,#8865,#8866);
#8276=AXIS2_PLACEMENT_3D('',#10894,#8870,#8871);
#8277=AXIS2_PLACEMENT_3D('',#10900,#8875,#8876);
#8278=AXIS2_PLACEMENT_3D('',#10906,#8880,#8881);
#8279=AXIS2_PLACEMENT_3D('',#10912,#8885,#8886);
#8280=AXIS2_PLACEMENT_3D('',#10918,#8890,#8891);
#8281=AXIS2_PLACEMENT_3D('',#10924,#8895,#8896);
#8282=AXIS2_PLACEMENT_3D('',#10930,#8900,#8901);
#8283=AXIS2_PLACEMENT_3D('',#10936,#8905,#8906);
#8284=AXIS2_PLACEMENT_3D('',#10942,#8910,#8911);
#8285=AXIS2_PLACEMENT_3D('',#10948,#8915,#8916);
#8286=AXIS2_PLACEMENT_3D('',#10954,#8920,#8921);
#8287=AXIS2_PLACEMENT_3D('',#10960,#8925,#8926);
#8288=AXIS2_PLACEMENT_3D('',#10966,#8930,#8931);
#8289=AXIS2_PLACEMENT_3D('',#10972,#8935,#8936);
#8290=AXIS2_PLACEMENT_3D('',#10978,#8940,#8941);
#8291=AXIS2_PLACEMENT_3D('',#10984,#8945,#8946);
#8292=AXIS2_PLACEMENT_3D('',#10990,#8950,#8951);
#8293=AXIS2_PLACEMENT_3D('',#10996,#8955,#8956);
#8294=AXIS2_PLACEMENT_3D('',#11002,#8960,#8961);
#8295=AXIS2_PLACEMENT_3D('',#11008,#8965,#8966);
#8296=AXIS2_PLACEMENT_3D('',#11014,#8970,#8971);
#8297=AXIS2_PLACEMENT_3D('',#11020,#8975,#8976);
#8298=AXIS2_PLACEMENT_3D('',#11026,#8980,#8981);
#8299=AXIS2_PLACEMENT_3D('',#11032,#8985,#8986);
#8300=AXIS2_PLACEMENT_3D('',#11038,#8990,#8991);
#8301=AXIS2_PLACEMENT_3D('',#11044,#8995,#8996);
#8302=AXIS2_PLACEMENT_3D('',#11050,#9000,#9001);
#8303=AXIS2_PLACEMENT_3D('',#11056,#9005,#9006);
#8304=AXIS2_PLACEMENT_3D('',#11062,#9010,#9011);
#8305=AXIS2_PLACEMENT_3D('',#11068,#9015,#9016);
#8306=AXIS2_PLACEMENT_3D('',#11074,#9020,#9021);
#8307=AXIS2_PLACEMENT_3D('',#11080,#9025,#9026);
#8308=AXIS2_PLACEMENT_3D('',#11086,#9030,#9031);
#8309=AXIS2_PLACEMENT_3D('',#11092,#9035,#9036);
#8310=AXIS2_PLACEMENT_3D('',#11095,#9039,#9040);
#8311=AXIS2_PLACEMENT_3D('',#11104,#9045,#9046);
#8312=AXIS2_PLACEMENT_3D('',#11110,#9050,#9051);
#8313=AXIS2_PLACEMENT_3D('',#11116,#9055,#9056);
#8314=AXIS2_PLACEMENT_3D('',#11119,#9059,#9060);
#8315=AXIS2_PLACEMENT_3D('',#11128,#9065,#9066);
#8316=AXIS2_PLACEMENT_3D('',#11134,#9070,#9071);
#8317=AXIS2_PLACEMENT_3D('',#11140,#9075,#9076);
#8318=AXIS2_PLACEMENT_3D('',#11143,#9079,#9080);
#8319=AXIS2_PLACEMENT_3D('',#11152,#9085,#9086);
#8320=AXIS2_PLACEMENT_3D('',#11158,#9090,#9091);
#8321=AXIS2_PLACEMENT_3D('',#11164,#9095,#9096);
#8322=AXIS2_PLACEMENT_3D('',#11167,#9099,#9100);
#8323=AXIS2_PLACEMENT_3D('',#11176,#9105,#9106);
#8324=AXIS2_PLACEMENT_3D('',#11182,#9110,#9111);
#8325=AXIS2_PLACEMENT_3D('',#11188,#9115,#9116);
#8326=AXIS2_PLACEMENT_3D('',#11194,#9120,#9121);
#8327=AXIS2_PLACEMENT_3D('',#11200,#9125,#9126);
#8328=AXIS2_PLACEMENT_3D('',#11206,#9130,#9131);
#8329=AXIS2_PLACEMENT_3D('',#11212,#9135,#9136);
#8330=AXIS2_PLACEMENT_3D('',#11218,#9140,#9141);
#8331=AXIS2_PLACEMENT_3D('',#11224,#9145,#9146);
#8332=AXIS2_PLACEMENT_3D('',#11230,#9150,#9151);
#8333=AXIS2_PLACEMENT_3D('',#11236,#9155,#9156);
#8334=AXIS2_PLACEMENT_3D('',#11242,#9160,#9161);
#8335=AXIS2_PLACEMENT_3D('',#11248,#9165,#9166);
#8336=AXIS2_PLACEMENT_3D('',#11254,#9170,#9171);
#8337=AXIS2_PLACEMENT_3D('',#11260,#9175,#9176);
#8338=AXIS2_PLACEMENT_3D('',#11266,#9180,#9181);
#8339=AXIS2_PLACEMENT_3D('',#11272,#9185,#9186);
#8340=AXIS2_PLACEMENT_3D('',#11278,#9190,#9191);
#8341=AXIS2_PLACEMENT_3D('',#11284,#9195,#9196);
#8342=AXIS2_PLACEMENT_3D('',#11290,#9200,#9201);
#8343=AXIS2_PLACEMENT_3D('',#11296,#9205,#9206);
#8344=AXIS2_PLACEMENT_3D('',#11302,#9210,#9211);
#8345=AXIS2_PLACEMENT_3D('',#11308,#9215,#9216);
#8346=AXIS2_PLACEMENT_3D('',#11314,#9220,#9221);
#8347=AXIS2_PLACEMENT_3D('',#11320,#9225,#9226);
#8348=AXIS2_PLACEMENT_3D('',#11326,#9230,#9231);
#8349=AXIS2_PLACEMENT_3D('',#11332,#9235,#9236);
#8350=AXIS2_PLACEMENT_3D('',#11338,#9240,#9241);
#8351=AXIS2_PLACEMENT_3D('',#11344,#9245,#9246);
#8352=AXIS2_PLACEMENT_3D('',#11350,#9250,#9251);
#8353=AXIS2_PLACEMENT_3D('',#11356,#9255,#9256);
#8354=AXIS2_PLACEMENT_3D('',#11362,#9260,#9261);
#8355=AXIS2_PLACEMENT_3D('',#11368,#9265,#9266);
#8356=AXIS2_PLACEMENT_3D('',#11374,#9270,#9271);
#8357=AXIS2_PLACEMENT_3D('',#11380,#9275,#9276);
#8358=AXIS2_PLACEMENT_3D('',#11383,#9279,#9280);
#8359=AXIS2_PLACEMENT_3D('',#11392,#9285,#9286);
#8360=AXIS2_PLACEMENT_3D('',#11398,#9290,#9291);
#8361=AXIS2_PLACEMENT_3D('',#11404,#9295,#9296);
#8362=AXIS2_PLACEMENT_3D('',#11407,#9299,#9300);
#8363=AXIS2_PLACEMENT_3D('',#11416,#9305,#9306);
#8364=AXIS2_PLACEMENT_3D('',#11422,#9310,#9311);
#8365=AXIS2_PLACEMENT_3D('',#11428,#9315,#9316);
#8366=AXIS2_PLACEMENT_3D('',#11431,#9319,#9320);
#8367=AXIS2_PLACEMENT_3D('',#11440,#9325,#9326);
#8368=AXIS2_PLACEMENT_3D('',#11446,#9330,#9331);
#8369=AXIS2_PLACEMENT_3D('',#11452,#9335,#9336);
#8370=AXIS2_PLACEMENT_3D('',#11455,#9339,#9340);
#8371=AXIS2_PLACEMENT_3D('',#11464,#9345,#9346);
#8372=AXIS2_PLACEMENT_3D('',#11470,#9350,#9351);
#8373=AXIS2_PLACEMENT_3D('',#11476,#9355,#9356);
#8374=AXIS2_PLACEMENT_3D('',#11479,#9359,#9360);
#8375=AXIS2_PLACEMENT_3D('',#11488,#9365,#9366);
#8376=AXIS2_PLACEMENT_3D('',#11494,#9370,#9371);
#8377=AXIS2_PLACEMENT_3D('',#11500,#9375,#9376);
#8378=AXIS2_PLACEMENT_3D('',#11503,#9379,#9380);
#8379=AXIS2_PLACEMENT_3D('',#11512,#9385,#9386);
#8380=AXIS2_PLACEMENT_3D('',#11518,#9390,#9391);
#8381=AXIS2_PLACEMENT_3D('',#11524,#9395,#9396);
#8382=AXIS2_PLACEMENT_3D('',#11530,#9400,#9401);
#8383=AXIS2_PLACEMENT_3D('',#11536,#9405,#9406);
#8384=AXIS2_PLACEMENT_3D('',#11542,#9410,#9411);
#8385=AXIS2_PLACEMENT_3D('',#11548,#9415,#9416);
#8386=AXIS2_PLACEMENT_3D('',#11554,#9420,#9421);
#8387=AXIS2_PLACEMENT_3D('',#11560,#9425,#9426);
#8388=AXIS2_PLACEMENT_3D('',#11566,#9430,#9431);
#8389=AXIS2_PLACEMENT_3D('',#11572,#9435,#9436);
#8390=AXIS2_PLACEMENT_3D('',#11578,#9440,#9441);
#8391=AXIS2_PLACEMENT_3D('',#11584,#9445,#9446);
#8392=AXIS2_PLACEMENT_3D('',#11590,#9450,#9451);
#8393=AXIS2_PLACEMENT_3D('',#11596,#9455,#9456);
#8394=AXIS2_PLACEMENT_3D('',#11602,#9460,#9461);
#8395=AXIS2_PLACEMENT_3D('',#11608,#9465,#9466);
#8396=AXIS2_PLACEMENT_3D('',#11614,#9470,#9471);
#8397=AXIS2_PLACEMENT_3D('',#11620,#9475,#9476);
#8398=AXIS2_PLACEMENT_3D('',#11626,#9480,#9481);
#8399=AXIS2_PLACEMENT_3D('',#11632,#9485,#9486);
#8400=AXIS2_PLACEMENT_3D('',#11638,#9490,#9491);
#8401=AXIS2_PLACEMENT_3D('',#11644,#9495,#9496);
#8402=AXIS2_PLACEMENT_3D('',#11650,#9500,#9501);
#8403=AXIS2_PLACEMENT_3D('',#11656,#9505,#9506);
#8404=AXIS2_PLACEMENT_3D('',#11662,#9510,#9511);
#8405=AXIS2_PLACEMENT_3D('',#11668,#9515,#9516);
#8406=AXIS2_PLACEMENT_3D('',#11674,#9520,#9521);
#8407=AXIS2_PLACEMENT_3D('',#11680,#9525,#9526);
#8408=AXIS2_PLACEMENT_3D('',#11686,#9530,#9531);
#8409=AXIS2_PLACEMENT_3D('',#11692,#9535,#9536);
#8410=AXIS2_PLACEMENT_3D('',#11698,#9540,#9541);
#8411=AXIS2_PLACEMENT_3D('',#11704,#9545,#9546);
#8412=AXIS2_PLACEMENT_3D('',#11710,#9550,#9551);
#8413=AXIS2_PLACEMENT_3D('',#11716,#9555,#9556);
#8414=AXIS2_PLACEMENT_3D('',#11719,#9559,#9560);
#8415=AXIS2_PLACEMENT_3D('',#11728,#9565,#9566);
#8416=AXIS2_PLACEMENT_3D('',#11734,#9570,#9571);
#8417=AXIS2_PLACEMENT_3D('',#11740,#9575,#9576);
#8418=AXIS2_PLACEMENT_3D('',#11743,#9579,#9580);
#8419=AXIS2_PLACEMENT_3D('',#11752,#9585,#9586);
#8420=AXIS2_PLACEMENT_3D('',#11758,#9590,#9591);
#8421=AXIS2_PLACEMENT_3D('',#11764,#9595,#9596);
#8422=AXIS2_PLACEMENT_3D('',#11767,#9599,#9600);
#8423=AXIS2_PLACEMENT_3D('',#11776,#9605,#9606);
#8424=AXIS2_PLACEMENT_3D('',#11782,#9610,#9611);
#8425=AXIS2_PLACEMENT_3D('',#11788,#9615,#9616);
#8426=AXIS2_PLACEMENT_3D('',#11791,#9619,#9620);
#8427=AXIS2_PLACEMENT_3D('',#11800,#9625,#9626);
#8428=AXIS2_PLACEMENT_3D('',#11806,#9630,#9631);
#8429=AXIS2_PLACEMENT_3D('',#11812,#9635,#9636);
#8430=AXIS2_PLACEMENT_3D('',#11815,#9639,#9640);
#8431=AXIS2_PLACEMENT_3D('',#11824,#9645,#9646);
#8432=AXIS2_PLACEMENT_3D('',#11830,#9650,#9651);
#8433=AXIS2_PLACEMENT_3D('',#11836,#9655,#9656);
#8434=AXIS2_PLACEMENT_3D('',#11839,#9659,#9660);
#8435=AXIS2_PLACEMENT_3D('',#11848,#9665,#9666);
#8436=AXIS2_PLACEMENT_3D('',#11854,#9670,#9671);
#8437=AXIS2_PLACEMENT_3D('',#11860,#9675,#9676);
#8438=AXIS2_PLACEMENT_3D('',#11863,#9679,#9680);
#8439=AXIS2_PLACEMENT_3D('',#11872,#9685,#9686);
#8440=AXIS2_PLACEMENT_3D('',#11878,#9690,#9691);
#8441=AXIS2_PLACEMENT_3D('',#11884,#9695,#9696);
#8442=AXIS2_PLACEMENT_3D('',#11887,#9699,#9700);
#8443=AXIS2_PLACEMENT_3D('',#11896,#9705,#9706);
#8444=AXIS2_PLACEMENT_3D('',#11902,#9710,#9711);
#8445=AXIS2_PLACEMENT_3D('',#11908,#9715,#9716);
#8446=AXIS2_PLACEMENT_3D('',#11911,#9719,#9720);
#8447=AXIS2_PLACEMENT_3D('',#11920,#9725,#9726);
#8448=AXIS2_PLACEMENT_3D('',#11926,#9730,#9731);
#8449=AXIS2_PLACEMENT_3D('',#11932,#9735,#9736);
#8450=AXIS2_PLACEMENT_3D('',#11935,#9739,#9740);
#8451=AXIS2_PLACEMENT_3D('',#11944,#9745,#9746);
#8452=AXIS2_PLACEMENT_3D('',#11950,#9750,#9751);
#8453=AXIS2_PLACEMENT_3D('',#11956,#9755,#9756);
#8454=AXIS2_PLACEMENT_3D('',#11959,#9759,#9760);
#8455=AXIS2_PLACEMENT_3D('',#11968,#9765,#9766);
#8456=AXIS2_PLACEMENT_3D('',#11974,#9770,#9771);
#8457=AXIS2_PLACEMENT_3D('',#11980,#9775,#9776);
#8458=AXIS2_PLACEMENT_3D('',#11983,#9779,#9780);
#8459=AXIS2_PLACEMENT_3D('',#11992,#9785,#9786);
#8460=AXIS2_PLACEMENT_3D('',#11998,#9790,#9791);
#8461=AXIS2_PLACEMENT_3D('',#12004,#9795,#9796);
#8462=AXIS2_PLACEMENT_3D('',#12007,#9799,#9800);
#8463=AXIS2_PLACEMENT_3D('',#12016,#9805,#9806);
#8464=AXIS2_PLACEMENT_3D('',#12022,#9810,#9811);
#8465=AXIS2_PLACEMENT_3D('',#12028,#9815,#9816);
#8466=AXIS2_PLACEMENT_3D('',#12031,#9819,#9820);
#8467=AXIS2_PLACEMENT_3D('',#12040,#9825,#9826);
#8468=AXIS2_PLACEMENT_3D('',#12046,#9830,#9831);
#8469=AXIS2_PLACEMENT_3D('',#12052,#9835,#9836);
#8470=AXIS2_PLACEMENT_3D('',#12055,#9839,#9840);
#8471=AXIS2_PLACEMENT_3D('',#12064,#9845,#9846);
#8472=AXIS2_PLACEMENT_3D('',#12070,#9850,#9851);
#8473=AXIS2_PLACEMENT_3D('',#12076,#9855,#9856);
#8474=AXIS2_PLACEMENT_3D('',#12079,#9859,#9860);
#8475=AXIS2_PLACEMENT_3D('',#12088,#9865,#9866);
#8476=AXIS2_PLACEMENT_3D('',#12094,#9870,#9871);
#8477=AXIS2_PLACEMENT_3D('',#12100,#9875,#9876);
#8478=AXIS2_PLACEMENT_3D('',#12103,#9879,#9880);
#8479=AXIS2_PLACEMENT_3D('',#12112,#9885,#9886);
#8480=AXIS2_PLACEMENT_3D('',#12118,#9890,#9891);
#8481=AXIS2_PLACEMENT_3D('',#12124,#9895,#9896);
#8482=AXIS2_PLACEMENT_3D('',#12127,#9899,#9900);
#8483=AXIS2_PLACEMENT_3D('',#12136,#9905,#9906);
#8484=AXIS2_PLACEMENT_3D('',#12142,#9910,#9911);
#8485=AXIS2_PLACEMENT_3D('',#12148,#9915,#9916);
#8486=AXIS2_PLACEMENT_3D('',#12151,#9919,#9920);
#8487=AXIS2_PLACEMENT_3D('',#12160,#9925,#9926);
#8488=AXIS2_PLACEMENT_3D('',#12166,#9930,#9931);
#8489=AXIS2_PLACEMENT_3D('',#12172,#9935,#9936);
#8490=AXIS2_PLACEMENT_3D('',#12175,#9939,#9940);
#8491=AXIS2_PLACEMENT_3D('',#12184,#9945,#9946);
#8492=AXIS2_PLACEMENT_3D('',#12190,#9950,#9951);
#8493=AXIS2_PLACEMENT_3D('',#12196,#9955,#9956);
#8494=AXIS2_PLACEMENT_3D('',#12199,#9959,#9960);
#8495=AXIS2_PLACEMENT_3D('',#12208,#9965,#9966);
#8496=AXIS2_PLACEMENT_3D('',#12214,#9970,#9971);
#8497=AXIS2_PLACEMENT_3D('',#12220,#9975,#9976);
#8498=AXIS2_PLACEMENT_3D('',#12223,#9979,#9980);
#8499=AXIS2_PLACEMENT_3D('',#12232,#9985,#9986);
#8500=AXIS2_PLACEMENT_3D('',#12238,#9990,#9991);
#8501=AXIS2_PLACEMENT_3D('',#12244,#9995,#9996);
#8502=AXIS2_PLACEMENT_3D('',#12247,#9999,#10000);
#8503=AXIS2_PLACEMENT_3D('',#12256,#10005,#10006);
#8504=AXIS2_PLACEMENT_3D('',#12262,#10010,#10011);
#8505=AXIS2_PLACEMENT_3D('',#12268,#10015,#10016);
#8506=AXIS2_PLACEMENT_3D('',#12271,#10019,#10020);
#8507=AXIS2_PLACEMENT_3D('',#12280,#10025,#10026);
#8508=AXIS2_PLACEMENT_3D('',#12286,#10030,#10031);
#8509=AXIS2_PLACEMENT_3D('',#12292,#10035,#10036);
#8510=AXIS2_PLACEMENT_3D('',#12295,#10039,#10040);
#8511=AXIS2_PLACEMENT_3D('',#12304,#10045,#10046);
#8512=AXIS2_PLACEMENT_3D('',#12310,#10050,#10051);
#8513=AXIS2_PLACEMENT_3D('',#12316,#10055,#10056);
#8514=AXIS2_PLACEMENT_3D('',#12319,#10059,#10060);
#8515=AXIS2_PLACEMENT_3D('',#12328,#10065,#10066);
#8516=AXIS2_PLACEMENT_3D('',#12334,#10070,#10071);
#8517=AXIS2_PLACEMENT_3D('',#12340,#10075,#10076);
#8518=AXIS2_PLACEMENT_3D('',#12343,#10079,#10080);
#8519=AXIS2_PLACEMENT_3D('',#12352,#10085,#10086);
#8520=AXIS2_PLACEMENT_3D('',#12358,#10090,#10091);
#8521=AXIS2_PLACEMENT_3D('',#12364,#10095,#10096);
#8522=AXIS2_PLACEMENT_3D('',#12367,#10099,#10100);
#8523=AXIS2_PLACEMENT_3D('',#12376,#10105,#10106);
#8524=AXIS2_PLACEMENT_3D('',#12382,#10110,#10111);
#8525=AXIS2_PLACEMENT_3D('',#12388,#10115,#10116);
#8526=AXIS2_PLACEMENT_3D('',#12391,#10119,#10120);
#8527=AXIS2_PLACEMENT_3D('',#12400,#10125,#10126);
#8528=AXIS2_PLACEMENT_3D('',#12406,#10130,#10131);
#8529=AXIS2_PLACEMENT_3D('',#12412,#10135,#10136);
#8530=AXIS2_PLACEMENT_3D('',#12415,#10139,#10140);
#8531=AXIS2_PLACEMENT_3D('',#12424,#10145,#10146);
#8532=AXIS2_PLACEMENT_3D('',#12430,#10150,#10151);
#8533=AXIS2_PLACEMENT_3D('',#12436,#10155,#10156);
#8534=AXIS2_PLACEMENT_3D('',#12439,#10159,#10160);
#8535=AXIS2_PLACEMENT_3D('',#12448,#10165,#10166);
#8536=AXIS2_PLACEMENT_3D('',#12454,#10170,#10171);
#8537=AXIS2_PLACEMENT_3D('',#12460,#10175,#10176);
#8538=AXIS2_PLACEMENT_3D('',#12463,#10179,#10180);
#8539=AXIS2_PLACEMENT_3D('',#12472,#10185,#10186);
#8540=AXIS2_PLACEMENT_3D('',#12478,#10190,#10191);
#8541=AXIS2_PLACEMENT_3D('',#12484,#10195,#10196);
#8542=AXIS2_PLACEMENT_3D('',#12487,#10199,#10200);
#8543=AXIS2_PLACEMENT_3D('',#12496,#10205,#10206);
#8544=AXIS2_PLACEMENT_3D('',#12502,#10210,#10211);
#8545=AXIS2_PLACEMENT_3D('',#12508,#10215,#10216);
#8546=AXIS2_PLACEMENT_3D('',#12511,#10219,#10220);
#8547=AXIS2_PLACEMENT_3D('',#12520,#10225,#10226);
#8548=AXIS2_PLACEMENT_3D('',#12526,#10230,#10231);
#8549=AXIS2_PLACEMENT_3D('',#12532,#10235,#10236);
#8550=AXIS2_PLACEMENT_3D('',#12535,#10239,#10240);
#8551=AXIS2_PLACEMENT_3D('',#12544,#10245,#10246);
#8552=AXIS2_PLACEMENT_3D('',#12550,#10250,#10251);
#8553=AXIS2_PLACEMENT_3D('',#12556,#10255,#10256);
#8554=AXIS2_PLACEMENT_3D('',#12559,#10259,#10260);
#8555=AXIS2_PLACEMENT_3D('',#12568,#10265,#10266);
#8556=AXIS2_PLACEMENT_3D('',#12574,#10270,#10271);
#8557=AXIS2_PLACEMENT_3D('',#12580,#10275,#10276);
#8558=AXIS2_PLACEMENT_3D('',#12583,#10279,#10280);
#8559=AXIS2_PLACEMENT_3D('',#12592,#10285,#10286);
#8560=AXIS2_PLACEMENT_3D('',#12598,#10290,#10291);
#8561=AXIS2_PLACEMENT_3D('',#12604,#10295,#10296);
#8562=AXIS2_PLACEMENT_3D('',#12607,#10299,#10300);
#8563=AXIS2_PLACEMENT_3D('',#12616,#10305,#10306);
#8564=AXIS2_PLACEMENT_3D('',#12618,#10307,#10308);
#8565=AXIS2_PLACEMENT_3D('',#12620,#10309,#10310);
#8566=AXIS2_PLACEMENT_3D('',#12622,#10312,#10313);
#8567=AXIS2_PLACEMENT_3D('',#12628,#10317,#10318);
#8568=AXIS2_PLACEMENT_3D('',#12629,#10319,#10320);
#8569=AXIS2_PLACEMENT_3D('',#12630,#10321,#10322);
#8570=AXIS2_PLACEMENT_3D('',#12631,#10323,#10324);
#8571=AXIS2_PLACEMENT_3D('',#12636,#10326,#10327);
#8572=AXIS2_PLACEMENT_3D('',#12639,#10329,#10330);
#8573=AXIS2_PLACEMENT_3D('',#12640,#10331,#10332);
#8574=AXIS2_PLACEMENT_3D('',#12645,#10334,#10335);
#8575=AXIS2_PLACEMENT_3D('',#12648,#10337,#10338);
#8576=AXIS2_PLACEMENT_3D('',#12649,#10339,#10340);
#8577=AXIS2_PLACEMENT_3D('',#12654,#10342,#10343);
#8578=AXIS2_PLACEMENT_3D('',#12657,#10345,#10346);
#8579=AXIS2_PLACEMENT_3D('',#12658,#10347,#10348);
#8580=AXIS2_PLACEMENT_3D('',#12663,#10350,#10351);
#8581=AXIS2_PLACEMENT_3D('',#12666,#10353,#10354);
#8582=AXIS2_PLACEMENT_3D('',#12667,#10355,#10356);
#8583=AXIS2_PLACEMENT_3D('',#12672,#10358,#10359);
#8584=AXIS2_PLACEMENT_3D('',#12675,#10361,#10362);
#8585=AXIS2_PLACEMENT_3D('',#12676,#10363,#10364);
#8586=AXIS2_PLACEMENT_3D('',#12680,#10366,#10367);
#8587=AXIS2_PLACEMENT_3D('',#12681,#10368,#10369);
#8588=AXIS2_PLACEMENT_3D('',#12682,#10370,#10371);
#8589=AXIS2_PLACEMENT_3D('',#12691,#10376,#10377);
#8590=AXIS2_PLACEMENT_3D('',#12693,#10378,#10379);
#8591=AXIS2_PLACEMENT_3D('',#12695,#10380,#10381);
#8592=AXIS2_PLACEMENT_3D('',#12697,#10383,#10384);
#8593=AXIS2_PLACEMENT_3D('',#12703,#10388,#10389);
#8594=AXIS2_PLACEMENT_3D('',#12704,#10390,#10391);
#8595=AXIS2_PLACEMENT_3D('',#12705,#10392,#10393);
#8596=AXIS2_PLACEMENT_3D('',#12706,#10394,#10395);
#8597=AXIS2_PLACEMENT_3D('',#12715,#10400,#10401);
#8598=AXIS2_PLACEMENT_3D('',#12717,#10402,#10403);
#8599=AXIS2_PLACEMENT_3D('',#12719,#10404,#10405);
#8600=AXIS2_PLACEMENT_3D('',#12721,#10407,#10408);
#8601=AXIS2_PLACEMENT_3D('',#12727,#10412,#10413);
#8602=AXIS2_PLACEMENT_3D('',#12728,#10414,#10415);
#8603=AXIS2_PLACEMENT_3D('',#12729,#10416,#10417);
#8604=AXIS2_PLACEMENT_3D('',#12730,#10418,#10419);
#8605=AXIS2_PLACEMENT_3D('',#12735,#10421,#10422);
#8606=AXIS2_PLACEMENT_3D('',#12738,#10424,#10425);
#8607=AXIS2_PLACEMENT_3D('',#12739,#10426,#10427);
#8608=AXIS2_PLACEMENT_3D('',#12748,#10432,#10433);
#8609=AXIS2_PLACEMENT_3D('',#12750,#10434,#10435);
#8610=AXIS2_PLACEMENT_3D('',#12752,#10436,#10437);
#8611=AXIS2_PLACEMENT_3D('',#12754,#10439,#10440);
#8612=AXIS2_PLACEMENT_3D('',#12760,#10444,#10445);
#8613=AXIS2_PLACEMENT_3D('',#12761,#10446,#10447);
#8614=AXIS2_PLACEMENT_3D('',#12762,#10448,#10449);
#8615=AXIS2_PLACEMENT_3D('',#12763,#10450,#10451);
#8616=AXIS2_PLACEMENT_3D('',#12768,#10453,#10454);
#8617=AXIS2_PLACEMENT_3D('',#12771,#10456,#10457);
#8618=AXIS2_PLACEMENT_3D('',#12772,#10458,#10459);
#8619=AXIS2_PLACEMENT_3D('',#12774,#10460,#10461);
#8620=AXIS2_PLACEMENT_3D('',#12777,#10463,#10464);
#8621=AXIS2_PLACEMENT_3D('',#12778,#10465,#10466);
#8622=AXIS2_PLACEMENT_3D('',#12780,#10467,#10468);
#8623=AXIS2_PLACEMENT_3D('',#12783,#10470,#10471);
#8624=AXIS2_PLACEMENT_3D('',#12784,#10472,#10473);
#8625=AXIS2_PLACEMENT_3D('',#12786,#10474,#10475);
#8626=AXIS2_PLACEMENT_3D('',#12789,#10477,#10478);
#8627=AXIS2_PLACEMENT_3D('',#12790,#10479,#10480);
#8628=AXIS2_PLACEMENT_3D('',#12792,#10481,#10482);
#8629=AXIS2_PLACEMENT_3D('',#12795,#10484,#10485);
#8630=AXIS2_PLACEMENT_3D('',#12796,#10486,#10487);
#8631=AXIS2_PLACEMENT_3D('',#12798,#10488,#10489);
#8632=AXIS2_PLACEMENT_3D('',#12801,#10491,#10492);
#8633=AXIS2_PLACEMENT_3D('',#12802,#10493,#10494);
#8634=AXIS2_PLACEMENT_3D('',#12804,#10495,#10496);
#8635=AXIS2_PLACEMENT_3D('',#12807,#10498,#10499);
#8636=AXIS2_PLACEMENT_3D('',#12808,#10500,#10501);
#8637=AXIS2_PLACEMENT_3D('',#12810,#10502,#10503);
#8638=AXIS2_PLACEMENT_3D('',#12813,#10505,#10506);
#8639=AXIS2_PLACEMENT_3D('',#12814,#10507,#10508);
#8640=AXIS2_PLACEMENT_3D('',#12816,#10509,#10510);
#8641=AXIS2_PLACEMENT_3D('',#12819,#10512,#10513);
#8642=AXIS2_PLACEMENT_3D('',#12820,#10514,#10515);
#8643=AXIS2_PLACEMENT_3D('',#12826,#10518,#10519);
#8644=AXIS2_PLACEMENT_3D('',#12830,#10521,#10522);
#8645=AXIS2_PLACEMENT_3D('',#12844,#10531,#10532);
#8646=AXIS2_PLACEMENT_3D('',#12848,#10534,#10535);
#8647=AXIS2_PLACEMENT_3D('',#12860,#10543,#10544);
#8648=AXIS2_PLACEMENT_3D('',#12862,#10545,#10546);
#8649=AXIS2_PLACEMENT_3D('',#12864,#10547,#10548);
#8650=AXIS2_PLACEMENT_3D('',#12866,#10549,#10550);
#8651=AXIS2_PLACEMENT_3D('',#12868,#10551,#10552);
#8652=AXIS2_PLACEMENT_3D('',#12870,#10553,#10554);
#8653=AXIS2_PLACEMENT_3D('',#12872,#10555,#10556);
#8654=AXIS2_PLACEMENT_3D('',#12874,#10557,#10558);
#8655=AXIS2_PLACEMENT_3D('',#12875,#10559,#10560);
#8656=AXIS2_PLACEMENT_3D('',#12888,#10568,#10569);
#8657=AXIS2_PLACEMENT_3D('',#12892,#10571,#10572);
#8658=AXIS2_PLACEMENT_3D('',#12906,#10581,#10582);
#8659=AXIS2_PLACEMENT_3D('',#12910,#10584,#10585);
#8660=AXIS2_PLACEMENT_3D('',#12915,#10588,#10589);
#8661=AXIS2_PLACEMENT_3D('',#12917,#10590,#10591);
#8662=AXIS2_PLACEMENT_3D('',#12919,#10592,#10593);
#8663=AXIS2_PLACEMENT_3D('',#12921,#10594,#10595);
#8664=AXIS2_PLACEMENT_3D('',#12923,#10596,#10597);
#8665=AXIS2_PLACEMENT_3D('',#12925,#10598,#10599);
#8666=AXIS2_PLACEMENT_3D('',#12927,#10600,#10601);
#8667=AXIS2_PLACEMENT_3D('',#12929,#10602,#10603);
#8668=AXIS2_PLACEMENT_3D('',#12930,#10604,#10605);
#8669=AXIS2_PLACEMENT_3D('',#12931,#10606,#10607);
#8670=AXIS2_PLACEMENT_3D('',#12932,#10608,#10609);
#8671=AXIS2_PLACEMENT_3D('',#12933,#10610,#10611);
#8672=AXIS2_PLACEMENT_3D('',#12934,#10612,#10613);
#8673=AXIS2_PLACEMENT_3D('',#12936,#10615,#10616);
#8674=AXIS2_PLACEMENT_3D('',#12938,#10618,#10619);
#8675=AXIS2_PLACEMENT_3D('',#12939,#10620,#10621);
#8676=AXIS2_PLACEMENT_3D('',#12941,#10623,#10624);
#8677=AXIS2_PLACEMENT_3D('',#12943,#10626,#10627);
#8678=AXIS2_PLACEMENT_3D('',#12945,#10629,#10630);
#8679=AXIS2_PLACEMENT_3D('',#12947,#10632,#10633);
#8680=AXIS2_PLACEMENT_3D('',#12949,#10635,#10636);
#8681=AXIS2_PLACEMENT_3D('',#12951,#10638,#10639);
#8682=AXIS2_PLACEMENT_3D('',#12953,#10641,#10642);
#8683=AXIS2_PLACEMENT_3D('',#12955,#10644,#10645);
#8684=AXIS2_PLACEMENT_3D('',#12957,#10647,#10648);
#8685=AXIS2_PLACEMENT_3D('',#12959,#10650,#10651);
#8686=AXIS2_PLACEMENT_3D('',#12961,#10653,#10654);
#8687=AXIS2_PLACEMENT_3D('',#12963,#10656,#10657);
#8688=AXIS2_PLACEMENT_3D('',#12965,#10659,#10660);
#8689=AXIS2_PLACEMENT_3D('',#12966,#10661,#10662);
#8690=AXIS2_PLACEMENT_3D('',#12968,#10664,#10665);
#8691=AXIS2_PLACEMENT_3D('',#12970,#10667,#10668);
#8692=AXIS2_PLACEMENT_3D('',#12972,#10670,#10671);
#8693=AXIS2_PLACEMENT_3D('',#12974,#10673,#10674);
#8694=AXIS2_PLACEMENT_3D('',#12976,#10676,#10677);
#8695=AXIS2_PLACEMENT_3D('',#12978,#10679,#10680);
#8696=AXIS2_PLACEMENT_3D('',#12980,#10682,#10683);
#8697=AXIS2_PLACEMENT_3D('',#12982,#10685,#10686);
#8698=AXIS2_PLACEMENT_3D('',#12983,#10687,#10688);
#8699=DIRECTION('axis',(0.,0.,1.));
#8700=DIRECTION('refdir',(1.,0.,0.));
#8701=DIRECTION('center_axis',(0.,-1.,0.));
#8702=DIRECTION('ref_axis',(-1.,0.,0.));
#8703=DIRECTION('',(1.,0.,0.));
#8704=DIRECTION('',(0.,0.,-1.));
#8705=DIRECTION('',(-1.,0.,0.));
#8706=DIRECTION('',(0.,0.,1.));
#8707=DIRECTION('center_axis',(0.,0.,-1.));
#8708=DIRECTION('ref_axis',(1.,0.,0.));
#8709=DIRECTION('center_axis',(0.,0.,1.));
#8710=DIRECTION('ref_axis',(1.,0.,0.));
#8711=DIRECTION('',(0.,0.,-1.));
#8712=DIRECTION('center_axis',(0.,0.,1.));
#8713=DIRECTION('ref_axis',(1.,0.,0.));
#8714=DIRECTION('center_axis',(1.,0.,0.));
#8715=DIRECTION('ref_axis',(0.,-1.,0.));
#8716=DIRECTION('',(0.,1.,0.));
#8717=DIRECTION('',(0.,0.,-1.));
#8718=DIRECTION('',(0.,1.,0.));
#8719=DIRECTION('center_axis',(-1.,0.,0.));
#8720=DIRECTION('ref_axis',(0.,1.,0.));
#8721=DIRECTION('',(0.,-1.,0.));
#8722=DIRECTION('',(0.,0.,-1.));
#8723=DIRECTION('',(0.,1.,0.));
#8724=DIRECTION('',(0.,0.,-1.));
#8725=DIRECTION('center_axis',(0.,-1.,0.));
#8726=DIRECTION('ref_axis',(-1.,0.,0.));
#8727=DIRECTION('',(1.,0.,0.));
#8728=DIRECTION('',(-1.,0.,0.));
#8729=DIRECTION('',(0.,0.,-1.));
#8730=DIRECTION('center_axis',(1.,0.,0.));
#8731=DIRECTION('ref_axis',(0.,-1.,0.));
#8732=DIRECTION('',(0.,1.,0.));
#8733=DIRECTION('',(0.,-1.,0.));
#8734=DIRECTION('',(0.,0.,-1.));
#8735=DIRECTION('center_axis',(0.,1.,0.));
#8736=DIRECTION('ref_axis',(1.,0.,0.));
#8737=DIRECTION('',(-1.,0.,0.));
#8738=DIRECTION('',(1.,0.,0.));
#8739=DIRECTION('center_axis',(-1.,0.,0.));
#8740=DIRECTION('ref_axis',(0.,1.,0.));
#8741=DIRECTION('',(0.,-1.,0.));
#8742=DIRECTION('',(0.,0.,-1.));
#8743=DIRECTION('',(0.,1.,0.));
#8744=DIRECTION('',(0.,0.,-1.));
#8745=DIRECTION('center_axis',(0.,-1.,0.));
#8746=DIRECTION('ref_axis',(-1.,0.,0.));
#8747=DIRECTION('',(1.,0.,0.));
#8748=DIRECTION('',(-1.,0.,0.));
#8749=DIRECTION('',(0.,0.,-1.));
#8750=DIRECTION('center_axis',(1.,0.,0.));
#8751=DIRECTION('ref_axis',(0.,-1.,0.));
#8752=DIRECTION('',(0.,1.,0.));
#8753=DIRECTION('',(0.,-1.,0.));
#8754=DIRECTION('',(0.,0.,-1.));
#8755=DIRECTION('center_axis',(0.,1.,0.));
#8756=DIRECTION('ref_axis',(1.,0.,0.));
#8757=DIRECTION('',(-1.,0.,0.));
#8758=DIRECTION('',(1.,0.,0.));
#8759=DIRECTION('center_axis',(-1.,0.,0.));
#8760=DIRECTION('ref_axis',(0.,1.,0.));
#8761=DIRECTION('',(0.,-1.,0.));
#8762=DIRECTION('',(0.,0.,-1.));
#8763=DIRECTION('',(0.,1.,0.));
#8764=DIRECTION('',(0.,0.,-1.));
#8765=DIRECTION('center_axis',(0.,-1.,0.));
#8766=DIRECTION('ref_axis',(-1.,0.,0.));
#8767=DIRECTION('',(1.,0.,0.));
#8768=DIRECTION('',(-1.,0.,0.));
#8769=DIRECTION('',(0.,0.,-1.));
#8770=DIRECTION('center_axis',(1.,0.,0.));
#8771=DIRECTION('ref_axis',(0.,-1.,0.));
#8772=DIRECTION('',(0.,1.,0.));
#8773=DIRECTION('',(0.,-1.,0.));
#8774=DIRECTION('',(0.,0.,-1.));
#8775=DIRECTION('center_axis',(0.,1.,0.));
#8776=DIRECTION('ref_axis',(1.,0.,0.));
#8777=DIRECTION('',(-1.,0.,0.));
#8778=DIRECTION('',(1.,0.,0.));
#8779=DIRECTION('center_axis',(-1.,0.,0.));
#8780=DIRECTION('ref_axis',(0.,1.,0.));
#8781=DIRECTION('',(0.,-1.,0.));
#8782=DIRECTION('',(0.,0.,-1.));
#8783=DIRECTION('',(0.,1.,0.));
#8784=DIRECTION('',(0.,0.,-1.));
#8785=DIRECTION('center_axis',(0.,-1.,0.));
#8786=DIRECTION('ref_axis',(-1.,0.,0.));
#8787=DIRECTION('',(1.,0.,0.));
#8788=DIRECTION('',(-1.,0.,0.));
#8789=DIRECTION('',(0.,0.,-1.));
#8790=DIRECTION('center_axis',(1.,0.,0.));
#8791=DIRECTION('ref_axis',(0.,-1.,0.));
#8792=DIRECTION('',(0.,1.,0.));
#8793=DIRECTION('',(0.,-1.,0.));
#8794=DIRECTION('',(0.,0.,-1.));
#8795=DIRECTION('center_axis',(0.,1.,0.));
#8796=DIRECTION('ref_axis',(1.,0.,0.));
#8797=DIRECTION('',(-1.,0.,0.));
#8798=DIRECTION('',(1.,0.,0.));
#8799=DIRECTION('center_axis',(-1.,0.,0.));
#8800=DIRECTION('ref_axis',(0.,1.,0.));
#8801=DIRECTION('',(0.,-1.,0.));
#8802=DIRECTION('',(0.,0.,-1.));
#8803=DIRECTION('',(0.,1.,0.));
#8804=DIRECTION('',(0.,0.,-1.));
#8805=DIRECTION('center_axis',(0.,-1.,0.));
#8806=DIRECTION('ref_axis',(-1.,0.,0.));
#8807=DIRECTION('',(1.,0.,0.));
#8808=DIRECTION('',(-1.,0.,0.));
#8809=DIRECTION('',(0.,0.,-1.));
#8810=DIRECTION('center_axis',(1.,0.,0.));
#8811=DIRECTION('ref_axis',(0.,-1.,0.));
#8812=DIRECTION('',(0.,1.,0.));
#8813=DIRECTION('',(0.,-1.,0.));
#8814=DIRECTION('',(0.,0.,-1.));
#8815=DIRECTION('center_axis',(0.,1.,0.));
#8816=DIRECTION('ref_axis',(1.,0.,0.));
#8817=DIRECTION('',(-1.,0.,0.));
#8818=DIRECTION('',(1.,0.,0.));
#8819=DIRECTION('center_axis',(-1.,0.,0.));
#8820=DIRECTION('ref_axis',(0.,1.,0.));
#8821=DIRECTION('',(0.,-1.,0.));
#8822=DIRECTION('',(0.,0.,-1.));
#8823=DIRECTION('',(0.,1.,0.));
#8824=DIRECTION('',(0.,0.,-1.));
#8825=DIRECTION('center_axis',(0.,-1.,0.));
#8826=DIRECTION('ref_axis',(-1.,0.,0.));
#8827=DIRECTION('',(1.,0.,0.));
#8828=DIRECTION('',(-1.,0.,0.));
#8829=DIRECTION('',(0.,0.,-1.));
#8830=DIRECTION('center_axis',(1.,0.,0.));
#8831=DIRECTION('ref_axis',(0.,-1.,0.));
#8832=DIRECTION('',(0.,1.,0.));
#8833=DIRECTION('',(0.,-1.,0.));
#8834=DIRECTION('',(0.,0.,-1.));
#8835=DIRECTION('center_axis',(0.,1.,0.));
#8836=DIRECTION('ref_axis',(1.,0.,0.));
#8837=DIRECTION('',(-1.,0.,0.));
#8838=DIRECTION('',(1.,0.,0.));
#8839=DIRECTION('center_axis',(-1.,0.,0.));
#8840=DIRECTION('ref_axis',(0.,1.,0.));
#8841=DIRECTION('',(0.,-1.,0.));
#8842=DIRECTION('',(0.,0.,-1.));
#8843=DIRECTION('',(0.,1.,0.));
#8844=DIRECTION('',(0.,0.,-1.));
#8845=DIRECTION('center_axis',(0.,-1.,0.));
#8846=DIRECTION('ref_axis',(-1.,0.,0.));
#8847=DIRECTION('',(1.,0.,0.));
#8848=DIRECTION('',(-1.,0.,0.));
#8849=DIRECTION('',(0.,0.,-1.));
#8850=DIRECTION('center_axis',(1.,0.,0.));
#8851=DIRECTION('ref_axis',(0.,-1.,0.));
#8852=DIRECTION('',(0.,1.,0.));
#8853=DIRECTION('',(0.,-1.,0.));
#8854=DIRECTION('',(0.,0.,-1.));
#8855=DIRECTION('center_axis',(0.,1.,0.));
#8856=DIRECTION('ref_axis',(1.,0.,0.));
#8857=DIRECTION('',(-1.,0.,0.));
#8858=DIRECTION('',(1.,0.,0.));
#8859=DIRECTION('center_axis',(1.,0.,0.));
#8860=DIRECTION('ref_axis',(0.,-1.,0.));
#8861=DIRECTION('',(0.,1.,0.));
#8862=DIRECTION('',(0.,0.,-1.));
#8863=DIRECTION('',(0.,-1.,0.));
#8864=DIRECTION('',(0.,0.,-1.));
#8865=DIRECTION('center_axis',(0.,1.,0.));
#8866=DIRECTION('ref_axis',(1.,0.,0.));
#8867=DIRECTION('',(-1.,0.,0.));
#8868=DIRECTION('',(1.,0.,0.));
#8869=DIRECTION('',(0.,0.,-1.));
#8870=DIRECTION('center_axis',(-1.,0.,0.));
#8871=DIRECTION('ref_axis',(0.,1.,0.));
#8872=DIRECTION('',(0.,-1.,0.));
#8873=DIRECTION('',(0.,1.,0.));
#8874=DIRECTION('',(0.,0.,-1.));
#8875=DIRECTION('center_axis',(0.,1.,0.));
#8876=DIRECTION('ref_axis',(1.,0.,0.));
#8877=DIRECTION('',(-1.,0.,0.));
#8878=DIRECTION('',(1.,0.,0.));
#8879=DIRECTION('',(0.,0.,-1.));
#8880=DIRECTION('center_axis',(1.,0.,0.));
#8881=DIRECTION('ref_axis',(0.,-1.,0.));
#8882=DIRECTION('',(0.,1.,0.));
#8883=DIRECTION('',(0.,-1.,0.));
#8884=DIRECTION('',(0.,0.,-1.));
#8885=DIRECTION('center_axis',(0.,1.,0.));
#8886=DIRECTION('ref_axis',(1.,0.,0.));
#8887=DIRECTION('',(-1.,0.,0.));
#8888=DIRECTION('',(1.,0.,0.));
#8889=DIRECTION('',(0.,0.,-1.));
#8890=DIRECTION('center_axis',(-1.,0.,0.));
#8891=DIRECTION('ref_axis',(0.,1.,0.));
#8892=DIRECTION('',(0.,-1.,0.));
#8893=DIRECTION('',(0.,1.,0.));
#8894=DIRECTION('',(0.,0.,-1.));
#8895=DIRECTION('center_axis',(0.,1.,0.));
#8896=DIRECTION('ref_axis',(1.,0.,0.));
#8897=DIRECTION('',(-1.,0.,0.));
#8898=DIRECTION('',(1.,0.,0.));
#8899=DIRECTION('',(0.,0.,-1.));
#8900=DIRECTION('center_axis',(-1.,0.,0.));
#8901=DIRECTION('ref_axis',(0.,1.,0.));
#8902=DIRECTION('',(0.,-1.,0.));
#8903=DIRECTION('',(0.,1.,0.));
#8904=DIRECTION('',(0.,0.,-1.));
#8905=DIRECTION('center_axis',(0.,-1.,0.));
#8906=DIRECTION('ref_axis',(-1.,0.,0.));
#8907=DIRECTION('',(1.,0.,0.));
#8908=DIRECTION('',(-1.,0.,0.));
#8909=DIRECTION('',(0.,0.,-1.));
#8910=DIRECTION('center_axis',(-1.,0.,0.));
#8911=DIRECTION('ref_axis',(0.,1.,0.));
#8912=DIRECTION('',(0.,-1.,0.));
#8913=DIRECTION('',(0.,1.,0.));
#8914=DIRECTION('',(0.,0.,-1.));
#8915=DIRECTION('center_axis',(0.,-1.,0.));
#8916=DIRECTION('ref_axis',(-1.,0.,0.));
#8917=DIRECTION('',(1.,0.,0.));
#8918=DIRECTION('',(-1.,0.,0.));
#8919=DIRECTION('',(0.,0.,-1.));
#8920=DIRECTION('center_axis',(-1.,0.,0.));
#8921=DIRECTION('ref_axis',(0.,1.,0.));
#8922=DIRECTION('',(0.,-1.,0.));
#8923=DIRECTION('',(0.,1.,0.));
#8924=DIRECTION('',(0.,0.,-1.));
#8925=DIRECTION('center_axis',(0.,-1.,0.));
#8926=DIRECTION('ref_axis',(-1.,0.,0.));
#8927=DIRECTION('',(1.,0.,0.));
#8928=DIRECTION('',(-1.,0.,0.));
#8929=DIRECTION('',(0.,0.,-1.));
#8930=DIRECTION('center_axis',(1.,0.,0.));
#8931=DIRECTION('ref_axis',(0.,-1.,0.));
#8932=DIRECTION('',(0.,1.,0.));
#8933=DIRECTION('',(0.,-1.,0.));
#8934=DIRECTION('',(0.,0.,-1.));
#8935=DIRECTION('center_axis',(0.,-1.,0.));
#8936=DIRECTION('ref_axis',(-1.,0.,0.));
#8937=DIRECTION('',(1.,0.,0.));
#8938=DIRECTION('',(-1.,0.,0.));
#8939=DIRECTION('',(0.,0.,-1.));
#8940=DIRECTION('center_axis',(1.,0.,0.));
#8941=DIRECTION('ref_axis',(0.,-1.,0.));
#8942=DIRECTION('',(0.,1.,0.));
#8943=DIRECTION('',(0.,-1.,0.));
#8944=DIRECTION('',(0.,0.,-1.));
#8945=DIRECTION('center_axis',(0.,-1.,0.));
#8946=DIRECTION('ref_axis',(-1.,0.,0.));
#8947=DIRECTION('',(1.,0.,0.));
#8948=DIRECTION('',(-1.,0.,0.));
#8949=DIRECTION('',(0.,0.,-1.));
#8950=DIRECTION('center_axis',(-1.,0.,0.));
#8951=DIRECTION('ref_axis',(0.,1.,0.));
#8952=DIRECTION('',(0.,-1.,0.));
#8953=DIRECTION('',(0.,1.,0.));
#8954=DIRECTION('',(0.,0.,-1.));
#8955=DIRECTION('center_axis',(0.,-1.,0.));
#8956=DIRECTION('ref_axis',(-1.,0.,0.));
#8957=DIRECTION('',(1.,0.,0.));
#8958=DIRECTION('',(-1.,0.,0.));
#8959=DIRECTION('',(0.,0.,-1.));
#8960=DIRECTION('center_axis',(1.,0.,0.));
#8961=DIRECTION('ref_axis',(0.,-1.,0.));
#8962=DIRECTION('',(0.,1.,0.));
#8963=DIRECTION('',(0.,-1.,0.));
#8964=DIRECTION('',(0.,0.,-1.));
#8965=DIRECTION('center_axis',(0.,-1.,0.));
#8966=DIRECTION('ref_axis',(-1.,0.,0.));
#8967=DIRECTION('',(1.,0.,0.));
#8968=DIRECTION('',(-1.,0.,0.));
#8969=DIRECTION('',(0.,0.,-1.));
#8970=DIRECTION('center_axis',(-1.,0.,0.));
#8971=DIRECTION('ref_axis',(0.,1.,0.));
#8972=DIRECTION('',(0.,-1.,0.));
#8973=DIRECTION('',(0.,1.,0.));
#8974=DIRECTION('',(0.,0.,-1.));
#8975=DIRECTION('center_axis',(0.,-1.,0.));
#8976=DIRECTION('ref_axis',(-1.,0.,0.));
#8977=DIRECTION('',(1.,0.,0.));
#8978=DIRECTION('',(-1.,0.,0.));
#8979=DIRECTION('',(0.,0.,-1.));
#8980=DIRECTION('center_axis',(-1.,0.,0.));
#8981=DIRECTION('ref_axis',(0.,1.,0.));
#8982=DIRECTION('',(0.,-1.,0.));
#8983=DIRECTION('',(0.,1.,0.));
#8984=DIRECTION('',(0.,0.,-1.));
#8985=DIRECTION('center_axis',(0.,-1.,0.));
#8986=DIRECTION('ref_axis',(-1.,0.,0.));
#8987=DIRECTION('',(1.,0.,0.));
#8988=DIRECTION('',(-1.,0.,0.));
#8989=DIRECTION('',(0.,0.,-1.));
#8990=DIRECTION('center_axis',(1.,0.,0.));
#8991=DIRECTION('ref_axis',(0.,-1.,0.));
#8992=DIRECTION('',(0.,1.,0.));
#8993=DIRECTION('',(0.,-1.,0.));
#8994=DIRECTION('',(0.,0.,-1.));
#8995=DIRECTION('center_axis',(0.,-1.,0.));
#8996=DIRECTION('ref_axis',(-1.,0.,0.));
#8997=DIRECTION('',(1.,0.,0.));
#8998=DIRECTION('',(-1.,0.,0.));
#8999=DIRECTION('',(0.,0.,-1.));
#9000=DIRECTION('center_axis',(1.,0.,0.));
#9001=DIRECTION('ref_axis',(0.,-1.,0.));
#9002=DIRECTION('',(0.,1.,0.));
#9003=DIRECTION('',(0.,-1.,0.));
#9004=DIRECTION('',(0.,0.,-1.));
#9005=DIRECTION('center_axis',(0.,-1.,0.));
#9006=DIRECTION('ref_axis',(-1.,0.,0.));
#9007=DIRECTION('',(1.,0.,0.));
#9008=DIRECTION('',(-1.,0.,0.));
#9009=DIRECTION('',(0.,0.,-1.));
#9010=DIRECTION('center_axis',(1.,0.,0.));
#9011=DIRECTION('ref_axis',(0.,-1.,0.));
#9012=DIRECTION('',(0.,1.,0.));
#9013=DIRECTION('',(0.,-1.,0.));
#9014=DIRECTION('',(0.,0.,-1.));
#9015=DIRECTION('center_axis',(0.,1.,0.));
#9016=DIRECTION('ref_axis',(1.,0.,0.));
#9017=DIRECTION('',(-1.,0.,0.));
#9018=DIRECTION('',(1.,0.,0.));
#9019=DIRECTION('',(0.,0.,-1.));
#9020=DIRECTION('center_axis',(1.,0.,0.));
#9021=DIRECTION('ref_axis',(0.,-1.,0.));
#9022=DIRECTION('',(0.,1.,0.));
#9023=DIRECTION('',(0.,-1.,0.));
#9024=DIRECTION('',(0.,0.,-1.));
#9025=DIRECTION('center_axis',(0.,1.,0.));
#9026=DIRECTION('ref_axis',(1.,0.,0.));
#9027=DIRECTION('',(-1.,0.,0.));
#9028=DIRECTION('',(1.,0.,0.));
#9029=DIRECTION('',(0.,0.,-1.));
#9030=DIRECTION('center_axis',(-1.,0.,0.));
#9031=DIRECTION('ref_axis',(0.,1.,0.));
#9032=DIRECTION('',(0.,-1.,0.));
#9033=DIRECTION('',(0.,1.,0.));
#9034=DIRECTION('',(0.,0.,-1.));
#9035=DIRECTION('center_axis',(0.,1.,0.));
#9036=DIRECTION('ref_axis',(1.,0.,0.));
#9037=DIRECTION('',(-1.,0.,0.));
#9038=DIRECTION('',(1.,0.,0.));
#9039=DIRECTION('center_axis',(-1.,0.,0.));
#9040=DIRECTION('ref_axis',(0.,1.,0.));
#9041=DIRECTION('',(0.,-1.,0.));
#9042=DIRECTION('',(0.,0.,-1.));
#9043=DIRECTION('',(0.,1.,0.));
#9044=DIRECTION('',(0.,0.,-1.));
#9045=DIRECTION('center_axis',(0.,-1.,0.));
#9046=DIRECTION('ref_axis',(-1.,0.,0.));
#9047=DIRECTION('',(1.,0.,0.));
#9048=DIRECTION('',(-1.,0.,0.));
#9049=DIRECTION('',(0.,0.,-1.));
#9050=DIRECTION('center_axis',(1.,0.,0.));
#9051=DIRECTION('ref_axis',(0.,-1.,0.));
#9052=DIRECTION('',(0.,1.,0.));
#9053=DIRECTION('',(0.,-1.,0.));
#9054=DIRECTION('',(0.,0.,-1.));
#9055=DIRECTION('center_axis',(0.,1.,0.));
#9056=DIRECTION('ref_axis',(1.,0.,0.));
#9057=DIRECTION('',(-1.,0.,0.));
#9058=DIRECTION('',(1.,0.,0.));
#9059=DIRECTION('center_axis',(-1.,0.,0.));
#9060=DIRECTION('ref_axis',(0.,1.,0.));
#9061=DIRECTION('',(0.,-1.,0.));
#9062=DIRECTION('',(0.,0.,-1.));
#9063=DIRECTION('',(0.,1.,0.));
#9064=DIRECTION('',(0.,0.,-1.));
#9065=DIRECTION('center_axis',(0.,-1.,0.));
#9066=DIRECTION('ref_axis',(-1.,0.,0.));
#9067=DIRECTION('',(1.,0.,0.));
#9068=DIRECTION('',(-1.,0.,0.));
#9069=DIRECTION('',(0.,0.,-1.));
#9070=DIRECTION('center_axis',(1.,0.,0.));
#9071=DIRECTION('ref_axis',(0.,-1.,0.));
#9072=DIRECTION('',(0.,1.,0.));
#9073=DIRECTION('',(0.,-1.,0.));
#9074=DIRECTION('',(0.,0.,-1.));
#9075=DIRECTION('center_axis',(0.,1.,0.));
#9076=DIRECTION('ref_axis',(1.,0.,0.));
#9077=DIRECTION('',(-1.,0.,0.));
#9078=DIRECTION('',(1.,0.,0.));
#9079=DIRECTION('center_axis',(-1.,0.,0.));
#9080=DIRECTION('ref_axis',(0.,1.,0.));
#9081=DIRECTION('',(0.,-1.,0.));
#9082=DIRECTION('',(0.,0.,-1.));
#9083=DIRECTION('',(0.,1.,0.));
#9084=DIRECTION('',(0.,0.,-1.));
#9085=DIRECTION('center_axis',(0.,-1.,0.));
#9086=DIRECTION('ref_axis',(-1.,0.,0.));
#9087=DIRECTION('',(1.,0.,0.));
#9088=DIRECTION('',(-1.,0.,0.));
#9089=DIRECTION('',(0.,0.,-1.));
#9090=DIRECTION('center_axis',(1.,0.,0.));
#9091=DIRECTION('ref_axis',(0.,-1.,0.));
#9092=DIRECTION('',(0.,1.,0.));
#9093=DIRECTION('',(0.,-1.,0.));
#9094=DIRECTION('',(0.,0.,-1.));
#9095=DIRECTION('center_axis',(0.,1.,0.));
#9096=DIRECTION('ref_axis',(1.,0.,0.));
#9097=DIRECTION('',(-1.,0.,0.));
#9098=DIRECTION('',(1.,0.,0.));
#9099=DIRECTION('center_axis',(0.,-1.,0.));
#9100=DIRECTION('ref_axis',(-1.,0.,0.));
#9101=DIRECTION('',(1.,0.,0.));
#9102=DIRECTION('',(0.,0.,-1.));
#9103=DIRECTION('',(-1.,0.,0.));
#9104=DIRECTION('',(0.,0.,-1.));
#9105=DIRECTION('center_axis',(1.,0.,0.));
#9106=DIRECTION('ref_axis',(0.,-1.,0.));
#9107=DIRECTION('',(0.,1.,0.));
#9108=DIRECTION('',(0.,-1.,0.));
#9109=DIRECTION('',(0.,0.,-1.));
#9110=DIRECTION('center_axis',(0.,-1.,0.));
#9111=DIRECTION('ref_axis',(-1.,0.,0.));
#9112=DIRECTION('',(1.,0.,0.));
#9113=DIRECTION('',(-1.,0.,0.));
#9114=DIRECTION('',(0.,0.,-1.));
#9115=DIRECTION('center_axis',(1.,0.,0.));
#9116=DIRECTION('ref_axis',(0.,-1.,0.));
#9117=DIRECTION('',(0.,1.,0.));
#9118=DIRECTION('',(0.,-1.,0.));
#9119=DIRECTION('',(0.,0.,-1.));
#9120=DIRECTION('center_axis',(0.,1.,0.));
#9121=DIRECTION('ref_axis',(1.,0.,0.));
#9122=DIRECTION('',(-1.,0.,0.));
#9123=DIRECTION('',(1.,0.,0.));
#9124=DIRECTION('',(0.,0.,-1.));
#9125=DIRECTION('center_axis',(1.,0.,0.));
#9126=DIRECTION('ref_axis',(0.,-1.,0.));
#9127=DIRECTION('',(0.,1.,0.));
#9128=DIRECTION('',(0.,-1.,0.));
#9129=DIRECTION('',(0.,0.,-1.));
#9130=DIRECTION('center_axis',(0.,1.,0.));
#9131=DIRECTION('ref_axis',(1.,0.,0.));
#9132=DIRECTION('',(-1.,0.,0.));
#9133=DIRECTION('',(1.,0.,0.));
#9134=DIRECTION('',(0.,0.,-1.));
#9135=DIRECTION('center_axis',(-1.,0.,0.));
#9136=DIRECTION('ref_axis',(0.,1.,0.));
#9137=DIRECTION('',(0.,-1.,0.));
#9138=DIRECTION('',(0.,1.,0.));
#9139=DIRECTION('',(0.,0.,-1.));
#9140=DIRECTION('center_axis',(0.,1.,0.));
#9141=DIRECTION('ref_axis',(1.,0.,0.));
#9142=DIRECTION('',(-1.,0.,0.));
#9143=DIRECTION('',(1.,0.,0.));
#9144=DIRECTION('',(0.,0.,-1.));
#9145=DIRECTION('center_axis',(1.,0.,0.));
#9146=DIRECTION('ref_axis',(0.,-1.,0.));
#9147=DIRECTION('',(0.,1.,0.));
#9148=DIRECTION('',(0.,-1.,0.));
#9149=DIRECTION('',(0.,0.,-1.));
#9150=DIRECTION('center_axis',(0.,1.,0.));
#9151=DIRECTION('ref_axis',(1.,0.,0.));
#9152=DIRECTION('',(-1.,0.,0.));
#9153=DIRECTION('',(1.,0.,0.));
#9154=DIRECTION('',(0.,0.,-1.));
#9155=DIRECTION('center_axis',(-1.,0.,0.));
#9156=DIRECTION('ref_axis',(0.,1.,0.));
#9157=DIRECTION('',(0.,-1.,0.));
#9158=DIRECTION('',(0.,1.,0.));
#9159=DIRECTION('',(0.,0.,-1.));
#9160=DIRECTION('center_axis',(0.,1.,0.));
#9161=DIRECTION('ref_axis',(1.,0.,0.));
#9162=DIRECTION('',(-1.,0.,0.));
#9163=DIRECTION('',(1.,0.,0.));
#9164=DIRECTION('',(0.,0.,-1.));
#9165=DIRECTION('center_axis',(1.,0.,0.));
#9166=DIRECTION('ref_axis',(0.,-1.,0.));
#9167=DIRECTION('',(0.,1.,0.));
#9168=DIRECTION('',(0.,-1.,0.));
#9169=DIRECTION('',(0.,0.,-1.));
#9170=DIRECTION('center_axis',(0.,1.,0.));
#9171=DIRECTION('ref_axis',(1.,0.,0.));
#9172=DIRECTION('',(-1.,0.,0.));
#9173=DIRECTION('',(1.,0.,0.));
#9174=DIRECTION('',(0.,0.,-1.));
#9175=DIRECTION('center_axis',(-1.,0.,0.));
#9176=DIRECTION('ref_axis',(0.,1.,0.));
#9177=DIRECTION('',(0.,-1.,0.));
#9178=DIRECTION('',(0.,1.,0.));
#9179=DIRECTION('',(0.,0.,-1.));
#9180=DIRECTION('center_axis',(0.,1.,0.));
#9181=DIRECTION('ref_axis',(1.,0.,0.));
#9182=DIRECTION('',(-1.,0.,0.));
#9183=DIRECTION('',(1.,0.,0.));
#9184=DIRECTION('',(0.,0.,-1.));
#9185=DIRECTION('center_axis',(-1.,0.,0.));
#9186=DIRECTION('ref_axis',(0.,1.,0.));
#9187=DIRECTION('',(0.,-1.,0.));
#9188=DIRECTION('',(0.,1.,0.));
#9189=DIRECTION('',(0.,0.,-1.));
#9190=DIRECTION('center_axis',(0.,-1.,0.));
#9191=DIRECTION('ref_axis',(-1.,0.,0.));
#9192=DIRECTION('',(1.,0.,0.));
#9193=DIRECTION('',(-1.,0.,0.));
#9194=DIRECTION('',(0.,0.,-1.));
#9195=DIRECTION('center_axis',(-1.,0.,0.));
#9196=DIRECTION('ref_axis',(0.,1.,0.));
#9197=DIRECTION('',(0.,-1.,0.));
#9198=DIRECTION('',(0.,1.,0.));
#9199=DIRECTION('',(0.,0.,-1.));
#9200=DIRECTION('center_axis',(0.,-1.,0.));
#9201=DIRECTION('ref_axis',(-1.,0.,0.));
#9202=DIRECTION('',(1.,0.,0.));
#9203=DIRECTION('',(-1.,0.,0.));
#9204=DIRECTION('',(0.,0.,-1.));
#9205=DIRECTION('center_axis',(-1.,0.,0.));
#9206=DIRECTION('ref_axis',(0.,1.,0.));
#9207=DIRECTION('',(0.,-1.,0.));
#9208=DIRECTION('',(0.,1.,0.));
#9209=DIRECTION('',(0.,0.,-1.));
#9210=DIRECTION('center_axis',(0.,-1.,0.));
#9211=DIRECTION('ref_axis',(-1.,0.,0.));
#9212=DIRECTION('',(1.,0.,0.));
#9213=DIRECTION('',(-1.,0.,0.));
#9214=DIRECTION('',(0.,0.,-1.));
#9215=DIRECTION('center_axis',(1.,0.,0.));
#9216=DIRECTION('ref_axis',(0.,-1.,0.));
#9217=DIRECTION('',(0.,1.,0.));
#9218=DIRECTION('',(0.,-1.,0.));
#9219=DIRECTION('',(0.,0.,-1.));
#9220=DIRECTION('center_axis',(0.,-1.,0.));
#9221=DIRECTION('ref_axis',(-1.,0.,0.));
#9222=DIRECTION('',(1.,0.,0.));
#9223=DIRECTION('',(-1.,0.,0.));
#9224=DIRECTION('',(0.,0.,-1.));
#9225=DIRECTION('center_axis',(1.,0.,0.));
#9226=DIRECTION('ref_axis',(0.,-1.,0.));
#9227=DIRECTION('',(0.,1.,0.));
#9228=DIRECTION('',(0.,-1.,0.));
#9229=DIRECTION('',(0.,0.,-1.));
#9230=DIRECTION('center_axis',(0.,-1.,0.));
#9231=DIRECTION('ref_axis',(-1.,0.,0.));
#9232=DIRECTION('',(1.,0.,0.));
#9233=DIRECTION('',(-1.,0.,0.));
#9234=DIRECTION('',(0.,0.,-1.));
#9235=DIRECTION('center_axis',(-1.,0.,0.));
#9236=DIRECTION('ref_axis',(0.,1.,0.));
#9237=DIRECTION('',(0.,-1.,0.));
#9238=DIRECTION('',(0.,1.,0.));
#9239=DIRECTION('',(0.,0.,-1.));
#9240=DIRECTION('center_axis',(0.,-1.,0.));
#9241=DIRECTION('ref_axis',(-1.,0.,0.));
#9242=DIRECTION('',(1.,0.,0.));
#9243=DIRECTION('',(-1.,0.,0.));
#9244=DIRECTION('',(0.,0.,-1.));
#9245=DIRECTION('center_axis',(1.,0.,0.));
#9246=DIRECTION('ref_axis',(0.,-1.,0.));
#9247=DIRECTION('',(0.,1.,0.));
#9248=DIRECTION('',(0.,-1.,0.));
#9249=DIRECTION('',(0.,0.,-1.));
#9250=DIRECTION('center_axis',(0.,-1.,0.));
#9251=DIRECTION('ref_axis',(-1.,0.,0.));
#9252=DIRECTION('',(1.,0.,0.));
#9253=DIRECTION('',(-1.,0.,0.));
#9254=DIRECTION('',(0.,0.,-1.));
#9255=DIRECTION('center_axis',(-1.,0.,0.));
#9256=DIRECTION('ref_axis',(0.,1.,0.));
#9257=DIRECTION('',(0.,-1.,0.));
#9258=DIRECTION('',(0.,1.,0.));
#9259=DIRECTION('',(0.,0.,-1.));
#9260=DIRECTION('center_axis',(0.,-1.,0.));
#9261=DIRECTION('ref_axis',(-1.,0.,0.));
#9262=DIRECTION('',(1.,0.,0.));
#9263=DIRECTION('',(-1.,0.,0.));
#9264=DIRECTION('',(0.,0.,-1.));
#9265=DIRECTION('center_axis',(-1.,0.,0.));
#9266=DIRECTION('ref_axis',(0.,1.,0.));
#9267=DIRECTION('',(0.,-1.,0.));
#9268=DIRECTION('',(0.,1.,0.));
#9269=DIRECTION('',(0.,0.,-1.));
#9270=DIRECTION('center_axis',(0.,-1.,0.));
#9271=DIRECTION('ref_axis',(-1.,0.,0.));
#9272=DIRECTION('',(1.,0.,0.));
#9273=DIRECTION('',(-1.,0.,0.));
#9274=DIRECTION('',(0.,0.,-1.));
#9275=DIRECTION('center_axis',(1.,0.,0.));
#9276=DIRECTION('ref_axis',(0.,-1.,0.));
#9277=DIRECTION('',(0.,1.,0.));
#9278=DIRECTION('',(0.,-1.,0.));
#9279=DIRECTION('center_axis',(-1.,7.90194323576624E-17,0.));
#9280=DIRECTION('ref_axis',(7.90194323576624E-17,1.,0.));
#9281=DIRECTION('',(-7.90194323576624E-17,-1.,0.));
#9282=DIRECTION('',(0.,0.,-1.));
#9283=DIRECTION('',(7.90194323576624E-17,1.,0.));
#9284=DIRECTION('',(0.,0.,-1.));
#9285=DIRECTION('center_axis',(0.,-1.,0.));
#9286=DIRECTION('ref_axis',(-1.,0.,0.));
#9287=DIRECTION('',(1.,0.,0.));
#9288=DIRECTION('',(-1.,0.,0.));
#9289=DIRECTION('',(0.,0.,-1.));
#9290=DIRECTION('center_axis',(1.,0.,0.));
#9291=DIRECTION('ref_axis',(0.,-1.,0.));
#9292=DIRECTION('',(0.,1.,0.));
#9293=DIRECTION('',(0.,-1.,0.));
#9294=DIRECTION('',(0.,0.,-1.));
#9295=DIRECTION('center_axis',(0.,1.,0.));
#9296=DIRECTION('ref_axis',(1.,0.,0.));
#9297=DIRECTION('',(-1.,0.,0.));
#9298=DIRECTION('',(1.,0.,0.));
#9299=DIRECTION('center_axis',(-1.,0.,0.));
#9300=DIRECTION('ref_axis',(0.,1.,0.));
#9301=DIRECTION('',(0.,-1.,0.));
#9302=DIRECTION('',(0.,0.,-1.));
#9303=DIRECTION('',(0.,1.,0.));
#9304=DIRECTION('',(0.,0.,-1.));
#9305=DIRECTION('center_axis',(0.,-1.,0.));
#9306=DIRECTION('ref_axis',(-1.,0.,0.));
#9307=DIRECTION('',(1.,0.,0.));
#9308=DIRECTION('',(-1.,0.,0.));
#9309=DIRECTION('',(0.,0.,-1.));
#9310=DIRECTION('center_axis',(1.,0.,0.));
#9311=DIRECTION('ref_axis',(0.,-1.,0.));
#9312=DIRECTION('',(0.,1.,0.));
#9313=DIRECTION('',(0.,-1.,0.));
#9314=DIRECTION('',(0.,0.,-1.));
#9315=DIRECTION('center_axis',(0.,1.,0.));
#9316=DIRECTION('ref_axis',(1.,0.,0.));
#9317=DIRECTION('',(-1.,0.,0.));
#9318=DIRECTION('',(1.,0.,0.));
#9319=DIRECTION('center_axis',(-1.,0.,0.));
#9320=DIRECTION('ref_axis',(0.,1.,0.));
#9321=DIRECTION('',(0.,-1.,0.));
#9322=DIRECTION('',(0.,0.,-1.));
#9323=DIRECTION('',(0.,1.,0.));
#9324=DIRECTION('',(0.,0.,-1.));
#9325=DIRECTION('center_axis',(0.,-1.,0.));
#9326=DIRECTION('ref_axis',(-1.,0.,0.));
#9327=DIRECTION('',(1.,0.,0.));
#9328=DIRECTION('',(-1.,0.,0.));
#9329=DIRECTION('',(0.,0.,-1.));
#9330=DIRECTION('center_axis',(1.,0.,0.));
#9331=DIRECTION('ref_axis',(0.,-1.,0.));
#9332=DIRECTION('',(0.,1.,0.));
#9333=DIRECTION('',(0.,-1.,0.));
#9334=DIRECTION('',(0.,0.,-1.));
#9335=DIRECTION('center_axis',(0.,1.,0.));
#9336=DIRECTION('ref_axis',(1.,0.,0.));
#9337=DIRECTION('',(-1.,0.,0.));
#9338=DIRECTION('',(1.,0.,0.));
#9339=DIRECTION('center_axis',(-1.,0.,0.));
#9340=DIRECTION('ref_axis',(0.,1.,0.));
#9341=DIRECTION('',(0.,-1.,0.));
#9342=DIRECTION('',(0.,0.,-1.));
#9343=DIRECTION('',(0.,1.,0.));
#9344=DIRECTION('',(0.,0.,-1.));
#9345=DIRECTION('center_axis',(0.,-1.,0.));
#9346=DIRECTION('ref_axis',(-1.,0.,0.));
#9347=DIRECTION('',(1.,0.,0.));
#9348=DIRECTION('',(-1.,0.,0.));
#9349=DIRECTION('',(0.,0.,-1.));
#9350=DIRECTION('center_axis',(1.,0.,0.));
#9351=DIRECTION('ref_axis',(0.,-1.,0.));
#9352=DIRECTION('',(0.,1.,0.));
#9353=DIRECTION('',(0.,-1.,0.));
#9354=DIRECTION('',(0.,0.,-1.));
#9355=DIRECTION('center_axis',(0.,1.,0.));
#9356=DIRECTION('ref_axis',(1.,0.,0.));
#9357=DIRECTION('',(-1.,0.,0.));
#9358=DIRECTION('',(1.,0.,0.));
#9359=DIRECTION('center_axis',(-1.,0.,0.));
#9360=DIRECTION('ref_axis',(0.,1.,0.));
#9361=DIRECTION('',(0.,-1.,0.));
#9362=DIRECTION('',(0.,0.,-1.));
#9363=DIRECTION('',(0.,1.,0.));
#9364=DIRECTION('',(0.,0.,-1.));
#9365=DIRECTION('center_axis',(0.,-1.,0.));
#9366=DIRECTION('ref_axis',(-1.,0.,0.));
#9367=DIRECTION('',(1.,0.,0.));
#9368=DIRECTION('',(-1.,0.,0.));
#9369=DIRECTION('',(0.,0.,-1.));
#9370=DIRECTION('center_axis',(1.,0.,0.));
#9371=DIRECTION('ref_axis',(0.,-1.,0.));
#9372=DIRECTION('',(0.,1.,0.));
#9373=DIRECTION('',(0.,-1.,0.));
#9374=DIRECTION('',(0.,0.,-1.));
#9375=DIRECTION('center_axis',(0.,1.,0.));
#9376=DIRECTION('ref_axis',(1.,0.,0.));
#9377=DIRECTION('',(-1.,0.,0.));
#9378=DIRECTION('',(1.,0.,0.));
#9379=DIRECTION('center_axis',(0.,-1.,0.));
#9380=DIRECTION('ref_axis',(-1.,0.,0.));
#9381=DIRECTION('',(1.,0.,0.));
#9382=DIRECTION('',(0.,0.,-1.));
#9383=DIRECTION('',(-1.,0.,0.));
#9384=DIRECTION('',(0.,0.,-1.));
#9385=DIRECTION('center_axis',(1.,0.,0.));
#9386=DIRECTION('ref_axis',(0.,-1.,0.));
#9387=DIRECTION('',(0.,1.,0.));
#9388=DIRECTION('',(0.,-1.,0.));
#9389=DIRECTION('',(0.,0.,-1.));
#9390=DIRECTION('center_axis',(0.,-1.,0.));
#9391=DIRECTION('ref_axis',(-1.,0.,0.));
#9392=DIRECTION('',(1.,0.,0.));
#9393=DIRECTION('',(-1.,0.,0.));
#9394=DIRECTION('',(0.,0.,-1.));
#9395=DIRECTION('center_axis',(1.,0.,0.));
#9396=DIRECTION('ref_axis',(0.,-1.,0.));
#9397=DIRECTION('',(0.,1.,0.));
#9398=DIRECTION('',(0.,-1.,0.));
#9399=DIRECTION('',(0.,0.,-1.));
#9400=DIRECTION('center_axis',(0.,1.,0.));
#9401=DIRECTION('ref_axis',(1.,0.,0.));
#9402=DIRECTION('',(-1.,0.,0.));
#9403=DIRECTION('',(1.,0.,0.));
#9404=DIRECTION('',(0.,0.,-1.));
#9405=DIRECTION('center_axis',(1.,0.,0.));
#9406=DIRECTION('ref_axis',(0.,-1.,0.));
#9407=DIRECTION('',(0.,1.,0.));
#9408=DIRECTION('',(0.,-1.,0.));
#9409=DIRECTION('',(0.,0.,-1.));
#9410=DIRECTION('center_axis',(0.,1.,0.));
#9411=DIRECTION('ref_axis',(1.,0.,0.));
#9412=DIRECTION('',(-1.,0.,0.));
#9413=DIRECTION('',(1.,0.,0.));
#9414=DIRECTION('',(0.,0.,-1.));
#9415=DIRECTION('center_axis',(-1.,0.,0.));
#9416=DIRECTION('ref_axis',(0.,1.,0.));
#9417=DIRECTION('',(0.,-1.,0.));
#9418=DIRECTION('',(0.,1.,0.));
#9419=DIRECTION('',(0.,0.,-1.));
#9420=DIRECTION('center_axis',(0.,1.,0.));
#9421=DIRECTION('ref_axis',(1.,0.,0.));
#9422=DIRECTION('',(-1.,0.,0.));
#9423=DIRECTION('',(1.,0.,0.));
#9424=DIRECTION('',(0.,0.,-1.));
#9425=DIRECTION('center_axis',(1.,0.,0.));
#9426=DIRECTION('ref_axis',(0.,-1.,0.));
#9427=DIRECTION('',(0.,1.,0.));
#9428=DIRECTION('',(0.,-1.,0.));
#9429=DIRECTION('',(0.,0.,-1.));
#9430=DIRECTION('center_axis',(0.,1.,0.));
#9431=DIRECTION('ref_axis',(1.,0.,0.));
#9432=DIRECTION('',(-1.,0.,0.));
#9433=DIRECTION('',(1.,0.,0.));
#9434=DIRECTION('',(0.,0.,-1.));
#9435=DIRECTION('center_axis',(-1.,0.,0.));
#9436=DIRECTION('ref_axis',(0.,1.,0.));
#9437=DIRECTION('',(0.,-1.,0.));
#9438=DIRECTION('',(0.,1.,0.));
#9439=DIRECTION('',(0.,0.,-1.));
#9440=DIRECTION('center_axis',(0.,1.,0.));
#9441=DIRECTION('ref_axis',(1.,0.,0.));
#9442=DIRECTION('',(-1.,0.,0.));
#9443=DIRECTION('',(1.,0.,0.));
#9444=DIRECTION('',(0.,0.,-1.));
#9445=DIRECTION('center_axis',(1.,0.,0.));
#9446=DIRECTION('ref_axis',(0.,-1.,0.));
#9447=DIRECTION('',(0.,1.,0.));
#9448=DIRECTION('',(0.,-1.,0.));
#9449=DIRECTION('',(0.,0.,-1.));
#9450=DIRECTION('center_axis',(0.,1.,0.));
#9451=DIRECTION('ref_axis',(1.,0.,0.));
#9452=DIRECTION('',(-1.,0.,0.));
#9453=DIRECTION('',(1.,0.,0.));
#9454=DIRECTION('',(0.,0.,-1.));
#9455=DIRECTION('center_axis',(-1.,0.,0.));
#9456=DIRECTION('ref_axis',(0.,1.,0.));
#9457=DIRECTION('',(0.,-1.,0.));
#9458=DIRECTION('',(0.,1.,0.));
#9459=DIRECTION('',(0.,0.,-1.));
#9460=DIRECTION('center_axis',(0.,1.,0.));
#9461=DIRECTION('ref_axis',(1.,0.,0.));
#9462=DIRECTION('',(-1.,0.,0.));
#9463=DIRECTION('',(1.,0.,0.));
#9464=DIRECTION('',(0.,0.,-1.));
#9465=DIRECTION('center_axis',(-1.,0.,0.));
#9466=DIRECTION('ref_axis',(0.,1.,0.));
#9467=DIRECTION('',(0.,-1.,0.));
#9468=DIRECTION('',(0.,1.,0.));
#9469=DIRECTION('',(0.,0.,-1.));
#9470=DIRECTION('center_axis',(0.,-1.,0.));
#9471=DIRECTION('ref_axis',(-1.,0.,0.));
#9472=DIRECTION('',(1.,0.,0.));
#9473=DIRECTION('',(-1.,0.,0.));
#9474=DIRECTION('',(0.,0.,-1.));
#9475=DIRECTION('center_axis',(-1.,0.,0.));
#9476=DIRECTION('ref_axis',(0.,1.,0.));
#9477=DIRECTION('',(0.,-1.,0.));
#9478=DIRECTION('',(0.,1.,0.));
#9479=DIRECTION('',(0.,0.,-1.));
#9480=DIRECTION('center_axis',(0.,-1.,0.));
#9481=DIRECTION('ref_axis',(-1.,0.,0.));
#9482=DIRECTION('',(1.,0.,0.));
#9483=DIRECTION('',(-1.,0.,0.));
#9484=DIRECTION('',(0.,0.,-1.));
#9485=DIRECTION('center_axis',(-1.,0.,0.));
#9486=DIRECTION('ref_axis',(0.,1.,0.));
#9487=DIRECTION('',(0.,-1.,0.));
#9488=DIRECTION('',(0.,1.,0.));
#9489=DIRECTION('',(0.,0.,-1.));
#9490=DIRECTION('center_axis',(0.,-1.,0.));
#9491=DIRECTION('ref_axis',(-1.,0.,0.));
#9492=DIRECTION('',(1.,0.,0.));
#9493=DIRECTION('',(-1.,0.,0.));
#9494=DIRECTION('',(0.,0.,-1.));
#9495=DIRECTION('center_axis',(1.,0.,0.));
#9496=DIRECTION('ref_axis',(0.,-1.,0.));
#9497=DIRECTION('',(0.,1.,0.));
#9498=DIRECTION('',(0.,-1.,0.));
#9499=DIRECTION('',(0.,0.,-1.));
#9500=DIRECTION('center_axis',(0.,-1.,0.));
#9501=DIRECTION('ref_axis',(-1.,0.,0.));
#9502=DIRECTION('',(1.,0.,0.));
#9503=DIRECTION('',(-1.,0.,0.));
#9504=DIRECTION('',(0.,0.,-1.));
#9505=DIRECTION('center_axis',(1.,0.,0.));
#9506=DIRECTION('ref_axis',(0.,-1.,0.));
#9507=DIRECTION('',(0.,1.,0.));
#9508=DIRECTION('',(0.,-1.,0.));
#9509=DIRECTION('',(0.,0.,-1.));
#9510=DIRECTION('center_axis',(0.,-1.,0.));
#9511=DIRECTION('ref_axis',(-1.,0.,0.));
#9512=DIRECTION('',(1.,0.,0.));
#9513=DIRECTION('',(-1.,0.,0.));
#9514=DIRECTION('',(0.,0.,-1.));
#9515=DIRECTION('center_axis',(-1.,0.,0.));
#9516=DIRECTION('ref_axis',(0.,1.,0.));
#9517=DIRECTION('',(0.,-1.,0.));
#9518=DIRECTION('',(0.,1.,0.));
#9519=DIRECTION('',(0.,0.,-1.));
#9520=DIRECTION('center_axis',(0.,-1.,0.));
#9521=DIRECTION('ref_axis',(-1.,0.,0.));
#9522=DIRECTION('',(1.,0.,0.));
#9523=DIRECTION('',(-1.,0.,0.));
#9524=DIRECTION('',(0.,0.,-1.));
#9525=DIRECTION('center_axis',(1.,0.,0.));
#9526=DIRECTION('ref_axis',(0.,-1.,0.));
#9527=DIRECTION('',(0.,1.,0.));
#9528=DIRECTION('',(0.,-1.,0.));
#9529=DIRECTION('',(0.,0.,-1.));
#9530=DIRECTION('center_axis',(0.,-1.,0.));
#9531=DIRECTION('ref_axis',(-1.,0.,0.));
#9532=DIRECTION('',(1.,0.,0.));
#9533=DIRECTION('',(-1.,0.,0.));
#9534=DIRECTION('',(0.,0.,-1.));
#9535=DIRECTION('center_axis',(-1.,0.,0.));
#9536=DIRECTION('ref_axis',(0.,1.,0.));
#9537=DIRECTION('',(0.,-1.,0.));
#9538=DIRECTION('',(0.,1.,0.));
#9539=DIRECTION('',(0.,0.,-1.));
#9540=DIRECTION('center_axis',(0.,-1.,0.));
#9541=DIRECTION('ref_axis',(-1.,0.,0.));
#9542=DIRECTION('',(1.,0.,0.));
#9543=DIRECTION('',(-1.,0.,0.));
#9544=DIRECTION('',(0.,0.,-1.));
#9545=DIRECTION('center_axis',(-1.,0.,0.));
#9546=DIRECTION('ref_axis',(0.,1.,0.));
#9547=DIRECTION('',(0.,-1.,0.));
#9548=DIRECTION('',(0.,1.,0.));
#9549=DIRECTION('',(0.,0.,-1.));
#9550=DIRECTION('center_axis',(0.,-1.,0.));
#9551=DIRECTION('ref_axis',(-1.,0.,0.));
#9552=DIRECTION('',(1.,0.,0.));
#9553=DIRECTION('',(-1.,0.,0.));
#9554=DIRECTION('',(0.,0.,-1.));
#9555=DIRECTION('center_axis',(1.,0.,0.));
#9556=DIRECTION('ref_axis',(0.,-1.,0.));
#9557=DIRECTION('',(0.,1.,0.));
#9558=DIRECTION('',(0.,-1.,0.));
#9559=DIRECTION('center_axis',(-1.,3.95097161788312E-17,0.));
#9560=DIRECTION('ref_axis',(3.95097161788312E-17,1.,0.));
#9561=DIRECTION('',(-3.95097161788312E-17,-1.,0.));
#9562=DIRECTION('',(0.,0.,-1.));
#9563=DIRECTION('',(3.95097161788312E-17,1.,0.));
#9564=DIRECTION('',(0.,0.,-1.));
#9565=DIRECTION('center_axis',(0.,-1.,0.));
#9566=DIRECTION('ref_axis',(-1.,0.,0.));
#9567=DIRECTION('',(1.,0.,0.));
#9568=DIRECTION('',(-1.,0.,0.));
#9569=DIRECTION('',(0.,0.,-1.));
#9570=DIRECTION('center_axis',(1.,0.,0.));
#9571=DIRECTION('ref_axis',(0.,-1.,0.));
#9572=DIRECTION('',(0.,1.,0.));
#9573=DIRECTION('',(0.,-1.,0.));
#9574=DIRECTION('',(0.,0.,-1.));
#9575=DIRECTION('center_axis',(0.,1.,0.));
#9576=DIRECTION('ref_axis',(1.,0.,0.));
#9577=DIRECTION('',(-1.,0.,0.));
#9578=DIRECTION('',(1.,0.,0.));
#9579=DIRECTION('center_axis',(-1.,0.,0.));
#9580=DIRECTION('ref_axis',(0.,1.,0.));
#9581=DIRECTION('',(0.,-1.,0.));
#9582=DIRECTION('',(0.,0.,-1.));
#9583=DIRECTION('',(0.,1.,0.));
#9584=DIRECTION('',(0.,0.,-1.));
#9585=DIRECTION('center_axis',(0.,-1.,0.));
#9586=DIRECTION('ref_axis',(-1.,0.,0.));
#9587=DIRECTION('',(1.,0.,0.));
#9588=DIRECTION('',(-1.,0.,0.));
#9589=DIRECTION('',(0.,0.,-1.));
#9590=DIRECTION('center_axis',(1.,0.,0.));
#9591=DIRECTION('ref_axis',(0.,-1.,0.));
#9592=DIRECTION('',(0.,1.,0.));
#9593=DIRECTION('',(0.,-1.,0.));
#9594=DIRECTION('',(0.,0.,-1.));
#9595=DIRECTION('center_axis',(0.,1.,0.));
#9596=DIRECTION('ref_axis',(1.,0.,0.));
#9597=DIRECTION('',(-1.,0.,0.));
#9598=DIRECTION('',(1.,0.,0.));
#9599=DIRECTION('center_axis',(-1.,0.,0.));
#9600=DIRECTION('ref_axis',(0.,1.,0.));
#9601=DIRECTION('',(0.,-1.,0.));
#9602=DIRECTION('',(0.,0.,-1.));
#9603=DIRECTION('',(0.,1.,0.));
#9604=DIRECTION('',(0.,0.,-1.));
#9605=DIRECTION('center_axis',(0.,-1.,0.));
#9606=DIRECTION('ref_axis',(-1.,0.,0.));
#9607=DIRECTION('',(1.,0.,0.));
#9608=DIRECTION('',(-1.,0.,0.));
#9609=DIRECTION('',(0.,0.,-1.));
#9610=DIRECTION('center_axis',(1.,0.,0.));
#9611=DIRECTION('ref_axis',(0.,-1.,0.));
#9612=DIRECTION('',(0.,1.,0.));
#9613=DIRECTION('',(0.,-1.,0.));
#9614=DIRECTION('',(0.,0.,-1.));
#9615=DIRECTION('center_axis',(0.,1.,0.));
#9616=DIRECTION('ref_axis',(1.,0.,0.));
#9617=DIRECTION('',(-1.,0.,0.));
#9618=DIRECTION('',(1.,0.,0.));
#9619=DIRECTION('center_axis',(-1.,0.,0.));
#9620=DIRECTION('ref_axis',(0.,1.,0.));
#9621=DIRECTION('',(0.,-1.,0.));
#9622=DIRECTION('',(0.,0.,-1.));
#9623=DIRECTION('',(0.,1.,0.));
#9624=DIRECTION('',(0.,0.,-1.));
#9625=DIRECTION('center_axis',(0.,-1.,0.));
#9626=DIRECTION('ref_axis',(-1.,0.,0.));
#9627=DIRECTION('',(1.,0.,0.));
#9628=DIRECTION('',(-1.,0.,0.));
#9629=DIRECTION('',(0.,0.,-1.));
#9630=DIRECTION('center_axis',(1.,0.,0.));
#9631=DIRECTION('ref_axis',(0.,-1.,0.));
#9632=DIRECTION('',(0.,1.,0.));
#9633=DIRECTION('',(0.,-1.,0.));
#9634=DIRECTION('',(0.,0.,-1.));
#9635=DIRECTION('center_axis',(0.,1.,0.));
#9636=DIRECTION('ref_axis',(1.,0.,0.));
#9637=DIRECTION('',(-1.,0.,0.));
#9638=DIRECTION('',(1.,0.,0.));
#9639=DIRECTION('center_axis',(-1.,0.,0.));
#9640=DIRECTION('ref_axis',(0.,1.,0.));
#9641=DIRECTION('',(0.,-1.,0.));
#9642=DIRECTION('',(0.,0.,-1.));
#9643=DIRECTION('',(0.,1.,0.));
#9644=DIRECTION('',(0.,0.,-1.));
#9645=DIRECTION('center_axis',(0.,-1.,0.));
#9646=DIRECTION('ref_axis',(-1.,0.,0.));
#9647=DIRECTION('',(1.,0.,0.));
#9648=DIRECTION('',(-1.,0.,0.));
#9649=DIRECTION('',(0.,0.,-1.));
#9650=DIRECTION('center_axis',(1.,0.,0.));
#9651=DIRECTION('ref_axis',(0.,-1.,0.));
#9652=DIRECTION('',(0.,1.,0.));
#9653=DIRECTION('',(0.,-1.,0.));
#9654=DIRECTION('',(0.,0.,-1.));
#9655=DIRECTION('center_axis',(0.,1.,0.));
#9656=DIRECTION('ref_axis',(1.,0.,0.));
#9657=DIRECTION('',(-1.,0.,0.));
#9658=DIRECTION('',(1.,0.,0.));
#9659=DIRECTION('center_axis',(-1.,0.,0.));
#9660=DIRECTION('ref_axis',(0.,1.,0.));
#9661=DIRECTION('',(0.,-1.,0.));
#9662=DIRECTION('',(0.,0.,-1.));
#9663=DIRECTION('',(0.,1.,0.));
#9664=DIRECTION('',(0.,0.,-1.));
#9665=DIRECTION('center_axis',(0.,-1.,0.));
#9666=DIRECTION('ref_axis',(-1.,0.,0.));
#9667=DIRECTION('',(1.,0.,0.));
#9668=DIRECTION('',(-1.,0.,0.));
#9669=DIRECTION('',(0.,0.,-1.));
#9670=DIRECTION('center_axis',(1.,0.,0.));
#9671=DIRECTION('ref_axis',(0.,-1.,0.));
#9672=DIRECTION('',(0.,1.,0.));
#9673=DIRECTION('',(0.,-1.,0.));
#9674=DIRECTION('',(0.,0.,-1.));
#9675=DIRECTION('center_axis',(0.,1.,0.));
#9676=DIRECTION('ref_axis',(1.,0.,0.));
#9677=DIRECTION('',(-1.,0.,0.));
#9678=DIRECTION('',(1.,0.,0.));
#9679=DIRECTION('center_axis',(-1.,0.,0.));
#9680=DIRECTION('ref_axis',(0.,1.,0.));
#9681=DIRECTION('',(0.,-1.,0.));
#9682=DIRECTION('',(0.,0.,-1.));
#9683=DIRECTION('',(0.,1.,0.));
#9684=DIRECTION('',(0.,0.,-1.));
#9685=DIRECTION('center_axis',(0.,-1.,0.));
#9686=DIRECTION('ref_axis',(-1.,0.,0.));
#9687=DIRECTION('',(1.,0.,0.));
#9688=DIRECTION('',(-1.,0.,0.));
#9689=DIRECTION('',(0.,0.,-1.));
#9690=DIRECTION('center_axis',(1.,0.,0.));
#9691=DIRECTION('ref_axis',(0.,-1.,0.));
#9692=DIRECTION('',(0.,1.,0.));
#9693=DIRECTION('',(0.,-1.,0.));
#9694=DIRECTION('',(0.,0.,-1.));
#9695=DIRECTION('center_axis',(0.,1.,0.));
#9696=DIRECTION('ref_axis',(1.,0.,0.));
#9697=DIRECTION('',(-1.,0.,0.));
#9698=DIRECTION('',(1.,0.,0.));
#9699=DIRECTION('center_axis',(-1.,0.,0.));
#9700=DIRECTION('ref_axis',(0.,1.,0.));
#9701=DIRECTION('',(0.,-1.,0.));
#9702=DIRECTION('',(0.,0.,-1.));
#9703=DIRECTION('',(0.,1.,0.));
#9704=DIRECTION('',(0.,0.,-1.));
#9705=DIRECTION('center_axis',(0.,-1.,0.));
#9706=DIRECTION('ref_axis',(-1.,0.,0.));
#9707=DIRECTION('',(1.,0.,0.));
#9708=DIRECTION('',(-1.,0.,0.));
#9709=DIRECTION('',(0.,0.,-1.));
#9710=DIRECTION('center_axis',(1.,0.,0.));
#9711=DIRECTION('ref_axis',(0.,-1.,0.));
#9712=DIRECTION('',(0.,1.,0.));
#9713=DIRECTION('',(0.,-1.,0.));
#9714=DIRECTION('',(0.,0.,-1.));
#9715=DIRECTION('center_axis',(0.,1.,0.));
#9716=DIRECTION('ref_axis',(1.,0.,0.));
#9717=DIRECTION('',(-1.,0.,0.));
#9718=DIRECTION('',(1.,0.,0.));
#9719=DIRECTION('center_axis',(-1.,0.,0.));
#9720=DIRECTION('ref_axis',(0.,1.,0.));
#9721=DIRECTION('',(0.,-1.,0.));
#9722=DIRECTION('',(0.,0.,-1.));
#9723=DIRECTION('',(0.,1.,0.));
#9724=DIRECTION('',(0.,0.,-1.));
#9725=DIRECTION('center_axis',(0.,-1.,0.));
#9726=DIRECTION('ref_axis',(-1.,0.,0.));
#9727=DIRECTION('',(1.,0.,0.));
#9728=DIRECTION('',(-1.,0.,0.));
#9729=DIRECTION('',(0.,0.,-1.));
#9730=DIRECTION('center_axis',(1.,0.,0.));
#9731=DIRECTION('ref_axis',(0.,-1.,0.));
#9732=DIRECTION('',(0.,1.,0.));
#9733=DIRECTION('',(0.,-1.,0.));
#9734=DIRECTION('',(0.,0.,-1.));
#9735=DIRECTION('center_axis',(0.,1.,0.));
#9736=DIRECTION('ref_axis',(1.,0.,0.));
#9737=DIRECTION('',(-1.,0.,0.));
#9738=DIRECTION('',(1.,0.,0.));
#9739=DIRECTION('center_axis',(-1.,0.,0.));
#9740=DIRECTION('ref_axis',(0.,1.,0.));
#9741=DIRECTION('',(0.,-1.,0.));
#9742=DIRECTION('',(0.,0.,-1.));
#9743=DIRECTION('',(0.,1.,0.));
#9744=DIRECTION('',(0.,0.,-1.));
#9745=DIRECTION('center_axis',(0.,-1.,0.));
#9746=DIRECTION('ref_axis',(-1.,0.,0.));
#9747=DIRECTION('',(1.,0.,0.));
#9748=DIRECTION('',(-1.,0.,0.));
#9749=DIRECTION('',(0.,0.,-1.));
#9750=DIRECTION('center_axis',(1.,0.,0.));
#9751=DIRECTION('ref_axis',(0.,-1.,0.));
#9752=DIRECTION('',(0.,1.,0.));
#9753=DIRECTION('',(0.,-1.,0.));
#9754=DIRECTION('',(0.,0.,-1.));
#9755=DIRECTION('center_axis',(0.,1.,0.));
#9756=DIRECTION('ref_axis',(1.,0.,0.));
#9757=DIRECTION('',(-1.,0.,0.));
#9758=DIRECTION('',(1.,0.,0.));
#9759=DIRECTION('center_axis',(-1.,0.,0.));
#9760=DIRECTION('ref_axis',(0.,1.,0.));
#9761=DIRECTION('',(0.,-1.,0.));
#9762=DIRECTION('',(0.,0.,-1.));
#9763=DIRECTION('',(0.,1.,0.));
#9764=DIRECTION('',(0.,0.,-1.));
#9765=DIRECTION('center_axis',(0.,-1.,0.));
#9766=DIRECTION('ref_axis',(-1.,0.,0.));
#9767=DIRECTION('',(1.,0.,0.));
#9768=DIRECTION('',(-1.,0.,0.));
#9769=DIRECTION('',(0.,0.,-1.));
#9770=DIRECTION('center_axis',(1.,0.,0.));
#9771=DIRECTION('ref_axis',(0.,-1.,0.));
#9772=DIRECTION('',(0.,1.,0.));
#9773=DIRECTION('',(0.,-1.,0.));
#9774=DIRECTION('',(0.,0.,-1.));
#9775=DIRECTION('center_axis',(0.,1.,0.));
#9776=DIRECTION('ref_axis',(1.,0.,0.));
#9777=DIRECTION('',(-1.,0.,0.));
#9778=DIRECTION('',(1.,0.,0.));
#9779=DIRECTION('center_axis',(-1.,0.,0.));
#9780=DIRECTION('ref_axis',(0.,1.,0.));
#9781=DIRECTION('',(0.,-1.,0.));
#9782=DIRECTION('',(0.,0.,-1.));
#9783=DIRECTION('',(0.,1.,0.));
#9784=DIRECTION('',(0.,0.,-1.));
#9785=DIRECTION('center_axis',(0.,-1.,0.));
#9786=DIRECTION('ref_axis',(-1.,0.,0.));
#9787=DIRECTION('',(1.,0.,0.));
#9788=DIRECTION('',(-1.,0.,0.));
#9789=DIRECTION('',(0.,0.,-1.));
#9790=DIRECTION('center_axis',(1.,0.,0.));
#9791=DIRECTION('ref_axis',(0.,-1.,0.));
#9792=DIRECTION('',(0.,1.,0.));
#9793=DIRECTION('',(0.,-1.,0.));
#9794=DIRECTION('',(0.,0.,-1.));
#9795=DIRECTION('center_axis',(0.,1.,0.));
#9796=DIRECTION('ref_axis',(1.,0.,0.));
#9797=DIRECTION('',(-1.,0.,0.));
#9798=DIRECTION('',(1.,0.,0.));
#9799=DIRECTION('center_axis',(-1.,0.,0.));
#9800=DIRECTION('ref_axis',(0.,1.,0.));
#9801=DIRECTION('',(0.,-1.,0.));
#9802=DIRECTION('',(0.,0.,-1.));
#9803=DIRECTION('',(0.,1.,0.));
#9804=DIRECTION('',(0.,0.,-1.));
#9805=DIRECTION('center_axis',(0.,-1.,0.));
#9806=DIRECTION('ref_axis',(-1.,0.,0.));
#9807=DIRECTION('',(1.,0.,0.));
#9808=DIRECTION('',(-1.,0.,0.));
#9809=DIRECTION('',(0.,0.,-1.));
#9810=DIRECTION('center_axis',(1.,0.,0.));
#9811=DIRECTION('ref_axis',(0.,-1.,0.));
#9812=DIRECTION('',(0.,1.,0.));
#9813=DIRECTION('',(0.,-1.,0.));
#9814=DIRECTION('',(0.,0.,-1.));
#9815=DIRECTION('center_axis',(0.,1.,0.));
#9816=DIRECTION('ref_axis',(1.,0.,0.));
#9817=DIRECTION('',(-1.,0.,0.));
#9818=DIRECTION('',(1.,0.,0.));
#9819=DIRECTION('center_axis',(-1.,0.,0.));
#9820=DIRECTION('ref_axis',(0.,1.,0.));
#9821=DIRECTION('',(0.,-1.,0.));
#9822=DIRECTION('',(0.,0.,-1.));
#9823=DIRECTION('',(0.,1.,0.));
#9824=DIRECTION('',(0.,0.,-1.));
#9825=DIRECTION('center_axis',(0.,-1.,0.));
#9826=DIRECTION('ref_axis',(-1.,0.,0.));
#9827=DIRECTION('',(1.,0.,0.));
#9828=DIRECTION('',(-1.,0.,0.));
#9829=DIRECTION('',(0.,0.,-1.));
#9830=DIRECTION('center_axis',(1.,0.,0.));
#9831=DIRECTION('ref_axis',(0.,-1.,0.));
#9832=DIRECTION('',(0.,1.,0.));
#9833=DIRECTION('',(0.,-1.,0.));
#9834=DIRECTION('',(0.,0.,-1.));
#9835=DIRECTION('center_axis',(0.,1.,0.));
#9836=DIRECTION('ref_axis',(1.,0.,0.));
#9837=DIRECTION('',(-1.,0.,0.));
#9838=DIRECTION('',(1.,0.,0.));
#9839=DIRECTION('center_axis',(-1.,0.,0.));
#9840=DIRECTION('ref_axis',(0.,1.,0.));
#9841=DIRECTION('',(0.,-1.,0.));
#9842=DIRECTION('',(0.,0.,-1.));
#9843=DIRECTION('',(0.,1.,0.));
#9844=DIRECTION('',(0.,0.,-1.));
#9845=DIRECTION('center_axis',(0.,-1.,0.));
#9846=DIRECTION('ref_axis',(-1.,0.,0.));
#9847=DIRECTION('',(1.,0.,0.));
#9848=DIRECTION('',(-1.,0.,0.));
#9849=DIRECTION('',(0.,0.,-1.));
#9850=DIRECTION('center_axis',(1.,0.,0.));
#9851=DIRECTION('ref_axis',(0.,-1.,0.));
#9852=DIRECTION('',(0.,1.,0.));
#9853=DIRECTION('',(0.,-1.,0.));
#9854=DIRECTION('',(0.,0.,-1.));
#9855=DIRECTION('center_axis',(0.,1.,0.));
#9856=DIRECTION('ref_axis',(1.,0.,0.));
#9857=DIRECTION('',(-1.,0.,0.));
#9858=DIRECTION('',(1.,0.,0.));
#9859=DIRECTION('center_axis',(-1.,0.,0.));
#9860=DIRECTION('ref_axis',(0.,1.,0.));
#9861=DIRECTION('',(0.,-1.,0.));
#9862=DIRECTION('',(0.,0.,-1.));
#9863=DIRECTION('',(0.,1.,0.));
#9864=DIRECTION('',(0.,0.,-1.));
#9865=DIRECTION('center_axis',(0.,-1.,0.));
#9866=DIRECTION('ref_axis',(-1.,0.,0.));
#9867=DIRECTION('',(1.,0.,0.));
#9868=DIRECTION('',(-1.,0.,0.));
#9869=DIRECTION('',(0.,0.,-1.));
#9870=DIRECTION('center_axis',(1.,0.,0.));
#9871=DIRECTION('ref_axis',(0.,-1.,0.));
#9872=DIRECTION('',(0.,1.,0.));
#9873=DIRECTION('',(0.,-1.,0.));
#9874=DIRECTION('',(0.,0.,-1.));
#9875=DIRECTION('center_axis',(0.,1.,0.));
#9876=DIRECTION('ref_axis',(1.,0.,0.));
#9877=DIRECTION('',(-1.,0.,0.));
#9878=DIRECTION('',(1.,0.,0.));
#9879=DIRECTION('center_axis',(-1.,0.,0.));
#9880=DIRECTION('ref_axis',(0.,1.,0.));
#9881=DIRECTION('',(0.,-1.,0.));
#9882=DIRECTION('',(0.,0.,-1.));
#9883=DIRECTION('',(0.,1.,0.));
#9884=DIRECTION('',(0.,0.,-1.));
#9885=DIRECTION('center_axis',(0.,-1.,0.));
#9886=DIRECTION('ref_axis',(-1.,0.,0.));
#9887=DIRECTION('',(1.,0.,0.));
#9888=DIRECTION('',(-1.,0.,0.));
#9889=DIRECTION('',(0.,0.,-1.));
#9890=DIRECTION('center_axis',(1.,0.,0.));
#9891=DIRECTION('ref_axis',(0.,-1.,0.));
#9892=DIRECTION('',(0.,1.,0.));
#9893=DIRECTION('',(0.,-1.,0.));
#9894=DIRECTION('',(0.,0.,-1.));
#9895=DIRECTION('center_axis',(0.,1.,0.));
#9896=DIRECTION('ref_axis',(1.,0.,0.));
#9897=DIRECTION('',(-1.,0.,0.));
#9898=DIRECTION('',(1.,0.,0.));
#9899=DIRECTION('center_axis',(-1.,0.,0.));
#9900=DIRECTION('ref_axis',(0.,1.,0.));
#9901=DIRECTION('',(0.,-1.,0.));
#9902=DIRECTION('',(0.,0.,-1.));
#9903=DIRECTION('',(0.,1.,0.));
#9904=DIRECTION('',(0.,0.,-1.));
#9905=DIRECTION('center_axis',(0.,-1.,0.));
#9906=DIRECTION('ref_axis',(-1.,0.,0.));
#9907=DIRECTION('',(1.,0.,0.));
#9908=DIRECTION('',(-1.,0.,0.));
#9909=DIRECTION('',(0.,0.,-1.));
#9910=DIRECTION('center_axis',(1.,0.,0.));
#9911=DIRECTION('ref_axis',(0.,-1.,0.));
#9912=DIRECTION('',(0.,1.,0.));
#9913=DIRECTION('',(0.,-1.,0.));
#9914=DIRECTION('',(0.,0.,-1.));
#9915=DIRECTION('center_axis',(0.,1.,0.));
#9916=DIRECTION('ref_axis',(1.,0.,0.));
#9917=DIRECTION('',(-1.,0.,0.));
#9918=DIRECTION('',(1.,0.,0.));
#9919=DIRECTION('center_axis',(-1.,0.,0.));
#9920=DIRECTION('ref_axis',(0.,1.,0.));
#9921=DIRECTION('',(0.,-1.,0.));
#9922=DIRECTION('',(0.,0.,-1.));
#9923=DIRECTION('',(0.,1.,0.));
#9924=DIRECTION('',(0.,0.,-1.));
#9925=DIRECTION('center_axis',(0.,-1.,0.));
#9926=DIRECTION('ref_axis',(-1.,0.,0.));
#9927=DIRECTION('',(1.,0.,0.));
#9928=DIRECTION('',(-1.,0.,0.));
#9929=DIRECTION('',(0.,0.,-1.));
#9930=DIRECTION('center_axis',(1.,0.,0.));
#9931=DIRECTION('ref_axis',(0.,-1.,0.));
#9932=DIRECTION('',(0.,1.,0.));
#9933=DIRECTION('',(0.,-1.,0.));
#9934=DIRECTION('',(0.,0.,-1.));
#9935=DIRECTION('center_axis',(0.,1.,0.));
#9936=DIRECTION('ref_axis',(1.,0.,0.));
#9937=DIRECTION('',(-1.,0.,0.));
#9938=DIRECTION('',(1.,0.,0.));
#9939=DIRECTION('center_axis',(-1.,0.,0.));
#9940=DIRECTION('ref_axis',(0.,1.,0.));
#9941=DIRECTION('',(0.,-1.,0.));
#9942=DIRECTION('',(0.,0.,-1.));
#9943=DIRECTION('',(0.,1.,0.));
#9944=DIRECTION('',(0.,0.,-1.));
#9945=DIRECTION('center_axis',(0.,-1.,0.));
#9946=DIRECTION('ref_axis',(-1.,0.,0.));
#9947=DIRECTION('',(1.,0.,0.));
#9948=DIRECTION('',(-1.,0.,0.));
#9949=DIRECTION('',(0.,0.,-1.));
#9950=DIRECTION('center_axis',(1.,0.,0.));
#9951=DIRECTION('ref_axis',(0.,-1.,0.));
#9952=DIRECTION('',(0.,1.,0.));
#9953=DIRECTION('',(0.,-1.,0.));
#9954=DIRECTION('',(0.,0.,-1.));
#9955=DIRECTION('center_axis',(0.,1.,0.));
#9956=DIRECTION('ref_axis',(1.,0.,0.));
#9957=DIRECTION('',(-1.,0.,0.));
#9958=DIRECTION('',(1.,0.,0.));
#9959=DIRECTION('center_axis',(-1.,0.,0.));
#9960=DIRECTION('ref_axis',(0.,1.,0.));
#9961=DIRECTION('',(0.,-1.,0.));
#9962=DIRECTION('',(0.,0.,-1.));
#9963=DIRECTION('',(0.,1.,0.));
#9964=DIRECTION('',(0.,0.,-1.));
#9965=DIRECTION('center_axis',(0.,-1.,0.));
#9966=DIRECTION('ref_axis',(-1.,0.,0.));
#9967=DIRECTION('',(1.,0.,0.));
#9968=DIRECTION('',(-1.,0.,0.));
#9969=DIRECTION('',(0.,0.,-1.));
#9970=DIRECTION('center_axis',(1.,0.,0.));
#9971=DIRECTION('ref_axis',(0.,-1.,0.));
#9972=DIRECTION('',(0.,1.,0.));
#9973=DIRECTION('',(0.,-1.,0.));
#9974=DIRECTION('',(0.,0.,-1.));
#9975=DIRECTION('center_axis',(0.,1.,0.));
#9976=DIRECTION('ref_axis',(1.,0.,0.));
#9977=DIRECTION('',(-1.,0.,0.));
#9978=DIRECTION('',(1.,0.,0.));
#9979=DIRECTION('center_axis',(-1.,0.,0.));
#9980=DIRECTION('ref_axis',(0.,1.,0.));
#9981=DIRECTION('',(0.,-1.,0.));
#9982=DIRECTION('',(0.,0.,-1.));
#9983=DIRECTION('',(0.,1.,0.));
#9984=DIRECTION('',(0.,0.,-1.));
#9985=DIRECTION('center_axis',(0.,-1.,0.));
#9986=DIRECTION('ref_axis',(-1.,0.,0.));
#9987=DIRECTION('',(1.,0.,0.));
#9988=DIRECTION('',(-1.,0.,0.));
#9989=DIRECTION('',(0.,0.,-1.));
#9990=DIRECTION('center_axis',(1.,0.,0.));
#9991=DIRECTION('ref_axis',(0.,-1.,0.));
#9992=DIRECTION('',(0.,1.,0.));
#9993=DIRECTION('',(0.,-1.,0.));
#9994=DIRECTION('',(0.,0.,-1.));
#9995=DIRECTION('center_axis',(0.,1.,0.));
#9996=DIRECTION('ref_axis',(1.,0.,0.));
#9997=DIRECTION('',(-1.,0.,0.));
#9998=DIRECTION('',(1.,0.,0.));
#9999=DIRECTION('center_axis',(-1.,0.,0.));
#10000=DIRECTION('ref_axis',(0.,1.,0.));
#10001=DIRECTION('',(0.,-1.,0.));
#10002=DIRECTION('',(0.,0.,-1.));
#10003=DIRECTION('',(0.,1.,0.));
#10004=DIRECTION('',(0.,0.,-1.));
#10005=DIRECTION('center_axis',(0.,-1.,0.));
#10006=DIRECTION('ref_axis',(-1.,0.,0.));
#10007=DIRECTION('',(1.,0.,0.));
#10008=DIRECTION('',(-1.,0.,0.));
#10009=DIRECTION('',(0.,0.,-1.));
#10010=DIRECTION('center_axis',(1.,0.,0.));
#10011=DIRECTION('ref_axis',(0.,-1.,0.));
#10012=DIRECTION('',(0.,1.,0.));
#10013=DIRECTION('',(0.,-1.,0.));
#10014=DIRECTION('',(0.,0.,-1.));
#10015=DIRECTION('center_axis',(0.,1.,0.));
#10016=DIRECTION('ref_axis',(1.,0.,0.));
#10017=DIRECTION('',(-1.,0.,0.));
#10018=DIRECTION('',(1.,0.,0.));
#10019=DIRECTION('center_axis',(-1.,0.,0.));
#10020=DIRECTION('ref_axis',(0.,1.,0.));
#10021=DIRECTION('',(0.,-1.,0.));
#10022=DIRECTION('',(0.,0.,-1.));
#10023=DIRECTION('',(0.,1.,0.));
#10024=DIRECTION('',(0.,0.,-1.));
#10025=DIRECTION('center_axis',(0.,-1.,0.));
#10026=DIRECTION('ref_axis',(-1.,0.,0.));
#10027=DIRECTION('',(1.,0.,0.));
#10028=DIRECTION('',(-1.,0.,0.));
#10029=DIRECTION('',(0.,0.,-1.));
#10030=DIRECTION('center_axis',(1.,0.,0.));
#10031=DIRECTION('ref_axis',(0.,-1.,0.));
#10032=DIRECTION('',(0.,1.,0.));
#10033=DIRECTION('',(0.,-1.,0.));
#10034=DIRECTION('',(0.,0.,-1.));
#10035=DIRECTION('center_axis',(0.,1.,0.));
#10036=DIRECTION('ref_axis',(1.,0.,0.));
#10037=DIRECTION('',(-1.,0.,0.));
#10038=DIRECTION('',(1.,0.,0.));
#10039=DIRECTION('center_axis',(-1.,0.,0.));
#10040=DIRECTION('ref_axis',(0.,1.,0.));
#10041=DIRECTION('',(0.,-1.,0.));
#10042=DIRECTION('',(0.,0.,-1.));
#10043=DIRECTION('',(0.,1.,0.));
#10044=DIRECTION('',(0.,0.,-1.));
#10045=DIRECTION('center_axis',(0.,-1.,0.));
#10046=DIRECTION('ref_axis',(-1.,0.,0.));
#10047=DIRECTION('',(1.,0.,0.));
#10048=DIRECTION('',(-1.,0.,0.));
#10049=DIRECTION('',(0.,0.,-1.));
#10050=DIRECTION('center_axis',(1.,0.,0.));
#10051=DIRECTION('ref_axis',(0.,-1.,0.));
#10052=DIRECTION('',(0.,1.,0.));
#10053=DIRECTION('',(0.,-1.,0.));
#10054=DIRECTION('',(0.,0.,-1.));
#10055=DIRECTION('center_axis',(0.,1.,0.));
#10056=DIRECTION('ref_axis',(1.,0.,0.));
#10057=DIRECTION('',(-1.,0.,0.));
#10058=DIRECTION('',(1.,0.,0.));
#10059=DIRECTION('center_axis',(-1.,0.,0.));
#10060=DIRECTION('ref_axis',(0.,1.,0.));
#10061=DIRECTION('',(0.,-1.,0.));
#10062=DIRECTION('',(0.,0.,-1.));
#10063=DIRECTION('',(0.,1.,0.));
#10064=DIRECTION('',(0.,0.,-1.));
#10065=DIRECTION('center_axis',(0.,-1.,0.));
#10066=DIRECTION('ref_axis',(-1.,0.,0.));
#10067=DIRECTION('',(1.,0.,0.));
#10068=DIRECTION('',(-1.,0.,0.));
#10069=DIRECTION('',(0.,0.,-1.));
#10070=DIRECTION('center_axis',(1.,0.,0.));
#10071=DIRECTION('ref_axis',(0.,-1.,0.));
#10072=DIRECTION('',(0.,1.,0.));
#10073=DIRECTION('',(0.,-1.,0.));
#10074=DIRECTION('',(0.,0.,-1.));
#10075=DIRECTION('center_axis',(0.,1.,0.));
#10076=DIRECTION('ref_axis',(1.,0.,0.));
#10077=DIRECTION('',(-1.,0.,0.));
#10078=DIRECTION('',(1.,0.,0.));
#10079=DIRECTION('center_axis',(-1.,0.,0.));
#10080=DIRECTION('ref_axis',(0.,1.,0.));
#10081=DIRECTION('',(0.,-1.,0.));
#10082=DIRECTION('',(0.,0.,-1.));
#10083=DIRECTION('',(0.,1.,0.));
#10084=DIRECTION('',(0.,0.,-1.));
#10085=DIRECTION('center_axis',(0.,-1.,0.));
#10086=DIRECTION('ref_axis',(-1.,0.,0.));
#10087=DIRECTION('',(1.,0.,0.));
#10088=DIRECTION('',(-1.,0.,0.));
#10089=DIRECTION('',(0.,0.,-1.));
#10090=DIRECTION('center_axis',(1.,0.,0.));
#10091=DIRECTION('ref_axis',(0.,-1.,0.));
#10092=DIRECTION('',(0.,1.,0.));
#10093=DIRECTION('',(0.,-1.,0.));
#10094=DIRECTION('',(0.,0.,-1.));
#10095=DIRECTION('center_axis',(0.,1.,0.));
#10096=DIRECTION('ref_axis',(1.,0.,0.));
#10097=DIRECTION('',(-1.,0.,0.));
#10098=DIRECTION('',(1.,0.,0.));
#10099=DIRECTION('center_axis',(-1.,0.,0.));
#10100=DIRECTION('ref_axis',(0.,1.,0.));
#10101=DIRECTION('',(0.,-1.,0.));
#10102=DIRECTION('',(0.,0.,-1.));
#10103=DIRECTION('',(0.,1.,0.));
#10104=DIRECTION('',(0.,0.,-1.));
#10105=DIRECTION('center_axis',(0.,-1.,0.));
#10106=DIRECTION('ref_axis',(-1.,0.,0.));
#10107=DIRECTION('',(1.,0.,0.));
#10108=DIRECTION('',(-1.,0.,0.));
#10109=DIRECTION('',(0.,0.,-1.));
#10110=DIRECTION('center_axis',(1.,0.,0.));
#10111=DIRECTION('ref_axis',(0.,-1.,0.));
#10112=DIRECTION('',(0.,1.,0.));
#10113=DIRECTION('',(0.,-1.,0.));
#10114=DIRECTION('',(0.,0.,-1.));
#10115=DIRECTION('center_axis',(0.,1.,0.));
#10116=DIRECTION('ref_axis',(1.,0.,0.));
#10117=DIRECTION('',(-1.,0.,0.));
#10118=DIRECTION('',(1.,0.,0.));
#10119=DIRECTION('center_axis',(-1.,0.,0.));
#10120=DIRECTION('ref_axis',(0.,1.,0.));
#10121=DIRECTION('',(0.,-1.,0.));
#10122=DIRECTION('',(0.,0.,-1.));
#10123=DIRECTION('',(0.,1.,0.));
#10124=DIRECTION('',(0.,0.,-1.));
#10125=DIRECTION('center_axis',(0.,-1.,0.));
#10126=DIRECTION('ref_axis',(-1.,0.,0.));
#10127=DIRECTION('',(1.,0.,0.));
#10128=DIRECTION('',(-1.,0.,0.));
#10129=DIRECTION('',(0.,0.,-1.));
#10130=DIRECTION('center_axis',(1.,0.,0.));
#10131=DIRECTION('ref_axis',(0.,-1.,0.));
#10132=DIRECTION('',(0.,1.,0.));
#10133=DIRECTION('',(0.,-1.,0.));
#10134=DIRECTION('',(0.,0.,-1.));
#10135=DIRECTION('center_axis',(0.,1.,0.));
#10136=DIRECTION('ref_axis',(1.,0.,0.));
#10137=DIRECTION('',(-1.,0.,0.));
#10138=DIRECTION('',(1.,0.,0.));
#10139=DIRECTION('center_axis',(-1.,0.,0.));
#10140=DIRECTION('ref_axis',(0.,1.,0.));
#10141=DIRECTION('',(0.,-1.,0.));
#10142=DIRECTION('',(0.,0.,-1.));
#10143=DIRECTION('',(0.,1.,0.));
#10144=DIRECTION('',(0.,0.,-1.));
#10145=DIRECTION('center_axis',(0.,-1.,0.));
#10146=DIRECTION('ref_axis',(-1.,0.,0.));
#10147=DIRECTION('',(1.,0.,0.));
#10148=DIRECTION('',(-1.,0.,0.));
#10149=DIRECTION('',(0.,0.,-1.));
#10150=DIRECTION('center_axis',(1.,0.,0.));
#10151=DIRECTION('ref_axis',(0.,-1.,0.));
#10152=DIRECTION('',(0.,1.,0.));
#10153=DIRECTION('',(0.,-1.,0.));
#10154=DIRECTION('',(0.,0.,-1.));
#10155=DIRECTION('center_axis',(0.,1.,0.));
#10156=DIRECTION('ref_axis',(1.,0.,0.));
#10157=DIRECTION('',(-1.,0.,0.));
#10158=DIRECTION('',(1.,0.,0.));
#10159=DIRECTION('center_axis',(-1.,0.,0.));
#10160=DIRECTION('ref_axis',(0.,1.,0.));
#10161=DIRECTION('',(0.,-1.,0.));
#10162=DIRECTION('',(0.,0.,-1.));
#10163=DIRECTION('',(0.,1.,0.));
#10164=DIRECTION('',(0.,0.,-1.));
#10165=DIRECTION('center_axis',(0.,-1.,0.));
#10166=DIRECTION('ref_axis',(-1.,0.,0.));
#10167=DIRECTION('',(1.,0.,0.));
#10168=DIRECTION('',(-1.,0.,0.));
#10169=DIRECTION('',(0.,0.,-1.));
#10170=DIRECTION('center_axis',(1.,0.,0.));
#10171=DIRECTION('ref_axis',(0.,-1.,0.));
#10172=DIRECTION('',(0.,1.,0.));
#10173=DIRECTION('',(0.,-1.,0.));
#10174=DIRECTION('',(0.,0.,-1.));
#10175=DIRECTION('center_axis',(0.,1.,0.));
#10176=DIRECTION('ref_axis',(1.,0.,0.));
#10177=DIRECTION('',(-1.,0.,0.));
#10178=DIRECTION('',(1.,0.,0.));
#10179=DIRECTION('center_axis',(-1.,0.,0.));
#10180=DIRECTION('ref_axis',(0.,1.,0.));
#10181=DIRECTION('',(0.,-1.,0.));
#10182=DIRECTION('',(0.,0.,-1.));
#10183=DIRECTION('',(0.,1.,0.));
#10184=DIRECTION('',(0.,0.,-1.));
#10185=DIRECTION('center_axis',(0.,-1.,0.));
#10186=DIRECTION('ref_axis',(-1.,0.,0.));
#10187=DIRECTION('',(1.,0.,0.));
#10188=DIRECTION('',(-1.,0.,0.));
#10189=DIRECTION('',(0.,0.,-1.));
#10190=DIRECTION('center_axis',(1.,0.,0.));
#10191=DIRECTION('ref_axis',(0.,-1.,0.));
#10192=DIRECTION('',(0.,1.,0.));
#10193=DIRECTION('',(0.,-1.,0.));
#10194=DIRECTION('',(0.,0.,-1.));
#10195=DIRECTION('center_axis',(0.,1.,0.));
#10196=DIRECTION('ref_axis',(1.,0.,0.));
#10197=DIRECTION('',(-1.,0.,0.));
#10198=DIRECTION('',(1.,0.,0.));
#10199=DIRECTION('center_axis',(-1.,0.,0.));
#10200=DIRECTION('ref_axis',(0.,1.,0.));
#10201=DIRECTION('',(0.,-1.,0.));
#10202=DIRECTION('',(0.,0.,-1.));
#10203=DIRECTION('',(0.,1.,0.));
#10204=DIRECTION('',(0.,0.,-1.));
#10205=DIRECTION('center_axis',(0.,-1.,0.));
#10206=DIRECTION('ref_axis',(-1.,0.,0.));
#10207=DIRECTION('',(1.,0.,0.));
#10208=DIRECTION('',(-1.,0.,0.));
#10209=DIRECTION('',(0.,0.,-1.));
#10210=DIRECTION('center_axis',(1.,0.,0.));
#10211=DIRECTION('ref_axis',(0.,-1.,0.));
#10212=DIRECTION('',(0.,1.,0.));
#10213=DIRECTION('',(0.,-1.,0.));
#10214=DIRECTION('',(0.,0.,-1.));
#10215=DIRECTION('center_axis',(0.,1.,0.));
#10216=DIRECTION('ref_axis',(1.,0.,0.));
#10217=DIRECTION('',(-1.,0.,0.));
#10218=DIRECTION('',(1.,0.,0.));
#10219=DIRECTION('center_axis',(-1.,0.,0.));
#10220=DIRECTION('ref_axis',(0.,1.,0.));
#10221=DIRECTION('',(0.,-1.,0.));
#10222=DIRECTION('',(0.,0.,-1.));
#10223=DIRECTION('',(0.,1.,0.));
#10224=DIRECTION('',(0.,0.,-1.));
#10225=DIRECTION('center_axis',(0.,-1.,0.));
#10226=DIRECTION('ref_axis',(-1.,0.,0.));
#10227=DIRECTION('',(1.,0.,0.));
#10228=DIRECTION('',(-1.,0.,0.));
#10229=DIRECTION('',(0.,0.,-1.));
#10230=DIRECTION('center_axis',(1.,0.,0.));
#10231=DIRECTION('ref_axis',(0.,-1.,0.));
#10232=DIRECTION('',(0.,1.,0.));
#10233=DIRECTION('',(0.,-1.,0.));
#10234=DIRECTION('',(0.,0.,-1.));
#10235=DIRECTION('center_axis',(0.,1.,0.));
#10236=DIRECTION('ref_axis',(1.,0.,0.));
#10237=DIRECTION('',(-1.,0.,0.));
#10238=DIRECTION('',(1.,0.,0.));
#10239=DIRECTION('center_axis',(-1.,0.,0.));
#10240=DIRECTION('ref_axis',(0.,1.,0.));
#10241=DIRECTION('',(0.,-1.,0.));
#10242=DIRECTION('',(0.,0.,-1.));
#10243=DIRECTION('',(0.,1.,0.));
#10244=DIRECTION('',(0.,0.,-1.));
#10245=DIRECTION('center_axis',(0.,-1.,0.));
#10246=DIRECTION('ref_axis',(-1.,0.,0.));
#10247=DIRECTION('',(1.,0.,0.));
#10248=DIRECTION('',(-1.,0.,0.));
#10249=DIRECTION('',(0.,0.,-1.));
#10250=DIRECTION('center_axis',(1.,0.,0.));
#10251=DIRECTION('ref_axis',(0.,-1.,0.));
#10252=DIRECTION('',(0.,1.,0.));
#10253=DIRECTION('',(0.,-1.,0.));
#10254=DIRECTION('',(0.,0.,-1.));
#10255=DIRECTION('center_axis',(0.,1.,0.));
#10256=DIRECTION('ref_axis',(1.,0.,0.));
#10257=DIRECTION('',(-1.,0.,0.));
#10258=DIRECTION('',(1.,0.,0.));
#10259=DIRECTION('center_axis',(-1.,0.,0.));
#10260=DIRECTION('ref_axis',(0.,1.,0.));
#10261=DIRECTION('',(0.,-1.,0.));
#10262=DIRECTION('',(0.,0.,-1.));
#10263=DIRECTION('',(0.,1.,0.));
#10264=DIRECTION('',(0.,0.,-1.));
#10265=DIRECTION('center_axis',(0.,-1.,0.));
#10266=DIRECTION('ref_axis',(-1.,0.,0.));
#10267=DIRECTION('',(1.,0.,0.));
#10268=DIRECTION('',(-1.,0.,0.));
#10269=DIRECTION('',(0.,0.,-1.));
#10270=DIRECTION('center_axis',(1.,0.,0.));
#10271=DIRECTION('ref_axis',(0.,-1.,0.));
#10272=DIRECTION('',(0.,1.,0.));
#10273=DIRECTION('',(0.,-1.,0.));
#10274=DIRECTION('',(0.,0.,-1.));
#10275=DIRECTION('center_axis',(0.,1.,0.));
#10276=DIRECTION('ref_axis',(1.,0.,0.));
#10277=DIRECTION('',(-1.,0.,0.));
#10278=DIRECTION('',(1.,0.,0.));
#10279=DIRECTION('center_axis',(-1.,0.,0.));
#10280=DIRECTION('ref_axis',(0.,1.,0.));
#10281=DIRECTION('',(0.,-1.,0.));
#10282=DIRECTION('',(0.,0.,-1.));
#10283=DIRECTION('',(0.,1.,0.));
#10284=DIRECTION('',(0.,0.,-1.));
#10285=DIRECTION('center_axis',(0.,-1.,0.));
#10286=DIRECTION('ref_axis',(-1.,0.,0.));
#10287=DIRECTION('',(1.,0.,0.));
#10288=DIRECTION('',(-1.,0.,0.));
#10289=DIRECTION('',(0.,0.,-1.));
#10290=DIRECTION('center_axis',(1.,0.,0.));
#10291=DIRECTION('ref_axis',(0.,-1.,0.));
#10292=DIRECTION('',(0.,1.,0.));
#10293=DIRECTION('',(0.,-1.,0.));
#10294=DIRECTION('',(0.,0.,-1.));
#10295=DIRECTION('center_axis',(0.,1.,0.));
#10296=DIRECTION('ref_axis',(1.,0.,0.));
#10297=DIRECTION('',(-1.,0.,0.));
#10298=DIRECTION('',(1.,0.,0.));
#10299=DIRECTION('center_axis',(0.,-1.,0.));
#10300=DIRECTION('ref_axis',(-1.,0.,0.));
#10301=DIRECTION('',(1.,0.,0.));
#10302=DIRECTION('',(0.,0.,-1.));
#10303=DIRECTION('',(-1.,0.,0.));
#10304=DIRECTION('',(0.,0.,-1.));
#10305=DIRECTION('center_axis',(0.,0.,-1.));
#10306=DIRECTION('ref_axis',(0.,-1.,0.));
#10307=DIRECTION('center_axis',(0.,0.,1.));
#10308=DIRECTION('ref_axis',(0.,-1.,0.));
#10309=DIRECTION('center_axis',(0.,0.,-1.));
#10310=DIRECTION('ref_axis',(0.,-1.,0.));
#10311=DIRECTION('',(0.,0.,-1.));
#10312=DIRECTION('center_axis',(0.,1.,0.));
#10313=DIRECTION('ref_axis',(1.,0.,0.));
#10314=DIRECTION('',(-1.,0.,0.));
#10315=DIRECTION('',(1.,0.,0.));
#10316=DIRECTION('',(0.,0.,-1.));
#10317=DIRECTION('center_axis',(0.,0.,-1.));
#10318=DIRECTION('ref_axis',(0.,1.,0.));
#10319=DIRECTION('center_axis',(0.,0.,1.));
#10320=DIRECTION('ref_axis',(0.,1.,0.));
#10321=DIRECTION('center_axis',(0.,0.,-1.));
#10322=DIRECTION('ref_axis',(0.,1.,0.));
#10323=DIRECTION('center_axis',(0.,0.,-1.));
#10324=DIRECTION('ref_axis',(-0.997455853968533,-0.0712868808681073,0.));
#10325=DIRECTION('',(0.,0.,-1.));
#10326=DIRECTION('center_axis',(0.,0.,-1.));
#10327=DIRECTION('ref_axis',(1.,0.,0.));
#10328=DIRECTION('',(0.,0.,1.));
#10329=DIRECTION('center_axis',(0.,0.,1.));
#10330=DIRECTION('ref_axis',(1.,0.,0.));
#10331=DIRECTION('center_axis',(0.,0.,-1.));
#10332=DIRECTION('ref_axis',(1.,0.,0.));
#10333=DIRECTION('',(0.,0.,1.));
#10334=DIRECTION('center_axis',(0.,0.,1.));
#10335=DIRECTION('ref_axis',(1.,0.,0.));
#10336=DIRECTION('',(0.,0.,-1.));
#10337=DIRECTION('center_axis',(0.,0.,-1.));
#10338=DIRECTION('ref_axis',(1.,0.,0.));
#10339=DIRECTION('center_axis',(0.,0.,-1.));
#10340=DIRECTION('ref_axis',(-0.997455853968533,-0.0712868808681126,0.));
#10341=DIRECTION('',(0.,0.,-1.));
#10342=DIRECTION('center_axis',(0.,0.,-1.));
#10343=DIRECTION('ref_axis',(1.,0.,0.));
#10344=DIRECTION('',(0.,0.,1.));
#10345=DIRECTION('center_axis',(0.,0.,1.));
#10346=DIRECTION('ref_axis',(1.,0.,0.));
#10347=DIRECTION('center_axis',(0.,0.,-1.));
#10348=DIRECTION('ref_axis',(-0.997455853968533,0.0712868808681206,0.));
#10349=DIRECTION('',(0.,0.,1.));
#10350=DIRECTION('center_axis',(0.,0.,1.));
#10351=DIRECTION('ref_axis',(1.,0.,0.));
#10352=DIRECTION('',(0.,0.,-1.));
#10353=DIRECTION('center_axis',(0.,0.,-1.));
#10354=DIRECTION('ref_axis',(1.,0.,0.));
#10355=DIRECTION('center_axis',(0.,0.,-1.));
#10356=DIRECTION('ref_axis',(1.,0.,0.));
#10357=DIRECTION('',(0.,0.,-1.));
#10358=DIRECTION('center_axis',(0.,0.,-1.));
#10359=DIRECTION('ref_axis',(1.,0.,0.));
#10360=DIRECTION('',(0.,0.,1.));
#10361=DIRECTION('center_axis',(0.,0.,1.));
#10362=DIRECTION('ref_axis',(1.,0.,0.));
#10363=DIRECTION('center_axis',(0.,0.,-1.));
#10364=DIRECTION('ref_axis',(-0.997455853968533,0.0712868808681108,0.));
#10365=DIRECTION('',(0.,0.,1.));
#10366=DIRECTION('center_axis',(0.,0.,1.));
#10367=DIRECTION('ref_axis',(1.,0.,0.));
#10368=DIRECTION('center_axis',(0.,0.,-1.));
#10369=DIRECTION('ref_axis',(1.,0.,0.));
#10370=DIRECTION('center_axis',(-1.10911391071444E-17,-1.,0.));
#10371=DIRECTION('ref_axis',(-1.,1.10911391071444E-17,0.));
#10372=DIRECTION('',(1.,-1.10911391071444E-17,0.));
#10373=DIRECTION('',(0.,0.,-1.));
#10374=DIRECTION('',(-1.,1.10911391071444E-17,0.));
#10375=DIRECTION('',(0.,0.,-1.));
#10376=DIRECTION('center_axis',(0.,0.,-1.));
#10377=DIRECTION('ref_axis',(0.,-1.,0.));
#10378=DIRECTION('center_axis',(0.,0.,1.));
#10379=DIRECTION('ref_axis',(0.,-1.,0.));
#10380=DIRECTION('center_axis',(0.,0.,-1.));
#10381=DIRECTION('ref_axis',(0.,-1.,0.));
#10382=DIRECTION('',(0.,0.,-1.));
#10383=DIRECTION('center_axis',(3.32734173214333E-17,1.,0.));
#10384=DIRECTION('ref_axis',(1.,-3.32734173214333E-17,0.));
#10385=DIRECTION('',(-1.,3.32734173214333E-17,0.));
#10386=DIRECTION('',(1.,-3.32734173214333E-17,0.));
#10387=DIRECTION('',(0.,0.,-1.));
#10388=DIRECTION('center_axis',(0.,0.,-1.));
#10389=DIRECTION('ref_axis',(0.,1.,0.));
#10390=DIRECTION('center_axis',(0.,0.,1.));
#10391=DIRECTION('ref_axis',(0.,1.,0.));
#10392=DIRECTION('center_axis',(0.,0.,-1.));
#10393=DIRECTION('ref_axis',(0.,1.,0.));
#10394=DIRECTION('center_axis',(5.54556955357221E-17,-1.,0.));
#10395=DIRECTION('ref_axis',(-1.,-5.54556955357221E-17,0.));
#10396=DIRECTION('',(1.,5.54556955357221E-17,0.));
#10397=DIRECTION('',(0.,0.,-1.));
#10398=DIRECTION('',(-1.,-5.54556955357221E-17,0.));
#10399=DIRECTION('',(0.,0.,-1.));
#10400=DIRECTION('center_axis',(0.,0.,-1.));
#10401=DIRECTION('ref_axis',(0.,-1.,0.));
#10402=DIRECTION('center_axis',(0.,0.,1.));
#10403=DIRECTION('ref_axis',(0.,-1.,0.));
#10404=DIRECTION('center_axis',(0.,0.,-1.));
#10405=DIRECTION('ref_axis',(0.,-1.,0.));
#10406=DIRECTION('',(0.,0.,-1.));
#10407=DIRECTION('center_axis',(-3.32734173214333E-17,1.,0.));
#10408=DIRECTION('ref_axis',(1.,3.32734173214333E-17,0.));
#10409=DIRECTION('',(-1.,-3.32734173214333E-17,0.));
#10410=DIRECTION('',(1.,3.32734173214333E-17,0.));
#10411=DIRECTION('',(0.,0.,-1.));
#10412=DIRECTION('center_axis',(0.,0.,-1.));
#10413=DIRECTION('ref_axis',(0.,1.,0.));
#10414=DIRECTION('center_axis',(0.,0.,1.));
#10415=DIRECTION('ref_axis',(0.,1.,0.));
#10416=DIRECTION('center_axis',(0.,0.,-1.));
#10417=DIRECTION('ref_axis',(0.,1.,0.));
#10418=DIRECTION('center_axis',(0.,0.,-1.));
#10419=DIRECTION('ref_axis',(1.,0.,0.));
#10420=DIRECTION('',(0.,0.,1.));
#10421=DIRECTION('center_axis',(0.,0.,1.));
#10422=DIRECTION('ref_axis',(1.,0.,0.));
#10423=DIRECTION('',(0.,0.,-1.));
#10424=DIRECTION('center_axis',(0.,0.,-1.));
#10425=DIRECTION('ref_axis',(1.,0.,0.));
#10426=DIRECTION('center_axis',(0.,-1.,0.));
#10427=DIRECTION('ref_axis',(-1.,0.,0.));
#10428=DIRECTION('',(1.,0.,0.));
#10429=DIRECTION('',(0.,0.,-1.));
#10430=DIRECTION('',(-1.,0.,0.));
#10431=DIRECTION('',(0.,0.,-1.));
#10432=DIRECTION('center_axis',(0.,0.,-1.));
#10433=DIRECTION('ref_axis',(0.,-1.,0.));
#10434=DIRECTION('center_axis',(0.,0.,1.));
#10435=DIRECTION('ref_axis',(0.,-1.,0.));
#10436=DIRECTION('center_axis',(0.,0.,-1.));
#10437=DIRECTION('ref_axis',(0.,-1.,0.));
#10438=DIRECTION('',(0.,0.,-1.));
#10439=DIRECTION('center_axis',(0.,1.,0.));
#10440=DIRECTION('ref_axis',(1.,0.,0.));
#10441=DIRECTION('',(-1.,0.,0.));
#10442=DIRECTION('',(1.,0.,0.));
#10443=DIRECTION('',(0.,0.,-1.));
#10444=DIRECTION('center_axis',(0.,0.,-1.));
#10445=DIRECTION('ref_axis',(0.,1.,0.));
#10446=DIRECTION('center_axis',(0.,0.,1.));
#10447=DIRECTION('ref_axis',(0.,1.,0.));
#10448=DIRECTION('center_axis',(0.,0.,-1.));
#10449=DIRECTION('ref_axis',(0.,1.,0.));
#10450=DIRECTION('center_axis',(0.,0.,-1.));
#10451=DIRECTION('ref_axis',(1.,0.,0.));
#10452=DIRECTION('',(0.,0.,-1.));
#10453=DIRECTION('center_axis',(0.,0.,-1.));
#10454=DIRECTION('ref_axis',(1.,0.,0.));
#10455=DIRECTION('',(0.,0.,1.));
#10456=DIRECTION('center_axis',(0.,0.,1.));
#10457=DIRECTION('ref_axis',(1.,0.,0.));
#10458=DIRECTION('center_axis',(0.,0.,-1.));
#10459=DIRECTION('ref_axis',(1.,0.,0.));
#10460=DIRECTION('center_axis',(0.,0.,1.));
#10461=DIRECTION('ref_axis',(1.,0.,0.));
#10462=DIRECTION('',(0.,0.,-1.));
#10463=DIRECTION('center_axis',(0.,0.,1.));
#10464=DIRECTION('ref_axis',(1.,0.,0.));
#10465=DIRECTION('center_axis',(0.,0.,-1.));
#10466=DIRECTION('ref_axis',(1.,0.,0.));
#10467=DIRECTION('center_axis',(0.,0.,1.));
#10468=DIRECTION('ref_axis',(1.,0.,0.));
#10469=DIRECTION('',(0.,0.,-1.));
#10470=DIRECTION('center_axis',(0.,0.,1.));
#10471=DIRECTION('ref_axis',(1.,0.,0.));
#10472=DIRECTION('center_axis',(0.,0.,-1.));
#10473=DIRECTION('ref_axis',(1.,0.,0.));
#10474=DIRECTION('center_axis',(0.,0.,1.));
#10475=DIRECTION('ref_axis',(1.,0.,0.));
#10476=DIRECTION('',(0.,0.,-1.));
#10477=DIRECTION('center_axis',(0.,0.,1.));
#10478=DIRECTION('ref_axis',(1.,0.,0.));
#10479=DIRECTION('center_axis',(0.,0.,-1.));
#10480=DIRECTION('ref_axis',(1.,0.,0.));
#10481=DIRECTION('center_axis',(0.,0.,1.));
#10482=DIRECTION('ref_axis',(1.,0.,0.));
#10483=DIRECTION('',(0.,0.,-1.));
#10484=DIRECTION('center_axis',(0.,0.,1.));
#10485=DIRECTION('ref_axis',(1.,0.,0.));
#10486=DIRECTION('center_axis',(0.,0.,-1.));
#10487=DIRECTION('ref_axis',(1.,0.,0.));
#10488=DIRECTION('center_axis',(0.,0.,1.));
#10489=DIRECTION('ref_axis',(1.,0.,0.));
#10490=DIRECTION('',(0.,0.,-1.));
#10491=DIRECTION('center_axis',(0.,0.,1.));
#10492=DIRECTION('ref_axis',(1.,0.,0.));
#10493=DIRECTION('center_axis',(0.,0.,-1.));
#10494=DIRECTION('ref_axis',(1.,0.,0.));
#10495=DIRECTION('center_axis',(0.,0.,1.));
#10496=DIRECTION('ref_axis',(1.,0.,0.));
#10497=DIRECTION('',(0.,0.,-1.));
#10498=DIRECTION('center_axis',(0.,0.,1.));
#10499=DIRECTION('ref_axis',(1.,0.,0.));
#10500=DIRECTION('center_axis',(0.,0.,-1.));
#10501=DIRECTION('ref_axis',(1.,0.,0.));
#10502=DIRECTION('center_axis',(0.,0.,1.));
#10503=DIRECTION('ref_axis',(1.,0.,0.));
#10504=DIRECTION('',(0.,0.,-1.));
#10505=DIRECTION('center_axis',(0.,0.,1.));
#10506=DIRECTION('ref_axis',(1.,0.,0.));
#10507=DIRECTION('center_axis',(0.,0.,-1.));
#10508=DIRECTION('ref_axis',(1.,0.,0.));
#10509=DIRECTION('center_axis',(0.,0.,1.));
#10510=DIRECTION('ref_axis',(1.,0.,0.));
#10511=DIRECTION('',(0.,0.,-1.));
#10512=DIRECTION('center_axis',(0.,0.,1.));
#10513=DIRECTION('ref_axis',(1.,0.,0.));
#10514=DIRECTION('center_axis',(0.,0.,-1.));
#10515=DIRECTION('ref_axis',(-1.,0.,0.));
#10516=DIRECTION('',(0.,1.,0.));
#10517=DIRECTION('',(1.,1.18348647295067E-17,0.));
#10518=DIRECTION('center_axis',(0.,0.,1.));
#10519=DIRECTION('ref_axis',(0.707106781186553,0.707106781186543,0.));
#10520=DIRECTION('',(0.,-1.,0.));
#10521=DIRECTION('center_axis',(0.,0.,1.));
#10522=DIRECTION('ref_axis',(0.707106781186548,-0.707106781186548,0.));
#10523=DIRECTION('',(-1.,0.,0.));
#10524=DIRECTION('',(0.,1.,0.));
#10525=DIRECTION('',(1.,0.,0.));
#10526=DIRECTION('',(0.,-1.,0.));
#10527=DIRECTION('',(-1.,0.,0.));
#10528=DIRECTION('',(1.,0.,0.));
#10529=DIRECTION('',(0.,-1.,0.));
#10530=DIRECTION('',(-1.,0.,0.));
#10531=DIRECTION('center_axis',(0.,0.,1.));
#10532=DIRECTION('ref_axis',(-0.707106781186541,-0.707106781186554,0.));
#10533=DIRECTION('',(-3.10531213600537E-17,1.,0.));
#10534=DIRECTION('center_axis',(0.,0.,1.));
#10535=DIRECTION('ref_axis',(-0.707106781186549,0.707106781186546,0.));
#10536=DIRECTION('',(1.,1.18348647295067E-17,0.));
#10537=DIRECTION('',(0.,-1.,0.));
#10538=DIRECTION('',(-1.,0.,0.));
#10539=DIRECTION('',(0.,1.,0.));
#10540=DIRECTION('',(1.,1.18348647295067E-17,0.));
#10541=DIRECTION('',(0.,-1.,0.));
#10542=DIRECTION('',(-1.,0.,0.));
#10543=DIRECTION('center_axis',(0.,0.,-1.));
#10544=DIRECTION('ref_axis',(1.,0.,0.));
#10545=DIRECTION('center_axis',(0.,0.,-1.));
#10546=DIRECTION('ref_axis',(1.,0.,0.));
#10547=DIRECTION('center_axis',(0.,0.,-1.));
#10548=DIRECTION('ref_axis',(1.,0.,0.));
#10549=DIRECTION('center_axis',(0.,0.,-1.));
#10550=DIRECTION('ref_axis',(1.,0.,0.));
#10551=DIRECTION('center_axis',(0.,0.,-1.));
#10552=DIRECTION('ref_axis',(1.,0.,0.));
#10553=DIRECTION('center_axis',(0.,0.,-1.));
#10554=DIRECTION('ref_axis',(1.,0.,0.));
#10555=DIRECTION('center_axis',(0.,0.,-1.));
#10556=DIRECTION('ref_axis',(1.,0.,0.));
#10557=DIRECTION('center_axis',(0.,0.,-1.));
#10558=DIRECTION('ref_axis',(1.,0.,0.));
#10559=DIRECTION('center_axis',(0.,0.,1.));
#10560=DIRECTION('ref_axis',(1.,0.,0.));
#10561=DIRECTION('',(1.,0.,0.));
#10562=DIRECTION('',(0.,-1.,0.));
#10563=DIRECTION('',(1.,1.18348647295067E-17,0.));
#10564=DIRECTION('',(0.,-1.,0.));
#10565=DIRECTION('',(1.,0.,0.));
#10566=DIRECTION('',(0.,-1.,0.));
#10567=DIRECTION('',(1.,1.18348647295067E-17,0.));
#10568=DIRECTION('center_axis',(0.,0.,-1.));
#10569=DIRECTION('ref_axis',(-0.707106781186549,0.707106781186546,0.));
#10570=DIRECTION('',(-3.10531213600537E-17,1.,0.));
#10571=DIRECTION('center_axis',(0.,0.,-1.));
#10572=DIRECTION('ref_axis',(-0.707106781186541,-0.707106781186554,0.));
#10573=DIRECTION('',(-1.,0.,0.));
#10574=DIRECTION('',(0.,1.,0.));
#10575=DIRECTION('',(-1.,0.,0.));
#10576=DIRECTION('',(-1.,0.,0.));
#10577=DIRECTION('',(0.,1.,0.));
#10578=DIRECTION('',(-1.,0.,0.));
#10579=DIRECTION('',(0.,1.,0.));
#10580=DIRECTION('',(-1.,0.,0.));
#10581=DIRECTION('center_axis',(0.,0.,-1.));
#10582=DIRECTION('ref_axis',(0.707106781186548,-0.707106781186548,0.));
#10583=DIRECTION('',(0.,-1.,0.));
#10584=DIRECTION('center_axis',(0.,0.,-1.));
#10585=DIRECTION('ref_axis',(0.707106781186553,0.707106781186543,0.));
#10586=DIRECTION('',(1.,1.18348647295067E-17,0.));
#10587=DIRECTION('',(0.,-1.,0.));
#10588=DIRECTION('center_axis',(0.,0.,-1.));
#10589=DIRECTION('ref_axis',(1.,0.,0.));
#10590=DIRECTION('center_axis',(0.,0.,-1.));
#10591=DIRECTION('ref_axis',(1.,0.,0.));
#10592=DIRECTION('center_axis',(0.,0.,-1.));
#10593=DIRECTION('ref_axis',(1.,0.,0.));
#10594=DIRECTION('center_axis',(0.,0.,-1.));
#10595=DIRECTION('ref_axis',(1.,0.,0.));
#10596=DIRECTION('center_axis',(0.,0.,-1.));
#10597=DIRECTION('ref_axis',(1.,0.,0.));
#10598=DIRECTION('center_axis',(0.,0.,-1.));
#10599=DIRECTION('ref_axis',(1.,0.,0.));
#10600=DIRECTION('center_axis',(0.,0.,-1.));
#10601=DIRECTION('ref_axis',(1.,0.,0.));
#10602=DIRECTION('center_axis',(0.,0.,-1.));
#10603=DIRECTION('ref_axis',(1.,0.,0.));
#10604=DIRECTION('center_axis',(0.,-1.,0.));
#10605=DIRECTION('ref_axis',(-1.,0.,0.));
#10606=DIRECTION('center_axis',(0.,1.,0.));
#10607=DIRECTION('ref_axis',(1.,0.,0.));
#10608=DIRECTION('center_axis',(0.,-1.,0.));
#10609=DIRECTION('ref_axis',(-1.,0.,0.));
#10610=DIRECTION('center_axis',(0.,1.,0.));
#10611=DIRECTION('ref_axis',(1.,0.,0.));
#10612=DIRECTION('center_axis',(-1.,0.,0.));
#10613=DIRECTION('ref_axis',(0.,1.,0.));
#10614=DIRECTION('',(0.,0.,1.));
#10615=DIRECTION('center_axis',(0.,0.,-1.));
#10616=DIRECTION('ref_axis',(1.,0.,0.));
#10617=DIRECTION('',(0.,0.,1.));
#10618=DIRECTION('center_axis',(0.,-1.,0.));
#10619=DIRECTION('ref_axis',(-1.,0.,0.));
#10620=DIRECTION('center_axis',(-1.,0.,0.));
#10621=DIRECTION('ref_axis',(0.,1.,0.));
#10622=DIRECTION('',(0.,0.,1.));
#10623=DIRECTION('center_axis',(0.,0.,-1.));
#10624=DIRECTION('ref_axis',(1.,0.,0.));
#10625=DIRECTION('',(0.,0.,1.));
#10626=DIRECTION('center_axis',(0.,-1.,0.));
#10627=DIRECTION('ref_axis',(-1.,0.,0.));
#10628=DIRECTION('',(0.,0.,1.));
#10629=DIRECTION('center_axis',(-1.,0.,0.));
#10630=DIRECTION('ref_axis',(0.,1.,0.));
#10631=DIRECTION('',(0.,0.,-1.));
#10632=DIRECTION('center_axis',(0.,0.,-1.));
#10633=DIRECTION('ref_axis',(1.,0.,0.));
#10634=DIRECTION('',(0.,0.,1.));
#10635=DIRECTION('center_axis',(-1.18348647295067E-17,1.,0.));
#10636=DIRECTION('ref_axis',(1.,1.18348647295067E-17,0.));
#10637=DIRECTION('',(0.,0.,-1.));
#10638=DIRECTION('center_axis',(0.,0.,-1.));
#10639=DIRECTION('ref_axis',(1.,0.,0.));
#10640=DIRECTION('',(0.,0.,1.));
#10641=DIRECTION('center_axis',(0.,0.,-1.));
#10642=DIRECTION('ref_axis',(1.,0.,0.));
#10643=DIRECTION('',(0.,0.,1.));
#10644=DIRECTION('center_axis',(1.,0.,0.));
#10645=DIRECTION('ref_axis',(0.,-1.,0.));
#10646=DIRECTION('',(0.,0.,1.));
#10647=DIRECTION('center_axis',(-1.18348647295067E-17,1.,0.));
#10648=DIRECTION('ref_axis',(1.,1.18348647295067E-17,0.));
#10649=DIRECTION('',(0.,0.,-1.));
#10650=DIRECTION('center_axis',(0.,0.,-1.));
#10651=DIRECTION('ref_axis',(1.,0.,0.));
#10652=DIRECTION('',(0.,0.,1.));
#10653=DIRECTION('center_axis',(1.,0.,0.));
#10654=DIRECTION('ref_axis',(0.,-1.,0.));
#10655=DIRECTION('',(0.,0.,1.));
#10656=DIRECTION('center_axis',(-1.18348647295067E-17,1.,0.));
#10657=DIRECTION('ref_axis',(1.,1.18348647295067E-17,0.));
#10658=DIRECTION('',(0.,0.,1.));
#10659=DIRECTION('center_axis',(-1.,0.,0.));
#10660=DIRECTION('ref_axis',(0.,1.,0.));
#10661=DIRECTION('center_axis',(0.,0.,-1.));
#10662=DIRECTION('ref_axis',(1.,0.,0.));
#10663=DIRECTION('',(0.,0.,1.));
#10664=DIRECTION('center_axis',(0.,0.,-1.));
#10665=DIRECTION('ref_axis',(1.,0.,0.));
#10666=DIRECTION('',(0.,0.,1.));
#10667=DIRECTION('center_axis',(1.,0.,0.));
#10668=DIRECTION('ref_axis',(0.,-1.,0.));
#10669=DIRECTION('',(0.,0.,-1.));
#10670=DIRECTION('center_axis',(0.,-1.,0.));
#10671=DIRECTION('ref_axis',(-1.,0.,0.));
#10672=DIRECTION('',(0.,0.,-1.));
#10673=DIRECTION('center_axis',(0.,0.,-1.));
#10674=DIRECTION('ref_axis',(0.707106781186553,0.707106781186543,0.));
#10675=DIRECTION('',(0.,0.,-1.));
#10676=DIRECTION('center_axis',(0.,0.,-1.));
#10677=DIRECTION('ref_axis',(0.707106781186548,-0.707106781186548,0.));
#10678=DIRECTION('',(0.,0.,1.));
#10679=DIRECTION('center_axis',(0.,0.,-1.));
#10680=DIRECTION('ref_axis',(-0.707106781186541,-0.707106781186554,0.));
#10681=DIRECTION('',(0.,0.,-1.));
#10682=DIRECTION('center_axis',(0.,0.,-1.));
#10683=DIRECTION('ref_axis',(-0.707106781186549,0.707106781186546,0.));
#10684=DIRECTION('',(0.,0.,1.));
#10685=DIRECTION('center_axis',(-1.,-3.10531213600537E-17,0.));
#10686=DIRECTION('ref_axis',(-3.10531213600537E-17,1.,0.));
#10687=DIRECTION('center_axis',(1.,0.,0.));
#10688=DIRECTION('ref_axis',(0.,-1.,0.));
#10689=CARTESIAN_POINT('',(0.,0.,0.));
#10690=CARTESIAN_POINT('Origin',(82.45875,-94.695,0.));
#10691=CARTESIAN_POINT('',(79.2,-94.695,-1.5));
#10692=CARTESIAN_POINT('',(82.45875,-94.695,-1.5));
#10693=CARTESIAN_POINT('',(81.7737194994254,-94.695,-1.5));
#10694=CARTESIAN_POINT('',(82.45875,-94.695,0.));
#10695=CARTESIAN_POINT('',(82.45875,-94.695,0.));
#10696=CARTESIAN_POINT('',(79.2,-94.695,0.));
#10697=CARTESIAN_POINT('',(82.45875,-94.695,0.));
#10698=CARTESIAN_POINT('',(79.2,-94.695,0.));
#10699=CARTESIAN_POINT('Origin',(82.45875,-93.695,0.));
#10700=CARTESIAN_POINT('',(82.9773779977016,-94.55,-1.5));
#10701=CARTESIAN_POINT('Origin',(82.45875,-93.695,-1.5));
#10702=CARTESIAN_POINT('',(82.9773779977016,-94.55,0.));
#10703=CARTESIAN_POINT('',(82.9773779977016,-94.55,0.));
#10704=CARTESIAN_POINT('Origin',(82.45875,-93.695,0.));
#10705=CARTESIAN_POINT('Origin',(79.2,-94.55,0.));
#10706=CARTESIAN_POINT('',(79.2,-97.1787857357186,0.));
#10707=CARTESIAN_POINT('',(79.2,-98.25,0.));
#10708=CARTESIAN_POINT('',(79.2,-97.1787857357186,-1.5));
#10709=CARTESIAN_POINT('',(79.2,-97.1787857357186,0.));
#10710=CARTESIAN_POINT('',(79.2,-71.0875,-1.5));
#10711=CARTESIAN_POINT('Origin',(88.225,-35.6,0.));
#10712=CARTESIAN_POINT('',(88.225,-21.55,-1.5));
#10713=CARTESIAN_POINT('',(88.225,-35.6,-1.5));
#10714=CARTESIAN_POINT('',(88.225,-41.6125,-1.5));
#10715=CARTESIAN_POINT('',(88.225,-21.55,0.));
#10716=CARTESIAN_POINT('',(88.225,-21.55,0.));
#10717=CARTESIAN_POINT('',(88.225,-35.6,0.));
#10718=CARTESIAN_POINT('',(88.225,-41.6125,0.));
#10719=CARTESIAN_POINT('',(88.225,-35.6,0.));
#10720=CARTESIAN_POINT('Origin',(102.275,-35.6,0.));
#10721=CARTESIAN_POINT('',(102.275,-35.6,-1.5));
#10722=CARTESIAN_POINT('',(113.05,-35.6,-1.5));
#10723=CARTESIAN_POINT('',(102.275,-35.6,0.));
#10724=CARTESIAN_POINT('',(113.05,-35.6,0.));
#10725=CARTESIAN_POINT('',(102.275,-35.6,0.));
#10726=CARTESIAN_POINT('Origin',(102.275,-21.55,0.));
#10727=CARTESIAN_POINT('',(102.275,-21.55,-1.5));
#10728=CARTESIAN_POINT('',(102.275,-34.5875,-1.5));
#10729=CARTESIAN_POINT('',(102.275,-21.55,0.));
#10730=CARTESIAN_POINT('',(102.275,-34.5875,0.));
#10731=CARTESIAN_POINT('',(102.275,-21.55,0.));
#10732=CARTESIAN_POINT('Origin',(88.225,-21.55,0.));
#10733=CARTESIAN_POINT('',(106.025,-21.55,-1.5));
#10734=CARTESIAN_POINT('',(106.025,-21.55,0.));
#10735=CARTESIAN_POINT('Origin',(73.9375,-54.65,0.));
#10736=CARTESIAN_POINT('',(73.9375,-40.6,-1.5));
#10737=CARTESIAN_POINT('',(73.9375,-54.65,-1.5));
#10738=CARTESIAN_POINT('',(73.9375,-51.1375,-1.5));
#10739=CARTESIAN_POINT('',(73.9375,-40.6,0.));
#10740=CARTESIAN_POINT('',(73.9375,-40.6,0.));
#10741=CARTESIAN_POINT('',(73.9375,-54.65,0.));
#10742=CARTESIAN_POINT('',(73.9375,-51.1375,0.));
#10743=CARTESIAN_POINT('',(73.9375,-54.65,0.));
#10744=CARTESIAN_POINT('Origin',(87.9875,-54.65,0.));
#10745=CARTESIAN_POINT('',(87.9875,-54.65,-1.5));
#10746=CARTESIAN_POINT('',(105.90625,-54.65,-1.5));
#10747=CARTESIAN_POINT('',(87.9875,-54.65,0.));
#10748=CARTESIAN_POINT('',(105.90625,-54.65,0.));
#10749=CARTESIAN_POINT('',(87.9875,-54.65,0.));
#10750=CARTESIAN_POINT('Origin',(87.9875,-40.6,0.));
#10751=CARTESIAN_POINT('',(87.9875,-40.6,-1.5));
#10752=CARTESIAN_POINT('',(87.9875,-44.1125,-1.5));
#10753=CARTESIAN_POINT('',(87.9875,-40.6,0.));
#10754=CARTESIAN_POINT('',(87.9875,-44.1125,0.));
#10755=CARTESIAN_POINT('',(87.9875,-40.6,0.));
#10756=CARTESIAN_POINT('Origin',(73.9375,-40.6,0.));
#10757=CARTESIAN_POINT('',(98.88125,-40.6,-1.5));
#10758=CARTESIAN_POINT('',(98.88125,-40.6,0.));
#10759=CARTESIAN_POINT('Origin',(212.05,-92.75,0.));
#10760=CARTESIAN_POINT('',(212.05,-78.7,-1.5));
#10761=CARTESIAN_POINT('',(212.05,-92.75,-1.5));
#10762=CARTESIAN_POINT('',(212.05,-70.1875,-1.5));
#10763=CARTESIAN_POINT('',(212.05,-78.7,0.));
#10764=CARTESIAN_POINT('',(212.05,-78.7,0.));
#10765=CARTESIAN_POINT('',(212.05,-92.75,0.));
#10766=CARTESIAN_POINT('',(212.05,-70.1875,0.));
#10767=CARTESIAN_POINT('',(212.05,-92.75,0.));
#10768=CARTESIAN_POINT('Origin',(226.1,-92.75,0.));
#10769=CARTESIAN_POINT('',(226.1,-92.75,-1.5));
#10770=CARTESIAN_POINT('',(174.9625,-92.75,-1.5));
#10771=CARTESIAN_POINT('',(226.1,-92.75,0.));
#10772=CARTESIAN_POINT('',(174.9625,-92.75,0.));
#10773=CARTESIAN_POINT('',(226.1,-92.75,0.));
#10774=CARTESIAN_POINT('Origin',(226.1,-78.7,0.));
#10775=CARTESIAN_POINT('',(226.1,-78.7,-1.5));
#10776=CARTESIAN_POINT('',(226.1,-63.1625,-1.5));
#10777=CARTESIAN_POINT('',(226.1,-78.7,0.));
#10778=CARTESIAN_POINT('',(226.1,-63.1625,0.));
#10779=CARTESIAN_POINT('',(226.1,-78.7,0.));
#10780=CARTESIAN_POINT('Origin',(212.05,-78.7,0.));
#10781=CARTESIAN_POINT('',(167.9375,-78.7,-1.5));
#10782=CARTESIAN_POINT('',(167.9375,-78.7,0.));
#10783=CARTESIAN_POINT('Origin',(2.5,-16.55,0.));
#10784=CARTESIAN_POINT('',(2.5,-2.5,-1.5));
#10785=CARTESIAN_POINT('',(2.5,-16.55,-1.5));
#10786=CARTESIAN_POINT('',(2.5,-32.0875,-1.5));
#10787=CARTESIAN_POINT('',(2.5,-2.5,0.));
#10788=CARTESIAN_POINT('',(2.5,-2.5,0.));
#10789=CARTESIAN_POINT('',(2.5,-16.55,0.));
#10790=CARTESIAN_POINT('',(2.5,-32.0875,0.));
#10791=CARTESIAN_POINT('',(2.5,-16.55,0.));
#10792=CARTESIAN_POINT('Origin',(16.55,-16.55,0.));
#10793=CARTESIAN_POINT('',(16.55,-16.55,-1.5));
#10794=CARTESIAN_POINT('',(70.1875,-16.55,-1.5));
#10795=CARTESIAN_POINT('',(16.55,-16.55,0.));
#10796=CARTESIAN_POINT('',(70.1875,-16.55,0.));
#10797=CARTESIAN_POINT('',(16.55,-16.55,0.));
#10798=CARTESIAN_POINT('Origin',(16.55,-2.5,0.));
#10799=CARTESIAN_POINT('',(16.55,-2.5,-1.5));
#10800=CARTESIAN_POINT('',(16.55,-25.0625,-1.5));
#10801=CARTESIAN_POINT('',(16.55,-2.5,0.));
#10802=CARTESIAN_POINT('',(16.55,-25.0625,0.));
#10803=CARTESIAN_POINT('',(16.55,-2.5,0.));
#10804=CARTESIAN_POINT('Origin',(2.5,-2.5,0.));
#10805=CARTESIAN_POINT('',(63.1625,-2.5,-1.5));
#10806=CARTESIAN_POINT('',(63.1625,-2.5,0.));
#10807=CARTESIAN_POINT('Origin',(193.,-16.55,0.));
#10808=CARTESIAN_POINT('',(193.,-2.5,-1.5));
#10809=CARTESIAN_POINT('',(193.,-16.55,-1.5));
#10810=CARTESIAN_POINT('',(193.,-32.0875,-1.5));
#10811=CARTESIAN_POINT('',(193.,-2.5,0.));
#10812=CARTESIAN_POINT('',(193.,-2.5,0.));
#10813=CARTESIAN_POINT('',(193.,-16.55,0.));
#10814=CARTESIAN_POINT('',(193.,-32.0875,0.));
#10815=CARTESIAN_POINT('',(193.,-16.55,0.));
#10816=CARTESIAN_POINT('Origin',(207.05,-16.55,0.));
#10817=CARTESIAN_POINT('',(207.05,-16.55,-1.5));
#10818=CARTESIAN_POINT('',(165.4375,-16.55,-1.5));
#10819=CARTESIAN_POINT('',(207.05,-16.55,0.));
#10820=CARTESIAN_POINT('',(165.4375,-16.55,0.));
#10821=CARTESIAN_POINT('',(207.05,-16.55,0.));
#10822=CARTESIAN_POINT('Origin',(207.05,-2.5,0.));
#10823=CARTESIAN_POINT('',(207.05,-2.5,-1.5));
#10824=CARTESIAN_POINT('',(207.05,-25.0625,-1.5));
#10825=CARTESIAN_POINT('',(207.05,-2.5,0.));
#10826=CARTESIAN_POINT('',(207.05,-25.0625,0.));
#10827=CARTESIAN_POINT('',(207.05,-2.5,0.));
#10828=CARTESIAN_POINT('Origin',(193.,-2.5,0.));
#10829=CARTESIAN_POINT('',(158.4125,-2.5,-1.5));
#10830=CARTESIAN_POINT('',(158.4125,-2.5,0.));
#10831=CARTESIAN_POINT('Origin',(135.85,-73.7,0.));
#10832=CARTESIAN_POINT('',(135.85,-59.65,-1.5));
#10833=CARTESIAN_POINT('',(135.85,-73.7,-1.5));
#10834=CARTESIAN_POINT('',(135.85,-60.6625,-1.5));
#10835=CARTESIAN_POINT('',(135.85,-59.65,0.));
#10836=CARTESIAN_POINT('',(135.85,-59.65,0.));
#10837=CARTESIAN_POINT('',(135.85,-73.7,0.));
#10838=CARTESIAN_POINT('',(135.85,-60.6625,0.));
#10839=CARTESIAN_POINT('',(135.85,-73.7,0.));
#10840=CARTESIAN_POINT('Origin',(149.9,-73.7,0.));
#10841=CARTESIAN_POINT('',(149.9,-73.7,-1.5));
#10842=CARTESIAN_POINT('',(136.8625,-73.7,-1.5));
#10843=CARTESIAN_POINT('',(149.9,-73.7,0.));
#10844=CARTESIAN_POINT('',(136.8625,-73.7,0.));
#10845=CARTESIAN_POINT('',(149.9,-73.7,0.));
#10846=CARTESIAN_POINT('Origin',(149.9,-59.65,0.));
#10847=CARTESIAN_POINT('',(149.9,-59.65,-1.5));
#10848=CARTESIAN_POINT('',(149.9,-53.6375,-1.5));
#10849=CARTESIAN_POINT('',(149.9,-59.65,0.));
#10850=CARTESIAN_POINT('',(149.9,-53.6375,0.));
#10851=CARTESIAN_POINT('',(149.9,-59.65,0.));
#10852=CARTESIAN_POINT('Origin',(135.85,-59.65,0.));
#10853=CARTESIAN_POINT('',(129.8375,-59.65,-1.5));
#10854=CARTESIAN_POINT('',(129.8375,-59.65,0.));
#10855=CARTESIAN_POINT('Origin',(231.1,-73.7,0.));
#10856=CARTESIAN_POINT('',(231.1,-59.65,-1.5));
#10857=CARTESIAN_POINT('',(231.1,-73.7,-1.5));
#10858=CARTESIAN_POINT('',(231.1,-60.6625,-1.5));
#10859=CARTESIAN_POINT('',(231.1,-59.65,0.));
#10860=CARTESIAN_POINT('',(231.1,-59.65,0.));
#10861=CARTESIAN_POINT('',(231.1,-73.7,0.));
#10862=CARTESIAN_POINT('',(231.1,-60.6625,0.));
#10863=CARTESIAN_POINT('',(231.1,-73.7,0.));
#10864=CARTESIAN_POINT('Origin',(245.15,-73.7,0.));
#10865=CARTESIAN_POINT('',(245.15,-73.7,-1.5));
#10866=CARTESIAN_POINT('',(184.4875,-73.7,-1.5));
#10867=CARTESIAN_POINT('',(245.15,-73.7,0.));
#10868=CARTESIAN_POINT('',(184.4875,-73.7,0.));
#10869=CARTESIAN_POINT('',(245.15,-73.7,0.));
#10870=CARTESIAN_POINT('Origin',(245.15,-59.65,0.));
#10871=CARTESIAN_POINT('',(245.15,-59.65,-1.5));
#10872=CARTESIAN_POINT('',(245.15,-53.6375,-1.5));
#10873=CARTESIAN_POINT('',(245.15,-59.65,0.));
#10874=CARTESIAN_POINT('',(245.15,-53.6375,0.));
#10875=CARTESIAN_POINT('',(245.15,-59.65,0.));
#10876=CARTESIAN_POINT('Origin',(231.1,-59.65,0.));
#10877=CARTESIAN_POINT('',(177.4625,-59.65,-1.5));
#10878=CARTESIAN_POINT('',(177.4625,-59.65,0.));
#10879=CARTESIAN_POINT('Origin',(137.99375,-78.7,0.));
#10880=CARTESIAN_POINT('',(137.99375,-84.045,-1.5));
#10881=CARTESIAN_POINT('',(137.99375,-78.7,-1.5));
#10882=CARTESIAN_POINT('',(137.99375,-63.1625,-1.5));
#10883=CARTESIAN_POINT('',(137.99375,-84.045,0.));
#10884=CARTESIAN_POINT('',(137.99375,-84.045,0.));
#10885=CARTESIAN_POINT('',(137.99375,-78.7,0.));
#10886=CARTESIAN_POINT('',(137.99375,-63.1625,0.));
#10887=CARTESIAN_POINT('',(137.99375,-78.7,0.));
#10888=CARTESIAN_POINT('Origin',(123.94375,-78.7,0.));
#10889=CARTESIAN_POINT('',(123.94375,-78.7,-1.5));
#10890=CARTESIAN_POINT('',(123.884375,-78.7,-1.5));
#10891=CARTESIAN_POINT('',(123.94375,-78.7,0.));
#10892=CARTESIAN_POINT('',(123.884375,-78.7,0.));
#10893=CARTESIAN_POINT('',(123.94375,-78.7,0.));
#10894=CARTESIAN_POINT('Origin',(123.94375,-84.045,0.));
#10895=CARTESIAN_POINT('',(123.94375,-84.045,-1.5));
#10896=CARTESIAN_POINT('',(123.94375,-65.835,-1.5));
#10897=CARTESIAN_POINT('',(123.94375,-84.045,0.));
#10898=CARTESIAN_POINT('',(123.94375,-65.835,0.));
#10899=CARTESIAN_POINT('',(123.94375,-84.045,0.));
#10900=CARTESIAN_POINT('Origin',(84.28375,-84.045,0.));
#10901=CARTESIAN_POINT('',(84.28375,-84.045,-1.5));
#10902=CARTESIAN_POINT('',(104.054375,-84.045,-1.5));
#10903=CARTESIAN_POINT('',(84.28375,-84.045,0.));
#10904=CARTESIAN_POINT('',(104.054375,-84.045,0.));
#10905=CARTESIAN_POINT('',(84.28375,-84.045,0.));
#10906=CARTESIAN_POINT('Origin',(84.28375,-80.195,0.));
#10907=CARTESIAN_POINT('',(84.28375,-80.195,-1.5));
#10908=CARTESIAN_POINT('',(84.28375,-63.91,-1.5));
#10909=CARTESIAN_POINT('',(84.28375,-80.195,0.));
#10910=CARTESIAN_POINT('',(84.28375,-63.91,0.));
#10911=CARTESIAN_POINT('',(84.28375,-80.195,0.));
#10912=CARTESIAN_POINT('Origin',(77.63375,-80.195,0.));
#10913=CARTESIAN_POINT('',(77.63375,-80.195,-1.5));
#10914=CARTESIAN_POINT('',(100.729375,-80.195,-1.5));
#10915=CARTESIAN_POINT('',(77.63375,-80.195,0.));
#10916=CARTESIAN_POINT('',(100.729375,-80.195,0.));
#10917=CARTESIAN_POINT('',(77.63375,-80.195,0.));
#10918=CARTESIAN_POINT('Origin',(77.63375,-83.425,0.));
#10919=CARTESIAN_POINT('',(77.63375,-83.425,-1.5));
#10920=CARTESIAN_POINT('',(77.63375,-65.525,-1.5));
#10921=CARTESIAN_POINT('',(77.63375,-83.425,0.));
#10922=CARTESIAN_POINT('',(77.63375,-65.525,0.));
#10923=CARTESIAN_POINT('',(77.63375,-83.425,0.));
#10924=CARTESIAN_POINT('Origin',(76.75875,-83.425,0.));
#10925=CARTESIAN_POINT('',(76.75875,-83.425,-1.5));
#10926=CARTESIAN_POINT('',(100.291875,-83.425,-1.5));
#10927=CARTESIAN_POINT('',(76.75875,-83.425,0.));
#10928=CARTESIAN_POINT('',(100.291875,-83.425,0.));
#10929=CARTESIAN_POINT('',(76.75875,-83.425,0.));
#10930=CARTESIAN_POINT('Origin',(76.75875,-86.225,0.));
#10931=CARTESIAN_POINT('',(76.75875,-86.225,-1.5));
#10932=CARTESIAN_POINT('',(76.75875,-66.925,-1.5));
#10933=CARTESIAN_POINT('',(76.75875,-86.225,0.));
#10934=CARTESIAN_POINT('',(76.75875,-66.925,0.));
#10935=CARTESIAN_POINT('',(76.75875,-86.225,0.));
#10936=CARTESIAN_POINT('Origin',(77.63375,-86.225,0.));
#10937=CARTESIAN_POINT('',(77.63375,-86.225,-1.5));
#10938=CARTESIAN_POINT('',(100.729375,-86.225,-1.5));
#10939=CARTESIAN_POINT('',(77.63375,-86.225,0.));
#10940=CARTESIAN_POINT('',(100.729375,-86.225,0.));
#10941=CARTESIAN_POINT('',(77.63375,-86.225,0.));
#10942=CARTESIAN_POINT('Origin',(77.63375,-92.495,0.));
#10943=CARTESIAN_POINT('',(77.63375,-92.495,-1.5));
#10944=CARTESIAN_POINT('',(77.63375,-70.06,-1.5));
#10945=CARTESIAN_POINT('',(77.63375,-92.495,0.));
#10946=CARTESIAN_POINT('',(77.63375,-70.06,0.));
#10947=CARTESIAN_POINT('',(77.63375,-92.495,0.));
#10948=CARTESIAN_POINT('Origin',(79.45875,-92.495,0.));
#10949=CARTESIAN_POINT('',(79.45875,-92.495,-1.5));
#10950=CARTESIAN_POINT('',(101.641875,-92.495,-1.5));
#10951=CARTESIAN_POINT('',(79.45875,-92.495,0.));
#10952=CARTESIAN_POINT('',(101.641875,-92.495,0.));
#10953=CARTESIAN_POINT('',(79.45875,-92.495,0.));
#10954=CARTESIAN_POINT('Origin',(79.45875,-93.695,0.));
#10955=CARTESIAN_POINT('',(79.45875,-93.695,-1.5));
#10956=CARTESIAN_POINT('',(79.45875,-70.66,-1.5));
#10957=CARTESIAN_POINT('',(79.45875,-93.695,0.));
#10958=CARTESIAN_POINT('',(79.45875,-70.66,0.));
#10959=CARTESIAN_POINT('',(79.45875,-93.695,0.));
#10960=CARTESIAN_POINT('Origin',(82.45875,-93.695,0.));
#10961=CARTESIAN_POINT('',(82.45875,-93.695,-1.5));
#10962=CARTESIAN_POINT('',(103.141875,-93.695,-1.5));
#10963=CARTESIAN_POINT('',(82.45875,-93.695,0.));
#10964=CARTESIAN_POINT('',(103.141875,-93.695,0.));
#10965=CARTESIAN_POINT('',(82.45875,-93.695,0.));
#10966=CARTESIAN_POINT('Origin',(82.45875,-92.495,0.));
#10967=CARTESIAN_POINT('',(82.45875,-92.495,-1.5));
#10968=CARTESIAN_POINT('',(82.45875,-70.06,-1.5));
#10969=CARTESIAN_POINT('',(82.45875,-92.495,0.));
#10970=CARTESIAN_POINT('',(82.45875,-70.06,0.));
#10971=CARTESIAN_POINT('',(82.45875,-92.495,0.));
#10972=CARTESIAN_POINT('Origin',(84.28375,-92.495,0.));
#10973=CARTESIAN_POINT('',(84.28375,-92.495,-1.5));
#10974=CARTESIAN_POINT('',(104.054375,-92.495,-1.5));
#10975=CARTESIAN_POINT('',(84.28375,-92.495,0.));
#10976=CARTESIAN_POINT('',(104.054375,-92.495,0.));
#10977=CARTESIAN_POINT('',(84.28375,-92.495,0.));
#10978=CARTESIAN_POINT('Origin',(84.28375,-88.645,0.));
#10979=CARTESIAN_POINT('',(84.28375,-88.645,-1.5));
#10980=CARTESIAN_POINT('',(84.28375,-68.135,-1.5));
#10981=CARTESIAN_POINT('',(84.28375,-88.645,0.));
#10982=CARTESIAN_POINT('',(84.28375,-68.135,0.));
#10983=CARTESIAN_POINT('',(84.28375,-88.645,0.));
#10984=CARTESIAN_POINT('Origin',(123.94375,-88.645,0.));
#10985=CARTESIAN_POINT('',(123.94375,-88.645,-1.5));
#10986=CARTESIAN_POINT('',(123.884375,-88.645,-1.5));
#10987=CARTESIAN_POINT('',(123.94375,-88.645,0.));
#10988=CARTESIAN_POINT('',(123.884375,-88.645,0.));
#10989=CARTESIAN_POINT('',(123.94375,-88.645,0.));
#10990=CARTESIAN_POINT('Origin',(123.94375,-92.75,0.));
#10991=CARTESIAN_POINT('',(123.94375,-92.75,-1.5));
#10992=CARTESIAN_POINT('',(123.94375,-70.1875,-1.5));
#10993=CARTESIAN_POINT('',(123.94375,-92.75,0.));
#10994=CARTESIAN_POINT('',(123.94375,-70.1875,0.));
#10995=CARTESIAN_POINT('',(123.94375,-92.75,0.));
#10996=CARTESIAN_POINT('Origin',(137.99375,-92.75,0.));
#10997=CARTESIAN_POINT('',(137.99375,-92.75,-1.5));
#10998=CARTESIAN_POINT('',(130.909375,-92.75,-1.5));
#10999=CARTESIAN_POINT('',(137.99375,-92.75,0.));
#11000=CARTESIAN_POINT('',(130.909375,-92.75,0.));
#11001=CARTESIAN_POINT('',(137.99375,-92.75,0.));
#11002=CARTESIAN_POINT('Origin',(137.99375,-88.645,0.));
#11003=CARTESIAN_POINT('',(137.99375,-88.645,-1.5));
#11004=CARTESIAN_POINT('',(137.99375,-68.135,-1.5));
#11005=CARTESIAN_POINT('',(137.99375,-88.645,0.));
#11006=CARTESIAN_POINT('',(137.99375,-68.135,0.));
#11007=CARTESIAN_POINT('',(137.99375,-88.645,0.));
#11008=CARTESIAN_POINT('Origin',(177.65375,-88.645,0.));
#11009=CARTESIAN_POINT('',(177.65375,-88.645,-1.5));
#11010=CARTESIAN_POINT('',(150.739375,-88.645,-1.5));
#11011=CARTESIAN_POINT('',(177.65375,-88.645,0.));
#11012=CARTESIAN_POINT('',(150.739375,-88.645,0.));
#11013=CARTESIAN_POINT('',(177.65375,-88.645,0.));
#11014=CARTESIAN_POINT('Origin',(177.65375,-92.495,0.));
#11015=CARTESIAN_POINT('',(177.65375,-92.495,-1.5));
#11016=CARTESIAN_POINT('',(177.65375,-70.06,-1.5));
#11017=CARTESIAN_POINT('',(177.65375,-92.495,0.));
#11018=CARTESIAN_POINT('',(177.65375,-70.06,0.));
#11019=CARTESIAN_POINT('',(177.65375,-92.495,0.));
#11020=CARTESIAN_POINT('Origin',(179.47875,-92.495,0.));
#11021=CARTESIAN_POINT('',(179.47875,-92.495,-1.5));
#11022=CARTESIAN_POINT('',(151.651875,-92.495,-1.5));
#11023=CARTESIAN_POINT('',(179.47875,-92.495,0.));
#11024=CARTESIAN_POINT('',(151.651875,-92.495,0.));
#11025=CARTESIAN_POINT('',(179.47875,-92.495,0.));
#11026=CARTESIAN_POINT('Origin',(179.47875,-93.695,0.));
#11027=CARTESIAN_POINT('',(179.47875,-93.695,-1.5));
#11028=CARTESIAN_POINT('',(179.47875,-70.66,-1.5));
#11029=CARTESIAN_POINT('',(179.47875,-93.695,0.));
#11030=CARTESIAN_POINT('',(179.47875,-70.66,0.));
#11031=CARTESIAN_POINT('',(179.47875,-93.695,0.));
#11032=CARTESIAN_POINT('Origin',(182.47875,-93.695,0.));
#11033=CARTESIAN_POINT('',(182.47875,-93.695,-1.5));
#11034=CARTESIAN_POINT('',(153.151875,-93.695,-1.5));
#11035=CARTESIAN_POINT('',(182.47875,-93.695,0.));
#11036=CARTESIAN_POINT('',(153.151875,-93.695,0.));
#11037=CARTESIAN_POINT('',(182.47875,-93.695,0.));
#11038=CARTESIAN_POINT('Origin',(182.47875,-92.495,0.));
#11039=CARTESIAN_POINT('',(182.47875,-92.495,-1.5));
#11040=CARTESIAN_POINT('',(182.47875,-70.06,-1.5));
#11041=CARTESIAN_POINT('',(182.47875,-92.495,0.));
#11042=CARTESIAN_POINT('',(182.47875,-70.06,0.));
#11043=CARTESIAN_POINT('',(182.47875,-92.495,0.));
#11044=CARTESIAN_POINT('Origin',(184.30375,-92.495,0.));
#11045=CARTESIAN_POINT('',(184.30375,-92.495,-1.5));
#11046=CARTESIAN_POINT('',(154.064375,-92.495,-1.5));
#11047=CARTESIAN_POINT('',(184.30375,-92.495,0.));
#11048=CARTESIAN_POINT('',(154.064375,-92.495,0.));
#11049=CARTESIAN_POINT('',(184.30375,-92.495,0.));
#11050=CARTESIAN_POINT('Origin',(184.30375,-86.225,0.));
#11051=CARTESIAN_POINT('',(184.30375,-86.225,-1.5));
#11052=CARTESIAN_POINT('',(184.30375,-66.925,-1.5));
#11053=CARTESIAN_POINT('',(184.30375,-86.225,0.));
#11054=CARTESIAN_POINT('',(184.30375,-66.925,0.));
#11055=CARTESIAN_POINT('',(184.30375,-86.225,0.));
#11056=CARTESIAN_POINT('Origin',(185.17875,-86.225,0.));
#11057=CARTESIAN_POINT('',(185.17875,-86.225,-1.5));
#11058=CARTESIAN_POINT('',(154.501875,-86.225,-1.5));
#11059=CARTESIAN_POINT('',(185.17875,-86.225,0.));
#11060=CARTESIAN_POINT('',(154.501875,-86.225,0.));
#11061=CARTESIAN_POINT('',(185.17875,-86.225,0.));
#11062=CARTESIAN_POINT('Origin',(185.17875,-83.425,0.));
#11063=CARTESIAN_POINT('',(185.17875,-83.425,-1.5));
#11064=CARTESIAN_POINT('',(185.17875,-65.525,-1.5));
#11065=CARTESIAN_POINT('',(185.17875,-83.425,0.));
#11066=CARTESIAN_POINT('',(185.17875,-65.525,0.));
#11067=CARTESIAN_POINT('',(185.17875,-83.425,0.));
#11068=CARTESIAN_POINT('Origin',(184.30375,-83.425,0.));
#11069=CARTESIAN_POINT('',(184.30375,-83.425,-1.5));
#11070=CARTESIAN_POINT('',(154.064375,-83.425,-1.5));
#11071=CARTESIAN_POINT('',(184.30375,-83.425,0.));
#11072=CARTESIAN_POINT('',(154.064375,-83.425,0.));
#11073=CARTESIAN_POINT('',(184.30375,-83.425,0.));
#11074=CARTESIAN_POINT('Origin',(184.30375,-80.195,0.));
#11075=CARTESIAN_POINT('',(184.30375,-80.195,-1.5));
#11076=CARTESIAN_POINT('',(184.30375,-63.91,-1.5));
#11077=CARTESIAN_POINT('',(184.30375,-80.195,0.));
#11078=CARTESIAN_POINT('',(184.30375,-63.91,0.));
#11079=CARTESIAN_POINT('',(184.30375,-80.195,0.));
#11080=CARTESIAN_POINT('Origin',(177.65375,-80.195,0.));
#11081=CARTESIAN_POINT('',(177.65375,-80.195,-1.5));
#11082=CARTESIAN_POINT('',(150.739375,-80.195,-1.5));
#11083=CARTESIAN_POINT('',(177.65375,-80.195,0.));
#11084=CARTESIAN_POINT('',(150.739375,-80.195,0.));
#11085=CARTESIAN_POINT('',(177.65375,-80.195,0.));
#11086=CARTESIAN_POINT('Origin',(177.65375,-84.045,0.));
#11087=CARTESIAN_POINT('',(177.65375,-84.045,-1.5));
#11088=CARTESIAN_POINT('',(177.65375,-65.835,-1.5));
#11089=CARTESIAN_POINT('',(177.65375,-84.045,0.));
#11090=CARTESIAN_POINT('',(177.65375,-65.835,0.));
#11091=CARTESIAN_POINT('',(177.65375,-84.045,0.));
#11092=CARTESIAN_POINT('Origin',(137.99375,-84.045,0.));
#11093=CARTESIAN_POINT('',(130.909375,-84.045,-1.5));
#11094=CARTESIAN_POINT('',(130.909375,-84.045,0.));
#11095=CARTESIAN_POINT('Origin',(183.475,-35.6,0.));
#11096=CARTESIAN_POINT('',(183.475,-21.55,-1.5));
#11097=CARTESIAN_POINT('',(183.475,-35.6,-1.5));
#11098=CARTESIAN_POINT('',(183.475,-41.6125,-1.5));
#11099=CARTESIAN_POINT('',(183.475,-21.55,0.));
#11100=CARTESIAN_POINT('',(183.475,-21.55,0.));
#11101=CARTESIAN_POINT('',(183.475,-35.6,0.));
#11102=CARTESIAN_POINT('',(183.475,-41.6125,0.));
#11103=CARTESIAN_POINT('',(183.475,-35.6,0.));
#11104=CARTESIAN_POINT('Origin',(197.525,-35.6,0.));
#11105=CARTESIAN_POINT('',(197.525,-35.6,-1.5));
#11106=CARTESIAN_POINT('',(160.675,-35.6,-1.5));
#11107=CARTESIAN_POINT('',(197.525,-35.6,0.));
#11108=CARTESIAN_POINT('',(160.675,-35.6,0.));
#11109=CARTESIAN_POINT('',(197.525,-35.6,0.));
#11110=CARTESIAN_POINT('Origin',(197.525,-21.55,0.));
#11111=CARTESIAN_POINT('',(197.525,-21.55,-1.5));
#11112=CARTESIAN_POINT('',(197.525,-34.5875,-1.5));
#11113=CARTESIAN_POINT('',(197.525,-21.55,0.));
#11114=CARTESIAN_POINT('',(197.525,-34.5875,0.));
#11115=CARTESIAN_POINT('',(197.525,-21.55,0.));
#11116=CARTESIAN_POINT('Origin',(183.475,-21.55,0.));
#11117=CARTESIAN_POINT('',(153.65,-21.55,-1.5));
#11118=CARTESIAN_POINT('',(153.65,-21.55,0.));
#11119=CARTESIAN_POINT('Origin',(188.2375,-54.65,0.));
#11120=CARTESIAN_POINT('',(188.2375,-40.6,-1.5));
#11121=CARTESIAN_POINT('',(188.2375,-54.65,-1.5));
#11122=CARTESIAN_POINT('',(188.2375,-51.1375,-1.5));
#11123=CARTESIAN_POINT('',(188.2375,-40.6,0.));
#11124=CARTESIAN_POINT('',(188.2375,-40.6,0.));
#11125=CARTESIAN_POINT('',(188.2375,-54.65,0.));
#11126=CARTESIAN_POINT('',(188.2375,-51.1375,0.));
#11127=CARTESIAN_POINT('',(188.2375,-54.65,0.));
#11128=CARTESIAN_POINT('Origin',(202.2875,-54.65,0.));
#11129=CARTESIAN_POINT('',(202.2875,-54.65,-1.5));
#11130=CARTESIAN_POINT('',(163.05625,-54.65,-1.5));
#11131=CARTESIAN_POINT('',(202.2875,-54.65,0.));
#11132=CARTESIAN_POINT('',(163.05625,-54.65,0.));
#11133=CARTESIAN_POINT('',(202.2875,-54.65,0.));
#11134=CARTESIAN_POINT('Origin',(202.2875,-40.6,0.));
#11135=CARTESIAN_POINT('',(202.2875,-40.6,-1.5));
#11136=CARTESIAN_POINT('',(202.2875,-44.1125,-1.5));
#11137=CARTESIAN_POINT('',(202.2875,-40.6,0.));
#11138=CARTESIAN_POINT('',(202.2875,-44.1125,0.));
#11139=CARTESIAN_POINT('',(202.2875,-40.6,0.));
#11140=CARTESIAN_POINT('Origin',(188.2375,-40.6,0.));
#11141=CARTESIAN_POINT('',(156.03125,-40.6,-1.5));
#11142=CARTESIAN_POINT('',(156.03125,-40.6,0.));
#11143=CARTESIAN_POINT('Origin',(173.95,-73.7,0.));
#11144=CARTESIAN_POINT('',(173.95,-59.65,-1.5));
#11145=CARTESIAN_POINT('',(173.95,-73.7,-1.5));
#11146=CARTESIAN_POINT('',(173.95,-60.6625,-1.5));
#11147=CARTESIAN_POINT('',(173.95,-59.65,0.));
#11148=CARTESIAN_POINT('',(173.95,-59.65,0.));
#11149=CARTESIAN_POINT('',(173.95,-73.7,0.));
#11150=CARTESIAN_POINT('',(173.95,-60.6625,0.));
#11151=CARTESIAN_POINT('',(173.95,-73.7,0.));
#11152=CARTESIAN_POINT('Origin',(188.,-73.7,0.));
#11153=CARTESIAN_POINT('',(188.,-73.7,-1.5));
#11154=CARTESIAN_POINT('',(155.9125,-73.7,-1.5));
#11155=CARTESIAN_POINT('',(188.,-73.7,0.));
#11156=CARTESIAN_POINT('',(155.9125,-73.7,0.));
#11157=CARTESIAN_POINT('',(188.,-73.7,0.));
#11158=CARTESIAN_POINT('Origin',(188.,-59.65,0.));
#11159=CARTESIAN_POINT('',(188.,-59.65,-1.5));
#11160=CARTESIAN_POINT('',(188.,-53.6375,-1.5));
#11161=CARTESIAN_POINT('',(188.,-59.65,0.));
#11162=CARTESIAN_POINT('',(188.,-53.6375,0.));
#11163=CARTESIAN_POINT('',(188.,-59.65,0.));
#11164=CARTESIAN_POINT('Origin',(173.95,-59.65,0.));
#11165=CARTESIAN_POINT('',(148.8875,-59.65,-1.5));
#11166=CARTESIAN_POINT('',(148.8875,-59.65,0.));
#11167=CARTESIAN_POINT('Origin',(34.275,-73.445,0.));
#11168=CARTESIAN_POINT('',(32.45,-73.445,-1.5));
#11169=CARTESIAN_POINT('',(34.275,-73.445,-1.5));
#11170=CARTESIAN_POINT('',(79.05,-73.445,-1.5));
#11171=CARTESIAN_POINT('',(32.45,-73.445,0.));
#11172=CARTESIAN_POINT('',(32.45,-73.445,0.));
#11173=CARTESIAN_POINT('',(34.275,-73.445,0.));
#11174=CARTESIAN_POINT('',(79.05,-73.445,0.));
#11175=CARTESIAN_POINT('',(34.275,-73.445,0.));
#11176=CARTESIAN_POINT('Origin',(34.275,-67.175,0.));
#11177=CARTESIAN_POINT('',(34.275,-67.175,-1.5));
#11178=CARTESIAN_POINT('',(34.275,-57.4,-1.5));
#11179=CARTESIAN_POINT('',(34.275,-67.175,0.));
#11180=CARTESIAN_POINT('',(34.275,-57.4,0.));
#11181=CARTESIAN_POINT('',(34.275,-67.175,0.));
#11182=CARTESIAN_POINT('Origin',(35.15,-67.175,0.));
#11183=CARTESIAN_POINT('',(35.15,-67.175,-1.5));
#11184=CARTESIAN_POINT('',(79.4875,-67.175,-1.5));
#11185=CARTESIAN_POINT('',(35.15,-67.175,0.));
#11186=CARTESIAN_POINT('',(79.4875,-67.175,0.));
#11187=CARTESIAN_POINT('',(35.15,-67.175,0.));
#11188=CARTESIAN_POINT('Origin',(35.15,-64.375,0.));
#11189=CARTESIAN_POINT('',(35.15,-64.375,-1.5));
#11190=CARTESIAN_POINT('',(35.15,-56.,-1.5));
#11191=CARTESIAN_POINT('',(35.15,-64.375,0.));
#11192=CARTESIAN_POINT('',(35.15,-56.,0.));
#11193=CARTESIAN_POINT('',(35.15,-64.375,0.));
#11194=CARTESIAN_POINT('Origin',(34.275,-64.375,0.));
#11195=CARTESIAN_POINT('',(34.275,-64.375,-1.5));
#11196=CARTESIAN_POINT('',(79.05,-64.375,-1.5));
#11197=CARTESIAN_POINT('',(34.275,-64.375,0.));
#11198=CARTESIAN_POINT('',(79.05,-64.375,0.));
#11199=CARTESIAN_POINT('',(34.275,-64.375,0.));
#11200=CARTESIAN_POINT('Origin',(34.275,-61.145,0.));
#11201=CARTESIAN_POINT('',(34.275,-61.145,-1.5));
#11202=CARTESIAN_POINT('',(34.275,-54.385,-1.5));
#11203=CARTESIAN_POINT('',(34.275,-61.145,0.));
#11204=CARTESIAN_POINT('',(34.275,-54.385,0.));
#11205=CARTESIAN_POINT('',(34.275,-61.145,0.));
#11206=CARTESIAN_POINT('Origin',(27.625,-61.145,0.));
#11207=CARTESIAN_POINT('',(27.625,-61.145,-1.5));
#11208=CARTESIAN_POINT('',(75.725,-61.145,-1.5));
#11209=CARTESIAN_POINT('',(27.625,-61.145,0.));
#11210=CARTESIAN_POINT('',(75.725,-61.145,0.));
#11211=CARTESIAN_POINT('',(27.625,-61.145,0.));
#11212=CARTESIAN_POINT('Origin',(27.625,-61.945,0.));
#11213=CARTESIAN_POINT('',(27.625,-61.945,-1.5));
#11214=CARTESIAN_POINT('',(27.625,-54.785,-1.5));
#11215=CARTESIAN_POINT('',(27.625,-61.945,0.));
#11216=CARTESIAN_POINT('',(27.625,-54.785,0.));
#11217=CARTESIAN_POINT('',(27.625,-61.945,0.));
#11218=CARTESIAN_POINT('Origin',(26.075,-61.945,0.));
#11219=CARTESIAN_POINT('',(26.075,-61.945,-1.5));
#11220=CARTESIAN_POINT('',(74.95,-61.945,-1.5));
#11221=CARTESIAN_POINT('',(26.075,-61.945,0.));
#11222=CARTESIAN_POINT('',(74.95,-61.945,0.));
#11223=CARTESIAN_POINT('',(26.075,-61.945,0.));
#11224=CARTESIAN_POINT('Origin',(26.075,-59.65,0.));
#11225=CARTESIAN_POINT('',(26.075,-59.65,-1.5));
#11226=CARTESIAN_POINT('',(26.075,-53.6375,-1.5));
#11227=CARTESIAN_POINT('',(26.075,-59.65,0.));
#11228=CARTESIAN_POINT('',(26.075,-53.6375,0.));
#11229=CARTESIAN_POINT('',(26.075,-59.65,0.));
#11230=CARTESIAN_POINT('Origin',(12.025,-59.65,0.));
#11231=CARTESIAN_POINT('',(12.025,-59.65,-1.5));
#11232=CARTESIAN_POINT('',(67.925,-59.65,-1.5));
#11233=CARTESIAN_POINT('',(12.025,-59.65,0.));
#11234=CARTESIAN_POINT('',(67.925,-59.65,0.));
#11235=CARTESIAN_POINT('',(12.025,-59.65,0.));
#11236=CARTESIAN_POINT('Origin',(12.025,-61.945,0.));
#11237=CARTESIAN_POINT('',(12.025,-61.945,-1.5));
#11238=CARTESIAN_POINT('',(12.025,-54.785,-1.5));
#11239=CARTESIAN_POINT('',(12.025,-61.945,0.));
#11240=CARTESIAN_POINT('',(12.025,-54.785,0.));
#11241=CARTESIAN_POINT('',(12.025,-61.945,0.));
#11242=CARTESIAN_POINT('Origin',(10.475,-61.945,0.));
#11243=CARTESIAN_POINT('',(10.475,-61.945,-1.5));
#11244=CARTESIAN_POINT('',(67.15,-61.945,-1.5));
#11245=CARTESIAN_POINT('',(10.475,-61.945,0.));
#11246=CARTESIAN_POINT('',(67.15,-61.945,0.));
#11247=CARTESIAN_POINT('',(10.475,-61.945,0.));
#11248=CARTESIAN_POINT('Origin',(10.475,-61.145,0.));
#11249=CARTESIAN_POINT('',(10.475,-61.145,-1.5));
#11250=CARTESIAN_POINT('',(10.475,-54.385,-1.5));
#11251=CARTESIAN_POINT('',(10.475,-61.145,0.));
#11252=CARTESIAN_POINT('',(10.475,-54.385,0.));
#11253=CARTESIAN_POINT('',(10.475,-61.145,0.));
#11254=CARTESIAN_POINT('Origin',(3.825,-61.145,0.));
#11255=CARTESIAN_POINT('',(3.825,-61.145,-1.5));
#11256=CARTESIAN_POINT('',(63.825,-61.145,-1.5));
#11257=CARTESIAN_POINT('',(3.825,-61.145,0.));
#11258=CARTESIAN_POINT('',(63.825,-61.145,0.));
#11259=CARTESIAN_POINT('',(3.825,-61.145,0.));
#11260=CARTESIAN_POINT('Origin',(3.825,-64.375,0.));
#11261=CARTESIAN_POINT('',(3.825,-64.375,-1.5));
#11262=CARTESIAN_POINT('',(3.825,-56.,-1.5));
#11263=CARTESIAN_POINT('',(3.825,-64.375,0.));
#11264=CARTESIAN_POINT('',(3.825,-56.,0.));
#11265=CARTESIAN_POINT('',(3.825,-64.375,0.));
#11266=CARTESIAN_POINT('Origin',(2.95,-64.375,0.));
#11267=CARTESIAN_POINT('',(2.95,-64.375,-1.5));
#11268=CARTESIAN_POINT('',(63.3875,-64.375,-1.5));
#11269=CARTESIAN_POINT('',(2.95,-64.375,0.));
#11270=CARTESIAN_POINT('',(63.3875,-64.375,0.));
#11271=CARTESIAN_POINT('',(2.95,-64.375,0.));
#11272=CARTESIAN_POINT('Origin',(2.95,-67.175,0.));
#11273=CARTESIAN_POINT('',(2.95,-67.175,-1.5));
#11274=CARTESIAN_POINT('',(2.95,-57.4,-1.5));
#11275=CARTESIAN_POINT('',(2.95,-67.175,0.));
#11276=CARTESIAN_POINT('',(2.95,-57.4,0.));
#11277=CARTESIAN_POINT('',(2.95,-67.175,0.));
#11278=CARTESIAN_POINT('Origin',(3.825,-67.175,0.));
#11279=CARTESIAN_POINT('',(3.825,-67.175,-1.5));
#11280=CARTESIAN_POINT('',(63.825,-67.175,-1.5));
#11281=CARTESIAN_POINT('',(3.825,-67.175,0.));
#11282=CARTESIAN_POINT('',(63.825,-67.175,0.));
#11283=CARTESIAN_POINT('',(3.825,-67.175,0.));
#11284=CARTESIAN_POINT('Origin',(3.825,-73.445,0.));
#11285=CARTESIAN_POINT('',(3.825,-73.445,-1.5));
#11286=CARTESIAN_POINT('',(3.825,-60.535,-1.5));
#11287=CARTESIAN_POINT('',(3.825,-73.445,0.));
#11288=CARTESIAN_POINT('',(3.825,-60.535,0.));
#11289=CARTESIAN_POINT('',(3.825,-73.445,0.));
#11290=CARTESIAN_POINT('Origin',(5.65,-73.445,0.));
#11291=CARTESIAN_POINT('',(5.65,-73.445,-1.5));
#11292=CARTESIAN_POINT('',(64.7375,-73.445,-1.5));
#11293=CARTESIAN_POINT('',(5.65,-73.445,0.));
#11294=CARTESIAN_POINT('',(64.7375,-73.445,0.));
#11295=CARTESIAN_POINT('',(5.65,-73.445,0.));
#11296=CARTESIAN_POINT('Origin',(5.65,-74.645,0.));
#11297=CARTESIAN_POINT('',(5.65,-74.645,-1.5));
#11298=CARTESIAN_POINT('',(5.65,-61.135,-1.5));
#11299=CARTESIAN_POINT('',(5.65,-74.645,0.));
#11300=CARTESIAN_POINT('',(5.65,-61.135,0.));
#11301=CARTESIAN_POINT('',(5.65,-74.645,0.));
#11302=CARTESIAN_POINT('Origin',(8.65,-74.645,0.));
#11303=CARTESIAN_POINT('',(8.65,-74.645,-1.5));
#11304=CARTESIAN_POINT('',(66.2375,-74.645,-1.5));
#11305=CARTESIAN_POINT('',(8.65,-74.645,0.));
#11306=CARTESIAN_POINT('',(66.2375,-74.645,0.));
#11307=CARTESIAN_POINT('',(8.65,-74.645,0.));
#11308=CARTESIAN_POINT('Origin',(8.65,-73.445,0.));
#11309=CARTESIAN_POINT('',(8.65,-73.445,-1.5));
#11310=CARTESIAN_POINT('',(8.65,-60.535,-1.5));
#11311=CARTESIAN_POINT('',(8.65,-73.445,0.));
#11312=CARTESIAN_POINT('',(8.65,-60.535,0.));
#11313=CARTESIAN_POINT('',(8.65,-73.445,0.));
#11314=CARTESIAN_POINT('Origin',(10.475,-73.445,0.));
#11315=CARTESIAN_POINT('',(10.475,-73.445,-1.5));
#11316=CARTESIAN_POINT('',(67.15,-73.445,-1.5));
#11317=CARTESIAN_POINT('',(10.475,-73.445,0.));
#11318=CARTESIAN_POINT('',(67.15,-73.445,0.));
#11319=CARTESIAN_POINT('',(10.475,-73.445,0.));
#11320=CARTESIAN_POINT('Origin',(10.475,-72.645,0.));
#11321=CARTESIAN_POINT('',(10.475,-72.645,-1.5));
#11322=CARTESIAN_POINT('',(10.475,-60.135,-1.5));
#11323=CARTESIAN_POINT('',(10.475,-72.645,0.));
#11324=CARTESIAN_POINT('',(10.475,-60.135,0.));
#11325=CARTESIAN_POINT('',(10.475,-72.645,0.));
#11326=CARTESIAN_POINT('Origin',(12.025,-72.645,0.));
#11327=CARTESIAN_POINT('',(12.025,-72.645,-1.5));
#11328=CARTESIAN_POINT('',(67.925,-72.645,-1.5));
#11329=CARTESIAN_POINT('',(12.025,-72.645,0.));
#11330=CARTESIAN_POINT('',(67.925,-72.645,0.));
#11331=CARTESIAN_POINT('',(12.025,-72.645,0.));
#11332=CARTESIAN_POINT('Origin',(12.025,-73.7,0.));
#11333=CARTESIAN_POINT('',(12.025,-73.7,-1.5));
#11334=CARTESIAN_POINT('',(12.025,-60.6625,-1.5));
#11335=CARTESIAN_POINT('',(12.025,-73.7,0.));
#11336=CARTESIAN_POINT('',(12.025,-60.6625,0.));
#11337=CARTESIAN_POINT('',(12.025,-73.7,0.));
#11338=CARTESIAN_POINT('Origin',(26.075,-73.7,0.));
#11339=CARTESIAN_POINT('',(26.075,-73.7,-1.5));
#11340=CARTESIAN_POINT('',(74.95,-73.7,-1.5));
#11341=CARTESIAN_POINT('',(26.075,-73.7,0.));
#11342=CARTESIAN_POINT('',(74.95,-73.7,0.));
#11343=CARTESIAN_POINT('',(26.075,-73.7,0.));
#11344=CARTESIAN_POINT('Origin',(26.075,-72.645,0.));
#11345=CARTESIAN_POINT('',(26.075,-72.645,-1.5));
#11346=CARTESIAN_POINT('',(26.075,-60.135,-1.5));
#11347=CARTESIAN_POINT('',(26.075,-72.645,0.));
#11348=CARTESIAN_POINT('',(26.075,-60.135,0.));
#11349=CARTESIAN_POINT('',(26.075,-72.645,0.));
#11350=CARTESIAN_POINT('Origin',(27.625,-72.645,0.));
#11351=CARTESIAN_POINT('',(27.625,-72.645,-1.5));
#11352=CARTESIAN_POINT('',(75.725,-72.645,-1.5));
#11353=CARTESIAN_POINT('',(27.625,-72.645,0.));
#11354=CARTESIAN_POINT('',(75.725,-72.645,0.));
#11355=CARTESIAN_POINT('',(27.625,-72.645,0.));
#11356=CARTESIAN_POINT('Origin',(27.625,-73.445,0.));
#11357=CARTESIAN_POINT('',(27.625,-73.445,-1.5));
#11358=CARTESIAN_POINT('',(27.625,-60.535,-1.5));
#11359=CARTESIAN_POINT('',(27.625,-73.445,0.));
#11360=CARTESIAN_POINT('',(27.625,-60.535,0.));
#11361=CARTESIAN_POINT('',(27.625,-73.445,0.));
#11362=CARTESIAN_POINT('Origin',(29.45,-73.445,0.));
#11363=CARTESIAN_POINT('',(29.45,-73.445,-1.5));
#11364=CARTESIAN_POINT('',(76.6375,-73.445,-1.5));
#11365=CARTESIAN_POINT('',(29.45,-73.445,0.));
#11366=CARTESIAN_POINT('',(76.6375,-73.445,0.));
#11367=CARTESIAN_POINT('',(29.45,-73.445,0.));
#11368=CARTESIAN_POINT('Origin',(29.45,-74.645,0.));
#11369=CARTESIAN_POINT('',(29.45,-74.645,-1.5));
#11370=CARTESIAN_POINT('',(29.45,-61.135,-1.5));
#11371=CARTESIAN_POINT('',(29.45,-74.645,0.));
#11372=CARTESIAN_POINT('',(29.45,-61.135,0.));
#11373=CARTESIAN_POINT('',(29.45,-74.645,0.));
#11374=CARTESIAN_POINT('Origin',(32.45,-74.645,0.));
#11375=CARTESIAN_POINT('',(32.45,-74.645,-1.5));
#11376=CARTESIAN_POINT('',(78.1375,-74.645,-1.5));
#11377=CARTESIAN_POINT('',(32.45,-74.645,0.));
#11378=CARTESIAN_POINT('',(78.1375,-74.645,0.));
#11379=CARTESIAN_POINT('',(32.45,-74.645,0.));
#11380=CARTESIAN_POINT('Origin',(32.45,-73.445,0.));
#11381=CARTESIAN_POINT('',(32.45,-60.535,-1.5));
#11382=CARTESIAN_POINT('',(32.45,-60.535,0.));
#11383=CARTESIAN_POINT('Origin',(9.64375,-54.65,0.));
#11384=CARTESIAN_POINT('',(9.64375,-40.6,-1.5));
#11385=CARTESIAN_POINT('',(9.64375,-54.65,-1.5));
#11386=CARTESIAN_POINT('',(9.64375,-51.1375,-1.5));
#11387=CARTESIAN_POINT('',(9.64375,-40.6,0.));
#11388=CARTESIAN_POINT('',(9.64375,-40.6,0.));
#11389=CARTESIAN_POINT('',(9.64375,-54.65,0.));
#11390=CARTESIAN_POINT('',(9.64375,-51.1375,0.));
#11391=CARTESIAN_POINT('',(9.64375,-54.65,0.));
#11392=CARTESIAN_POINT('Origin',(23.69375,-54.65,0.));
#11393=CARTESIAN_POINT('',(23.69375,-54.65,-1.5));
#11394=CARTESIAN_POINT('',(73.759375,-54.65,-1.5));
#11395=CARTESIAN_POINT('',(23.69375,-54.65,0.));
#11396=CARTESIAN_POINT('',(73.759375,-54.65,0.));
#11397=CARTESIAN_POINT('',(23.69375,-54.65,0.));
#11398=CARTESIAN_POINT('Origin',(23.69375,-40.6,0.));
#11399=CARTESIAN_POINT('',(23.69375,-40.6,-1.5));
#11400=CARTESIAN_POINT('',(23.69375,-44.1125,-1.5));
#11401=CARTESIAN_POINT('',(23.69375,-40.6,0.));
#11402=CARTESIAN_POINT('',(23.69375,-44.1125,0.));
#11403=CARTESIAN_POINT('',(23.69375,-40.6,0.));
#11404=CARTESIAN_POINT('Origin',(9.64375,-40.6,0.));
#11405=CARTESIAN_POINT('',(66.734375,-40.6,-1.5));
#11406=CARTESIAN_POINT('',(66.734375,-40.6,0.));
#11407=CARTESIAN_POINT('Origin',(40.6,-73.7,0.));
#11408=CARTESIAN_POINT('',(40.6,-59.65,-1.5));
#11409=CARTESIAN_POINT('',(40.6,-73.7,-1.5));
#11410=CARTESIAN_POINT('',(40.6,-60.6625,-1.5));
#11411=CARTESIAN_POINT('',(40.6,-59.65,0.));
#11412=CARTESIAN_POINT('',(40.6,-59.65,0.));
#11413=CARTESIAN_POINT('',(40.6,-73.7,0.));
#11414=CARTESIAN_POINT('',(40.6,-60.6625,0.));
#11415=CARTESIAN_POINT('',(40.6,-73.7,0.));
#11416=CARTESIAN_POINT('Origin',(54.65,-73.7,0.));
#11417=CARTESIAN_POINT('',(54.65,-73.7,-1.5));
#11418=CARTESIAN_POINT('',(89.2375,-73.7,-1.5));
#11419=CARTESIAN_POINT('',(54.65,-73.7,0.));
#11420=CARTESIAN_POINT('',(89.2375,-73.7,0.));
#11421=CARTESIAN_POINT('',(54.65,-73.7,0.));
#11422=CARTESIAN_POINT('Origin',(54.65,-59.65,0.));
#11423=CARTESIAN_POINT('',(54.65,-59.65,-1.5));
#11424=CARTESIAN_POINT('',(54.65,-53.6375,-1.5));
#11425=CARTESIAN_POINT('',(54.65,-59.65,0.));
#11426=CARTESIAN_POINT('',(54.65,-53.6375,0.));
#11427=CARTESIAN_POINT('',(54.65,-59.65,0.));
#11428=CARTESIAN_POINT('Origin',(40.6,-59.65,0.));
#11429=CARTESIAN_POINT('',(82.2125,-59.65,-1.5));
#11430=CARTESIAN_POINT('',(82.2125,-59.65,0.));
#11431=CARTESIAN_POINT('Origin',(52.50625,-92.75,0.));
#11432=CARTESIAN_POINT('',(52.50625,-78.7,-1.5));
#11433=CARTESIAN_POINT('',(52.50625,-92.75,-1.5));
#11434=CARTESIAN_POINT('',(52.50625,-70.1875,-1.5));
#11435=CARTESIAN_POINT('',(52.50625,-78.7,0.));
#11436=CARTESIAN_POINT('',(52.50625,-78.7,0.));
#11437=CARTESIAN_POINT('',(52.50625,-92.75,0.));
#11438=CARTESIAN_POINT('',(52.50625,-70.1875,0.));
#11439=CARTESIAN_POINT('',(52.50625,-92.75,0.));
#11440=CARTESIAN_POINT('Origin',(66.55625,-92.75,0.));
#11441=CARTESIAN_POINT('',(66.55625,-92.75,-1.5));
#11442=CARTESIAN_POINT('',(95.190625,-92.75,-1.5));
#11443=CARTESIAN_POINT('',(66.55625,-92.75,0.));
#11444=CARTESIAN_POINT('',(95.190625,-92.75,0.));
#11445=CARTESIAN_POINT('',(66.55625,-92.75,0.));
#11446=CARTESIAN_POINT('Origin',(66.55625,-78.7,0.));
#11447=CARTESIAN_POINT('',(66.55625,-78.7,-1.5));
#11448=CARTESIAN_POINT('',(66.55625,-63.1625,-1.5));
#11449=CARTESIAN_POINT('',(66.55625,-78.7,0.));
#11450=CARTESIAN_POINT('',(66.55625,-63.1625,0.));
#11451=CARTESIAN_POINT('',(66.55625,-78.7,0.));
#11452=CARTESIAN_POINT('Origin',(52.50625,-78.7,0.));
#11453=CARTESIAN_POINT('',(88.165625,-78.7,-1.5));
#11454=CARTESIAN_POINT('',(88.165625,-78.7,0.));
#11455=CARTESIAN_POINT('Origin',(112.0375,-54.65,0.));
#11456=CARTESIAN_POINT('',(112.0375,-40.6,-1.5));
#11457=CARTESIAN_POINT('',(112.0375,-54.65,-1.5));
#11458=CARTESIAN_POINT('',(112.0375,-51.1375,-1.5));
#11459=CARTESIAN_POINT('',(112.0375,-40.6,0.));
#11460=CARTESIAN_POINT('',(112.0375,-40.6,0.));
#11461=CARTESIAN_POINT('',(112.0375,-54.65,0.));
#11462=CARTESIAN_POINT('',(112.0375,-51.1375,0.));
#11463=CARTESIAN_POINT('',(112.0375,-54.65,0.));
#11464=CARTESIAN_POINT('Origin',(126.0875,-54.65,0.));
#11465=CARTESIAN_POINT('',(126.0875,-54.65,-1.5));
#11466=CARTESIAN_POINT('',(124.95625,-54.65,-1.5));
#11467=CARTESIAN_POINT('',(126.0875,-54.65,0.));
#11468=CARTESIAN_POINT('',(124.95625,-54.65,0.));
#11469=CARTESIAN_POINT('',(126.0875,-54.65,0.));
#11470=CARTESIAN_POINT('Origin',(126.0875,-40.6,0.));
#11471=CARTESIAN_POINT('',(126.0875,-40.6,-1.5));
#11472=CARTESIAN_POINT('',(126.0875,-44.1125,-1.5));
#11473=CARTESIAN_POINT('',(126.0875,-40.6,0.));
#11474=CARTESIAN_POINT('',(126.0875,-44.1125,0.));
#11475=CARTESIAN_POINT('',(126.0875,-40.6,0.));
#11476=CARTESIAN_POINT('Origin',(112.0375,-40.6,0.));
#11477=CARTESIAN_POINT('',(117.93125,-40.6,-1.5));
#11478=CARTESIAN_POINT('',(117.93125,-40.6,0.));
#11479=CARTESIAN_POINT('Origin',(226.3375,-35.6,0.));
#11480=CARTESIAN_POINT('',(226.3375,-21.55,-1.5));
#11481=CARTESIAN_POINT('',(226.3375,-35.6,-1.5));
#11482=CARTESIAN_POINT('',(226.3375,-41.6125,-1.5));
#11483=CARTESIAN_POINT('',(226.3375,-21.55,0.));
#11484=CARTESIAN_POINT('',(226.3375,-21.55,0.));
#11485=CARTESIAN_POINT('',(226.3375,-35.6,0.));
#11486=CARTESIAN_POINT('',(226.3375,-41.6125,0.));
#11487=CARTESIAN_POINT('',(226.3375,-35.6,0.));
#11488=CARTESIAN_POINT('Origin',(240.3875,-35.6,0.));
#11489=CARTESIAN_POINT('',(240.3875,-35.6,-1.5));
#11490=CARTESIAN_POINT('',(182.10625,-35.6,-1.5));
#11491=CARTESIAN_POINT('',(240.3875,-35.6,0.));
#11492=CARTESIAN_POINT('',(182.10625,-35.6,0.));
#11493=CARTESIAN_POINT('',(240.3875,-35.6,0.));
#11494=CARTESIAN_POINT('Origin',(240.3875,-21.55,0.));
#11495=CARTESIAN_POINT('',(240.3875,-21.55,-1.5));
#11496=CARTESIAN_POINT('',(240.3875,-34.5875,-1.5));
#11497=CARTESIAN_POINT('',(240.3875,-21.55,0.));
#11498=CARTESIAN_POINT('',(240.3875,-34.5875,0.));
#11499=CARTESIAN_POINT('',(240.3875,-21.55,0.));
#11500=CARTESIAN_POINT('Origin',(226.3375,-21.55,0.));
#11501=CARTESIAN_POINT('',(175.08125,-21.55,-1.5));
#11502=CARTESIAN_POINT('',(175.08125,-21.55,0.));
#11503=CARTESIAN_POINT('Origin',(241.44375,-54.395,0.));
#11504=CARTESIAN_POINT('',(239.61875,-54.395,-1.5));
#11505=CARTESIAN_POINT('',(241.44375,-54.395,-1.5));
#11506=CARTESIAN_POINT('',(182.634375,-54.395,-1.5));
#11507=CARTESIAN_POINT('',(239.61875,-54.395,0.));
#11508=CARTESIAN_POINT('',(239.61875,-54.395,0.));
#11509=CARTESIAN_POINT('',(241.44375,-54.395,0.));
#11510=CARTESIAN_POINT('',(182.634375,-54.395,0.));
#11511=CARTESIAN_POINT('',(241.44375,-54.395,0.));
#11512=CARTESIAN_POINT('Origin',(241.44375,-48.125,0.));
#11513=CARTESIAN_POINT('',(241.44375,-48.125,-1.5));
#11514=CARTESIAN_POINT('',(241.44375,-47.875,-1.5));
#11515=CARTESIAN_POINT('',(241.44375,-48.125,0.));
#11516=CARTESIAN_POINT('',(241.44375,-47.875,0.));
#11517=CARTESIAN_POINT('',(241.44375,-48.125,0.));
#11518=CARTESIAN_POINT('Origin',(242.31875,-48.125,0.));
#11519=CARTESIAN_POINT('',(242.31875,-48.125,-1.5));
#11520=CARTESIAN_POINT('',(183.071875,-48.125,-1.5));
#11521=CARTESIAN_POINT('',(242.31875,-48.125,0.));
#11522=CARTESIAN_POINT('',(183.071875,-48.125,0.));
#11523=CARTESIAN_POINT('',(242.31875,-48.125,0.));
#11524=CARTESIAN_POINT('Origin',(242.31875,-45.325,0.));
#11525=CARTESIAN_POINT('',(242.31875,-45.325,-1.5));
#11526=CARTESIAN_POINT('',(242.31875,-46.475,-1.5));
#11527=CARTESIAN_POINT('',(242.31875,-45.325,0.));
#11528=CARTESIAN_POINT('',(242.31875,-46.475,0.));
#11529=CARTESIAN_POINT('',(242.31875,-45.325,0.));
#11530=CARTESIAN_POINT('Origin',(241.44375,-45.325,0.));
#11531=CARTESIAN_POINT('',(241.44375,-45.325,-1.5));
#11532=CARTESIAN_POINT('',(182.634375,-45.325,-1.5));
#11533=CARTESIAN_POINT('',(241.44375,-45.325,0.));
#11534=CARTESIAN_POINT('',(182.634375,-45.325,0.));
#11535=CARTESIAN_POINT('',(241.44375,-45.325,0.));
#11536=CARTESIAN_POINT('Origin',(241.44375,-42.095,0.));
#11537=CARTESIAN_POINT('',(241.44375,-42.095,-1.5));
#11538=CARTESIAN_POINT('',(241.44375,-44.86,-1.5));
#11539=CARTESIAN_POINT('',(241.44375,-42.095,0.));
#11540=CARTESIAN_POINT('',(241.44375,-44.86,0.));
#11541=CARTESIAN_POINT('',(241.44375,-42.095,0.));
#11542=CARTESIAN_POINT('Origin',(234.79375,-42.095,0.));
#11543=CARTESIAN_POINT('',(234.79375,-42.095,-1.5));
#11544=CARTESIAN_POINT('',(179.309375,-42.095,-1.5));
#11545=CARTESIAN_POINT('',(234.79375,-42.095,0.));
#11546=CARTESIAN_POINT('',(179.309375,-42.095,0.));
#11547=CARTESIAN_POINT('',(234.79375,-42.095,0.));
#11548=CARTESIAN_POINT('Origin',(234.79375,-42.895,0.));
#11549=CARTESIAN_POINT('',(234.79375,-42.895,-1.5));
#11550=CARTESIAN_POINT('',(234.79375,-45.26,-1.5));
#11551=CARTESIAN_POINT('',(234.79375,-42.895,0.));
#11552=CARTESIAN_POINT('',(234.79375,-45.26,0.));
#11553=CARTESIAN_POINT('',(234.79375,-42.895,0.));
#11554=CARTESIAN_POINT('Origin',(233.24375,-42.895,0.));
#11555=CARTESIAN_POINT('',(233.24375,-42.895,-1.5));
#11556=CARTESIAN_POINT('',(178.534375,-42.895,-1.5));
#11557=CARTESIAN_POINT('',(233.24375,-42.895,0.));
#11558=CARTESIAN_POINT('',(178.534375,-42.895,0.));
#11559=CARTESIAN_POINT('',(233.24375,-42.895,0.));
#11560=CARTESIAN_POINT('Origin',(233.24375,-40.6,0.));
#11561=CARTESIAN_POINT('',(233.24375,-40.6,-1.5));
#11562=CARTESIAN_POINT('',(233.24375,-44.1125,-1.5));
#11563=CARTESIAN_POINT('',(233.24375,-40.6,0.));
#11564=CARTESIAN_POINT('',(233.24375,-44.1125,0.));
#11565=CARTESIAN_POINT('',(233.24375,-40.6,0.));
#11566=CARTESIAN_POINT('Origin',(219.19375,-40.6,0.));
#11567=CARTESIAN_POINT('',(219.19375,-40.6,-1.5));
#11568=CARTESIAN_POINT('',(171.509375,-40.6,-1.5));
#11569=CARTESIAN_POINT('',(219.19375,-40.6,0.));
#11570=CARTESIAN_POINT('',(171.509375,-40.6,0.));
#11571=CARTESIAN_POINT('',(219.19375,-40.6,0.));
#11572=CARTESIAN_POINT('Origin',(219.19375,-42.895,0.));
#11573=CARTESIAN_POINT('',(219.19375,-42.895,-1.5));
#11574=CARTESIAN_POINT('',(219.19375,-45.26,-1.5));
#11575=CARTESIAN_POINT('',(219.19375,-42.895,0.));
#11576=CARTESIAN_POINT('',(219.19375,-45.26,0.));
#11577=CARTESIAN_POINT('',(219.19375,-42.895,0.));
#11578=CARTESIAN_POINT('Origin',(217.64375,-42.895,0.));
#11579=CARTESIAN_POINT('',(217.64375,-42.895,-1.5));
#11580=CARTESIAN_POINT('',(170.734375,-42.895,-1.5));
#11581=CARTESIAN_POINT('',(217.64375,-42.895,0.));
#11582=CARTESIAN_POINT('',(170.734375,-42.895,0.));
#11583=CARTESIAN_POINT('',(217.64375,-42.895,0.));
#11584=CARTESIAN_POINT('Origin',(217.64375,-42.095,0.));
#11585=CARTESIAN_POINT('',(217.64375,-42.095,-1.5));
#11586=CARTESIAN_POINT('',(217.64375,-44.86,-1.5));
#11587=CARTESIAN_POINT('',(217.64375,-42.095,0.));
#11588=CARTESIAN_POINT('',(217.64375,-44.86,0.));
#11589=CARTESIAN_POINT('',(217.64375,-42.095,0.));
#11590=CARTESIAN_POINT('Origin',(210.99375,-42.095,0.));
#11591=CARTESIAN_POINT('',(210.99375,-42.095,-1.5));
#11592=CARTESIAN_POINT('',(167.409375,-42.095,-1.5));
#11593=CARTESIAN_POINT('',(210.99375,-42.095,0.));
#11594=CARTESIAN_POINT('',(167.409375,-42.095,0.));
#11595=CARTESIAN_POINT('',(210.99375,-42.095,0.));
#11596=CARTESIAN_POINT('Origin',(210.99375,-45.325,0.));
#11597=CARTESIAN_POINT('',(210.99375,-45.325,-1.5));
#11598=CARTESIAN_POINT('',(210.99375,-46.475,-1.5));
#11599=CARTESIAN_POINT('',(210.99375,-45.325,0.));
#11600=CARTESIAN_POINT('',(210.99375,-46.475,0.));
#11601=CARTESIAN_POINT('',(210.99375,-45.325,0.));
#11602=CARTESIAN_POINT('Origin',(210.11875,-45.325,0.));
#11603=CARTESIAN_POINT('',(210.11875,-45.325,-1.5));
#11604=CARTESIAN_POINT('',(166.971875,-45.325,-1.5));
#11605=CARTESIAN_POINT('',(210.11875,-45.325,0.));
#11606=CARTESIAN_POINT('',(166.971875,-45.325,0.));
#11607=CARTESIAN_POINT('',(210.11875,-45.325,0.));
#11608=CARTESIAN_POINT('Origin',(210.11875,-48.125,0.));
#11609=CARTESIAN_POINT('',(210.11875,-48.125,-1.5));
#11610=CARTESIAN_POINT('',(210.11875,-47.875,-1.5));
#11611=CARTESIAN_POINT('',(210.11875,-48.125,0.));
#11612=CARTESIAN_POINT('',(210.11875,-47.875,0.));
#11613=CARTESIAN_POINT('',(210.11875,-48.125,0.));
#11614=CARTESIAN_POINT('Origin',(210.99375,-48.125,0.));
#11615=CARTESIAN_POINT('',(210.99375,-48.125,-1.5));
#11616=CARTESIAN_POINT('',(167.409375,-48.125,-1.5));
#11617=CARTESIAN_POINT('',(210.99375,-48.125,0.));
#11618=CARTESIAN_POINT('',(167.409375,-48.125,0.));
#11619=CARTESIAN_POINT('',(210.99375,-48.125,0.));
#11620=CARTESIAN_POINT('Origin',(210.99375,-54.395,0.));
#11621=CARTESIAN_POINT('',(210.99375,-54.395,-1.5));
#11622=CARTESIAN_POINT('',(210.99375,-51.01,-1.5));
#11623=CARTESIAN_POINT('',(210.99375,-54.395,0.));
#11624=CARTESIAN_POINT('',(210.99375,-51.01,0.));
#11625=CARTESIAN_POINT('',(210.99375,-54.395,0.));
#11626=CARTESIAN_POINT('Origin',(212.81875,-54.395,0.));
#11627=CARTESIAN_POINT('',(212.81875,-54.395,-1.5));
#11628=CARTESIAN_POINT('',(168.321875,-54.395,-1.5));
#11629=CARTESIAN_POINT('',(212.81875,-54.395,0.));
#11630=CARTESIAN_POINT('',(168.321875,-54.395,0.));
#11631=CARTESIAN_POINT('',(212.81875,-54.395,0.));
#11632=CARTESIAN_POINT('Origin',(212.81875,-55.595,0.));
#11633=CARTESIAN_POINT('',(212.81875,-55.595,-1.5));
#11634=CARTESIAN_POINT('',(212.81875,-51.61,-1.5));
#11635=CARTESIAN_POINT('',(212.81875,-55.595,0.));
#11636=CARTESIAN_POINT('',(212.81875,-51.61,0.));
#11637=CARTESIAN_POINT('',(212.81875,-55.595,0.));
#11638=CARTESIAN_POINT('Origin',(215.81875,-55.595,0.));
#11639=CARTESIAN_POINT('',(215.81875,-55.595,-1.5));
#11640=CARTESIAN_POINT('',(169.821875,-55.595,-1.5));
#11641=CARTESIAN_POINT('',(215.81875,-55.595,0.));
#11642=CARTESIAN_POINT('',(169.821875,-55.595,0.));
#11643=CARTESIAN_POINT('',(215.81875,-55.595,0.));
#11644=CARTESIAN_POINT('Origin',(215.81875,-54.395,0.));
#11645=CARTESIAN_POINT('',(215.81875,-54.395,-1.5));
#11646=CARTESIAN_POINT('',(215.81875,-51.01,-1.5));
#11647=CARTESIAN_POINT('',(215.81875,-54.395,0.));
#11648=CARTESIAN_POINT('',(215.81875,-51.01,0.));
#11649=CARTESIAN_POINT('',(215.81875,-54.395,0.));
#11650=CARTESIAN_POINT('Origin',(217.64375,-54.395,0.));
#11651=CARTESIAN_POINT('',(217.64375,-54.395,-1.5));
#11652=CARTESIAN_POINT('',(170.734375,-54.395,-1.5));
#11653=CARTESIAN_POINT('',(217.64375,-54.395,0.));
#11654=CARTESIAN_POINT('',(170.734375,-54.395,0.));
#11655=CARTESIAN_POINT('',(217.64375,-54.395,0.));
#11656=CARTESIAN_POINT('Origin',(217.64375,-53.595,0.));
#11657=CARTESIAN_POINT('',(217.64375,-53.595,-1.5));
#11658=CARTESIAN_POINT('',(217.64375,-50.61,-1.5));
#11659=CARTESIAN_POINT('',(217.64375,-53.595,0.));
#11660=CARTESIAN_POINT('',(217.64375,-50.61,0.));
#11661=CARTESIAN_POINT('',(217.64375,-53.595,0.));
#11662=CARTESIAN_POINT('Origin',(219.19375,-53.595,0.));
#11663=CARTESIAN_POINT('',(219.19375,-53.595,-1.5));
#11664=CARTESIAN_POINT('',(171.509375,-53.595,-1.5));
#11665=CARTESIAN_POINT('',(219.19375,-53.595,0.));
#11666=CARTESIAN_POINT('',(171.509375,-53.595,0.));
#11667=CARTESIAN_POINT('',(219.19375,-53.595,0.));
#11668=CARTESIAN_POINT('Origin',(219.19375,-54.65,0.));
#11669=CARTESIAN_POINT('',(219.19375,-54.65,-1.5));
#11670=CARTESIAN_POINT('',(219.19375,-51.1375,-1.5));
#11671=CARTESIAN_POINT('',(219.19375,-54.65,0.));
#11672=CARTESIAN_POINT('',(219.19375,-51.1375,0.));
#11673=CARTESIAN_POINT('',(219.19375,-54.65,0.));
#11674=CARTESIAN_POINT('Origin',(233.24375,-54.65,0.));
#11675=CARTESIAN_POINT('',(233.24375,-54.65,-1.5));
#11676=CARTESIAN_POINT('',(178.534375,-54.65,-1.5));
#11677=CARTESIAN_POINT('',(233.24375,-54.65,0.));
#11678=CARTESIAN_POINT('',(178.534375,-54.65,0.));
#11679=CARTESIAN_POINT('',(233.24375,-54.65,0.));
#11680=CARTESIAN_POINT('Origin',(233.24375,-53.595,0.));
#11681=CARTESIAN_POINT('',(233.24375,-53.595,-1.5));
#11682=CARTESIAN_POINT('',(233.24375,-50.61,-1.5));
#11683=CARTESIAN_POINT('',(233.24375,-53.595,0.));
#11684=CARTESIAN_POINT('',(233.24375,-50.61,0.));
#11685=CARTESIAN_POINT('',(233.24375,-53.595,0.));
#11686=CARTESIAN_POINT('Origin',(234.79375,-53.595,0.));
#11687=CARTESIAN_POINT('',(234.79375,-53.595,-1.5));
#11688=CARTESIAN_POINT('',(179.309375,-53.595,-1.5));
#11689=CARTESIAN_POINT('',(234.79375,-53.595,0.));
#11690=CARTESIAN_POINT('',(179.309375,-53.595,0.));
#11691=CARTESIAN_POINT('',(234.79375,-53.595,0.));
#11692=CARTESIAN_POINT('Origin',(234.79375,-54.395,0.));
#11693=CARTESIAN_POINT('',(234.79375,-54.395,-1.5));
#11694=CARTESIAN_POINT('',(234.79375,-51.01,-1.5));
#11695=CARTESIAN_POINT('',(234.79375,-54.395,0.));
#11696=CARTESIAN_POINT('',(234.79375,-51.01,0.));
#11697=CARTESIAN_POINT('',(234.79375,-54.395,0.));
#11698=CARTESIAN_POINT('Origin',(236.61875,-54.395,0.));
#11699=CARTESIAN_POINT('',(236.61875,-54.395,-1.5));
#11700=CARTESIAN_POINT('',(180.221875,-54.395,-1.5));
#11701=CARTESIAN_POINT('',(236.61875,-54.395,0.));
#11702=CARTESIAN_POINT('',(180.221875,-54.395,0.));
#11703=CARTESIAN_POINT('',(236.61875,-54.395,0.));
#11704=CARTESIAN_POINT('Origin',(236.61875,-55.595,0.));
#11705=CARTESIAN_POINT('',(236.61875,-55.595,-1.5));
#11706=CARTESIAN_POINT('',(236.61875,-51.61,-1.5));
#11707=CARTESIAN_POINT('',(236.61875,-55.595,0.));
#11708=CARTESIAN_POINT('',(236.61875,-51.61,0.));
#11709=CARTESIAN_POINT('',(236.61875,-55.595,0.));
#11710=CARTESIAN_POINT('Origin',(239.61875,-55.595,0.));
#11711=CARTESIAN_POINT('',(239.61875,-55.595,-1.5));
#11712=CARTESIAN_POINT('',(181.721875,-55.595,-1.5));
#11713=CARTESIAN_POINT('',(239.61875,-55.595,0.));
#11714=CARTESIAN_POINT('',(181.721875,-55.595,0.));
#11715=CARTESIAN_POINT('',(239.61875,-55.595,0.));
#11716=CARTESIAN_POINT('Origin',(239.61875,-54.395,0.));
#11717=CARTESIAN_POINT('',(239.61875,-51.01,-1.5));
#11718=CARTESIAN_POINT('',(239.61875,-51.01,0.));
#11719=CARTESIAN_POINT('Origin',(4.88125,-92.75,0.));
#11720=CARTESIAN_POINT('',(4.88125,-78.7,-1.5));
#11721=CARTESIAN_POINT('',(4.88125,-92.75,-1.5));
#11722=CARTESIAN_POINT('',(4.88125,-70.1875,-1.5));
#11723=CARTESIAN_POINT('',(4.88125,-78.7,0.));
#11724=CARTESIAN_POINT('',(4.88125,-78.7,0.));
#11725=CARTESIAN_POINT('',(4.88125,-92.75,0.));
#11726=CARTESIAN_POINT('',(4.88125,-70.1875,0.));
#11727=CARTESIAN_POINT('',(4.88125,-92.75,0.));
#11728=CARTESIAN_POINT('Origin',(18.93125,-92.75,0.));
#11729=CARTESIAN_POINT('',(18.93125,-92.75,-1.5));
#11730=CARTESIAN_POINT('',(71.378125,-92.75,-1.5));
#11731=CARTESIAN_POINT('',(18.93125,-92.75,0.));
#11732=CARTESIAN_POINT('',(71.378125,-92.75,0.));
#11733=CARTESIAN_POINT('',(18.93125,-92.75,0.));
#11734=CARTESIAN_POINT('Origin',(18.93125,-78.7,0.));
#11735=CARTESIAN_POINT('',(18.93125,-78.7,-1.5));
#11736=CARTESIAN_POINT('',(18.93125,-63.1625,-1.5));
#11737=CARTESIAN_POINT('',(18.93125,-78.7,0.));
#11738=CARTESIAN_POINT('',(18.93125,-63.1625,0.));
#11739=CARTESIAN_POINT('',(18.93125,-78.7,0.));
#11740=CARTESIAN_POINT('Origin',(4.88125,-78.7,0.));
#11741=CARTESIAN_POINT('',(64.353125,-78.7,-1.5));
#11742=CARTESIAN_POINT('',(64.353125,-78.7,0.));
#11743=CARTESIAN_POINT('Origin',(35.8375,-54.65,0.));
#11744=CARTESIAN_POINT('',(35.8375,-40.6,-1.5));
#11745=CARTESIAN_POINT('',(35.8375,-54.65,-1.5));
#11746=CARTESIAN_POINT('',(35.8375,-51.1375,-1.5));
#11747=CARTESIAN_POINT('',(35.8375,-40.6,0.));
#11748=CARTESIAN_POINT('',(35.8375,-40.6,0.));
#11749=CARTESIAN_POINT('',(35.8375,-54.65,0.));
#11750=CARTESIAN_POINT('',(35.8375,-51.1375,0.));
#11751=CARTESIAN_POINT('',(35.8375,-54.65,0.));
#11752=CARTESIAN_POINT('Origin',(49.8875,-54.65,0.));
#11753=CARTESIAN_POINT('',(49.8875,-54.65,-1.5));
#11754=CARTESIAN_POINT('',(86.85625,-54.65,-1.5));
#11755=CARTESIAN_POINT('',(49.8875,-54.65,0.));
#11756=CARTESIAN_POINT('',(86.85625,-54.65,0.));
#11757=CARTESIAN_POINT('',(49.8875,-54.65,0.));
#11758=CARTESIAN_POINT('Origin',(49.8875,-40.6,0.));
#11759=CARTESIAN_POINT('',(49.8875,-40.6,-1.5));
#11760=CARTESIAN_POINT('',(49.8875,-44.1125,-1.5));
#11761=CARTESIAN_POINT('',(49.8875,-40.6,0.));
#11762=CARTESIAN_POINT('',(49.8875,-44.1125,0.));
#11763=CARTESIAN_POINT('',(49.8875,-40.6,0.));
#11764=CARTESIAN_POINT('Origin',(35.8375,-40.6,0.));
#11765=CARTESIAN_POINT('',(79.83125,-40.6,-1.5));
#11766=CARTESIAN_POINT('',(79.83125,-40.6,0.));
#11767=CARTESIAN_POINT('Origin',(126.325,-35.6,0.));
#11768=CARTESIAN_POINT('',(126.325,-21.55,-1.5));
#11769=CARTESIAN_POINT('',(126.325,-35.6,-1.5));
#11770=CARTESIAN_POINT('',(126.325,-41.6125,-1.5));
#11771=CARTESIAN_POINT('',(126.325,-21.55,0.));
#11772=CARTESIAN_POINT('',(126.325,-21.55,0.));
#11773=CARTESIAN_POINT('',(126.325,-35.6,0.));
#11774=CARTESIAN_POINT('',(126.325,-41.6125,0.));
#11775=CARTESIAN_POINT('',(126.325,-35.6,0.));
#11776=CARTESIAN_POINT('Origin',(140.375,-35.6,0.));
#11777=CARTESIAN_POINT('',(140.375,-35.6,-1.5));
#11778=CARTESIAN_POINT('',(132.1,-35.6,-1.5));
#11779=CARTESIAN_POINT('',(140.375,-35.6,0.));
#11780=CARTESIAN_POINT('',(132.1,-35.6,0.));
#11781=CARTESIAN_POINT('',(140.375,-35.6,0.));
#11782=CARTESIAN_POINT('Origin',(140.375,-21.55,0.));
#11783=CARTESIAN_POINT('',(140.375,-21.55,-1.5));
#11784=CARTESIAN_POINT('',(140.375,-34.5875,-1.5));
#11785=CARTESIAN_POINT('',(140.375,-21.55,0.));
#11786=CARTESIAN_POINT('',(140.375,-34.5875,0.));
#11787=CARTESIAN_POINT('',(140.375,-21.55,0.));
#11788=CARTESIAN_POINT('Origin',(126.325,-21.55,0.));
#11789=CARTESIAN_POINT('',(125.075,-21.55,-1.5));
#11790=CARTESIAN_POINT('',(125.075,-21.55,0.));
#11791=CARTESIAN_POINT('Origin',(116.8,-16.55,0.));
#11792=CARTESIAN_POINT('',(116.8,-2.5,-1.5));
#11793=CARTESIAN_POINT('',(116.8,-16.55,-1.5));
#11794=CARTESIAN_POINT('',(116.8,-32.0875,-1.5));
#11795=CARTESIAN_POINT('',(116.8,-2.5,0.));
#11796=CARTESIAN_POINT('',(116.8,-2.5,0.));
#11797=CARTESIAN_POINT('',(116.8,-16.55,0.));
#11798=CARTESIAN_POINT('',(116.8,-32.0875,0.));
#11799=CARTESIAN_POINT('',(116.8,-16.55,0.));
#11800=CARTESIAN_POINT('Origin',(130.85,-16.55,0.));
#11801=CARTESIAN_POINT('',(130.85,-16.55,-1.5));
#11802=CARTESIAN_POINT('',(127.3375,-16.55,-1.5));
#11803=CARTESIAN_POINT('',(130.85,-16.55,0.));
#11804=CARTESIAN_POINT('',(127.3375,-16.55,0.));
#11805=CARTESIAN_POINT('',(130.85,-16.55,0.));
#11806=CARTESIAN_POINT('Origin',(130.85,-2.5,0.));
#11807=CARTESIAN_POINT('',(130.85,-2.5,-1.5));
#11808=CARTESIAN_POINT('',(130.85,-25.0625,-1.5));
#11809=CARTESIAN_POINT('',(130.85,-2.5,0.));
#11810=CARTESIAN_POINT('',(130.85,-25.0625,0.));
#11811=CARTESIAN_POINT('',(130.85,-2.5,0.));
#11812=CARTESIAN_POINT('Origin',(116.8,-2.5,0.));
#11813=CARTESIAN_POINT('',(120.3125,-2.5,-1.5));
#11814=CARTESIAN_POINT('',(120.3125,-2.5,0.));
#11815=CARTESIAN_POINT('Origin',(212.05,-16.55,0.));
#11816=CARTESIAN_POINT('',(212.05,-2.5,-1.5));
#11817=CARTESIAN_POINT('',(212.05,-16.55,-1.5));
#11818=CARTESIAN_POINT('',(212.05,-32.0875,-1.5));
#11819=CARTESIAN_POINT('',(212.05,-2.5,0.));
#11820=CARTESIAN_POINT('',(212.05,-2.5,0.));
#11821=CARTESIAN_POINT('',(212.05,-16.55,0.));
#11822=CARTESIAN_POINT('',(212.05,-32.0875,0.));
#11823=CARTESIAN_POINT('',(212.05,-16.55,0.));
#11824=CARTESIAN_POINT('Origin',(226.1,-16.55,0.));
#11825=CARTESIAN_POINT('',(226.1,-16.55,-1.5));
#11826=CARTESIAN_POINT('',(174.9625,-16.55,-1.5));
#11827=CARTESIAN_POINT('',(226.1,-16.55,0.));
#11828=CARTESIAN_POINT('',(174.9625,-16.55,0.));
#11829=CARTESIAN_POINT('',(226.1,-16.55,0.));
#11830=CARTESIAN_POINT('Origin',(226.1,-2.5,0.));
#11831=CARTESIAN_POINT('',(226.1,-2.5,-1.5));
#11832=CARTESIAN_POINT('',(226.1,-25.0625,-1.5));
#11833=CARTESIAN_POINT('',(226.1,-2.5,0.));
#11834=CARTESIAN_POINT('',(226.1,-25.0625,0.));
#11835=CARTESIAN_POINT('',(226.1,-2.5,0.));
#11836=CARTESIAN_POINT('Origin',(212.05,-2.5,0.));
#11837=CARTESIAN_POINT('',(167.9375,-2.5,-1.5));
#11838=CARTESIAN_POINT('',(167.9375,-2.5,0.));
#11839=CARTESIAN_POINT('Origin',(154.9,-73.7,0.));
#11840=CARTESIAN_POINT('',(154.9,-59.65,-1.5));
#11841=CARTESIAN_POINT('',(154.9,-73.7,-1.5));
#11842=CARTESIAN_POINT('',(154.9,-60.6625,-1.5));
#11843=CARTESIAN_POINT('',(154.9,-59.65,0.));
#11844=CARTESIAN_POINT('',(154.9,-59.65,0.));
#11845=CARTESIAN_POINT('',(154.9,-73.7,0.));
#11846=CARTESIAN_POINT('',(154.9,-60.6625,0.));
#11847=CARTESIAN_POINT('',(154.9,-73.7,0.));
#11848=CARTESIAN_POINT('Origin',(168.95,-73.7,0.));
#11849=CARTESIAN_POINT('',(168.95,-73.7,-1.5));
#11850=CARTESIAN_POINT('',(146.3875,-73.7,-1.5));
#11851=CARTESIAN_POINT('',(168.95,-73.7,0.));
#11852=CARTESIAN_POINT('',(146.3875,-73.7,0.));
#11853=CARTESIAN_POINT('',(168.95,-73.7,0.));
#11854=CARTESIAN_POINT('Origin',(168.95,-59.65,0.));
#11855=CARTESIAN_POINT('',(168.95,-59.65,-1.5));
#11856=CARTESIAN_POINT('',(168.95,-53.6375,-1.5));
#11857=CARTESIAN_POINT('',(168.95,-59.65,0.));
#11858=CARTESIAN_POINT('',(168.95,-53.6375,0.));
#11859=CARTESIAN_POINT('',(168.95,-59.65,0.));
#11860=CARTESIAN_POINT('Origin',(154.9,-59.65,0.));
#11861=CARTESIAN_POINT('',(139.3625,-59.65,-1.5));
#11862=CARTESIAN_POINT('',(139.3625,-59.65,0.));
#11863=CARTESIAN_POINT('Origin',(59.65,-73.7,0.));
#11864=CARTESIAN_POINT('',(59.65,-59.65,-1.5));
#11865=CARTESIAN_POINT('',(59.65,-73.7,-1.5));
#11866=CARTESIAN_POINT('',(59.65,-60.6625,-1.5));
#11867=CARTESIAN_POINT('',(59.65,-59.65,0.));
#11868=CARTESIAN_POINT('',(59.65,-59.65,0.));
#11869=CARTESIAN_POINT('',(59.65,-73.7,0.));
#11870=CARTESIAN_POINT('',(59.65,-60.6625,0.));
#11871=CARTESIAN_POINT('',(59.65,-73.7,0.));
#11872=CARTESIAN_POINT('Origin',(73.7,-73.7,0.));
#11873=CARTESIAN_POINT('',(73.7,-73.7,-1.5));
#11874=CARTESIAN_POINT('',(98.7625,-73.7,-1.5));
#11875=CARTESIAN_POINT('',(73.7,-73.7,0.));
#11876=CARTESIAN_POINT('',(98.7625,-73.7,0.));
#11877=CARTESIAN_POINT('',(73.7,-73.7,0.));
#11878=CARTESIAN_POINT('Origin',(73.7,-59.65,0.));
#11879=CARTESIAN_POINT('',(73.7,-59.65,-1.5));
#11880=CARTESIAN_POINT('',(73.7,-53.6375,-1.5));
#11881=CARTESIAN_POINT('',(73.7,-59.65,0.));
#11882=CARTESIAN_POINT('',(73.7,-53.6375,0.));
#11883=CARTESIAN_POINT('',(73.7,-59.65,0.));
#11884=CARTESIAN_POINT('Origin',(59.65,-59.65,0.));
#11885=CARTESIAN_POINT('',(91.7375,-59.65,-1.5));
#11886=CARTESIAN_POINT('',(91.7375,-59.65,0.));
#11887=CARTESIAN_POINT('Origin',(31.075,-35.6,0.));
#11888=CARTESIAN_POINT('',(31.075,-21.55,-1.5));
#11889=CARTESIAN_POINT('',(31.075,-35.6,-1.5));
#11890=CARTESIAN_POINT('',(31.075,-41.6125,-1.5));
#11891=CARTESIAN_POINT('',(31.075,-21.55,0.));
#11892=CARTESIAN_POINT('',(31.075,-21.55,0.));
#11893=CARTESIAN_POINT('',(31.075,-35.6,0.));
#11894=CARTESIAN_POINT('',(31.075,-41.6125,0.));
#11895=CARTESIAN_POINT('',(31.075,-35.6,0.));
#11896=CARTESIAN_POINT('Origin',(45.125,-35.6,0.));
#11897=CARTESIAN_POINT('',(45.125,-35.6,-1.5));
#11898=CARTESIAN_POINT('',(84.475,-35.6,-1.5));
#11899=CARTESIAN_POINT('',(45.125,-35.6,0.));
#11900=CARTESIAN_POINT('',(84.475,-35.6,0.));
#11901=CARTESIAN_POINT('',(45.125,-35.6,0.));
#11902=CARTESIAN_POINT('Origin',(45.125,-21.55,0.));
#11903=CARTESIAN_POINT('',(45.125,-21.55,-1.5));
#11904=CARTESIAN_POINT('',(45.125,-34.5875,-1.5));
#11905=CARTESIAN_POINT('',(45.125,-21.55,0.));
#11906=CARTESIAN_POINT('',(45.125,-34.5875,0.));
#11907=CARTESIAN_POINT('',(45.125,-21.55,0.));
#11908=CARTESIAN_POINT('Origin',(31.075,-21.55,0.));
#11909=CARTESIAN_POINT('',(77.45,-21.55,-1.5));
#11910=CARTESIAN_POINT('',(77.45,-21.55,0.));
#11911=CARTESIAN_POINT('Origin',(40.6,-16.55,0.));
#11912=CARTESIAN_POINT('',(40.6,-2.5,-1.5));
#11913=CARTESIAN_POINT('',(40.6,-16.55,-1.5));
#11914=CARTESIAN_POINT('',(40.6,-32.0875,-1.5));
#11915=CARTESIAN_POINT('',(40.6,-2.5,0.));
#11916=CARTESIAN_POINT('',(40.6,-2.5,0.));
#11917=CARTESIAN_POINT('',(40.6,-16.55,0.));
#11918=CARTESIAN_POINT('',(40.6,-32.0875,0.));
#11919=CARTESIAN_POINT('',(40.6,-16.55,0.));
#11920=CARTESIAN_POINT('Origin',(54.65,-16.55,0.));
#11921=CARTESIAN_POINT('',(54.65,-16.55,-1.5));
#11922=CARTESIAN_POINT('',(89.2375,-16.55,-1.5));
#11923=CARTESIAN_POINT('',(54.65,-16.55,0.));
#11924=CARTESIAN_POINT('',(89.2375,-16.55,0.));
#11925=CARTESIAN_POINT('',(54.65,-16.55,0.));
#11926=CARTESIAN_POINT('Origin',(54.65,-2.5,0.));
#11927=CARTESIAN_POINT('',(54.65,-2.5,-1.5));
#11928=CARTESIAN_POINT('',(54.65,-25.0625,-1.5));
#11929=CARTESIAN_POINT('',(54.65,-2.5,0.));
#11930=CARTESIAN_POINT('',(54.65,-25.0625,0.));
#11931=CARTESIAN_POINT('',(54.65,-2.5,0.));
#11932=CARTESIAN_POINT('Origin',(40.6,-2.5,0.));
#11933=CARTESIAN_POINT('',(82.2125,-2.5,-1.5));
#11934=CARTESIAN_POINT('',(82.2125,-2.5,0.));
#11935=CARTESIAN_POINT('Origin',(107.275,-35.6,0.));
#11936=CARTESIAN_POINT('',(107.275,-21.55,-1.5));
#11937=CARTESIAN_POINT('',(107.275,-35.6,-1.5));
#11938=CARTESIAN_POINT('',(107.275,-41.6125,-1.5));
#11939=CARTESIAN_POINT('',(107.275,-21.55,0.));
#11940=CARTESIAN_POINT('',(107.275,-21.55,0.));
#11941=CARTESIAN_POINT('',(107.275,-35.6,0.));
#11942=CARTESIAN_POINT('',(107.275,-41.6125,0.));
#11943=CARTESIAN_POINT('',(107.275,-35.6,0.));
#11944=CARTESIAN_POINT('Origin',(121.325,-35.6,0.));
#11945=CARTESIAN_POINT('',(121.325,-35.6,-1.5));
#11946=CARTESIAN_POINT('',(122.575,-35.6,-1.5));
#11947=CARTESIAN_POINT('',(121.325,-35.6,0.));
#11948=CARTESIAN_POINT('',(122.575,-35.6,0.));
#11949=CARTESIAN_POINT('',(121.325,-35.6,0.));
#11950=CARTESIAN_POINT('Origin',(121.325,-21.55,0.));
#11951=CARTESIAN_POINT('',(121.325,-21.55,-1.5));
#11952=CARTESIAN_POINT('',(121.325,-34.5875,-1.5));
#11953=CARTESIAN_POINT('',(121.325,-21.55,0.));
#11954=CARTESIAN_POINT('',(121.325,-34.5875,0.));
#11955=CARTESIAN_POINT('',(121.325,-21.55,0.));
#11956=CARTESIAN_POINT('Origin',(107.275,-21.55,0.));
#11957=CARTESIAN_POINT('',(115.55,-21.55,-1.5));
#11958=CARTESIAN_POINT('',(115.55,-21.55,0.));
#11959=CARTESIAN_POINT('Origin',(7.2625,-35.6,0.));
#11960=CARTESIAN_POINT('',(7.2625,-21.55,-1.5));
#11961=CARTESIAN_POINT('',(7.2625,-35.6,-1.5));
#11962=CARTESIAN_POINT('',(7.2625,-41.6125,-1.5));
#11963=CARTESIAN_POINT('',(7.2625,-21.55,0.));
#11964=CARTESIAN_POINT('',(7.2625,-21.55,0.));
#11965=CARTESIAN_POINT('',(7.2625,-35.6,0.));
#11966=CARTESIAN_POINT('',(7.2625,-41.6125,0.));
#11967=CARTESIAN_POINT('',(7.2625,-35.6,0.));
#11968=CARTESIAN_POINT('Origin',(21.3125,-35.6,0.));
#11969=CARTESIAN_POINT('',(21.3125,-35.6,-1.5));
#11970=CARTESIAN_POINT('',(72.56875,-35.6,-1.5));
#11971=CARTESIAN_POINT('',(21.3125,-35.6,0.));
#11972=CARTESIAN_POINT('',(72.56875,-35.6,0.));
#11973=CARTESIAN_POINT('',(21.3125,-35.6,0.));
#11974=CARTESIAN_POINT('Origin',(21.3125,-21.55,0.));
#11975=CARTESIAN_POINT('',(21.3125,-21.55,-1.5));
#11976=CARTESIAN_POINT('',(21.3125,-34.5875,-1.5));
#11977=CARTESIAN_POINT('',(21.3125,-21.55,0.));
#11978=CARTESIAN_POINT('',(21.3125,-34.5875,0.));
#11979=CARTESIAN_POINT('',(21.3125,-21.55,0.));
#11980=CARTESIAN_POINT('Origin',(7.2625,-21.55,0.));
#11981=CARTESIAN_POINT('',(65.54375,-21.55,-1.5));
#11982=CARTESIAN_POINT('',(65.54375,-21.55,0.));
#11983=CARTESIAN_POINT('Origin',(69.175,-35.6,0.));
#11984=CARTESIAN_POINT('',(69.175,-21.55,-1.5));
#11985=CARTESIAN_POINT('',(69.175,-35.6,-1.5));
#11986=CARTESIAN_POINT('',(69.175,-41.6125,-1.5));
#11987=CARTESIAN_POINT('',(69.175,-21.55,0.));
#11988=CARTESIAN_POINT('',(69.175,-21.55,0.));
#11989=CARTESIAN_POINT('',(69.175,-35.6,0.));
#11990=CARTESIAN_POINT('',(69.175,-41.6125,0.));
#11991=CARTESIAN_POINT('',(69.175,-35.6,0.));
#11992=CARTESIAN_POINT('Origin',(83.225,-35.6,0.));
#11993=CARTESIAN_POINT('',(83.225,-35.6,-1.5));
#11994=CARTESIAN_POINT('',(103.525,-35.6,-1.5));
#11995=CARTESIAN_POINT('',(83.225,-35.6,0.));
#11996=CARTESIAN_POINT('',(103.525,-35.6,0.));
#11997=CARTESIAN_POINT('',(83.225,-35.6,0.));
#11998=CARTESIAN_POINT('Origin',(83.225,-21.55,0.));
#11999=CARTESIAN_POINT('',(83.225,-21.55,-1.5));
#12000=CARTESIAN_POINT('',(83.225,-34.5875,-1.5));
#12001=CARTESIAN_POINT('',(83.225,-21.55,0.));
#12002=CARTESIAN_POINT('',(83.225,-34.5875,0.));
#12003=CARTESIAN_POINT('',(83.225,-21.55,0.));
#12004=CARTESIAN_POINT('Origin',(69.175,-21.55,0.));
#12005=CARTESIAN_POINT('',(96.5,-21.55,-1.5));
#12006=CARTESIAN_POINT('',(96.5,-21.55,0.));
#12007=CARTESIAN_POINT('Origin',(135.85,-16.55,0.));
#12008=CARTESIAN_POINT('',(135.85,-2.5,-1.5));
#12009=CARTESIAN_POINT('',(135.85,-16.55,-1.5));
#12010=CARTESIAN_POINT('',(135.85,-32.0875,-1.5));
#12011=CARTESIAN_POINT('',(135.85,-2.5,0.));
#12012=CARTESIAN_POINT('',(135.85,-2.5,0.));
#12013=CARTESIAN_POINT('',(135.85,-16.55,0.));
#12014=CARTESIAN_POINT('',(135.85,-32.0875,0.));
#12015=CARTESIAN_POINT('',(135.85,-16.55,0.));
#12016=CARTESIAN_POINT('Origin',(149.9,-16.55,0.));
#12017=CARTESIAN_POINT('',(149.9,-16.55,-1.5));
#12018=CARTESIAN_POINT('',(136.8625,-16.55,-1.5));
#12019=CARTESIAN_POINT('',(149.9,-16.55,0.));
#12020=CARTESIAN_POINT('',(136.8625,-16.55,0.));
#12021=CARTESIAN_POINT('',(149.9,-16.55,0.));
#12022=CARTESIAN_POINT('Origin',(149.9,-2.5,0.));
#12023=CARTESIAN_POINT('',(149.9,-2.5,-1.5));
#12024=CARTESIAN_POINT('',(149.9,-25.0625,-1.5));
#12025=CARTESIAN_POINT('',(149.9,-2.5,0.));
#12026=CARTESIAN_POINT('',(149.9,-25.0625,0.));
#12027=CARTESIAN_POINT('',(149.9,-2.5,0.));
#12028=CARTESIAN_POINT('Origin',(135.85,-2.5,0.));
#12029=CARTESIAN_POINT('',(129.8375,-2.5,-1.5));
#12030=CARTESIAN_POINT('',(129.8375,-2.5,0.));
#12031=CARTESIAN_POINT('Origin',(54.8875,-54.65,0.));
#12032=CARTESIAN_POINT('',(54.8875,-40.6,-1.5));
#12033=CARTESIAN_POINT('',(54.8875,-54.65,-1.5));
#12034=CARTESIAN_POINT('',(54.8875,-51.1375,-1.5));
#12035=CARTESIAN_POINT('',(54.8875,-40.6,0.));
#12036=CARTESIAN_POINT('',(54.8875,-40.6,0.));
#12037=CARTESIAN_POINT('',(54.8875,-54.65,0.));
#12038=CARTESIAN_POINT('',(54.8875,-51.1375,0.));
#12039=CARTESIAN_POINT('',(54.8875,-54.65,0.));
#12040=CARTESIAN_POINT('Origin',(68.9375,-54.65,0.));
#12041=CARTESIAN_POINT('',(68.9375,-54.65,-1.5));
#12042=CARTESIAN_POINT('',(96.38125,-54.65,-1.5));
#12043=CARTESIAN_POINT('',(68.9375,-54.65,0.));
#12044=CARTESIAN_POINT('',(96.38125,-54.65,0.));
#12045=CARTESIAN_POINT('',(68.9375,-54.65,0.));
#12046=CARTESIAN_POINT('Origin',(68.9375,-40.6,0.));
#12047=CARTESIAN_POINT('',(68.9375,-40.6,-1.5));
#12048=CARTESIAN_POINT('',(68.9375,-44.1125,-1.5));
#12049=CARTESIAN_POINT('',(68.9375,-40.6,0.));
#12050=CARTESIAN_POINT('',(68.9375,-44.1125,0.));
#12051=CARTESIAN_POINT('',(68.9375,-40.6,0.));
#12052=CARTESIAN_POINT('Origin',(54.8875,-40.6,0.));
#12053=CARTESIAN_POINT('',(89.35625,-40.6,-1.5));
#12054=CARTESIAN_POINT('',(89.35625,-40.6,0.));
#12055=CARTESIAN_POINT('Origin',(150.1375,-54.65,0.));
#12056=CARTESIAN_POINT('',(150.1375,-40.6,-1.5));
#12057=CARTESIAN_POINT('',(150.1375,-54.65,-1.5));
#12058=CARTESIAN_POINT('',(150.1375,-51.1375,-1.5));
#12059=CARTESIAN_POINT('',(150.1375,-40.6,0.));
#12060=CARTESIAN_POINT('',(150.1375,-40.6,0.));
#12061=CARTESIAN_POINT('',(150.1375,-54.65,0.));
#12062=CARTESIAN_POINT('',(150.1375,-51.1375,0.));
#12063=CARTESIAN_POINT('',(150.1375,-54.65,0.));
#12064=CARTESIAN_POINT('Origin',(164.1875,-54.65,0.));
#12065=CARTESIAN_POINT('',(164.1875,-54.65,-1.5));
#12066=CARTESIAN_POINT('',(144.00625,-54.65,-1.5));
#12067=CARTESIAN_POINT('',(164.1875,-54.65,0.));
#12068=CARTESIAN_POINT('',(144.00625,-54.65,0.));
#12069=CARTESIAN_POINT('',(164.1875,-54.65,0.));
#12070=CARTESIAN_POINT('Origin',(164.1875,-40.6,0.));
#12071=CARTESIAN_POINT('',(164.1875,-40.6,-1.5));
#12072=CARTESIAN_POINT('',(164.1875,-44.1125,-1.5));
#12073=CARTESIAN_POINT('',(164.1875,-40.6,0.));
#12074=CARTESIAN_POINT('',(164.1875,-44.1125,0.));
#12075=CARTESIAN_POINT('',(164.1875,-40.6,0.));
#12076=CARTESIAN_POINT('Origin',(150.1375,-40.6,0.));
#12077=CARTESIAN_POINT('',(136.98125,-40.6,-1.5));
#12078=CARTESIAN_POINT('',(136.98125,-40.6,0.));
#12079=CARTESIAN_POINT('Origin',(145.375,-35.6,0.));
#12080=CARTESIAN_POINT('',(145.375,-21.55,-1.5));
#12081=CARTESIAN_POINT('',(145.375,-35.6,-1.5));
#12082=CARTESIAN_POINT('',(145.375,-41.6125,-1.5));
#12083=CARTESIAN_POINT('',(145.375,-21.55,0.));
#12084=CARTESIAN_POINT('',(145.375,-21.55,0.));
#12085=CARTESIAN_POINT('',(145.375,-35.6,0.));
#12086=CARTESIAN_POINT('',(145.375,-41.6125,0.));
#12087=CARTESIAN_POINT('',(145.375,-35.6,0.));
#12088=CARTESIAN_POINT('Origin',(159.425,-35.6,0.));
#12089=CARTESIAN_POINT('',(159.425,-35.6,-1.5));
#12090=CARTESIAN_POINT('',(141.625,-35.6,-1.5));
#12091=CARTESIAN_POINT('',(159.425,-35.6,0.));
#12092=CARTESIAN_POINT('',(141.625,-35.6,0.));
#12093=CARTESIAN_POINT('',(159.425,-35.6,0.));
#12094=CARTESIAN_POINT('Origin',(159.425,-21.55,0.));
#12095=CARTESIAN_POINT('',(159.425,-21.55,-1.5));
#12096=CARTESIAN_POINT('',(159.425,-34.5875,-1.5));
#12097=CARTESIAN_POINT('',(159.425,-21.55,0.));
#12098=CARTESIAN_POINT('',(159.425,-34.5875,0.));
#12099=CARTESIAN_POINT('',(159.425,-21.55,0.));
#12100=CARTESIAN_POINT('Origin',(145.375,-21.55,0.));
#12101=CARTESIAN_POINT('',(134.6,-21.55,-1.5));
#12102=CARTESIAN_POINT('',(134.6,-21.55,0.));
#12103=CARTESIAN_POINT('Origin',(202.525,-35.6,0.));
#12104=CARTESIAN_POINT('',(202.525,-21.55,-1.5));
#12105=CARTESIAN_POINT('',(202.525,-35.6,-1.5));
#12106=CARTESIAN_POINT('',(202.525,-41.6125,-1.5));
#12107=CARTESIAN_POINT('',(202.525,-21.55,0.));
#12108=CARTESIAN_POINT('',(202.525,-21.55,0.));
#12109=CARTESIAN_POINT('',(202.525,-35.6,0.));
#12110=CARTESIAN_POINT('',(202.525,-41.6125,0.));
#12111=CARTESIAN_POINT('',(202.525,-35.6,0.));
#12112=CARTESIAN_POINT('Origin',(216.575,-35.6,0.));
#12113=CARTESIAN_POINT('',(216.575,-35.6,-1.5));
#12114=CARTESIAN_POINT('',(170.2,-35.6,-1.5));
#12115=CARTESIAN_POINT('',(216.575,-35.6,0.));
#12116=CARTESIAN_POINT('',(170.2,-35.6,0.));
#12117=CARTESIAN_POINT('',(216.575,-35.6,0.));
#12118=CARTESIAN_POINT('Origin',(216.575,-21.55,0.));
#12119=CARTESIAN_POINT('',(216.575,-21.55,-1.5));
#12120=CARTESIAN_POINT('',(216.575,-34.5875,-1.5));
#12121=CARTESIAN_POINT('',(216.575,-21.55,0.));
#12122=CARTESIAN_POINT('',(216.575,-34.5875,0.));
#12123=CARTESIAN_POINT('',(216.575,-21.55,0.));
#12124=CARTESIAN_POINT('Origin',(202.525,-21.55,0.));
#12125=CARTESIAN_POINT('',(163.175,-21.55,-1.5));
#12126=CARTESIAN_POINT('',(163.175,-21.55,0.));
#12127=CARTESIAN_POINT('Origin',(97.75,-16.55,0.));
#12128=CARTESIAN_POINT('',(97.75,-2.5,-1.5));
#12129=CARTESIAN_POINT('',(97.75,-16.55,-1.5));
#12130=CARTESIAN_POINT('',(97.75,-32.0875,-1.5));
#12131=CARTESIAN_POINT('',(97.75,-2.5,0.));
#12132=CARTESIAN_POINT('',(97.75,-2.5,0.));
#12133=CARTESIAN_POINT('',(97.75,-16.55,0.));
#12134=CARTESIAN_POINT('',(97.75,-32.0875,0.));
#12135=CARTESIAN_POINT('',(97.75,-16.55,0.));
#12136=CARTESIAN_POINT('Origin',(111.8,-16.55,0.));
#12137=CARTESIAN_POINT('',(111.8,-16.55,-1.5));
#12138=CARTESIAN_POINT('',(117.8125,-16.55,-1.5));
#12139=CARTESIAN_POINT('',(111.8,-16.55,0.));
#12140=CARTESIAN_POINT('',(117.8125,-16.55,0.));
#12141=CARTESIAN_POINT('',(111.8,-16.55,0.));
#12142=CARTESIAN_POINT('Origin',(111.8,-2.5,0.));
#12143=CARTESIAN_POINT('',(111.8,-2.5,-1.5));
#12144=CARTESIAN_POINT('',(111.8,-25.0625,-1.5));
#12145=CARTESIAN_POINT('',(111.8,-2.5,0.));
#12146=CARTESIAN_POINT('',(111.8,-25.0625,0.));
#12147=CARTESIAN_POINT('',(111.8,-2.5,0.));
#12148=CARTESIAN_POINT('Origin',(97.75,-2.5,0.));
#12149=CARTESIAN_POINT('',(110.7875,-2.5,-1.5));
#12150=CARTESIAN_POINT('',(110.7875,-2.5,0.));
#12151=CARTESIAN_POINT('Origin',(231.1,-92.75,0.));
#12152=CARTESIAN_POINT('',(231.1,-78.7,-1.5));
#12153=CARTESIAN_POINT('',(231.1,-92.75,-1.5));
#12154=CARTESIAN_POINT('',(231.1,-70.1875,-1.5));
#12155=CARTESIAN_POINT('',(231.1,-78.7,0.));
#12156=CARTESIAN_POINT('',(231.1,-78.7,0.));
#12157=CARTESIAN_POINT('',(231.1,-92.75,0.));
#12158=CARTESIAN_POINT('',(231.1,-70.1875,0.));
#12159=CARTESIAN_POINT('',(231.1,-92.75,0.));
#12160=CARTESIAN_POINT('Origin',(245.15,-92.75,0.));
#12161=CARTESIAN_POINT('',(245.15,-92.75,-1.5));
#12162=CARTESIAN_POINT('',(184.4875,-92.75,-1.5));
#12163=CARTESIAN_POINT('',(245.15,-92.75,0.));
#12164=CARTESIAN_POINT('',(184.4875,-92.75,0.));
#12165=CARTESIAN_POINT('',(245.15,-92.75,0.));
#12166=CARTESIAN_POINT('Origin',(245.15,-78.7,0.));
#12167=CARTESIAN_POINT('',(245.15,-78.7,-1.5));
#12168=CARTESIAN_POINT('',(245.15,-63.1625,-1.5));
#12169=CARTESIAN_POINT('',(245.15,-78.7,0.));
#12170=CARTESIAN_POINT('',(245.15,-63.1625,0.));
#12171=CARTESIAN_POINT('',(245.15,-78.7,0.));
#12172=CARTESIAN_POINT('Origin',(231.1,-78.7,0.));
#12173=CARTESIAN_POINT('',(177.4625,-78.7,-1.5));
#12174=CARTESIAN_POINT('',(177.4625,-78.7,0.));
#12175=CARTESIAN_POINT('Origin',(164.425,-35.6,0.));
#12176=CARTESIAN_POINT('',(164.425,-21.55,-1.5));
#12177=CARTESIAN_POINT('',(164.425,-35.6,-1.5));
#12178=CARTESIAN_POINT('',(164.425,-41.6125,-1.5));
#12179=CARTESIAN_POINT('',(164.425,-21.55,0.));
#12180=CARTESIAN_POINT('',(164.425,-21.55,0.));
#12181=CARTESIAN_POINT('',(164.425,-35.6,0.));
#12182=CARTESIAN_POINT('',(164.425,-41.6125,0.));
#12183=CARTESIAN_POINT('',(164.425,-35.6,0.));
#12184=CARTESIAN_POINT('Origin',(178.475,-35.6,0.));
#12185=CARTESIAN_POINT('',(178.475,-35.6,-1.5));
#12186=CARTESIAN_POINT('',(151.15,-35.6,-1.5));
#12187=CARTESIAN_POINT('',(178.475,-35.6,0.));
#12188=CARTESIAN_POINT('',(151.15,-35.6,0.));
#12189=CARTESIAN_POINT('',(178.475,-35.6,0.));
#12190=CARTESIAN_POINT('Origin',(178.475,-21.55,0.));
#12191=CARTESIAN_POINT('',(178.475,-21.55,-1.5));
#12192=CARTESIAN_POINT('',(178.475,-34.5875,-1.5));
#12193=CARTESIAN_POINT('',(178.475,-21.55,0.));
#12194=CARTESIAN_POINT('',(178.475,-34.5875,0.));
#12195=CARTESIAN_POINT('',(178.475,-21.55,0.));
#12196=CARTESIAN_POINT('Origin',(164.425,-21.55,0.));
#12197=CARTESIAN_POINT('',(144.125,-21.55,-1.5));
#12198=CARTESIAN_POINT('',(144.125,-21.55,0.));
#12199=CARTESIAN_POINT('Origin',(78.7,-16.55,0.));
#12200=CARTESIAN_POINT('',(78.7,-2.5,-1.5));
#12201=CARTESIAN_POINT('',(78.7,-16.55,-1.5));
#12202=CARTESIAN_POINT('',(78.7,-32.0875,-1.5));
#12203=CARTESIAN_POINT('',(78.7,-2.5,0.));
#12204=CARTESIAN_POINT('',(78.7,-2.5,0.));
#12205=CARTESIAN_POINT('',(78.7,-16.55,0.));
#12206=CARTESIAN_POINT('',(78.7,-32.0875,0.));
#12207=CARTESIAN_POINT('',(78.7,-16.55,0.));
#12208=CARTESIAN_POINT('Origin',(92.75,-16.55,0.));
#12209=CARTESIAN_POINT('',(92.75,-16.55,-1.5));
#12210=CARTESIAN_POINT('',(108.2875,-16.55,-1.5));
#12211=CARTESIAN_POINT('',(92.75,-16.55,0.));
#12212=CARTESIAN_POINT('',(108.2875,-16.55,0.));
#12213=CARTESIAN_POINT('',(92.75,-16.55,0.));
#12214=CARTESIAN_POINT('Origin',(92.75,-2.5,0.));
#12215=CARTESIAN_POINT('',(92.75,-2.5,-1.5));
#12216=CARTESIAN_POINT('',(92.75,-25.0625,-1.5));
#12217=CARTESIAN_POINT('',(92.75,-2.5,0.));
#12218=CARTESIAN_POINT('',(92.75,-25.0625,0.));
#12219=CARTESIAN_POINT('',(92.75,-2.5,0.));
#12220=CARTESIAN_POINT('Origin',(78.7,-2.5,0.));
#12221=CARTESIAN_POINT('',(101.2625,-2.5,-1.5));
#12222=CARTESIAN_POINT('',(101.2625,-2.5,0.));
#12223=CARTESIAN_POINT('Origin',(92.9875,-54.65,0.));
#12224=CARTESIAN_POINT('',(92.9875,-40.6,-1.5));
#12225=CARTESIAN_POINT('',(92.9875,-54.65,-1.5));
#12226=CARTESIAN_POINT('',(92.9875,-51.1375,-1.5));
#12227=CARTESIAN_POINT('',(92.9875,-40.6,0.));
#12228=CARTESIAN_POINT('',(92.9875,-40.6,0.));
#12229=CARTESIAN_POINT('',(92.9875,-54.65,0.));
#12230=CARTESIAN_POINT('',(92.9875,-51.1375,0.));
#12231=CARTESIAN_POINT('',(92.9875,-54.65,0.));
#12232=CARTESIAN_POINT('Origin',(107.0375,-54.65,0.));
#12233=CARTESIAN_POINT('',(107.0375,-54.65,-1.5));
#12234=CARTESIAN_POINT('',(115.43125,-54.65,-1.5));
#12235=CARTESIAN_POINT('',(107.0375,-54.65,0.));
#12236=CARTESIAN_POINT('',(115.43125,-54.65,0.));
#12237=CARTESIAN_POINT('',(107.0375,-54.65,0.));
#12238=CARTESIAN_POINT('Origin',(107.0375,-40.6,0.));
#12239=CARTESIAN_POINT('',(107.0375,-40.6,-1.5));
#12240=CARTESIAN_POINT('',(107.0375,-44.1125,-1.5));
#12241=CARTESIAN_POINT('',(107.0375,-40.6,0.));
#12242=CARTESIAN_POINT('',(107.0375,-44.1125,0.));
#12243=CARTESIAN_POINT('',(107.0375,-40.6,0.));
#12244=CARTESIAN_POINT('Origin',(92.9875,-40.6,0.));
#12245=CARTESIAN_POINT('',(108.40625,-40.6,-1.5));
#12246=CARTESIAN_POINT('',(108.40625,-40.6,0.));
#12247=CARTESIAN_POINT('Origin',(59.65,-16.55,0.));
#12248=CARTESIAN_POINT('',(59.65,-2.5,-1.5));
#12249=CARTESIAN_POINT('',(59.65,-16.55,-1.5));
#12250=CARTESIAN_POINT('',(59.65,-32.0875,-1.5));
#12251=CARTESIAN_POINT('',(59.65,-2.5,0.));
#12252=CARTESIAN_POINT('',(59.65,-2.5,0.));
#12253=CARTESIAN_POINT('',(59.65,-16.55,0.));
#12254=CARTESIAN_POINT('',(59.65,-32.0875,0.));
#12255=CARTESIAN_POINT('',(59.65,-16.55,0.));
#12256=CARTESIAN_POINT('Origin',(73.7,-16.55,0.));
#12257=CARTESIAN_POINT('',(73.7,-16.55,-1.5));
#12258=CARTESIAN_POINT('',(98.7625,-16.55,-1.5));
#12259=CARTESIAN_POINT('',(73.7,-16.55,0.));
#12260=CARTESIAN_POINT('',(98.7625,-16.55,0.));
#12261=CARTESIAN_POINT('',(73.7,-16.55,0.));
#12262=CARTESIAN_POINT('Origin',(73.7,-2.5,0.));
#12263=CARTESIAN_POINT('',(73.7,-2.5,-1.5));
#12264=CARTESIAN_POINT('',(73.7,-25.0625,-1.5));
#12265=CARTESIAN_POINT('',(73.7,-2.5,0.));
#12266=CARTESIAN_POINT('',(73.7,-25.0625,0.));
#12267=CARTESIAN_POINT('',(73.7,-2.5,0.));
#12268=CARTESIAN_POINT('Origin',(59.65,-2.5,0.));
#12269=CARTESIAN_POINT('',(91.7375,-2.5,-1.5));
#12270=CARTESIAN_POINT('',(91.7375,-2.5,0.));
#12271=CARTESIAN_POINT('Origin',(28.69375,-92.75,0.));
#12272=CARTESIAN_POINT('',(28.69375,-78.7,-1.5));
#12273=CARTESIAN_POINT('',(28.69375,-92.75,-1.5));
#12274=CARTESIAN_POINT('',(28.69375,-70.1875,-1.5));
#12275=CARTESIAN_POINT('',(28.69375,-78.7,0.));
#12276=CARTESIAN_POINT('',(28.69375,-78.7,0.));
#12277=CARTESIAN_POINT('',(28.69375,-92.75,0.));
#12278=CARTESIAN_POINT('',(28.69375,-70.1875,0.));
#12279=CARTESIAN_POINT('',(28.69375,-92.75,0.));
#12280=CARTESIAN_POINT('Origin',(42.74375,-92.75,0.));
#12281=CARTESIAN_POINT('',(42.74375,-92.75,-1.5));
#12282=CARTESIAN_POINT('',(83.284375,-92.75,-1.5));
#12283=CARTESIAN_POINT('',(42.74375,-92.75,0.));
#12284=CARTESIAN_POINT('',(83.284375,-92.75,0.));
#12285=CARTESIAN_POINT('',(42.74375,-92.75,0.));
#12286=CARTESIAN_POINT('Origin',(42.74375,-78.7,0.));
#12287=CARTESIAN_POINT('',(42.74375,-78.7,-1.5));
#12288=CARTESIAN_POINT('',(42.74375,-63.1625,-1.5));
#12289=CARTESIAN_POINT('',(42.74375,-78.7,0.));
#12290=CARTESIAN_POINT('',(42.74375,-63.1625,0.));
#12291=CARTESIAN_POINT('',(42.74375,-78.7,0.));
#12292=CARTESIAN_POINT('Origin',(28.69375,-78.7,0.));
#12293=CARTESIAN_POINT('',(76.259375,-78.7,-1.5));
#12294=CARTESIAN_POINT('',(76.259375,-78.7,0.));
#12295=CARTESIAN_POINT('Origin',(97.75,-73.7,0.));
#12296=CARTESIAN_POINT('',(97.75,-59.65,-1.5));
#12297=CARTESIAN_POINT('',(97.75,-73.7,-1.5));
#12298=CARTESIAN_POINT('',(97.75,-60.6625,-1.5));
#12299=CARTESIAN_POINT('',(97.75,-59.65,0.));
#12300=CARTESIAN_POINT('',(97.75,-59.65,0.));
#12301=CARTESIAN_POINT('',(97.75,-73.7,0.));
#12302=CARTESIAN_POINT('',(97.75,-60.6625,0.));
#12303=CARTESIAN_POINT('',(97.75,-73.7,0.));
#12304=CARTESIAN_POINT('Origin',(111.8,-73.7,0.));
#12305=CARTESIAN_POINT('',(111.8,-73.7,-1.5));
#12306=CARTESIAN_POINT('',(117.8125,-73.7,-1.5));
#12307=CARTESIAN_POINT('',(111.8,-73.7,0.));
#12308=CARTESIAN_POINT('',(117.8125,-73.7,0.));
#12309=CARTESIAN_POINT('',(111.8,-73.7,0.));
#12310=CARTESIAN_POINT('Origin',(111.8,-59.65,0.));
#12311=CARTESIAN_POINT('',(111.8,-59.65,-1.5));
#12312=CARTESIAN_POINT('',(111.8,-53.6375,-1.5));
#12313=CARTESIAN_POINT('',(111.8,-59.65,0.));
#12314=CARTESIAN_POINT('',(111.8,-53.6375,0.));
#12315=CARTESIAN_POINT('',(111.8,-59.65,0.));
#12316=CARTESIAN_POINT('Origin',(97.75,-59.65,0.));
#12317=CARTESIAN_POINT('',(110.7875,-59.65,-1.5));
#12318=CARTESIAN_POINT('',(110.7875,-59.65,0.));
#12319=CARTESIAN_POINT('Origin',(231.1,-16.55,0.));
#12320=CARTESIAN_POINT('',(231.1,-2.5,-1.5));
#12321=CARTESIAN_POINT('',(231.1,-16.55,-1.5));
#12322=CARTESIAN_POINT('',(231.1,-32.0875,-1.5));
#12323=CARTESIAN_POINT('',(231.1,-2.5,0.));
#12324=CARTESIAN_POINT('',(231.1,-2.5,0.));
#12325=CARTESIAN_POINT('',(231.1,-16.55,0.));
#12326=CARTESIAN_POINT('',(231.1,-32.0875,0.));
#12327=CARTESIAN_POINT('',(231.1,-16.55,0.));
#12328=CARTESIAN_POINT('Origin',(245.15,-16.55,0.));
#12329=CARTESIAN_POINT('',(245.15,-16.55,-1.5));
#12330=CARTESIAN_POINT('',(184.4875,-16.55,-1.5));
#12331=CARTESIAN_POINT('',(245.15,-16.55,0.));
#12332=CARTESIAN_POINT('',(184.4875,-16.55,0.));
#12333=CARTESIAN_POINT('',(245.15,-16.55,0.));
#12334=CARTESIAN_POINT('Origin',(245.15,-2.5,0.));
#12335=CARTESIAN_POINT('',(245.15,-2.5,-1.5));
#12336=CARTESIAN_POINT('',(245.15,-25.0625,-1.5));
#12337=CARTESIAN_POINT('',(245.15,-2.5,0.));
#12338=CARTESIAN_POINT('',(245.15,-25.0625,0.));
#12339=CARTESIAN_POINT('',(245.15,-2.5,0.));
#12340=CARTESIAN_POINT('Origin',(231.1,-2.5,0.));
#12341=CARTESIAN_POINT('',(177.4625,-2.5,-1.5));
#12342=CARTESIAN_POINT('',(177.4625,-2.5,0.));
#12343=CARTESIAN_POINT('Origin',(173.95,-16.55,0.));
#12344=CARTESIAN_POINT('',(173.95,-2.5,-1.5));
#12345=CARTESIAN_POINT('',(173.95,-16.55,-1.5));
#12346=CARTESIAN_POINT('',(173.95,-32.0875,-1.5));
#12347=CARTESIAN_POINT('',(173.95,-2.5,0.));
#12348=CARTESIAN_POINT('',(173.95,-2.5,0.));
#12349=CARTESIAN_POINT('',(173.95,-16.55,0.));
#12350=CARTESIAN_POINT('',(173.95,-32.0875,0.));
#12351=CARTESIAN_POINT('',(173.95,-16.55,0.));
#12352=CARTESIAN_POINT('Origin',(188.,-16.55,0.));
#12353=CARTESIAN_POINT('',(188.,-16.55,-1.5));
#12354=CARTESIAN_POINT('',(155.9125,-16.55,-1.5));
#12355=CARTESIAN_POINT('',(188.,-16.55,0.));
#12356=CARTESIAN_POINT('',(155.9125,-16.55,0.));
#12357=CARTESIAN_POINT('',(188.,-16.55,0.));
#12358=CARTESIAN_POINT('Origin',(188.,-2.5,0.));
#12359=CARTESIAN_POINT('',(188.,-2.5,-1.5));
#12360=CARTESIAN_POINT('',(188.,-25.0625,-1.5));
#12361=CARTESIAN_POINT('',(188.,-2.5,0.));
#12362=CARTESIAN_POINT('',(188.,-25.0625,0.));
#12363=CARTESIAN_POINT('',(188.,-2.5,0.));
#12364=CARTESIAN_POINT('Origin',(173.95,-2.5,0.));
#12365=CARTESIAN_POINT('',(148.8875,-2.5,-1.5));
#12366=CARTESIAN_POINT('',(148.8875,-2.5,0.));
#12367=CARTESIAN_POINT('Origin',(212.05,-73.7,0.));
#12368=CARTESIAN_POINT('',(212.05,-59.65,-1.5));
#12369=CARTESIAN_POINT('',(212.05,-73.7,-1.5));
#12370=CARTESIAN_POINT('',(212.05,-60.6625,-1.5));
#12371=CARTESIAN_POINT('',(212.05,-59.65,0.));
#12372=CARTESIAN_POINT('',(212.05,-59.65,0.));
#12373=CARTESIAN_POINT('',(212.05,-73.7,0.));
#12374=CARTESIAN_POINT('',(212.05,-60.6625,0.));
#12375=CARTESIAN_POINT('',(212.05,-73.7,0.));
#12376=CARTESIAN_POINT('Origin',(226.1,-73.7,0.));
#12377=CARTESIAN_POINT('',(226.1,-73.7,-1.5));
#12378=CARTESIAN_POINT('',(174.9625,-73.7,-1.5));
#12379=CARTESIAN_POINT('',(226.1,-73.7,0.));
#12380=CARTESIAN_POINT('',(174.9625,-73.7,0.));
#12381=CARTESIAN_POINT('',(226.1,-73.7,0.));
#12382=CARTESIAN_POINT('Origin',(226.1,-59.65,0.));
#12383=CARTESIAN_POINT('',(226.1,-59.65,-1.5));
#12384=CARTESIAN_POINT('',(226.1,-53.6375,-1.5));
#12385=CARTESIAN_POINT('',(226.1,-59.65,0.));
#12386=CARTESIAN_POINT('',(226.1,-53.6375,0.));
#12387=CARTESIAN_POINT('',(226.1,-59.65,0.));
#12388=CARTESIAN_POINT('Origin',(212.05,-59.65,0.));
#12389=CARTESIAN_POINT('',(167.9375,-59.65,-1.5));
#12390=CARTESIAN_POINT('',(167.9375,-59.65,0.));
#12391=CARTESIAN_POINT('Origin',(131.0875,-54.65,0.));
#12392=CARTESIAN_POINT('',(131.0875,-40.6,-1.5));
#12393=CARTESIAN_POINT('',(131.0875,-54.65,-1.5));
#12394=CARTESIAN_POINT('',(131.0875,-51.1375,-1.5));
#12395=CARTESIAN_POINT('',(131.0875,-40.6,0.));
#12396=CARTESIAN_POINT('',(131.0875,-40.6,0.));
#12397=CARTESIAN_POINT('',(131.0875,-54.65,0.));
#12398=CARTESIAN_POINT('',(131.0875,-51.1375,0.));
#12399=CARTESIAN_POINT('',(131.0875,-54.65,0.));
#12400=CARTESIAN_POINT('Origin',(145.1375,-54.65,0.));
#12401=CARTESIAN_POINT('',(145.1375,-54.65,-1.5));
#12402=CARTESIAN_POINT('',(134.48125,-54.65,-1.5));
#12403=CARTESIAN_POINT('',(145.1375,-54.65,0.));
#12404=CARTESIAN_POINT('',(134.48125,-54.65,0.));
#12405=CARTESIAN_POINT('',(145.1375,-54.65,0.));
#12406=CARTESIAN_POINT('Origin',(145.1375,-40.6,0.));
#12407=CARTESIAN_POINT('',(145.1375,-40.6,-1.5));
#12408=CARTESIAN_POINT('',(145.1375,-44.1125,-1.5));
#12409=CARTESIAN_POINT('',(145.1375,-40.6,0.));
#12410=CARTESIAN_POINT('',(145.1375,-44.1125,0.));
#12411=CARTESIAN_POINT('',(145.1375,-40.6,0.));
#12412=CARTESIAN_POINT('Origin',(131.0875,-40.6,0.));
#12413=CARTESIAN_POINT('',(127.45625,-40.6,-1.5));
#12414=CARTESIAN_POINT('',(127.45625,-40.6,0.));
#12415=CARTESIAN_POINT('Origin',(154.9,-16.55,0.));
#12416=CARTESIAN_POINT('',(154.9,-2.5,-1.5));
#12417=CARTESIAN_POINT('',(154.9,-16.55,-1.5));
#12418=CARTESIAN_POINT('',(154.9,-32.0875,-1.5));
#12419=CARTESIAN_POINT('',(154.9,-2.5,0.));
#12420=CARTESIAN_POINT('',(154.9,-2.5,0.));
#12421=CARTESIAN_POINT('',(154.9,-16.55,0.));
#12422=CARTESIAN_POINT('',(154.9,-32.0875,0.));
#12423=CARTESIAN_POINT('',(154.9,-16.55,0.));
#12424=CARTESIAN_POINT('Origin',(168.95,-16.55,0.));
#12425=CARTESIAN_POINT('',(168.95,-16.55,-1.5));
#12426=CARTESIAN_POINT('',(146.3875,-16.55,-1.5));
#12427=CARTESIAN_POINT('',(168.95,-16.55,0.));
#12428=CARTESIAN_POINT('',(146.3875,-16.55,0.));
#12429=CARTESIAN_POINT('',(168.95,-16.55,0.));
#12430=CARTESIAN_POINT('Origin',(168.95,-2.5,0.));
#12431=CARTESIAN_POINT('',(168.95,-2.5,-1.5));
#12432=CARTESIAN_POINT('',(168.95,-25.0625,-1.5));
#12433=CARTESIAN_POINT('',(168.95,-2.5,0.));
#12434=CARTESIAN_POINT('',(168.95,-25.0625,0.));
#12435=CARTESIAN_POINT('',(168.95,-2.5,0.));
#12436=CARTESIAN_POINT('Origin',(154.9,-2.5,0.));
#12437=CARTESIAN_POINT('',(139.3625,-2.5,-1.5));
#12438=CARTESIAN_POINT('',(139.3625,-2.5,0.));
#12439=CARTESIAN_POINT('Origin',(193.,-92.75,0.));
#12440=CARTESIAN_POINT('',(193.,-78.7,-1.5));
#12441=CARTESIAN_POINT('',(193.,-92.75,-1.5));
#12442=CARTESIAN_POINT('',(193.,-70.1875,-1.5));
#12443=CARTESIAN_POINT('',(193.,-78.7,0.));
#12444=CARTESIAN_POINT('',(193.,-78.7,0.));
#12445=CARTESIAN_POINT('',(193.,-92.75,0.));
#12446=CARTESIAN_POINT('',(193.,-70.1875,0.));
#12447=CARTESIAN_POINT('',(193.,-92.75,0.));
#12448=CARTESIAN_POINT('Origin',(207.05,-92.75,0.));
#12449=CARTESIAN_POINT('',(207.05,-92.75,-1.5));
#12450=CARTESIAN_POINT('',(165.4375,-92.75,-1.5));
#12451=CARTESIAN_POINT('',(207.05,-92.75,0.));
#12452=CARTESIAN_POINT('',(165.4375,-92.75,0.));
#12453=CARTESIAN_POINT('',(207.05,-92.75,0.));
#12454=CARTESIAN_POINT('Origin',(207.05,-78.7,0.));
#12455=CARTESIAN_POINT('',(207.05,-78.7,-1.5));
#12456=CARTESIAN_POINT('',(207.05,-63.1625,-1.5));
#12457=CARTESIAN_POINT('',(207.05,-78.7,0.));
#12458=CARTESIAN_POINT('',(207.05,-63.1625,0.));
#12459=CARTESIAN_POINT('',(207.05,-78.7,0.));
#12460=CARTESIAN_POINT('Origin',(193.,-78.7,0.));
#12461=CARTESIAN_POINT('',(158.4125,-78.7,-1.5));
#12462=CARTESIAN_POINT('',(158.4125,-78.7,0.));
#12463=CARTESIAN_POINT('Origin',(21.55,-16.55,0.));
#12464=CARTESIAN_POINT('',(21.55,-2.5,-1.5));
#12465=CARTESIAN_POINT('',(21.55,-16.55,-1.5));
#12466=CARTESIAN_POINT('',(21.55,-32.0875,-1.5));
#12467=CARTESIAN_POINT('',(21.55,-2.5,0.));
#12468=CARTESIAN_POINT('',(21.55,-2.5,0.));
#12469=CARTESIAN_POINT('',(21.55,-16.55,0.));
#12470=CARTESIAN_POINT('',(21.55,-32.0875,0.));
#12471=CARTESIAN_POINT('',(21.55,-16.55,0.));
#12472=CARTESIAN_POINT('Origin',(35.6,-16.55,0.));
#12473=CARTESIAN_POINT('',(35.6,-16.55,-1.5));
#12474=CARTESIAN_POINT('',(79.7125,-16.55,-1.5));
#12475=CARTESIAN_POINT('',(35.6,-16.55,0.));
#12476=CARTESIAN_POINT('',(79.7125,-16.55,0.));
#12477=CARTESIAN_POINT('',(35.6,-16.55,0.));
#12478=CARTESIAN_POINT('Origin',(35.6,-2.5,0.));
#12479=CARTESIAN_POINT('',(35.6,-2.5,-1.5));
#12480=CARTESIAN_POINT('',(35.6,-25.0625,-1.5));
#12481=CARTESIAN_POINT('',(35.6,-2.5,0.));
#12482=CARTESIAN_POINT('',(35.6,-25.0625,0.));
#12483=CARTESIAN_POINT('',(35.6,-2.5,0.));
#12484=CARTESIAN_POINT('Origin',(21.55,-2.5,0.));
#12485=CARTESIAN_POINT('',(72.6875,-2.5,-1.5));
#12486=CARTESIAN_POINT('',(72.6875,-2.5,0.));
#12487=CARTESIAN_POINT('Origin',(193.,-73.7,0.));
#12488=CARTESIAN_POINT('',(193.,-59.65,-1.5));
#12489=CARTESIAN_POINT('',(193.,-73.7,-1.5));
#12490=CARTESIAN_POINT('',(193.,-60.6625,-1.5));
#12491=CARTESIAN_POINT('',(193.,-59.65,0.));
#12492=CARTESIAN_POINT('',(193.,-59.65,0.));
#12493=CARTESIAN_POINT('',(193.,-73.7,0.));
#12494=CARTESIAN_POINT('',(193.,-60.6625,0.));
#12495=CARTESIAN_POINT('',(193.,-73.7,0.));
#12496=CARTESIAN_POINT('Origin',(207.05,-73.7,0.));
#12497=CARTESIAN_POINT('',(207.05,-73.7,-1.5));
#12498=CARTESIAN_POINT('',(165.4375,-73.7,-1.5));
#12499=CARTESIAN_POINT('',(207.05,-73.7,0.));
#12500=CARTESIAN_POINT('',(165.4375,-73.7,0.));
#12501=CARTESIAN_POINT('',(207.05,-73.7,0.));
#12502=CARTESIAN_POINT('Origin',(207.05,-59.65,0.));
#12503=CARTESIAN_POINT('',(207.05,-59.65,-1.5));
#12504=CARTESIAN_POINT('',(207.05,-53.6375,-1.5));
#12505=CARTESIAN_POINT('',(207.05,-59.65,0.));
#12506=CARTESIAN_POINT('',(207.05,-53.6375,0.));
#12507=CARTESIAN_POINT('',(207.05,-59.65,0.));
#12508=CARTESIAN_POINT('Origin',(193.,-59.65,0.));
#12509=CARTESIAN_POINT('',(158.4125,-59.65,-1.5));
#12510=CARTESIAN_POINT('',(158.4125,-59.65,0.));
#12511=CARTESIAN_POINT('Origin',(169.1875,-54.65,0.));
#12512=CARTESIAN_POINT('',(169.1875,-40.6,-1.5));
#12513=CARTESIAN_POINT('',(169.1875,-54.65,-1.5));
#12514=CARTESIAN_POINT('',(169.1875,-51.1375,-1.5));
#12515=CARTESIAN_POINT('',(169.1875,-40.6,0.));
#12516=CARTESIAN_POINT('',(169.1875,-40.6,0.));
#12517=CARTESIAN_POINT('',(169.1875,-54.65,0.));
#12518=CARTESIAN_POINT('',(169.1875,-51.1375,0.));
#12519=CARTESIAN_POINT('',(169.1875,-54.65,0.));
#12520=CARTESIAN_POINT('Origin',(183.2375,-54.65,0.));
#12521=CARTESIAN_POINT('',(183.2375,-54.65,-1.5));
#12522=CARTESIAN_POINT('',(153.53125,-54.65,-1.5));
#12523=CARTESIAN_POINT('',(183.2375,-54.65,0.));
#12524=CARTESIAN_POINT('',(153.53125,-54.65,0.));
#12525=CARTESIAN_POINT('',(183.2375,-54.65,0.));
#12526=CARTESIAN_POINT('Origin',(183.2375,-40.6,0.));
#12527=CARTESIAN_POINT('',(183.2375,-40.6,-1.5));
#12528=CARTESIAN_POINT('',(183.2375,-44.1125,-1.5));
#12529=CARTESIAN_POINT('',(183.2375,-40.6,0.));
#12530=CARTESIAN_POINT('',(183.2375,-44.1125,0.));
#12531=CARTESIAN_POINT('',(183.2375,-40.6,0.));
#12532=CARTESIAN_POINT('Origin',(169.1875,-40.6,0.));
#12533=CARTESIAN_POINT('',(146.50625,-40.6,-1.5));
#12534=CARTESIAN_POINT('',(146.50625,-40.6,0.));
#12535=CARTESIAN_POINT('Origin',(78.7,-73.7,0.));
#12536=CARTESIAN_POINT('',(78.7,-59.65,-1.5));
#12537=CARTESIAN_POINT('',(78.7,-73.7,-1.5));
#12538=CARTESIAN_POINT('',(78.7,-60.6625,-1.5));
#12539=CARTESIAN_POINT('',(78.7,-59.65,0.));
#12540=CARTESIAN_POINT('',(78.7,-59.65,0.));
#12541=CARTESIAN_POINT('',(78.7,-73.7,0.));
#12542=CARTESIAN_POINT('',(78.7,-60.6625,0.));
#12543=CARTESIAN_POINT('',(78.7,-73.7,0.));
#12544=CARTESIAN_POINT('Origin',(92.75,-73.7,0.));
#12545=CARTESIAN_POINT('',(92.75,-73.7,-1.5));
#12546=CARTESIAN_POINT('',(108.2875,-73.7,-1.5));
#12547=CARTESIAN_POINT('',(92.75,-73.7,0.));
#12548=CARTESIAN_POINT('',(108.2875,-73.7,0.));
#12549=CARTESIAN_POINT('',(92.75,-73.7,0.));
#12550=CARTESIAN_POINT('Origin',(92.75,-59.65,0.));
#12551=CARTESIAN_POINT('',(92.75,-59.65,-1.5));
#12552=CARTESIAN_POINT('',(92.75,-53.6375,-1.5));
#12553=CARTESIAN_POINT('',(92.75,-59.65,0.));
#12554=CARTESIAN_POINT('',(92.75,-53.6375,0.));
#12555=CARTESIAN_POINT('',(92.75,-59.65,0.));
#12556=CARTESIAN_POINT('Origin',(78.7,-59.65,0.));
#12557=CARTESIAN_POINT('',(101.2625,-59.65,-1.5));
#12558=CARTESIAN_POINT('',(101.2625,-59.65,0.));
#12559=CARTESIAN_POINT('Origin',(50.125,-35.6,0.));
#12560=CARTESIAN_POINT('',(50.125,-21.55,-1.5));
#12561=CARTESIAN_POINT('',(50.125,-35.6,-1.5));
#12562=CARTESIAN_POINT('',(50.125,-41.6125,-1.5));
#12563=CARTESIAN_POINT('',(50.125,-21.55,0.));
#12564=CARTESIAN_POINT('',(50.125,-21.55,0.));
#12565=CARTESIAN_POINT('',(50.125,-35.6,0.));
#12566=CARTESIAN_POINT('',(50.125,-41.6125,0.));
#12567=CARTESIAN_POINT('',(50.125,-35.6,0.));
#12568=CARTESIAN_POINT('Origin',(64.175,-35.6,0.));
#12569=CARTESIAN_POINT('',(64.175,-35.6,-1.5));
#12570=CARTESIAN_POINT('',(94.,-35.6,-1.5));
#12571=CARTESIAN_POINT('',(64.175,-35.6,0.));
#12572=CARTESIAN_POINT('',(94.,-35.6,0.));
#12573=CARTESIAN_POINT('',(64.175,-35.6,0.));
#12574=CARTESIAN_POINT('Origin',(64.175,-21.55,0.));
#12575=CARTESIAN_POINT('',(64.175,-21.55,-1.5));
#12576=CARTESIAN_POINT('',(64.175,-34.5875,-1.5));
#12577=CARTESIAN_POINT('',(64.175,-21.55,0.));
#12578=CARTESIAN_POINT('',(64.175,-34.5875,0.));
#12579=CARTESIAN_POINT('',(64.175,-21.55,0.));
#12580=CARTESIAN_POINT('Origin',(50.125,-21.55,0.));
#12581=CARTESIAN_POINT('',(86.975,-21.55,-1.5));
#12582=CARTESIAN_POINT('',(86.975,-21.55,0.));
#12583=CARTESIAN_POINT('Origin',(116.8,-73.7,0.));
#12584=CARTESIAN_POINT('',(116.8,-59.65,-1.5));
#12585=CARTESIAN_POINT('',(116.8,-73.7,-1.5));
#12586=CARTESIAN_POINT('',(116.8,-60.6625,-1.5));
#12587=CARTESIAN_POINT('',(116.8,-59.65,0.));
#12588=CARTESIAN_POINT('',(116.8,-59.65,0.));
#12589=CARTESIAN_POINT('',(116.8,-73.7,0.));
#12590=CARTESIAN_POINT('',(116.8,-60.6625,0.));
#12591=CARTESIAN_POINT('',(116.8,-73.7,0.));
#12592=CARTESIAN_POINT('Origin',(130.85,-73.7,0.));
#12593=CARTESIAN_POINT('',(130.85,-73.7,-1.5));
#12594=CARTESIAN_POINT('',(127.3375,-73.7,-1.5));
#12595=CARTESIAN_POINT('',(130.85,-73.7,0.));
#12596=CARTESIAN_POINT('',(127.3375,-73.7,0.));
#12597=CARTESIAN_POINT('',(130.85,-73.7,0.));
#12598=CARTESIAN_POINT('Origin',(130.85,-59.65,0.));
#12599=CARTESIAN_POINT('',(130.85,-59.65,-1.5));
#12600=CARTESIAN_POINT('',(130.85,-53.6375,-1.5));
#12601=CARTESIAN_POINT('',(130.85,-59.65,0.));
#12602=CARTESIAN_POINT('',(130.85,-53.6375,0.));
#12603=CARTESIAN_POINT('',(130.85,-59.65,0.));
#12604=CARTESIAN_POINT('Origin',(116.8,-59.65,0.));
#12605=CARTESIAN_POINT('',(120.3125,-59.65,-1.5));
#12606=CARTESIAN_POINT('',(120.3125,-59.65,0.));
#12607=CARTESIAN_POINT('Origin',(72.65,-99.25,0.));
#12608=CARTESIAN_POINT('',(22.6,-99.25,-1.5));
#12609=CARTESIAN_POINT('',(72.65,-99.25,-1.5));
#12610=CARTESIAN_POINT('',(98.2375,-99.25,-1.5));
#12611=CARTESIAN_POINT('',(22.6,-99.25,0.));
#12612=CARTESIAN_POINT('',(22.6,-99.25,0.));
#12613=CARTESIAN_POINT('',(72.65,-99.25,0.));
#12614=CARTESIAN_POINT('',(98.2375,-99.25,0.));
#12615=CARTESIAN_POINT('',(72.65,-99.25,0.));
#12616=CARTESIAN_POINT('Origin',(72.65,-98.25,0.));
#12617=CARTESIAN_POINT('',(72.65,-97.25,-1.5));
#12618=CARTESIAN_POINT('Origin',(72.65,-98.25,-1.5));
#12619=CARTESIAN_POINT('',(72.65,-97.25,0.));
#12620=CARTESIAN_POINT('Origin',(72.65,-98.25,0.));
#12621=CARTESIAN_POINT('',(72.65,-97.25,0.));
#12622=CARTESIAN_POINT('Origin',(22.6,-97.25,0.));
#12623=CARTESIAN_POINT('',(22.6,-97.25,-1.5));
#12624=CARTESIAN_POINT('',(73.2125,-97.25,-1.5));
#12625=CARTESIAN_POINT('',(22.6,-97.25,0.));
#12626=CARTESIAN_POINT('',(73.2125,-97.25,0.));
#12627=CARTESIAN_POINT('',(22.6,-97.25,0.));
#12628=CARTESIAN_POINT('Origin',(22.6,-98.25,0.));
#12629=CARTESIAN_POINT('Origin',(22.6,-98.25,-1.5));
#12630=CARTESIAN_POINT('Origin',(22.6,-98.25,0.));
#12631=CARTESIAN_POINT('Origin',(232.65,3.,0.));
#12632=CARTESIAN_POINT('',(231.458333333333,3.9110052445269,0.));
#12633=CARTESIAN_POINT('',(231.458333333333,3.9110052445269,-1.5));
#12634=CARTESIAN_POINT('',(231.458333333333,3.9110052445269,0.));
#12635=CARTESIAN_POINT('',(231.6,1.92878573571859,0.));
#12636=CARTESIAN_POINT('Origin',(232.65,3.,0.));
#12637=CARTESIAN_POINT('',(231.6,1.92878573571859,-1.5));
#12638=CARTESIAN_POINT('',(231.6,1.92878573571859,0.));
#12639=CARTESIAN_POINT('Origin',(232.65,3.,-1.5));
#12640=CARTESIAN_POINT('Origin',(15.,3.,0.));
#12641=CARTESIAN_POINT('',(16.1916666666667,3.91100524452692,-1.5));
#12642=CARTESIAN_POINT('',(16.1916666666667,3.91100524452692,0.));
#12643=CARTESIAN_POINT('',(16.1916666666667,3.91100524452692,0.));
#12644=CARTESIAN_POINT('',(16.05,1.92878573571857,-1.5));
#12645=CARTESIAN_POINT('Origin',(15.,3.,-1.5));
#12646=CARTESIAN_POINT('',(16.05,1.92878573571857,0.));
#12647=CARTESIAN_POINT('',(16.05,1.92878573571857,0.));
#12648=CARTESIAN_POINT('Origin',(15.,3.,0.));
#12649=CARTESIAN_POINT('Origin',(80.25,3.,0.));
#12650=CARTESIAN_POINT('',(79.0583333333333,3.91100524452691,0.));
#12651=CARTESIAN_POINT('',(79.0583333333333,3.91100524452691,-1.5));
#12652=CARTESIAN_POINT('',(79.0583333333333,3.91100524452691,0.));
#12653=CARTESIAN_POINT('',(79.2,1.92878573571859,0.));
#12654=CARTESIAN_POINT('Origin',(80.25,3.,0.));
#12655=CARTESIAN_POINT('',(79.2,1.92878573571859,-1.5));
#12656=CARTESIAN_POINT('',(79.2,1.92878573571859,0.));
#12657=CARTESIAN_POINT('Origin',(80.25,3.,-1.5));
#12658=CARTESIAN_POINT('Origin',(232.65,-98.25,0.));
#12659=CARTESIAN_POINT('',(231.458333333333,-99.1610052445269,-1.5));
#12660=CARTESIAN_POINT('',(231.458333333333,-99.1610052445269,0.));
#12661=CARTESIAN_POINT('',(231.458333333333,-99.1610052445269,0.));
#12662=CARTESIAN_POINT('',(231.6,-97.1787857357185,-1.5));
#12663=CARTESIAN_POINT('Origin',(232.65,-98.25,-1.5));
#12664=CARTESIAN_POINT('',(231.6,-97.1787857357185,0.));
#12665=CARTESIAN_POINT('',(231.6,-97.1787857357185,0.));
#12666=CARTESIAN_POINT('Origin',(232.65,-98.25,0.));
#12667=CARTESIAN_POINT('Origin',(15.,-98.25,0.));
#12668=CARTESIAN_POINT('',(16.1916666666667,-99.1610052445269,0.));
#12669=CARTESIAN_POINT('',(16.1916666666667,-99.1610052445269,-1.5));
#12670=CARTESIAN_POINT('',(16.1916666666667,-99.1610052445269,0.));
#12671=CARTESIAN_POINT('',(16.05,-97.1787857357186,0.));
#12672=CARTESIAN_POINT('Origin',(15.,-98.25,0.));
#12673=CARTESIAN_POINT('',(16.05,-97.1787857357186,-1.5));
#12674=CARTESIAN_POINT('',(16.05,-97.1787857357186,0.));
#12675=CARTESIAN_POINT('Origin',(15.,-98.25,-1.5));
#12676=CARTESIAN_POINT('Origin',(80.25,-98.25,0.));
#12677=CARTESIAN_POINT('',(79.0583333333333,-99.1610052445269,-1.5));
#12678=CARTESIAN_POINT('',(79.0583333333333,-99.1610052445269,0.));
#12679=CARTESIAN_POINT('',(79.0583333333333,-99.1610052445269,0.));
#12680=CARTESIAN_POINT('Origin',(80.25,-98.25,-1.5));
#12681=CARTESIAN_POINT('Origin',(80.25,-98.25,0.));
#12682=CARTESIAN_POINT('Origin',(225.05,2.,0.));
#12683=CARTESIAN_POINT('',(175.,2.,-1.5));
#12684=CARTESIAN_POINT('',(225.05,2.,-1.5));
#12685=CARTESIAN_POINT('',(174.4375,2.,-1.5));
#12686=CARTESIAN_POINT('',(175.,2.,0.));
#12687=CARTESIAN_POINT('',(175.,2.,0.));
#12688=CARTESIAN_POINT('',(225.05,2.,0.));
#12689=CARTESIAN_POINT('',(174.4375,2.,0.));
#12690=CARTESIAN_POINT('',(225.05,2.,0.));
#12691=CARTESIAN_POINT('Origin',(225.05,3.,0.));
#12692=CARTESIAN_POINT('',(225.05,4.,-1.5));
#12693=CARTESIAN_POINT('Origin',(225.05,3.,-1.5));
#12694=CARTESIAN_POINT('',(225.05,4.,0.));
#12695=CARTESIAN_POINT('Origin',(225.05,3.,0.));
#12696=CARTESIAN_POINT('',(225.05,4.,0.));
#12697=CARTESIAN_POINT('Origin',(175.,4.,0.));
#12698=CARTESIAN_POINT('',(175.,4.,-1.5));
#12699=CARTESIAN_POINT('',(149.4125,3.99999999999999,-1.5));
#12700=CARTESIAN_POINT('',(175.,4.,0.));
#12701=CARTESIAN_POINT('',(149.4125,3.99999999999999,0.));
#12702=CARTESIAN_POINT('',(175.,4.,0.));
#12703=CARTESIAN_POINT('Origin',(175.,3.,0.));
#12704=CARTESIAN_POINT('Origin',(175.,3.,-1.5));
#12705=CARTESIAN_POINT('Origin',(175.,3.,0.));
#12706=CARTESIAN_POINT('Origin',(72.65,2.,0.));
#12707=CARTESIAN_POINT('',(22.6,2.,-1.5));
#12708=CARTESIAN_POINT('',(72.65,2.,-1.5));
#12709=CARTESIAN_POINT('',(98.2375,2.,-1.5));
#12710=CARTESIAN_POINT('',(22.6,2.,0.));
#12711=CARTESIAN_POINT('',(22.6,2.,0.));
#12712=CARTESIAN_POINT('',(72.65,2.,0.));
#12713=CARTESIAN_POINT('',(98.2375,2.,0.));
#12714=CARTESIAN_POINT('',(72.65,2.,0.));
#12715=CARTESIAN_POINT('Origin',(72.65,3.,0.));
#12716=CARTESIAN_POINT('',(72.65,4.,-1.5));
#12717=CARTESIAN_POINT('Origin',(72.65,3.,-1.5));
#12718=CARTESIAN_POINT('',(72.65,4.,0.));
#12719=CARTESIAN_POINT('Origin',(72.65,3.,0.));
#12720=CARTESIAN_POINT('',(72.65,4.,0.));
#12721=CARTESIAN_POINT('Origin',(22.6,4.,0.));
#12722=CARTESIAN_POINT('',(22.6,4.,-1.5));
#12723=CARTESIAN_POINT('',(73.2125,3.99999999999999,-1.5));
#12724=CARTESIAN_POINT('',(22.6,4.,0.));
#12725=CARTESIAN_POINT('',(73.2125,3.99999999999999,0.));
#12726=CARTESIAN_POINT('',(22.6,4.,0.));
#12727=CARTESIAN_POINT('Origin',(22.6,3.,0.));
#12728=CARTESIAN_POINT('Origin',(22.6,3.,-1.5));
#12729=CARTESIAN_POINT('Origin',(22.6,3.,0.));
#12730=CARTESIAN_POINT('Origin',(167.4,3.,0.));
#12731=CARTESIAN_POINT('',(168.591666666667,3.9110052445269,-1.5));
#12732=CARTESIAN_POINT('',(168.591666666667,3.9110052445269,0.));
#12733=CARTESIAN_POINT('',(168.591666666667,3.9110052445269,0.));
#12734=CARTESIAN_POINT('',(168.45,1.9287857357186,-1.5));
#12735=CARTESIAN_POINT('Origin',(167.4,3.,-1.5));
#12736=CARTESIAN_POINT('',(168.45,1.9287857357186,0.));
#12737=CARTESIAN_POINT('',(168.45,1.9287857357186,0.));
#12738=CARTESIAN_POINT('Origin',(167.4,3.,0.));
#12739=CARTESIAN_POINT('Origin',(225.05,-99.25,0.));
#12740=CARTESIAN_POINT('',(175.,-99.25,-1.5));
#12741=CARTESIAN_POINT('',(225.05,-99.25,-1.5));
#12742=CARTESIAN_POINT('',(174.4375,-99.25,-1.5));
#12743=CARTESIAN_POINT('',(175.,-99.25,0.));
#12744=CARTESIAN_POINT('',(175.,-99.25,0.));
#12745=CARTESIAN_POINT('',(225.05,-99.25,0.));
#12746=CARTESIAN_POINT('',(174.4375,-99.25,0.));
#12747=CARTESIAN_POINT('',(225.05,-99.25,0.));
#12748=CARTESIAN_POINT('Origin',(225.05,-98.25,0.));
#12749=CARTESIAN_POINT('',(225.05,-97.25,-1.5));
#12750=CARTESIAN_POINT('Origin',(225.05,-98.25,-1.5));
#12751=CARTESIAN_POINT('',(225.05,-97.25,0.));
#12752=CARTESIAN_POINT('Origin',(225.05,-98.25,0.));
#12753=CARTESIAN_POINT('',(225.05,-97.25,0.));
#12754=CARTESIAN_POINT('Origin',(175.,-97.25,0.));
#12755=CARTESIAN_POINT('',(175.,-97.25,-1.5));
#12756=CARTESIAN_POINT('',(149.4125,-97.25,-1.5));
#12757=CARTESIAN_POINT('',(175.,-97.25,0.));
#12758=CARTESIAN_POINT('',(149.4125,-97.25,0.));
#12759=CARTESIAN_POINT('',(175.,-97.25,0.));
#12760=CARTESIAN_POINT('Origin',(175.,-98.25,0.));
#12761=CARTESIAN_POINT('Origin',(175.,-98.25,-1.5));
#12762=CARTESIAN_POINT('Origin',(175.,-98.25,0.));
#12763=CARTESIAN_POINT('Origin',(167.4,-98.25,0.));
#12764=CARTESIAN_POINT('',(168.591666666667,-99.1610052445269,0.));
#12765=CARTESIAN_POINT('',(168.591666666667,-99.1610052445269,-1.5));
#12766=CARTESIAN_POINT('',(168.591666666667,-99.1610052445269,0.));
#12767=CARTESIAN_POINT('',(168.45,-97.1787857357186,0.));
#12768=CARTESIAN_POINT('Origin',(167.4,-98.25,0.));
#12769=CARTESIAN_POINT('',(168.45,-97.1787857357186,-1.5));
#12770=CARTESIAN_POINT('',(168.45,-97.1787857357186,0.));
#12771=CARTESIAN_POINT('Origin',(167.4,-98.25,-1.5));
#12772=CARTESIAN_POINT('Origin',(228.6,3.,0.));
#12773=CARTESIAN_POINT('',(228.600000057597,6.,-1.5));
#12774=CARTESIAN_POINT('Origin',(228.6,3.,-1.5));
#12775=CARTESIAN_POINT('',(228.600000057597,6.,0.));
#12776=CARTESIAN_POINT('',(228.6,6.,0.));
#12777=CARTESIAN_POINT('Origin',(228.6,3.,0.));
#12778=CARTESIAN_POINT('Origin',(19.05,3.,0.));
#12779=CARTESIAN_POINT('',(19.05,6.,0.));
#12780=CARTESIAN_POINT('Origin',(19.05,3.,0.));
#12781=CARTESIAN_POINT('',(19.05,6.,-1.5));
#12782=CARTESIAN_POINT('',(19.05,6.,0.));
#12783=CARTESIAN_POINT('Origin',(19.05,3.,-1.5));
#12784=CARTESIAN_POINT('Origin',(76.2,3.,0.));
#12785=CARTESIAN_POINT('',(76.2,6.,-1.5));
#12786=CARTESIAN_POINT('Origin',(76.2,3.,-1.5));
#12787=CARTESIAN_POINT('',(76.2,6.,0.));
#12788=CARTESIAN_POINT('',(76.2,6.,0.));
#12789=CARTESIAN_POINT('Origin',(76.2,3.,0.));
#12790=CARTESIAN_POINT('Origin',(228.6,-98.25,0.));
#12791=CARTESIAN_POINT('',(228.6,-101.25,0.));
#12792=CARTESIAN_POINT('Origin',(228.6,-98.25,0.));
#12793=CARTESIAN_POINT('',(228.6,-101.25,-1.5));
#12794=CARTESIAN_POINT('',(228.6,-101.25,0.));
#12795=CARTESIAN_POINT('Origin',(228.6,-98.25,-1.5));
#12796=CARTESIAN_POINT('Origin',(19.05,-98.25,0.));
#12797=CARTESIAN_POINT('',(19.05,-101.25,-1.5));
#12798=CARTESIAN_POINT('Origin',(19.05,-98.25,-1.5));
#12799=CARTESIAN_POINT('',(19.05,-101.25,0.));
#12800=CARTESIAN_POINT('',(19.05,-101.25,0.));
#12801=CARTESIAN_POINT('Origin',(19.05,-98.25,0.));
#12802=CARTESIAN_POINT('Origin',(76.2,-98.25,0.));
#12803=CARTESIAN_POINT('',(76.2,-101.25,0.));
#12804=CARTESIAN_POINT('Origin',(76.2,-98.25,0.));
#12805=CARTESIAN_POINT('',(76.2,-101.25,-1.5));
#12806=CARTESIAN_POINT('',(76.2,-101.25,0.));
#12807=CARTESIAN_POINT('Origin',(76.2,-98.25,-1.5));
#12808=CARTESIAN_POINT('Origin',(171.45,3.,0.));
#12809=CARTESIAN_POINT('',(171.45000008013,6.,0.));
#12810=CARTESIAN_POINT('Origin',(171.45,3.,0.));
#12811=CARTESIAN_POINT('',(171.45000008013,6.,-1.5));
#12812=CARTESIAN_POINT('',(171.45,6.,0.));
#12813=CARTESIAN_POINT('Origin',(171.45,3.,-1.5));
#12814=CARTESIAN_POINT('Origin',(171.45,-98.25,0.));
#12815=CARTESIAN_POINT('',(171.45,-101.25,-1.5));
#12816=CARTESIAN_POINT('Origin',(171.45,-98.25,-1.5));
#12817=CARTESIAN_POINT('',(171.45,-101.25,0.));
#12818=CARTESIAN_POINT('',(171.45,-101.25,0.));
#12819=CARTESIAN_POINT('Origin',(171.45,-98.25,0.));
#12820=CARTESIAN_POINT('Origin',(123.825,-47.625,-1.5));
#12821=CARTESIAN_POINT('',(231.6,-0.700000000000022,-1.5));
#12822=CARTESIAN_POINT('',(231.6,-22.3125,-1.5));
#12823=CARTESIAN_POINT('',(245.95,-0.7,-1.5));
#12824=CARTESIAN_POINT('',(0.7,-0.700000000000003,-1.5));
#12825=CARTESIAN_POINT('',(246.95,-1.7,-1.5));
#12826=CARTESIAN_POINT('Origin',(245.95,-1.7,-1.5));
#12827=CARTESIAN_POINT('',(246.95,-93.55,-1.5));
#12828=CARTESIAN_POINT('',(246.95,-0.7,-1.5));
#12829=CARTESIAN_POINT('',(245.95,-94.55,-1.5));
#12830=CARTESIAN_POINT('Origin',(245.95,-93.55,-1.5));
#12831=CARTESIAN_POINT('',(231.6,-94.55,-1.5));
#12832=CARTESIAN_POINT('',(246.95,-94.55,-1.5));
#12833=CARTESIAN_POINT('',(231.6,-71.0875,-1.5));
#12834=CARTESIAN_POINT('',(176.212500014399,-101.25,-1.5));
#12835=CARTESIAN_POINT('',(168.45,-94.55,-1.5));
#12836=CARTESIAN_POINT('',(168.45,-72.9375,-1.5));
#12837=CARTESIAN_POINT('',(246.95,-94.55,-1.5));
#12838=CARTESIAN_POINT('',(100.012500014399,-101.25,-1.5));
#12839=CARTESIAN_POINT('',(16.05,-94.55,-1.5));
#12840=CARTESIAN_POINT('',(16.05,-72.9375,-1.5));
#12841=CARTESIAN_POINT('',(1.70000000000002,-94.55,-1.5));
#12842=CARTESIAN_POINT('',(246.95,-94.55,-1.5));
#12843=CARTESIAN_POINT('',(0.700000000000003,-93.55,-1.5));
#12844=CARTESIAN_POINT('Origin',(1.7,-93.55,-1.5));
#12845=CARTESIAN_POINT('',(0.7,-1.7,-1.5));
#12846=CARTESIAN_POINT('',(0.700000000000003,-94.55,-1.5));
#12847=CARTESIAN_POINT('',(1.7,-0.700000000000003,-1.5));
#12848=CARTESIAN_POINT('Origin',(1.7,-1.7,-1.5));
#12849=CARTESIAN_POINT('',(16.05,-0.700000000000003,-1.5));
#12850=CARTESIAN_POINT('',(0.7,-0.700000000000003,-1.5));
#12851=CARTESIAN_POINT('',(16.05,-24.1625,-1.5));
#12852=CARTESIAN_POINT('',(71.4375000143993,6.00000000000001,-1.5));
#12853=CARTESIAN_POINT('',(79.2,-0.700000000000009,-1.5));
#12854=CARTESIAN_POINT('',(79.2,-22.3125,-1.5));
#12855=CARTESIAN_POINT('',(168.45,-0.700000000000017,-1.5));
#12856=CARTESIAN_POINT('',(0.7,-0.700000000000003,-1.5));
#12857=CARTESIAN_POINT('',(168.45,-24.1625,-1.5));
#12858=CARTESIAN_POINT('',(147.637500054464,6.00000000000001,-1.5));
#12859=CARTESIAN_POINT('',(169.9,-98.25,-1.5));
#12860=CARTESIAN_POINT('Origin',(171.45,-98.25,-1.5));
#12861=CARTESIAN_POINT('',(17.5,-98.25,-1.5));
#12862=CARTESIAN_POINT('Origin',(19.05,-98.25,-1.5));
#12863=CARTESIAN_POINT('',(17.5,3.,-1.5));
#12864=CARTESIAN_POINT('Origin',(19.05,3.,-1.5));
#12865=CARTESIAN_POINT('',(74.65,-98.25,-1.5));
#12866=CARTESIAN_POINT('Origin',(76.2,-98.25,-1.5));
#12867=CARTESIAN_POINT('',(74.65,3.,-1.5));
#12868=CARTESIAN_POINT('Origin',(76.2,3.,-1.5));
#12869=CARTESIAN_POINT('',(227.05,3.,-1.5));
#12870=CARTESIAN_POINT('Origin',(228.6,3.,-1.5));
#12871=CARTESIAN_POINT('',(169.9,3.,-1.5));
#12872=CARTESIAN_POINT('Origin',(171.45,3.,-1.5));
#12873=CARTESIAN_POINT('',(227.05,-98.25,-1.5));
#12874=CARTESIAN_POINT('Origin',(228.6,-98.25,-1.5));
#12875=CARTESIAN_POINT('Origin',(123.825,-47.625,0.));
#12876=CARTESIAN_POINT('',(-6.,6.,0.));
#12877=CARTESIAN_POINT('',(168.45,-0.700000000000017,0.));
#12878=CARTESIAN_POINT('',(168.45,3.,0.));
#12879=CARTESIAN_POINT('',(79.2,-0.700000000000009,0.));
#12880=CARTESIAN_POINT('',(0.7,-0.700000000000003,0.));
#12881=CARTESIAN_POINT('',(79.2,3.,0.));
#12882=CARTESIAN_POINT('',(-6.,6.,0.));
#12883=CARTESIAN_POINT('',(16.05,-0.700000000000003,0.));
#12884=CARTESIAN_POINT('',(16.05,3.,0.));
#12885=CARTESIAN_POINT('',(1.7,-0.700000000000003,0.));
#12886=CARTESIAN_POINT('',(0.7,-0.700000000000003,0.));
#12887=CARTESIAN_POINT('',(0.7,-1.7,0.));
#12888=CARTESIAN_POINT('Origin',(1.7,-1.7,0.));
#12889=CARTESIAN_POINT('',(0.700000000000003,-93.55,0.));
#12890=CARTESIAN_POINT('',(0.700000000000003,-94.55,0.));
#12891=CARTESIAN_POINT('',(1.70000000000002,-94.55,0.));
#12892=CARTESIAN_POINT('Origin',(1.7,-93.55,0.));
#12893=CARTESIAN_POINT('',(16.05,-94.55,0.));
#12894=CARTESIAN_POINT('',(246.95,-94.55,0.));
#12895=CARTESIAN_POINT('',(16.05,-98.25,0.));
#12896=CARTESIAN_POINT('',(253.65,-101.25,0.));
#12897=CARTESIAN_POINT('',(168.45,-94.55,0.));
#12898=CARTESIAN_POINT('',(246.95,-94.55,0.));
#12899=CARTESIAN_POINT('',(168.45,-98.25,0.));
#12900=CARTESIAN_POINT('',(253.65,-101.25,0.));
#12901=CARTESIAN_POINT('',(231.6,-94.55,0.));
#12902=CARTESIAN_POINT('',(231.6,-98.25,0.));
#12903=CARTESIAN_POINT('',(245.95,-94.55,0.));
#12904=CARTESIAN_POINT('',(246.95,-94.55,0.));
#12905=CARTESIAN_POINT('',(246.95,-93.55,0.));
#12906=CARTESIAN_POINT('Origin',(245.95,-93.55,0.));
#12907=CARTESIAN_POINT('',(246.95,-1.7,0.));
#12908=CARTESIAN_POINT('',(246.95,-0.7,0.));
#12909=CARTESIAN_POINT('',(245.95,-0.7,0.));
#12910=CARTESIAN_POINT('Origin',(245.95,-1.7,0.));
#12911=CARTESIAN_POINT('',(231.6,-0.700000000000022,0.));
#12912=CARTESIAN_POINT('',(0.7,-0.700000000000003,0.));
#12913=CARTESIAN_POINT('',(231.6,3.,0.));
#12914=CARTESIAN_POINT('',(169.9,-98.25,0.));
#12915=CARTESIAN_POINT('Origin',(171.45,-98.25,0.));
#12916=CARTESIAN_POINT('',(17.5,-98.25,0.));
#12917=CARTESIAN_POINT('Origin',(19.05,-98.25,0.));
#12918=CARTESIAN_POINT('',(17.5,3.,0.));
#12919=CARTESIAN_POINT('Origin',(19.05,3.,0.));
#12920=CARTESIAN_POINT('',(74.65,-98.25,0.));
#12921=CARTESIAN_POINT('Origin',(76.2,-98.25,0.));
#12922=CARTESIAN_POINT('',(74.65,3.,0.));
#12923=CARTESIAN_POINT('Origin',(76.2,3.,0.));
#12924=CARTESIAN_POINT('',(227.05,3.,0.));
#12925=CARTESIAN_POINT('Origin',(228.6,3.,0.));
#12926=CARTESIAN_POINT('',(169.9,3.,0.));
#12927=CARTESIAN_POINT('Origin',(171.45,3.,0.));
#12928=CARTESIAN_POINT('',(227.05,-98.25,0.));
#12929=CARTESIAN_POINT('Origin',(228.6,-98.25,0.));
#12930=CARTESIAN_POINT('Origin',(228.6,-101.25,0.));
#12931=CARTESIAN_POINT('Origin',(19.05,6.,0.));
#12932=CARTESIAN_POINT('Origin',(76.2,-101.25,0.));
#12933=CARTESIAN_POINT('Origin',(171.45000008013,6.,0.));
#12934=CARTESIAN_POINT('Origin',(168.45,-98.25,0.));
#12935=CARTESIAN_POINT('',(168.45,-94.55,0.));
#12936=CARTESIAN_POINT('Origin',(171.45,-98.25,0.));
#12937=CARTESIAN_POINT('',(169.9,-98.25,0.));
#12938=CARTESIAN_POINT('Origin',(246.95,-94.55,0.));
#12939=CARTESIAN_POINT('Origin',(16.05,-98.25,0.));
#12940=CARTESIAN_POINT('',(16.05,-94.55,0.));
#12941=CARTESIAN_POINT('Origin',(19.05,-98.25,0.));
#12942=CARTESIAN_POINT('',(17.5,-98.25,0.));
#12943=CARTESIAN_POINT('Origin',(246.95,-94.55,0.));
#12944=CARTESIAN_POINT('',(1.7,-94.55,0.));
#12945=CARTESIAN_POINT('Origin',(16.05,-0.700000000000003,0.));
#12946=CARTESIAN_POINT('',(16.05,-0.700000000000003,0.));
#12947=CARTESIAN_POINT('Origin',(19.05,3.,0.));
#12948=CARTESIAN_POINT('',(17.5,3.,0.));
#12949=CARTESIAN_POINT('Origin',(0.7,-0.700000000000003,0.));
#12950=CARTESIAN_POINT('',(1.7,-0.700000000000003,0.));
#12951=CARTESIAN_POINT('Origin',(76.2,-98.25,0.));
#12952=CARTESIAN_POINT('',(74.65,-98.25,0.));
#12953=CARTESIAN_POINT('Origin',(76.2,3.,0.));
#12954=CARTESIAN_POINT('',(74.65,3.,0.));
#12955=CARTESIAN_POINT('Origin',(79.2,3.,0.));
#12956=CARTESIAN_POINT('',(79.2,-0.700000000000002,0.));
#12957=CARTESIAN_POINT('Origin',(0.7,-0.700000000000003,0.));
#12958=CARTESIAN_POINT('',(168.45,-0.700000000000001,0.));
#12959=CARTESIAN_POINT('Origin',(228.6,3.,0.));
#12960=CARTESIAN_POINT('',(227.05,3.,0.));
#12961=CARTESIAN_POINT('Origin',(231.6,3.,0.));
#12962=CARTESIAN_POINT('',(231.6,-0.7,0.));
#12963=CARTESIAN_POINT('Origin',(0.7,-0.700000000000003,0.));
#12964=CARTESIAN_POINT('',(245.95,-0.7,0.));
#12965=CARTESIAN_POINT('Origin',(168.45,-0.700000000000017,0.));
#12966=CARTESIAN_POINT('Origin',(171.45,3.,0.));
#12967=CARTESIAN_POINT('',(169.9,3.,0.));
#12968=CARTESIAN_POINT('Origin',(228.6,-98.25,0.));
#12969=CARTESIAN_POINT('',(227.05,-98.25,0.));
#12970=CARTESIAN_POINT('Origin',(231.6,-94.55,0.));
#12971=CARTESIAN_POINT('',(231.6,-94.55,0.));
#12972=CARTESIAN_POINT('Origin',(246.95,-94.55,0.));
#12973=CARTESIAN_POINT('',(245.95,-94.55,0.));
#12974=CARTESIAN_POINT('Origin',(245.95,-1.7,0.));
#12975=CARTESIAN_POINT('',(246.95,-1.7,0.));
#12976=CARTESIAN_POINT('Origin',(245.95,-93.55,0.));
#12977=CARTESIAN_POINT('',(246.95,-93.55,0.));
#12978=CARTESIAN_POINT('Origin',(1.7,-93.55,0.));
#12979=CARTESIAN_POINT('',(0.700000000000003,-93.55,0.));
#12980=CARTESIAN_POINT('Origin',(1.7,-1.7,0.));
#12981=CARTESIAN_POINT('',(0.7,-1.7,0.));
#12982=CARTESIAN_POINT('Origin',(0.700000000000003,-94.55,0.));
#12983=CARTESIAN_POINT('Origin',(246.95,-0.7,0.));
#12984=UNCERTAINTY_MEASURE_WITH_UNIT(LENGTH_MEASURE(0.01),#12988,
'DISTANCE_ACCURACY_VALUE',
'Maximum model space distance between geometric entities at asserted c
onnectivities');
#12985=UNCERTAINTY_MEASURE_WITH_UNIT(LENGTH_MEASURE(0.01),#12988,
'DISTANCE_ACCURACY_VALUE',
'Maximum model space distance between geometric entities at asserted c
onnectivities');
#12986=(
GEOMETRIC_REPRESENTATION_CONTEXT(3)
GLOBAL_UNCERTAINTY_ASSIGNED_CONTEXT((#12984))
GLOBAL_UNIT_ASSIGNED_CONTEXT((#12988,#12989,#12990))
REPRESENTATION_CONTEXT('','3D')
);
#12987=(
GEOMETRIC_REPRESENTATION_CONTEXT(3)
GLOBAL_UNCERTAINTY_ASSIGNED_CONTEXT((#12985))
GLOBAL_UNIT_ASSIGNED_CONTEXT((#12988,#12989,#12990))
REPRESENTATION_CONTEXT('','3D')
);
#12988=(
LENGTH_UNIT()
NAMED_UNIT(*)
SI_UNIT(.MILLI.,.METRE.)
);
#12989=(
NAMED_UNIT(*)
PLANE_ANGLE_UNIT()
SI_UNIT($,.RADIAN.)
);
#12990=(
NAMED_UNIT(*)
SI_UNIT($,.STERADIAN.)
SOLID_ANGLE_UNIT()
);
#12991=SHAPE_DEFINITION_REPRESENTATION(#12992,#12993);
#12992=PRODUCT_DEFINITION_SHAPE('',$,#12995);
#12993=SHAPE_REPRESENTATION('',(#8240),#12986);
#12994=PRODUCT_DEFINITION_CONTEXT('part definition',#12999,'design');
#12995=PRODUCT_DEFINITION('bny6x2 1','osprey5x',#12996,#12994);
#12996=PRODUCT_DEFINITION_FORMATION('',$,#13001);
#12997=PRODUCT_RELATED_PRODUCT_CATEGORY('osprey5x','osprey5x',(#13001));
#12998=APPLICATION_PROTOCOL_DEFINITION('international standard',
'automotive_design',2009,#12999);
#12999=APPLICATION_CONTEXT(
'Core Data for Automotive Mechanical Design Process');
#13000=PRODUCT_CONTEXT('part definition',#12999,'mechanical');
#13001=PRODUCT('bny6x2 1','osprey5x','KiCad electronic assembly',(#13000));
#13002=PRESENTATION_STYLE_ASSIGNMENT((#13008));
#13003=PRESENTATION_STYLE_ASSIGNMENT((#13009));
#13004=PRESENTATION_STYLE_ASSIGNMENT((#13010));
#13005=PRESENTATION_STYLE_ASSIGNMENT((#13011));
#13006=PRESENTATION_STYLE_ASSIGNMENT((#13012));
#13007=PRESENTATION_STYLE_ASSIGNMENT((#13013));
#13008=SURFACE_STYLE_USAGE(.BOTH.,#13014);
#13009=SURFACE_STYLE_USAGE(.BOTH.,#13015);
#13010=SURFACE_STYLE_USAGE(.BOTH.,#13016);
#13011=SURFACE_STYLE_USAGE(.BOTH.,#13017);
#13012=SURFACE_STYLE_USAGE(.BOTH.,#13018);
#13013=SURFACE_STYLE_USAGE(.BOTH.,#13019);
#13014=SURFACE_SIDE_STYLE('',(#13020));
#13015=SURFACE_SIDE_STYLE('',(#13021));
#13016=SURFACE_SIDE_STYLE('',(#13022));
#13017=SURFACE_SIDE_STYLE('',(#13023));
#13018=SURFACE_SIDE_STYLE('',(#13024));
#13019=SURFACE_SIDE_STYLE('',(#13025));
#13020=SURFACE_STYLE_FILL_AREA(#13026);
#13021=SURFACE_STYLE_FILL_AREA(#13027);
#13022=SURFACE_STYLE_FILL_AREA(#13028);
#13023=SURFACE_STYLE_FILL_AREA(#13029);
#13024=SURFACE_STYLE_FILL_AREA(#13030);
#13025=SURFACE_STYLE_FILL_AREA(#13031);
#13026=FILL_AREA_STYLE('\X2\92FC\X0\ - \X2\30B530C630F3\X0\',(#13032));
#13027=FILL_AREA_STYLE('FR4',(#13033));
#13028=FILL_AREA_STYLE('\X2\30A230EB30DF30CB30A630E0\X0\ - \X2\30B530C630F3\X0\',
(#13034));
#13029=FILL_AREA_STYLE('\X2\30A230EB30DF30CB30A630E0\X0\ - \X2\967D697591785316\X0\ 
\X2\51496CA2\X0\(\X2\8D64\X0\)',(#13035));
#13030=FILL_AREA_STYLE('\X2\30A230EB30DF30CB30A630E0\X0\ - \X2\967D697591785316\X0\ 
\X2\51496CA2\X0\(\X2\9752\X0\)',(#13036));
#13031=FILL_AREA_STYLE('\X2\30D630ED30F330BA\X0\ - \X2\3064308451FA3057\X0\',
(#13037));
#13032=FILL_AREA_STYLE_COLOUR('\X2\92FC\X0\ - \X2\30B530C630F3\X0\',#13038);
#13033=FILL_AREA_STYLE_COLOUR('FR4',#13039);
#13034=FILL_AREA_STYLE_COLOUR('\X2\30A230EB30DF30CB30A630E0\X0\ - \X2\30B530C630F3\X0\',
#13040);
#13035=FILL_AREA_STYLE_COLOUR(
'\X2\30A230EB30DF30CB30A630E0\X0\ - \X2\967D697591785316\X0\ \X2\51496CA2\X0\(
\X2\8D64\X0\)',#13041);
#13036=FILL_AREA_STYLE_COLOUR(
'\X2\30A230EB30DF30CB30A630E0\X0\ - \X2\967D697591785316\X0\ \X2\51496CA2\X0\(
\X2\9752\X0\)',#13042);
#13037=FILL_AREA_STYLE_COLOUR('\X2\30D630ED30F330BA\X0\ - \X2\3064308451FA3057\X0\',
#13043);
#13038=COLOUR_RGB('\X2\92FC\X0\ - \X2\30B530C630F3\X0\',0.627450980392157,
0.627450980392157,0.627450980392157);
#13039=COLOUR_RGB('FR4',0.266666666666667,0.466666666666667,0.4);
#13040=COLOUR_RGB('\X2\30A230EB30DF30CB30A630E0\X0\ - \X2\30B530C630F3\X0\',
0.96078431372549,0.96078431372549,0.964705882352941);
#13041=COLOUR_RGB('\X2\30A230EB30DF30CB30A630E0\X0\ - \X2\967D697591785316\X0\ 
\X2\51496CA2\X0\(\X2\8D64\X0\)',0.854901960784314,0.349019607843137,0.349019607843137);
#13042=COLOUR_RGB('\X2\30A230EB30DF30CB30A630E0\X0\ - \X2\967D697591785316\X0\ 
\X2\51496CA2\X0\(\X2\9752\X0\)',0.349019607843137,0.584313725490196,0.854901960784314);
#13043=COLOUR_RGB('\X2\30D630ED30F330BA\X0\ - \X2\3064308451FA3057\X0\',
0.607843137254902,0.525490196078431,0.364705882352941);
ENDSEC;
END-ISO-10303-21;
