ISO-10303-21;
HEADER;
/* Generated by software containing ST-Developer
 * from STEP Tools, Inc. (www.steptools.com) 
 */

FILE_DESCRIPTION(
/* description */ ('KiCad electronic assembly'),
/* implementation_level */ '2;1');

FILE_NAME(
/* name */ 'osprey5x_wgt.step',
/* time_stamp */ '2026-08-23T14:36:26+09:00',
/* author */ (''),
/* organization */ (''),
/* preprocessor_version */ 'ST-DEVELOPER v20.1',
/* originating_system */ 'Autodesk Translation Framework v15.8.0.0',
/* authorisation */ '');

FILE_SCHEMA (('AUTOMOTIVE_DESIGN { 1 0 10303 214 3 1 1 }'));
ENDSEC;

DATA;
#10=MECHANICAL_DESIGN_GEOMETRIC_PRESENTATION_REPRESENTATION('',(#13),#5942);
#11=SHAPE_REPRESENTATION_RELATIONSHIP('SRR','None',#5948,#12);
#12=ADVANCED_BREP_SHAPE_REPRESENTATION('',(#14),#5941);
#13=STYLED_ITEM('',(#5962),#14);
#14=MANIFOLD_SOLID_BREP('weight',#3565);
#15=CONICAL_SURFACE('',#3852,0.63225,1.02974425867665);
#16=CONICAL_SURFACE('',#3856,0.63225,1.02974425867665);
#17=CONICAL_SURFACE('',#3860,0.63225,1.02974425867665);
#18=ELLIPSE('',#3716,8.04406623650813,8.);
#19=ELLIPSE('',#3717,8.04406623650813,8.);
#20=ELLIPSE('',#3718,8.04406623650813,8.);
#21=ELLIPSE('',#3719,8.04406623650813,8.);
#22=FACE_BOUND('',#485,.T.);
#23=FACE_BOUND('',#487,.T.);
#24=FACE_BOUND('',#567,.T.);
#25=FACE_BOUND('',#569,.T.);
#26=FACE_BOUND('',#586,.T.);
#27=FACE_BOUND('',#587,.T.);
#28=FACE_BOUND('',#588,.T.);
#29=CIRCLE('',#3569,1.50000000000001);
#30=CIRCLE('',#3570,1.50000000000001);
#31=CIRCLE('',#3575,1.50000000000031);
#32=CIRCLE('',#3576,1.50000000000031);
#33=CIRCLE('',#3579,1.49999999999994);
#34=CIRCLE('',#3580,1.49999999999994);
#35=CIRCLE('',#3583,1.49999999999995);
#36=CIRCLE('',#3584,1.49999999999995);
#37=CIRCLE('',#3587,1.50000000000003);
#38=CIRCLE('',#3588,1.50000000000003);
#39=CIRCLE('',#3591,1.49999999999998);
#40=CIRCLE('',#3592,1.49999999999998);
#41=CIRCLE('',#3598,1.49999999999992);
#42=CIRCLE('',#3599,1.49999999999992);
#43=CIRCLE('',#3602,1.50000000000009);
#44=CIRCLE('',#3603,1.50000000000009);
#45=CIRCLE('',#3606,1.49999999999999);
#46=CIRCLE('',#3607,1.49999999999999);
#47=CIRCLE('',#3612,1.49999999999999);
#48=CIRCLE('',#3613,1.49999999999999);
#49=CIRCLE('',#3616,1.50000000000013);
#50=CIRCLE('',#3617,1.50000000000013);
#51=CIRCLE('',#3620,1.50000000000001);
#52=CIRCLE('',#3621,1.50000000000001);
#53=CIRCLE('',#3627,1.50000000000009);
#54=CIRCLE('',#3628,1.50000000000009);
#55=CIRCLE('',#3631,1.50000000000001);
#56=CIRCLE('',#3632,1.50000000000001);
#57=CIRCLE('',#3635,1.50000000000039);
#58=CIRCLE('',#3636,1.50000000000039);
#59=CIRCLE('',#3639,1.49999999999994);
#60=CIRCLE('',#3640,1.49999999999994);
#61=CIRCLE('',#3643,2.50000000000039);
#62=CIRCLE('',#3644,2.50000000000039);
#63=CIRCLE('',#3647,2.50000000000001);
#64=CIRCLE('',#3648,2.50000000000001);
#65=CIRCLE('',#3651,2.50000000000009);
#66=CIRCLE('',#3652,2.50000000000009);
#67=CIRCLE('',#3658,2.50000000000001);
#68=CIRCLE('',#3659,2.50000000000001);
#69=CIRCLE('',#3662,2.50000000000013);
#70=CIRCLE('',#3663,2.50000000000013);
#71=CIRCLE('',#3666,2.49999999999999);
#72=CIRCLE('',#3667,2.49999999999999);
#73=CIRCLE('',#3671,2.49999999999999);
#74=CIRCLE('',#3672,2.49999999999999);
#75=CIRCLE('',#3675,2.50000000000008);
#76=CIRCLE('',#3676,2.50000000000008);
#77=CIRCLE('',#3679,2.49999999999992);
#78=CIRCLE('',#3680,2.49999999999992);
#79=CIRCLE('',#3686,2.49999999999998);
#80=CIRCLE('',#3687,2.49999999999998);
#81=CIRCLE('',#3690,2.50000000000002);
#82=CIRCLE('',#3691,2.50000000000002);
#83=CIRCLE('',#3694,2.49999999999995);
#84=CIRCLE('',#3695,2.49999999999995);
#85=CIRCLE('',#3698,2.49999999999994);
#86=CIRCLE('',#3699,2.49999999999994);
#87=CIRCLE('',#3702,2.50000000000031);
#88=CIRCLE('',#3703,2.50000000000031);
#89=CIRCLE('',#3708,2.50000000000001);
#90=CIRCLE('',#3709,2.50000000000001);
#91=CIRCLE('',#3712,2.49999999999994);
#92=CIRCLE('',#3713,2.49999999999994);
#93=CIRCLE('',#3721,0.499999999999991);
#94=CIRCLE('',#3722,0.499999999999991);
#95=CIRCLE('',#3725,0.499999999999998);
#96=CIRCLE('',#3726,0.499999999999998);
#97=CIRCLE('',#3734,0.499999999999985);
#98=CIRCLE('',#3735,0.499999999999985);
#99=CIRCLE('',#3738,0.500000000000003);
#100=CIRCLE('',#3739,0.500000000000003);
#101=CIRCLE('',#3742,0.499999999999988);
#102=CIRCLE('',#3743,0.499999999999988);
#103=CIRCLE('',#3749,0.499999999999987);
#104=CIRCLE('',#3750,0.499999999999987);
#105=CIRCLE('',#3753,0.500000000000002);
#106=CIRCLE('',#3754,0.500000000000002);
#107=CIRCLE('',#3760,0.500000000000003);
#108=CIRCLE('',#3761,0.500000000000003);
#109=CIRCLE('',#3764,0.500000000000005);
#110=CIRCLE('',#3765,0.500000000000005);
#111=CIRCLE('',#3768,0.500000000000007);
#112=CIRCLE('',#3769,0.500000000000007);
#113=CIRCLE('',#3778,0.500000000000009);
#114=CIRCLE('',#3779,0.500000000000009);
#115=CIRCLE('',#3782,0.500000000000007);
#116=CIRCLE('',#3783,0.500000000000007);
#117=CIRCLE('',#3789,0.500000000000003);
#118=CIRCLE('',#3790,0.500000000000003);
#119=CIRCLE('',#3793,0.500000000000012);
#120=CIRCLE('',#3794,0.500000000000012);
#121=CIRCLE('',#3797,0.5);
#122=CIRCLE('',#3798,0.5);
#123=CIRCLE('',#3803,0.499999999999998);
#124=CIRCLE('',#3804,0.499999999999998);
#125=CIRCLE('',#3807,0.499999999999994);
#126=CIRCLE('',#3808,0.499999999999994);
#127=CIRCLE('',#3811,0.499999999999992);
#128=CIRCLE('',#3812,0.499999999999992);
#129=CIRCLE('',#3818,0.499999999999985);
#130=CIRCLE('',#3819,0.499999999999985);
#131=CIRCLE('',#3822,0.500000000000021);
#132=CIRCLE('',#3823,0.500000000000021);
#133=CIRCLE('',#3826,0.499999999999995);
#134=CIRCLE('',#3827,0.499999999999995);
#135=CIRCLE('',#3830,0.500000000000004);
#136=CIRCLE('',#3831,0.500000000000004);
#137=CIRCLE('',#3834,0.500000000000008);
#138=CIRCLE('',#3835,0.500000000000008);
#139=CIRCLE('',#3840,0.500000000000004);
#140=CIRCLE('',#3841,0.500000000000004);
#141=CIRCLE('',#3844,0.500000000000008);
#142=CIRCLE('',#3845,0.500000000000008);
#143=CIRCLE('',#3848,0.500000000000001);
#144=CIRCLE('',#3849,0.500000000000001);
#145=CIRCLE('',#3853,1.2645);
#146=CIRCLE('',#3855,1.2645);
#147=CIRCLE('',#3857,1.2645);
#148=CIRCLE('',#3859,1.2645);
#149=CIRCLE('',#3861,1.2645);
#150=CIRCLE('',#3863,1.2645);
#151=CIRCLE('',#3865,8.);
#152=CIRCLE('',#3869,8.);
#153=CIRCLE('',#3872,8.);
#154=CIRCLE('',#3875,8.);
#155=CYLINDRICAL_SURFACE('',#3568,1.50000000000001);
#156=CYLINDRICAL_SURFACE('',#3574,1.50000000000031);
#157=CYLINDRICAL_SURFACE('',#3578,1.49999999999994);
#158=CYLINDRICAL_SURFACE('',#3582,1.49999999999995);
#159=CYLINDRICAL_SURFACE('',#3586,1.50000000000003);
#160=CYLINDRICAL_SURFACE('',#3590,1.49999999999998);
#161=CYLINDRICAL_SURFACE('',#3597,1.49999999999992);
#162=CYLINDRICAL_SURFACE('',#3601,1.50000000000009);
#163=CYLINDRICAL_SURFACE('',#3605,1.49999999999999);
#164=CYLINDRICAL_SURFACE('',#3611,1.49999999999999);
#165=CYLINDRICAL_SURFACE('',#3615,1.50000000000013);
#166=CYLINDRICAL_SURFACE('',#3619,1.50000000000001);
#167=CYLINDRICAL_SURFACE('',#3626,1.50000000000009);
#168=CYLINDRICAL_SURFACE('',#3630,1.50000000000001);
#169=CYLINDRICAL_SURFACE('',#3634,1.50000000000039);
#170=CYLINDRICAL_SURFACE('',#3638,1.49999999999994);
#171=CYLINDRICAL_SURFACE('',#3642,2.50000000000039);
#172=CYLINDRICAL_SURFACE('',#3646,2.50000000000001);
#173=CYLINDRICAL_SURFACE('',#3650,2.50000000000009);
#174=CYLINDRICAL_SURFACE('',#3657,2.50000000000001);
#175=CYLINDRICAL_SURFACE('',#3661,2.50000000000013);
#176=CYLINDRICAL_SURFACE('',#3665,2.49999999999999);
#177=CYLINDRICAL_SURFACE('',#3670,2.49999999999999);
#178=CYLINDRICAL_SURFACE('',#3674,2.50000000000008);
#179=CYLINDRICAL_SURFACE('',#3678,2.49999999999992);
#180=CYLINDRICAL_SURFACE('',#3685,2.49999999999998);
#181=CYLINDRICAL_SURFACE('',#3689,2.50000000000002);
#182=CYLINDRICAL_SURFACE('',#3693,2.49999999999995);
#183=CYLINDRICAL_SURFACE('',#3697,2.49999999999994);
#184=CYLINDRICAL_SURFACE('',#3701,2.50000000000031);
#185=CYLINDRICAL_SURFACE('',#3707,2.50000000000001);
#186=CYLINDRICAL_SURFACE('',#3711,2.49999999999994);
#187=CYLINDRICAL_SURFACE('',#3720,0.499999999999991);
#188=CYLINDRICAL_SURFACE('',#3724,0.499999999999998);
#189=CYLINDRICAL_SURFACE('',#3733,0.499999999999985);
#190=CYLINDRICAL_SURFACE('',#3737,0.500000000000003);
#191=CYLINDRICAL_SURFACE('',#3741,0.499999999999988);
#192=CYLINDRICAL_SURFACE('',#3748,0.499999999999987);
#193=CYLINDRICAL_SURFACE('',#3752,0.500000000000002);
#194=CYLINDRICAL_SURFACE('',#3759,0.500000000000003);
#195=CYLINDRICAL_SURFACE('',#3763,0.500000000000005);
#196=CYLINDRICAL_SURFACE('',#3767,0.500000000000007);
#197=CYLINDRICAL_SURFACE('',#3777,0.500000000000009);
#198=CYLINDRICAL_SURFACE('',#3781,0.500000000000007);
#199=CYLINDRICAL_SURFACE('',#3788,0.500000000000003);
#200=CYLINDRICAL_SURFACE('',#3792,0.500000000000012);
#201=CYLINDRICAL_SURFACE('',#3796,0.5);
#202=CYLINDRICAL_SURFACE('',#3802,0.499999999999998);
#203=CYLINDRICAL_SURFACE('',#3806,0.499999999999994);
#204=CYLINDRICAL_SURFACE('',#3810,0.499999999999992);
#205=CYLINDRICAL_SURFACE('',#3817,0.499999999999985);
#206=CYLINDRICAL_SURFACE('',#3821,0.500000000000021);
#207=CYLINDRICAL_SURFACE('',#3825,0.499999999999995);
#208=CYLINDRICAL_SURFACE('',#3829,0.500000000000004);
#209=CYLINDRICAL_SURFACE('',#3833,0.500000000000008);
#210=CYLINDRICAL_SURFACE('',#3839,0.500000000000004);
#211=CYLINDRICAL_SURFACE('',#3843,0.500000000000008);
#212=CYLINDRICAL_SURFACE('',#3847,0.500000000000001);
#213=CYLINDRICAL_SURFACE('',#3854,1.2645);
#214=CYLINDRICAL_SURFACE('',#3858,1.2645);
#215=CYLINDRICAL_SURFACE('',#3862,1.2645);
#216=CYLINDRICAL_SURFACE('',#3864,8.);
#217=CYLINDRICAL_SURFACE('',#3868,8.);
#218=CYLINDRICAL_SURFACE('',#3871,8.);
#219=CYLINDRICAL_SURFACE('',#3874,8.);
#220=FACE_OUTER_BOUND('',#401,.T.);
#221=FACE_OUTER_BOUND('',#402,.T.);
#222=FACE_OUTER_BOUND('',#403,.T.);
#223=FACE_OUTER_BOUND('',#404,.T.);
#224=FACE_OUTER_BOUND('',#405,.T.);
#225=FACE_OUTER_BOUND('',#406,.T.);
#226=FACE_OUTER_BOUND('',#407,.T.);
#227=FACE_OUTER_BOUND('',#408,.T.);
#228=FACE_OUTER_BOUND('',#409,.T.);
#229=FACE_OUTER_BOUND('',#410,.T.);
#230=FACE_OUTER_BOUND('',#411,.T.);
#231=FACE_OUTER_BOUND('',#412,.T.);
#232=FACE_OUTER_BOUND('',#413,.T.);
#233=FACE_OUTER_BOUND('',#414,.T.);
#234=FACE_OUTER_BOUND('',#415,.T.);
#235=FACE_OUTER_BOUND('',#416,.T.);
#236=FACE_OUTER_BOUND('',#417,.T.);
#237=FACE_OUTER_BOUND('',#418,.T.);
#238=FACE_OUTER_BOUND('',#419,.T.);
#239=FACE_OUTER_BOUND('',#420,.T.);
#240=FACE_OUTER_BOUND('',#421,.T.);
#241=FACE_OUTER_BOUND('',#422,.T.);
#242=FACE_OUTER_BOUND('',#423,.T.);
#243=FACE_OUTER_BOUND('',#424,.T.);
#244=FACE_OUTER_BOUND('',#425,.T.);
#245=FACE_OUTER_BOUND('',#426,.T.);
#246=FACE_OUTER_BOUND('',#427,.T.);
#247=FACE_OUTER_BOUND('',#428,.T.);
#248=FACE_OUTER_BOUND('',#429,.T.);
#249=FACE_OUTER_BOUND('',#430,.T.);
#250=FACE_OUTER_BOUND('',#431,.T.);
#251=FACE_OUTER_BOUND('',#432,.T.);
#252=FACE_OUTER_BOUND('',#433,.T.);
#253=FACE_OUTER_BOUND('',#434,.T.);
#254=FACE_OUTER_BOUND('',#435,.T.);
#255=FACE_OUTER_BOUND('',#436,.T.);
#256=FACE_OUTER_BOUND('',#437,.T.);
#257=FACE_OUTER_BOUND('',#438,.T.);
#258=FACE_OUTER_BOUND('',#439,.T.);
#259=FACE_OUTER_BOUND('',#440,.T.);
#260=FACE_OUTER_BOUND('',#441,.T.);
#261=FACE_OUTER_BOUND('',#442,.T.);
#262=FACE_OUTER_BOUND('',#443,.T.);
#263=FACE_OUTER_BOUND('',#444,.T.);
#264=FACE_OUTER_BOUND('',#445,.T.);
#265=FACE_OUTER_BOUND('',#446,.T.);
#266=FACE_OUTER_BOUND('',#447,.T.);
#267=FACE_OUTER_BOUND('',#448,.T.);
#268=FACE_OUTER_BOUND('',#449,.T.);
#269=FACE_OUTER_BOUND('',#450,.T.);
#270=FACE_OUTER_BOUND('',#451,.T.);
#271=FACE_OUTER_BOUND('',#452,.T.);
#272=FACE_OUTER_BOUND('',#453,.T.);
#273=FACE_OUTER_BOUND('',#454,.T.);
#274=FACE_OUTER_BOUND('',#455,.T.);
#275=FACE_OUTER_BOUND('',#456,.T.);
#276=FACE_OUTER_BOUND('',#457,.T.);
#277=FACE_OUTER_BOUND('',#458,.T.);
#278=FACE_OUTER_BOUND('',#459,.T.);
#279=FACE_OUTER_BOUND('',#460,.T.);
#280=FACE_OUTER_BOUND('',#461,.T.);
#281=FACE_OUTER_BOUND('',#462,.T.);
#282=FACE_OUTER_BOUND('',#463,.T.);
#283=FACE_OUTER_BOUND('',#464,.T.);
#284=FACE_OUTER_BOUND('',#465,.T.);
#285=FACE_OUTER_BOUND('',#466,.T.);
#286=FACE_OUTER_BOUND('',#467,.T.);
#287=FACE_OUTER_BOUND('',#468,.T.);
#288=FACE_OUTER_BOUND('',#469,.T.);
#289=FACE_OUTER_BOUND('',#470,.T.);
#290=FACE_OUTER_BOUND('',#471,.T.);
#291=FACE_OUTER_BOUND('',#472,.T.);
#292=FACE_OUTER_BOUND('',#473,.T.);
#293=FACE_OUTER_BOUND('',#474,.T.);
#294=FACE_OUTER_BOUND('',#475,.T.);
#295=FACE_OUTER_BOUND('',#476,.T.);
#296=FACE_OUTER_BOUND('',#477,.T.);
#297=FACE_OUTER_BOUND('',#478,.T.);
#298=FACE_OUTER_BOUND('',#479,.T.);
#299=FACE_OUTER_BOUND('',#480,.T.);
#300=FACE_OUTER_BOUND('',#481,.T.);
#301=FACE_OUTER_BOUND('',#482,.T.);
#302=FACE_OUTER_BOUND('',#483,.T.);
#303=FACE_OUTER_BOUND('',#484,.T.);
#304=FACE_OUTER_BOUND('',#486,.T.);
#305=FACE_OUTER_BOUND('',#488,.T.);
#306=FACE_OUTER_BOUND('',#489,.T.);
#307=FACE_OUTER_BOUND('',#490,.T.);
#308=FACE_OUTER_BOUND('',#491,.T.);
#309=FACE_OUTER_BOUND('',#492,.T.);
#310=FACE_OUTER_BOUND('',#493,.T.);
#311=FACE_OUTER_BOUND('',#494,.T.);
#312=FACE_OUTER_BOUND('',#495,.T.);
#313=FACE_OUTER_BOUND('',#496,.T.);
#314=FACE_OUTER_BOUND('',#497,.T.);
#315=FACE_OUTER_BOUND('',#498,.T.);
#316=FACE_OUTER_BOUND('',#499,.T.);
#317=FACE_OUTER_BOUND('',#500,.T.);
#318=FACE_OUTER_BOUND('',#501,.T.);
#319=FACE_OUTER_BOUND('',#502,.T.);
#320=FACE_OUTER_BOUND('',#503,.T.);
#321=FACE_OUTER_BOUND('',#504,.T.);
#322=FACE_OUTER_BOUND('',#505,.T.);
#323=FACE_OUTER_BOUND('',#506,.T.);
#324=FACE_OUTER_BOUND('',#507,.T.);
#325=FACE_OUTER_BOUND('',#508,.T.);
#326=FACE_OUTER_BOUND('',#509,.T.);
#327=FACE_OUTER_BOUND('',#510,.T.);
#328=FACE_OUTER_BOUND('',#511,.T.);
#329=FACE_OUTER_BOUND('',#512,.T.);
#330=FACE_OUTER_BOUND('',#513,.T.);
#331=FACE_OUTER_BOUND('',#514,.T.);
#332=FACE_OUTER_BOUND('',#515,.T.);
#333=FACE_OUTER_BOUND('',#516,.T.);
#334=FACE_OUTER_BOUND('',#517,.T.);
#335=FACE_OUTER_BOUND('',#518,.T.);
#336=FACE_OUTER_BOUND('',#519,.T.);
#337=FACE_OUTER_BOUND('',#520,.T.);
#338=FACE_OUTER_BOUND('',#521,.T.);
#339=FACE_OUTER_BOUND('',#522,.T.);
#340=FACE_OUTER_BOUND('',#523,.T.);
#341=FACE_OUTER_BOUND('',#524,.T.);
#342=FACE_OUTER_BOUND('',#525,.T.);
#343=FACE_OUTER_BOUND('',#526,.T.);
#344=FACE_OUTER_BOUND('',#527,.T.);
#345=FACE_OUTER_BOUND('',#528,.T.);
#346=FACE_OUTER_BOUND('',#529,.T.);
#347=FACE_OUTER_BOUND('',#530,.T.);
#348=FACE_OUTER_BOUND('',#531,.T.);
#349=FACE_OUTER_BOUND('',#532,.T.);
#350=FACE_OUTER_BOUND('',#533,.T.);
#351=FACE_OUTER_BOUND('',#534,.T.);
#352=FACE_OUTER_BOUND('',#535,.T.);
#353=FACE_OUTER_BOUND('',#536,.T.);
#354=FACE_OUTER_BOUND('',#537,.T.);
#355=FACE_OUTER_BOUND('',#538,.T.);
#356=FACE_OUTER_BOUND('',#539,.T.);
#357=FACE_OUTER_BOUND('',#540,.T.);
#358=FACE_OUTER_BOUND('',#541,.T.);
#359=FACE_OUTER_BOUND('',#542,.T.);
#360=FACE_OUTER_BOUND('',#543,.T.);
#361=FACE_OUTER_BOUND('',#544,.T.);
#362=FACE_OUTER_BOUND('',#545,.T.);
#363=FACE_OUTER_BOUND('',#546,.T.);
#364=FACE_OUTER_BOUND('',#547,.T.);
#365=FACE_OUTER_BOUND('',#548,.T.);
#366=FACE_OUTER_BOUND('',#549,.T.);
#367=FACE_OUTER_BOUND('',#550,.T.);
#368=FACE_OUTER_BOUND('',#551,.T.);
#369=FACE_OUTER_BOUND('',#552,.T.);
#370=FACE_OUTER_BOUND('',#553,.T.);
#371=FACE_OUTER_BOUND('',#554,.T.);
#372=FACE_OUTER_BOUND('',#555,.T.);
#373=FACE_OUTER_BOUND('',#556,.T.);
#374=FACE_OUTER_BOUND('',#557,.T.);
#375=FACE_OUTER_BOUND('',#558,.T.);
#376=FACE_OUTER_BOUND('',#559,.T.);
#377=FACE_OUTER_BOUND('',#560,.T.);
#378=FACE_OUTER_BOUND('',#561,.T.);
#379=FACE_OUTER_BOUND('',#562,.T.);
#380=FACE_OUTER_BOUND('',#563,.T.);
#381=FACE_OUTER_BOUND('',#564,.T.);
#382=FACE_OUTER_BOUND('',#565,.T.);
#383=FACE_OUTER_BOUND('',#566,.T.);
#384=FACE_OUTER_BOUND('',#568,.T.);
#385=FACE_OUTER_BOUND('',#570,.T.);
#386=FACE_OUTER_BOUND('',#571,.T.);
#387=FACE_OUTER_BOUND('',#572,.T.);
#388=FACE_OUTER_BOUND('',#573,.T.);
#389=FACE_OUTER_BOUND('',#574,.T.);
#390=FACE_OUTER_BOUND('',#575,.T.);
#391=FACE_OUTER_BOUND('',#576,.T.);
#392=FACE_OUTER_BOUND('',#577,.T.);
#393=FACE_OUTER_BOUND('',#578,.T.);
#394=FACE_OUTER_BOUND('',#579,.T.);
#395=FACE_OUTER_BOUND('',#580,.T.);
#396=FACE_OUTER_BOUND('',#581,.T.);
#397=FACE_OUTER_BOUND('',#582,.T.);
#398=FACE_OUTER_BOUND('',#583,.T.);
#399=FACE_OUTER_BOUND('',#584,.T.);
#400=FACE_OUTER_BOUND('',#585,.T.);
#401=EDGE_LOOP('',(#2233,#2234,#2235,#2236));
#402=EDGE_LOOP('',(#2237,#2238,#2239,#2240));
#403=EDGE_LOOP('',(#2241,#2242,#2243,#2244));
#404=EDGE_LOOP('',(#2245,#2246,#2247,#2248));
#405=EDGE_LOOP('',(#2249,#2250,#2251,#2252));
#406=EDGE_LOOP('',(#2253,#2254,#2255,#2256));
#407=EDGE_LOOP('',(#2257,#2258,#2259,#2260));
#408=EDGE_LOOP('',(#2261,#2262,#2263,#2264));
#409=EDGE_LOOP('',(#2265,#2266,#2267,#2268));
#410=EDGE_LOOP('',(#2269,#2270,#2271,#2272));
#411=EDGE_LOOP('',(#2273,#2274,#2275,#2276));
#412=EDGE_LOOP('',(#2277,#2278,#2279,#2280));
#413=EDGE_LOOP('',(#2281,#2282,#2283,#2284));
#414=EDGE_LOOP('',(#2285,#2286,#2287,#2288));
#415=EDGE_LOOP('',(#2289,#2290,#2291,#2292));
#416=EDGE_LOOP('',(#2293,#2294,#2295,#2296));
#417=EDGE_LOOP('',(#2297,#2298,#2299,#2300));
#418=EDGE_LOOP('',(#2301,#2302,#2303,#2304));
#419=EDGE_LOOP('',(#2305,#2306,#2307,#2308));
#420=EDGE_LOOP('',(#2309,#2310,#2311,#2312));
#421=EDGE_LOOP('',(#2313,#2314,#2315,#2316));
#422=EDGE_LOOP('',(#2317,#2318,#2319,#2320));
#423=EDGE_LOOP('',(#2321,#2322,#2323,#2324));
#424=EDGE_LOOP('',(#2325,#2326,#2327,#2328));
#425=EDGE_LOOP('',(#2329,#2330,#2331,#2332));
#426=EDGE_LOOP('',(#2333,#2334,#2335,#2336));
#427=EDGE_LOOP('',(#2337,#2338,#2339,#2340));
#428=EDGE_LOOP('',(#2341,#2342,#2343,#2344));
#429=EDGE_LOOP('',(#2345,#2346,#2347,#2348));
#430=EDGE_LOOP('',(#2349,#2350,#2351,#2352));
#431=EDGE_LOOP('',(#2353,#2354,#2355,#2356));
#432=EDGE_LOOP('',(#2357,#2358,#2359,#2360));
#433=EDGE_LOOP('',(#2361,#2362,#2363,#2364));
#434=EDGE_LOOP('',(#2365,#2366,#2367,#2368));
#435=EDGE_LOOP('',(#2369,#2370,#2371,#2372));
#436=EDGE_LOOP('',(#2373,#2374,#2375,#2376));
#437=EDGE_LOOP('',(#2377,#2378,#2379,#2380));
#438=EDGE_LOOP('',(#2381,#2382,#2383,#2384));
#439=EDGE_LOOP('',(#2385,#2386,#2387,#2388));
#440=EDGE_LOOP('',(#2389,#2390,#2391,#2392));
#441=EDGE_LOOP('',(#2393,#2394,#2395,#2396));
#442=EDGE_LOOP('',(#2397,#2398,#2399,#2400));
#443=EDGE_LOOP('',(#2401,#2402,#2403,#2404));
#444=EDGE_LOOP('',(#2405,#2406,#2407,#2408));
#445=EDGE_LOOP('',(#2409,#2410,#2411,#2412));
#446=EDGE_LOOP('',(#2413,#2414,#2415,#2416));
#447=EDGE_LOOP('',(#2417,#2418,#2419,#2420));
#448=EDGE_LOOP('',(#2421,#2422,#2423,#2424));
#449=EDGE_LOOP('',(#2425,#2426,#2427,#2428));
#450=EDGE_LOOP('',(#2429,#2430,#2431,#2432));
#451=EDGE_LOOP('',(#2433,#2434,#2435,#2436));
#452=EDGE_LOOP('',(#2437,#2438,#2439,#2440));
#453=EDGE_LOOP('',(#2441,#2442,#2443,#2444));
#454=EDGE_LOOP('',(#2445,#2446,#2447,#2448));
#455=EDGE_LOOP('',(#2449,#2450,#2451,#2452));
#456=EDGE_LOOP('',(#2453,#2454,#2455,#2456));
#457=EDGE_LOOP('',(#2457,#2458,#2459,#2460));
#458=EDGE_LOOP('',(#2461,#2462,#2463,#2464));
#459=EDGE_LOOP('',(#2465,#2466,#2467,#2468));
#460=EDGE_LOOP('',(#2469,#2470,#2471,#2472));
#461=EDGE_LOOP('',(#2473,#2474,#2475,#2476));
#462=EDGE_LOOP('',(#2477,#2478,#2479,#2480));
#463=EDGE_LOOP('',(#2481,#2482,#2483,#2484));
#464=EDGE_LOOP('',(#2485,#2486,#2487,#2488));
#465=EDGE_LOOP('',(#2489,#2490,#2491,#2492));
#466=EDGE_LOOP('',(#2493,#2494,#2495,#2496));
#467=EDGE_LOOP('',(#2497,#2498,#2499,#2500));
#468=EDGE_LOOP('',(#2501,#2502,#2503,#2504));
#469=EDGE_LOOP('',(#2505,#2506,#2507,#2508));
#470=EDGE_LOOP('',(#2509,#2510,#2511,#2512));
#471=EDGE_LOOP('',(#2513,#2514,#2515,#2516));
#472=EDGE_LOOP('',(#2517,#2518,#2519,#2520));
#473=EDGE_LOOP('',(#2521,#2522,#2523,#2524));
#474=EDGE_LOOP('',(#2525,#2526,#2527,#2528));
#475=EDGE_LOOP('',(#2529,#2530,#2531,#2532));
#476=EDGE_LOOP('',(#2533,#2534,#2535,#2536));
#477=EDGE_LOOP('',(#2537,#2538,#2539,#2540));
#478=EDGE_LOOP('',(#2541,#2542,#2543,#2544));
#479=EDGE_LOOP('',(#2545,#2546,#2547,#2548));
#480=EDGE_LOOP('',(#2549,#2550,#2551,#2552));
#481=EDGE_LOOP('',(#2553,#2554,#2555,#2556));
#482=EDGE_LOOP('',(#2557,#2558,#2559,#2560));
#483=EDGE_LOOP('',(#2561,#2562,#2563,#2564));
#484=EDGE_LOOP('',(#2565,#2566,#2567,#2568,#2569,#2570,#2571,#2572,#2573,
#2574,#2575,#2576,#2577,#2578,#2579,#2580,#2581,#2582,#2583,#2584,#2585,
#2586,#2587,#2588,#2589,#2590,#2591,#2592,#2593,#2594,#2595,#2596,#2597,
#2598,#2599,#2600,#2601,#2602,#2603,#2604,#2605));
#485=EDGE_LOOP('',(#2606,#2607,#2608,#2609,#2610,#2611,#2612,#2613,#2614,
#2615,#2616,#2617,#2618,#2619,#2620,#2621,#2622,#2623,#2624,#2625,#2626,
#2627,#2628,#2629,#2630,#2631,#2632,#2633,#2634,#2635,#2636,#2637,#2638,
#2639,#2640,#2641,#2642,#2643,#2644,#2645,#2646,#2647));
#486=EDGE_LOOP('',(#2648,#2649,#2650,#2651,#2652,#2653,#2654,#2655));
#487=EDGE_LOOP('',(#2656,#2657,#2658,#2659,#2660,#2661,#2662,#2663,#2664,
#2665,#2666,#2667,#2668,#2669,#2670,#2671,#2672,#2673,#2674,#2675,#2676,
#2677,#2678,#2679,#2680,#2681,#2682,#2683,#2684,#2685,#2686,#2687,#2688,
#2689,#2690,#2691,#2692,#2693,#2694,#2695,#2696));
#488=EDGE_LOOP('',(#2697,#2698,#2699,#2700));
#489=EDGE_LOOP('',(#2701,#2702,#2703,#2704));
#490=EDGE_LOOP('',(#2705,#2706,#2707,#2708));
#491=EDGE_LOOP('',(#2709,#2710,#2711,#2712));
#492=EDGE_LOOP('',(#2713,#2714,#2715,#2716));
#493=EDGE_LOOP('',(#2717,#2718,#2719,#2720));
#494=EDGE_LOOP('',(#2721,#2722,#2723,#2724));
#495=EDGE_LOOP('',(#2725,#2726,#2727,#2728));
#496=EDGE_LOOP('',(#2729,#2730,#2731,#2732));
#497=EDGE_LOOP('',(#2733,#2734,#2735,#2736));
#498=EDGE_LOOP('',(#2737,#2738,#2739,#2740));
#499=EDGE_LOOP('',(#2741,#2742,#2743,#2744));
#500=EDGE_LOOP('',(#2745,#2746,#2747,#2748));
#501=EDGE_LOOP('',(#2749,#2750,#2751,#2752));
#502=EDGE_LOOP('',(#2753,#2754,#2755,#2756));
#503=EDGE_LOOP('',(#2757,#2758,#2759,#2760));
#504=EDGE_LOOP('',(#2761,#2762,#2763,#2764));
#505=EDGE_LOOP('',(#2765,#2766,#2767,#2768));
#506=EDGE_LOOP('',(#2769,#2770,#2771,#2772));
#507=EDGE_LOOP('',(#2773,#2774,#2775,#2776));
#508=EDGE_LOOP('',(#2777,#2778,#2779,#2780));
#509=EDGE_LOOP('',(#2781,#2782,#2783,#2784));
#510=EDGE_LOOP('',(#2785,#2786,#2787,#2788));
#511=EDGE_LOOP('',(#2789,#2790,#2791,#2792));
#512=EDGE_LOOP('',(#2793,#2794,#2795,#2796));
#513=EDGE_LOOP('',(#2797,#2798,#2799,#2800));
#514=EDGE_LOOP('',(#2801,#2802,#2803,#2804));
#515=EDGE_LOOP('',(#2805,#2806,#2807,#2808));
#516=EDGE_LOOP('',(#2809,#2810,#2811,#2812));
#517=EDGE_LOOP('',(#2813,#2814,#2815,#2816));
#518=EDGE_LOOP('',(#2817,#2818,#2819,#2820));
#519=EDGE_LOOP('',(#2821,#2822,#2823,#2824));
#520=EDGE_LOOP('',(#2825,#2826,#2827,#2828));
#521=EDGE_LOOP('',(#2829,#2830,#2831,#2832));
#522=EDGE_LOOP('',(#2833,#2834,#2835,#2836));
#523=EDGE_LOOP('',(#2837,#2838,#2839,#2840));
#524=EDGE_LOOP('',(#2841,#2842,#2843,#2844));
#525=EDGE_LOOP('',(#2845,#2846,#2847,#2848));
#526=EDGE_LOOP('',(#2849,#2850,#2851,#2852));
#527=EDGE_LOOP('',(#2853,#2854,#2855,#2856));
#528=EDGE_LOOP('',(#2857,#2858,#2859,#2860));
#529=EDGE_LOOP('',(#2861,#2862,#2863,#2864));
#530=EDGE_LOOP('',(#2865,#2866,#2867,#2868));
#531=EDGE_LOOP('',(#2869,#2870,#2871,#2872));
#532=EDGE_LOOP('',(#2873,#2874,#2875,#2876));
#533=EDGE_LOOP('',(#2877,#2878,#2879,#2880));
#534=EDGE_LOOP('',(#2881,#2882,#2883,#2884));
#535=EDGE_LOOP('',(#2885,#2886,#2887,#2888));
#536=EDGE_LOOP('',(#2889,#2890,#2891,#2892));
#537=EDGE_LOOP('',(#2893,#2894,#2895,#2896));
#538=EDGE_LOOP('',(#2897,#2898,#2899,#2900));
#539=EDGE_LOOP('',(#2901,#2902,#2903,#2904));
#540=EDGE_LOOP('',(#2905,#2906,#2907,#2908));
#541=EDGE_LOOP('',(#2909,#2910,#2911,#2912));
#542=EDGE_LOOP('',(#2913,#2914,#2915,#2916));
#543=EDGE_LOOP('',(#2917,#2918,#2919,#2920));
#544=EDGE_LOOP('',(#2921,#2922,#2923,#2924));
#545=EDGE_LOOP('',(#2925,#2926,#2927,#2928));
#546=EDGE_LOOP('',(#2929,#2930,#2931,#2932));
#547=EDGE_LOOP('',(#2933,#2934,#2935,#2936));
#548=EDGE_LOOP('',(#2937,#2938,#2939,#2940));
#549=EDGE_LOOP('',(#2941,#2942,#2943,#2944));
#550=EDGE_LOOP('',(#2945,#2946,#2947,#2948));
#551=EDGE_LOOP('',(#2949,#2950,#2951,#2952));
#552=EDGE_LOOP('',(#2953,#2954,#2955,#2956));
#553=EDGE_LOOP('',(#2957,#2958,#2959,#2960));
#554=EDGE_LOOP('',(#2961,#2962,#2963,#2964));
#555=EDGE_LOOP('',(#2965,#2966,#2967,#2968));
#556=EDGE_LOOP('',(#2969,#2970,#2971,#2972));
#557=EDGE_LOOP('',(#2973,#2974,#2975,#2976));
#558=EDGE_LOOP('',(#2977,#2978,#2979,#2980));
#559=EDGE_LOOP('',(#2981,#2982,#2983,#2984));
#560=EDGE_LOOP('',(#2985,#2986,#2987,#2988));
#561=EDGE_LOOP('',(#2989,#2990,#2991,#2992));
#562=EDGE_LOOP('',(#2993,#2994,#2995,#2996));
#563=EDGE_LOOP('',(#2997,#2998,#2999,#3000));
#564=EDGE_LOOP('',(#3001,#3002,#3003,#3004));
#565=EDGE_LOOP('',(#3005,#3006,#3007,#3008));
#566=EDGE_LOOP('',(#3009,#3010,#3011,#3012,#3013,#3014,#3015,#3016,#3017,
#3018,#3019,#3020,#3021,#3022,#3023,#3024,#3025,#3026,#3027,#3028,#3029,
#3030,#3031,#3032,#3033,#3034,#3035,#3036,#3037,#3038,#3039,#3040,#3041,
#3042,#3043,#3044,#3045,#3046,#3047,#3048,#3049,#3050));
#567=EDGE_LOOP('',(#3051,#3052,#3053,#3054,#3055,#3056,#3057,#3058,#3059,
#3060,#3061,#3062,#3063,#3064,#3065,#3066,#3067,#3068,#3069,#3070,#3071,
#3072,#3073,#3074,#3075,#3076,#3077,#3078,#3079,#3080,#3081,#3082,#3083,
#3084,#3085,#3086));
#568=EDGE_LOOP('',(#3087,#3088,#3089,#3090,#3091,#3092,#3093,#3094,#3095,
#3096,#3097,#3098,#3099,#3100,#3101,#3102,#3103,#3104,#3105,#3106,#3107,
#3108,#3109,#3110,#3111,#3112,#3113,#3114,#3115,#3116,#3117,#3118,#3119,
#3120,#3121,#3122,#3123,#3124,#3125,#3126,#3127,#3128));
#569=EDGE_LOOP('',(#3129,#3130,#3131,#3132,#3133,#3134,#3135,#3136,#3137,
#3138,#3139,#3140,#3141,#3142,#3143,#3144,#3145,#3146,#3147,#3148,#3149,
#3150,#3151,#3152,#3153,#3154,#3155,#3156,#3157,#3158,#3159,#3160,#3161,
#3162,#3163,#3164,#3165,#3166,#3167,#3168,#3169,#3170));
#570=EDGE_LOOP('',(#3171,#3172,#3173));
#571=EDGE_LOOP('',(#3174,#3175,#3176,#3177));
#572=EDGE_LOOP('',(#3178,#3179,#3180));
#573=EDGE_LOOP('',(#3181,#3182,#3183,#3184));
#574=EDGE_LOOP('',(#3185,#3186,#3187));
#575=EDGE_LOOP('',(#3188,#3189,#3190,#3191));
#576=EDGE_LOOP('',(#3192,#3193,#3194,#3195));
#577=EDGE_LOOP('',(#3196,#3197,#3198,#3199));
#578=EDGE_LOOP('',(#3200,#3201,#3202,#3203,#3204,#3205,#3206,#3207,#3208,
#3209,#3210,#3211,#3212,#3213,#3214,#3215,#3216,#3217,#3218,#3219,#3220,
#3221,#3222,#3223,#3224,#3225,#3226,#3227,#3228,#3229,#3230,#3231,#3232,
#3233,#3234,#3235));
#579=EDGE_LOOP('',(#3236,#3237,#3238,#3239));
#580=EDGE_LOOP('',(#3240,#3241,#3242,#3243));
#581=EDGE_LOOP('',(#3244,#3245,#3246,#3247));
#582=EDGE_LOOP('',(#3248,#3249,#3250,#3251));
#583=EDGE_LOOP('',(#3252,#3253,#3254,#3255));
#584=EDGE_LOOP('',(#3256,#3257,#3258,#3259));
#585=EDGE_LOOP('',(#3260,#3261,#3262,#3263,#3264,#3265,#3266,#3267));
#586=EDGE_LOOP('',(#3268));
#587=EDGE_LOOP('',(#3269));
#588=EDGE_LOOP('',(#3270));
#589=LINE('',#4895,#978);
#590=LINE('',#4897,#979);
#591=LINE('',#4899,#980);
#592=LINE('',#4900,#981);
#593=LINE('',#4905,#982);
#594=LINE('',#4909,#983);
#595=LINE('',#4911,#984);
#596=LINE('',#4912,#985);
#597=LINE('',#4915,#986);
#598=LINE('',#4917,#987);
#599=LINE('',#4918,#988);
#600=LINE('',#4921,#989);
#601=LINE('',#4923,#990);
#602=LINE('',#4924,#991);
#603=LINE('',#4929,#992);
#604=LINE('',#4933,#993);
#605=LINE('',#4935,#994);
#606=LINE('',#4936,#995);
#607=LINE('',#4941,#996);
#608=LINE('',#4945,#997);
#609=LINE('',#4947,#998);
#610=LINE('',#4948,#999);
#611=LINE('',#4953,#1000);
#612=LINE('',#4957,#1001);
#613=LINE('',#4959,#1002);
#614=LINE('',#4960,#1003);
#615=LINE('',#4965,#1004);
#616=LINE('',#4969,#1005);
#617=LINE('',#4971,#1006);
#618=LINE('',#4972,#1007);
#619=LINE('',#4977,#1008);
#620=LINE('',#4981,#1009);
#621=LINE('',#4983,#1010);
#622=LINE('',#4984,#1011);
#623=LINE('',#4987,#1012);
#624=LINE('',#4989,#1013);
#625=LINE('',#4990,#1014);
#626=LINE('',#4993,#1015);
#627=LINE('',#4995,#1016);
#628=LINE('',#4996,#1017);
#629=LINE('',#4999,#1018);
#630=LINE('',#5001,#1019);
#631=LINE('',#5002,#1020);
#632=LINE('',#5007,#1021);
#633=LINE('',#5011,#1022);
#634=LINE('',#5013,#1023);
#635=LINE('',#5014,#1024);
#636=LINE('',#5019,#1025);
#637=LINE('',#5023,#1026);
#638=LINE('',#5025,#1027);
#639=LINE('',#5026,#1028);
#640=LINE('',#5031,#1029);
#641=LINE('',#5035,#1030);
#642=LINE('',#5037,#1031);
#643=LINE('',#5038,#1032);
#644=LINE('',#5041,#1033);
#645=LINE('',#5043,#1034);
#646=LINE('',#5044,#1035);
#647=LINE('',#5047,#1036);
#648=LINE('',#5049,#1037);
#649=LINE('',#5050,#1038);
#650=LINE('',#5055,#1039);
#651=LINE('',#5059,#1040);
#652=LINE('',#5061,#1041);
#653=LINE('',#5062,#1042);
#654=LINE('',#5067,#1043);
#655=LINE('',#5071,#1044);
#656=LINE('',#5073,#1045);
#657=LINE('',#5074,#1046);
#658=LINE('',#5079,#1047);
#659=LINE('',#5083,#1048);
#660=LINE('',#5085,#1049);
#661=LINE('',#5086,#1050);
#662=LINE('',#5089,#1051);
#663=LINE('',#5091,#1052);
#664=LINE('',#5092,#1053);
#665=LINE('',#5095,#1054);
#666=LINE('',#5097,#1055);
#667=LINE('',#5098,#1056);
#668=LINE('',#5101,#1057);
#669=LINE('',#5103,#1058);
#670=LINE('',#5104,#1059);
#671=LINE('',#5109,#1060);
#672=LINE('',#5113,#1061);
#673=LINE('',#5115,#1062);
#674=LINE('',#5116,#1063);
#675=LINE('',#5121,#1064);
#676=LINE('',#5125,#1065);
#677=LINE('',#5127,#1066);
#678=LINE('',#5128,#1067);
#679=LINE('',#5133,#1068);
#680=LINE('',#5137,#1069);
#681=LINE('',#5139,#1070);
#682=LINE('',#5140,#1071);
#683=LINE('',#5147,#1072);
#684=LINE('',#5149,#1073);
#685=LINE('',#5151,#1074);
#686=LINE('',#5152,#1075);
#687=LINE('',#5157,#1076);
#688=LINE('',#5161,#1077);
#689=LINE('',#5163,#1078);
#690=LINE('',#5164,#1079);
#691=LINE('',#5169,#1080);
#692=LINE('',#5173,#1081);
#693=LINE('',#5175,#1082);
#694=LINE('',#5176,#1083);
#695=LINE('',#5181,#1084);
#696=LINE('',#5185,#1085);
#697=LINE('',#5187,#1086);
#698=LINE('',#5188,#1087);
#699=LINE('',#5191,#1088);
#700=LINE('',#5193,#1089);
#701=LINE('',#5194,#1090);
#702=LINE('',#5197,#1091);
#703=LINE('',#5199,#1092);
#704=LINE('',#5200,#1093);
#705=LINE('',#5203,#1094);
#706=LINE('',#5205,#1095);
#707=LINE('',#5206,#1096);
#708=LINE('',#5211,#1097);
#709=LINE('',#5215,#1098);
#710=LINE('',#5217,#1099);
#711=LINE('',#5218,#1100);
#712=LINE('',#5223,#1101);
#713=LINE('',#5227,#1102);
#714=LINE('',#5229,#1103);
#715=LINE('',#5230,#1104);
#716=LINE('',#5235,#1105);
#717=LINE('',#5239,#1106);
#718=LINE('',#5241,#1107);
#719=LINE('',#5242,#1108);
#720=LINE('',#5245,#1109);
#721=LINE('',#5247,#1110);
#722=LINE('',#5248,#1111);
#723=LINE('',#5253,#1112);
#724=LINE('',#5257,#1113);
#725=LINE('',#5259,#1114);
#726=LINE('',#5260,#1115);
#727=LINE('',#5265,#1116);
#728=LINE('',#5269,#1117);
#729=LINE('',#5271,#1118);
#730=LINE('',#5272,#1119);
#731=LINE('',#5277,#1120);
#732=LINE('',#5281,#1121);
#733=LINE('',#5283,#1122);
#734=LINE('',#5284,#1123);
#735=LINE('',#5287,#1124);
#736=LINE('',#5289,#1125);
#737=LINE('',#5290,#1126);
#738=LINE('',#5293,#1127);
#739=LINE('',#5295,#1128);
#740=LINE('',#5296,#1129);
#741=LINE('',#5299,#1130);
#742=LINE('',#5301,#1131);
#743=LINE('',#5302,#1132);
#744=LINE('',#5307,#1133);
#745=LINE('',#5311,#1134);
#746=LINE('',#5313,#1135);
#747=LINE('',#5314,#1136);
#748=LINE('',#5319,#1137);
#749=LINE('',#5323,#1138);
#750=LINE('',#5325,#1139);
#751=LINE('',#5326,#1140);
#752=LINE('',#5331,#1141);
#753=LINE('',#5335,#1142);
#754=LINE('',#5337,#1143);
#755=LINE('',#5338,#1144);
#756=LINE('',#5343,#1145);
#757=LINE('',#5347,#1146);
#758=LINE('',#5349,#1147);
#759=LINE('',#5350,#1148);
#760=LINE('',#5355,#1149);
#761=LINE('',#5359,#1150);
#762=LINE('',#5361,#1151);
#763=LINE('',#5362,#1152);
#764=LINE('',#5365,#1153);
#765=LINE('',#5367,#1154);
#766=LINE('',#5368,#1155);
#767=LINE('',#5371,#1156);
#768=LINE('',#5373,#1157);
#769=LINE('',#5374,#1158);
#770=LINE('',#5379,#1159);
#771=LINE('',#5383,#1160);
#772=LINE('',#5385,#1161);
#773=LINE('',#5386,#1162);
#774=LINE('',#5396,#1163);
#775=LINE('',#5400,#1164);
#776=LINE('',#5404,#1165);
#777=LINE('',#5407,#1166);
#778=LINE('',#5413,#1167);
#779=LINE('',#5416,#1168);
#780=LINE('',#5419,#1169);
#781=LINE('',#5421,#1170);
#782=LINE('',#5422,#1171);
#783=LINE('',#5427,#1172);
#784=LINE('',#5431,#1173);
#785=LINE('',#5433,#1174);
#786=LINE('',#5434,#1175);
#787=LINE('',#5437,#1176);
#788=LINE('',#5439,#1177);
#789=LINE('',#5440,#1178);
#790=LINE('',#5443,#1179);
#791=LINE('',#5445,#1180);
#792=LINE('',#5446,#1181);
#793=LINE('',#5449,#1182);
#794=LINE('',#5451,#1183);
#795=LINE('',#5452,#1184);
#796=LINE('',#5455,#1185);
#797=LINE('',#5457,#1186);
#798=LINE('',#5458,#1187);
#799=LINE('',#5461,#1188);
#800=LINE('',#5463,#1189);
#801=LINE('',#5464,#1190);
#802=LINE('',#5469,#1191);
#803=LINE('',#5473,#1192);
#804=LINE('',#5475,#1193);
#805=LINE('',#5476,#1194);
#806=LINE('',#5481,#1195);
#807=LINE('',#5485,#1196);
#808=LINE('',#5487,#1197);
#809=LINE('',#5488,#1198);
#810=LINE('',#5493,#1199);
#811=LINE('',#5497,#1200);
#812=LINE('',#5499,#1201);
#813=LINE('',#5500,#1202);
#814=LINE('',#5503,#1203);
#815=LINE('',#5505,#1204);
#816=LINE('',#5506,#1205);
#817=LINE('',#5509,#1206);
#818=LINE('',#5511,#1207);
#819=LINE('',#5512,#1208);
#820=LINE('',#5515,#1209);
#821=LINE('',#5517,#1210);
#822=LINE('',#5518,#1211);
#823=LINE('',#5523,#1212);
#824=LINE('',#5527,#1213);
#825=LINE('',#5529,#1214);
#826=LINE('',#5530,#1215);
#827=LINE('',#5535,#1216);
#828=LINE('',#5539,#1217);
#829=LINE('',#5541,#1218);
#830=LINE('',#5542,#1219);
#831=LINE('',#5545,#1220);
#832=LINE('',#5547,#1221);
#833=LINE('',#5548,#1222);
#834=LINE('',#5551,#1223);
#835=LINE('',#5553,#1224);
#836=LINE('',#5554,#1225);
#837=LINE('',#5557,#1226);
#838=LINE('',#5559,#1227);
#839=LINE('',#5560,#1228);
#840=LINE('',#5565,#1229);
#841=LINE('',#5569,#1230);
#842=LINE('',#5571,#1231);
#843=LINE('',#5572,#1232);
#844=LINE('',#5577,#1233);
#845=LINE('',#5581,#1234);
#846=LINE('',#5583,#1235);
#847=LINE('',#5584,#1236);
#848=LINE('',#5589,#1237);
#849=LINE('',#5593,#1238);
#850=LINE('',#5595,#1239);
#851=LINE('',#5596,#1240);
#852=LINE('',#5599,#1241);
#853=LINE('',#5601,#1242);
#854=LINE('',#5602,#1243);
#855=LINE('',#5605,#1244);
#856=LINE('',#5607,#1245);
#857=LINE('',#5608,#1246);
#858=LINE('',#5611,#1247);
#859=LINE('',#5613,#1248);
#860=LINE('',#5614,#1249);
#861=LINE('',#5617,#1250);
#862=LINE('',#5619,#1251);
#863=LINE('',#5620,#1252);
#864=LINE('',#5622,#1253);
#865=LINE('',#5623,#1254);
#866=LINE('',#5627,#1255);
#867=LINE('',#5629,#1256);
#868=LINE('',#5631,#1257);
#869=LINE('',#5632,#1258);
#870=LINE('',#5637,#1259);
#871=LINE('',#5641,#1260);
#872=LINE('',#5643,#1261);
#873=LINE('',#5644,#1262);
#874=LINE('',#5649,#1263);
#875=LINE('',#5653,#1264);
#876=LINE('',#5655,#1265);
#877=LINE('',#5656,#1266);
#878=LINE('',#5659,#1267);
#879=LINE('',#5661,#1268);
#880=LINE('',#5662,#1269);
#881=LINE('',#5665,#1270);
#882=LINE('',#5667,#1271);
#883=LINE('',#5668,#1272);
#884=LINE('',#5671,#1273);
#885=LINE('',#5673,#1274);
#886=LINE('',#5674,#1275);
#887=LINE('',#5679,#1276);
#888=LINE('',#5683,#1277);
#889=LINE('',#5685,#1278);
#890=LINE('',#5686,#1279);
#891=LINE('',#5691,#1280);
#892=LINE('',#5695,#1281);
#893=LINE('',#5697,#1282);
#894=LINE('',#5698,#1283);
#895=LINE('',#5703,#1284);
#896=LINE('',#5707,#1285);
#897=LINE('',#5709,#1286);
#898=LINE('',#5710,#1287);
#899=LINE('',#5713,#1288);
#900=LINE('',#5715,#1289);
#901=LINE('',#5716,#1290);
#902=LINE('',#5719,#1291);
#903=LINE('',#5721,#1292);
#904=LINE('',#5722,#1293);
#905=LINE('',#5727,#1294);
#906=LINE('',#5731,#1295);
#907=LINE('',#5733,#1296);
#908=LINE('',#5734,#1297);
#909=LINE('',#5739,#1298);
#910=LINE('',#5743,#1299);
#911=LINE('',#5745,#1300);
#912=LINE('',#5746,#1301);
#913=LINE('',#5751,#1302);
#914=LINE('',#5755,#1303);
#915=LINE('',#5757,#1304);
#916=LINE('',#5758,#1305);
#917=LINE('',#5761,#1306);
#918=LINE('',#5763,#1307);
#919=LINE('',#5764,#1308);
#920=LINE('',#5767,#1309);
#921=LINE('',#5769,#1310);
#922=LINE('',#5770,#1311);
#923=LINE('',#5773,#1312);
#924=LINE('',#5775,#1313);
#925=LINE('',#5776,#1314);
#926=LINE('',#5781,#1315);
#927=LINE('',#5785,#1316);
#928=LINE('',#5787,#1317);
#929=LINE('',#5788,#1318);
#930=LINE('',#5793,#1319);
#931=LINE('',#5797,#1320);
#932=LINE('',#5799,#1321);
#933=LINE('',#5800,#1322);
#934=LINE('',#5805,#1323);
#935=LINE('',#5809,#1324);
#936=LINE('',#5811,#1325);
#937=LINE('',#5812,#1326);
#938=LINE('',#5817,#1327);
#939=LINE('',#5821,#1328);
#940=LINE('',#5823,#1329);
#941=LINE('',#5824,#1330);
#942=LINE('',#5829,#1331);
#943=LINE('',#5833,#1332);
#944=LINE('',#5835,#1333);
#945=LINE('',#5836,#1334);
#946=LINE('',#5839,#1335);
#947=LINE('',#5841,#1336);
#948=LINE('',#5842,#1337);
#949=LINE('',#5845,#1338);
#950=LINE('',#5847,#1339);
#951=LINE('',#5848,#1340);
#952=LINE('',#5853,#1341);
#953=LINE('',#5857,#1342);
#954=LINE('',#5859,#1343);
#955=LINE('',#5860,#1344);
#956=LINE('',#5865,#1345);
#957=LINE('',#5869,#1346);
#958=LINE('',#5871,#1347);
#959=LINE('',#5872,#1348);
#960=LINE('',#5882,#1349);
#961=LINE('',#5886,#1350);
#962=LINE('',#5891,#1351);
#963=LINE('',#5895,#1352);
#964=LINE('',#5900,#1353);
#965=LINE('',#5904,#1354);
#966=LINE('',#5907,#1355);
#967=LINE('',#5910,#1356);
#968=LINE('',#5913,#1357);
#969=LINE('',#5914,#1358);
#970=LINE('',#5918,#1359);
#971=LINE('',#5922,#1360);
#972=LINE('',#5923,#1361);
#973=LINE('',#5926,#1362);
#974=LINE('',#5929,#1363);
#975=LINE('',#5931,#1364);
#976=LINE('',#5934,#1365);
#977=LINE('',#5937,#1366);
#978=VECTOR('',#3882,10.);
#979=VECTOR('',#3883,10.);
#980=VECTOR('',#3884,10.);
#981=VECTOR('',#3885,10.);
#982=VECTOR('',#3890,10.);
#983=VECTOR('',#3895,10.);
#984=VECTOR('',#3896,10.);
#985=VECTOR('',#3897,10.);
#986=VECTOR('',#3900,10.);
#987=VECTOR('',#3901,10.);
#988=VECTOR('',#3902,10.);
#989=VECTOR('',#3905,10.);
#990=VECTOR('',#3906,10.);
#991=VECTOR('',#3907,10.);
#992=VECTOR('',#3912,10.);
#993=VECTOR('',#3917,10.);
#994=VECTOR('',#3918,10.);
#995=VECTOR('',#3919,10.);
#996=VECTOR('',#3924,10.);
#997=VECTOR('',#3929,10.);
#998=VECTOR('',#3930,10.);
#999=VECTOR('',#3931,10.);
#1000=VECTOR('',#3936,10.);
#1001=VECTOR('',#3941,10.);
#1002=VECTOR('',#3942,10.);
#1003=VECTOR('',#3943,10.);
#1004=VECTOR('',#3948,10.);
#1005=VECTOR('',#3953,10.);
#1006=VECTOR('',#3954,10.);
#1007=VECTOR('',#3955,10.);
#1008=VECTOR('',#3960,10.);
#1009=VECTOR('',#3965,10.);
#1010=VECTOR('',#3966,10.);
#1011=VECTOR('',#3967,10.);
#1012=VECTOR('',#3970,10.);
#1013=VECTOR('',#3971,10.);
#1014=VECTOR('',#3972,10.);
#1015=VECTOR('',#3975,10.);
#1016=VECTOR('',#3976,10.);
#1017=VECTOR('',#3977,10.);
#1018=VECTOR('',#3980,10.);
#1019=VECTOR('',#3981,10.);
#1020=VECTOR('',#3982,10.);
#1021=VECTOR('',#3987,10.);
#1022=VECTOR('',#3992,10.);
#1023=VECTOR('',#3993,10.);
#1024=VECTOR('',#3994,10.);
#1025=VECTOR('',#3999,10.);
#1026=VECTOR('',#4004,10.);
#1027=VECTOR('',#4005,10.);
#1028=VECTOR('',#4006,10.);
#1029=VECTOR('',#4011,10.);
#1030=VECTOR('',#4016,10.);
#1031=VECTOR('',#4017,10.);
#1032=VECTOR('',#4018,10.);
#1033=VECTOR('',#4021,10.);
#1034=VECTOR('',#4022,10.);
#1035=VECTOR('',#4023,10.);
#1036=VECTOR('',#4026,10.);
#1037=VECTOR('',#4027,10.);
#1038=VECTOR('',#4028,10.);
#1039=VECTOR('',#4033,10.);
#1040=VECTOR('',#4038,10.);
#1041=VECTOR('',#4039,10.);
#1042=VECTOR('',#4040,10.);
#1043=VECTOR('',#4045,10.);
#1044=VECTOR('',#4050,10.);
#1045=VECTOR('',#4051,10.);
#1046=VECTOR('',#4052,10.);
#1047=VECTOR('',#4057,10.);
#1048=VECTOR('',#4062,10.);
#1049=VECTOR('',#4063,10.);
#1050=VECTOR('',#4064,10.);
#1051=VECTOR('',#4067,10.);
#1052=VECTOR('',#4068,10.);
#1053=VECTOR('',#4069,10.);
#1054=VECTOR('',#4072,10.);
#1055=VECTOR('',#4073,10.);
#1056=VECTOR('',#4074,10.);
#1057=VECTOR('',#4077,10.);
#1058=VECTOR('',#4078,10.);
#1059=VECTOR('',#4079,10.);
#1060=VECTOR('',#4084,10.);
#1061=VECTOR('',#4089,10.);
#1062=VECTOR('',#4090,10.);
#1063=VECTOR('',#4091,10.);
#1064=VECTOR('',#4096,10.);
#1065=VECTOR('',#4101,10.);
#1066=VECTOR('',#4102,10.);
#1067=VECTOR('',#4103,10.);
#1068=VECTOR('',#4108,10.);
#1069=VECTOR('',#4113,10.);
#1070=VECTOR('',#4114,10.);
#1071=VECTOR('',#4115,10.);
#1072=VECTOR('',#4124,10.);
#1073=VECTOR('',#4125,10.);
#1074=VECTOR('',#4126,10.);
#1075=VECTOR('',#4127,10.);
#1076=VECTOR('',#4132,10.);
#1077=VECTOR('',#4137,10.);
#1078=VECTOR('',#4138,10.);
#1079=VECTOR('',#4139,10.);
#1080=VECTOR('',#4144,10.);
#1081=VECTOR('',#4149,10.);
#1082=VECTOR('',#4150,10.);
#1083=VECTOR('',#4151,10.);
#1084=VECTOR('',#4156,10.);
#1085=VECTOR('',#4161,10.);
#1086=VECTOR('',#4162,10.);
#1087=VECTOR('',#4163,10.);
#1088=VECTOR('',#4166,10.);
#1089=VECTOR('',#4167,10.);
#1090=VECTOR('',#4168,10.);
#1091=VECTOR('',#4171,10.);
#1092=VECTOR('',#4172,10.);
#1093=VECTOR('',#4173,10.);
#1094=VECTOR('',#4176,10.);
#1095=VECTOR('',#4177,10.);
#1096=VECTOR('',#4178,10.);
#1097=VECTOR('',#4183,10.);
#1098=VECTOR('',#4188,10.);
#1099=VECTOR('',#4189,10.);
#1100=VECTOR('',#4190,10.);
#1101=VECTOR('',#4195,10.);
#1102=VECTOR('',#4200,10.);
#1103=VECTOR('',#4201,10.);
#1104=VECTOR('',#4202,10.);
#1105=VECTOR('',#4207,10.);
#1106=VECTOR('',#4212,10.);
#1107=VECTOR('',#4213,10.);
#1108=VECTOR('',#4214,10.);
#1109=VECTOR('',#4217,10.);
#1110=VECTOR('',#4218,10.);
#1111=VECTOR('',#4219,10.);
#1112=VECTOR('',#4224,10.);
#1113=VECTOR('',#4229,10.);
#1114=VECTOR('',#4230,10.);
#1115=VECTOR('',#4231,10.);
#1116=VECTOR('',#4236,10.);
#1117=VECTOR('',#4241,10.);
#1118=VECTOR('',#4242,10.);
#1119=VECTOR('',#4243,10.);
#1120=VECTOR('',#4248,10.);
#1121=VECTOR('',#4253,10.);
#1122=VECTOR('',#4254,10.);
#1123=VECTOR('',#4255,10.);
#1124=VECTOR('',#4258,10.);
#1125=VECTOR('',#4259,10.);
#1126=VECTOR('',#4260,10.);
#1127=VECTOR('',#4263,10.);
#1128=VECTOR('',#4264,10.);
#1129=VECTOR('',#4265,10.);
#1130=VECTOR('',#4268,10.);
#1131=VECTOR('',#4269,10.);
#1132=VECTOR('',#4270,10.);
#1133=VECTOR('',#4275,10.);
#1134=VECTOR('',#4280,10.);
#1135=VECTOR('',#4281,10.);
#1136=VECTOR('',#4282,10.);
#1137=VECTOR('',#4287,10.);
#1138=VECTOR('',#4292,10.);
#1139=VECTOR('',#4293,10.);
#1140=VECTOR('',#4294,10.);
#1141=VECTOR('',#4299,10.);
#1142=VECTOR('',#4304,10.);
#1143=VECTOR('',#4305,10.);
#1144=VECTOR('',#4306,10.);
#1145=VECTOR('',#4311,10.);
#1146=VECTOR('',#4316,10.);
#1147=VECTOR('',#4317,10.);
#1148=VECTOR('',#4318,10.);
#1149=VECTOR('',#4323,10.);
#1150=VECTOR('',#4328,10.);
#1151=VECTOR('',#4329,10.);
#1152=VECTOR('',#4330,10.);
#1153=VECTOR('',#4333,10.);
#1154=VECTOR('',#4334,10.);
#1155=VECTOR('',#4335,10.);
#1156=VECTOR('',#4338,10.);
#1157=VECTOR('',#4339,10.);
#1158=VECTOR('',#4340,10.);
#1159=VECTOR('',#4345,10.);
#1160=VECTOR('',#4350,10.);
#1161=VECTOR('',#4351,10.);
#1162=VECTOR('',#4352,10.);
#1163=VECTOR('',#4365,10.);
#1164=VECTOR('',#4368,10.);
#1165=VECTOR('',#4371,10.);
#1166=VECTOR('',#4374,10.);
#1167=VECTOR('',#4379,10.);
#1168=VECTOR('',#4382,10.);
#1169=VECTOR('',#4385,10.);
#1170=VECTOR('',#4386,10.);
#1171=VECTOR('',#4387,10.);
#1172=VECTOR('',#4392,10.);
#1173=VECTOR('',#4397,10.);
#1174=VECTOR('',#4398,10.);
#1175=VECTOR('',#4399,10.);
#1176=VECTOR('',#4402,10.);
#1177=VECTOR('',#4403,10.);
#1178=VECTOR('',#4404,10.);
#1179=VECTOR('',#4407,10.);
#1180=VECTOR('',#4408,10.);
#1181=VECTOR('',#4409,10.);
#1182=VECTOR('',#4412,10.);
#1183=VECTOR('',#4413,10.);
#1184=VECTOR('',#4414,10.);
#1185=VECTOR('',#4417,10.);
#1186=VECTOR('',#4418,10.);
#1187=VECTOR('',#4419,10.);
#1188=VECTOR('',#4422,10.);
#1189=VECTOR('',#4423,10.);
#1190=VECTOR('',#4424,10.);
#1191=VECTOR('',#4429,10.);
#1192=VECTOR('',#4434,10.);
#1193=VECTOR('',#4435,10.);
#1194=VECTOR('',#4436,10.);
#1195=VECTOR('',#4441,10.);
#1196=VECTOR('',#4446,10.);
#1197=VECTOR('',#4447,10.);
#1198=VECTOR('',#4448,10.);
#1199=VECTOR('',#4453,10.);
#1200=VECTOR('',#4458,10.);
#1201=VECTOR('',#4459,10.);
#1202=VECTOR('',#4460,10.);
#1203=VECTOR('',#4463,10.);
#1204=VECTOR('',#4464,10.);
#1205=VECTOR('',#4465,10.);
#1206=VECTOR('',#4468,10.);
#1207=VECTOR('',#4469,10.);
#1208=VECTOR('',#4470,10.);
#1209=VECTOR('',#4473,10.);
#1210=VECTOR('',#4474,10.);
#1211=VECTOR('',#4475,10.);
#1212=VECTOR('',#4480,10.);
#1213=VECTOR('',#4485,10.);
#1214=VECTOR('',#4486,10.);
#1215=VECTOR('',#4487,10.);
#1216=VECTOR('',#4492,10.);
#1217=VECTOR('',#4497,10.);
#1218=VECTOR('',#4498,10.);
#1219=VECTOR('',#4499,10.);
#1220=VECTOR('',#4502,10.);
#1221=VECTOR('',#4503,10.);
#1222=VECTOR('',#4504,10.);
#1223=VECTOR('',#4507,10.);
#1224=VECTOR('',#4508,10.);
#1225=VECTOR('',#4509,10.);
#1226=VECTOR('',#4512,10.);
#1227=VECTOR('',#4513,10.);
#1228=VECTOR('',#4514,10.);
#1229=VECTOR('',#4519,10.);
#1230=VECTOR('',#4524,10.);
#1231=VECTOR('',#4525,10.);
#1232=VECTOR('',#4526,10.);
#1233=VECTOR('',#4531,10.);
#1234=VECTOR('',#4536,10.);
#1235=VECTOR('',#4537,10.);
#1236=VECTOR('',#4538,10.);
#1237=VECTOR('',#4543,10.);
#1238=VECTOR('',#4548,10.);
#1239=VECTOR('',#4549,10.);
#1240=VECTOR('',#4550,10.);
#1241=VECTOR('',#4553,10.);
#1242=VECTOR('',#4554,10.);
#1243=VECTOR('',#4555,10.);
#1244=VECTOR('',#4558,10.);
#1245=VECTOR('',#4559,10.);
#1246=VECTOR('',#4560,10.);
#1247=VECTOR('',#4563,10.);
#1248=VECTOR('',#4564,10.);
#1249=VECTOR('',#4565,10.);
#1250=VECTOR('',#4568,10.);
#1251=VECTOR('',#4569,10.);
#1252=VECTOR('',#4570,10.);
#1253=VECTOR('',#4573,10.);
#1254=VECTOR('',#4574,10.);
#1255=VECTOR('',#4577,10.);
#1256=VECTOR('',#4578,10.);
#1257=VECTOR('',#4579,10.);
#1258=VECTOR('',#4580,10.);
#1259=VECTOR('',#4585,10.);
#1260=VECTOR('',#4590,10.);
#1261=VECTOR('',#4591,10.);
#1262=VECTOR('',#4592,10.);
#1263=VECTOR('',#4597,10.);
#1264=VECTOR('',#4602,10.);
#1265=VECTOR('',#4603,10.);
#1266=VECTOR('',#4604,10.);
#1267=VECTOR('',#4607,10.);
#1268=VECTOR('',#4608,10.);
#1269=VECTOR('',#4609,10.);
#1270=VECTOR('',#4612,10.);
#1271=VECTOR('',#4613,10.);
#1272=VECTOR('',#4614,10.);
#1273=VECTOR('',#4617,10.);
#1274=VECTOR('',#4618,10.);
#1275=VECTOR('',#4619,10.);
#1276=VECTOR('',#4624,10.);
#1277=VECTOR('',#4629,10.);
#1278=VECTOR('',#4630,10.);
#1279=VECTOR('',#4631,10.);
#1280=VECTOR('',#4636,10.);
#1281=VECTOR('',#4641,10.);
#1282=VECTOR('',#4642,10.);
#1283=VECTOR('',#4643,10.);
#1284=VECTOR('',#4648,10.);
#1285=VECTOR('',#4653,10.);
#1286=VECTOR('',#4654,10.);
#1287=VECTOR('',#4655,10.);
#1288=VECTOR('',#4658,10.);
#1289=VECTOR('',#4659,10.);
#1290=VECTOR('',#4660,10.);
#1291=VECTOR('',#4663,10.);
#1292=VECTOR('',#4664,10.);
#1293=VECTOR('',#4665,10.);
#1294=VECTOR('',#4670,10.);
#1295=VECTOR('',#4675,10.);
#1296=VECTOR('',#4676,10.);
#1297=VECTOR('',#4677,10.);
#1298=VECTOR('',#4682,10.);
#1299=VECTOR('',#4687,10.);
#1300=VECTOR('',#4688,10.);
#1301=VECTOR('',#4689,10.);
#1302=VECTOR('',#4694,10.);
#1303=VECTOR('',#4699,10.);
#1304=VECTOR('',#4700,10.);
#1305=VECTOR('',#4701,10.);
#1306=VECTOR('',#4704,10.);
#1307=VECTOR('',#4705,10.);
#1308=VECTOR('',#4706,10.);
#1309=VECTOR('',#4709,10.);
#1310=VECTOR('',#4710,10.);
#1311=VECTOR('',#4711,10.);
#1312=VECTOR('',#4714,10.);
#1313=VECTOR('',#4715,10.);
#1314=VECTOR('',#4716,10.);
#1315=VECTOR('',#4721,10.);
#1316=VECTOR('',#4726,10.);
#1317=VECTOR('',#4727,10.);
#1318=VECTOR('',#4728,10.);
#1319=VECTOR('',#4733,10.);
#1320=VECTOR('',#4738,10.);
#1321=VECTOR('',#4739,10.);
#1322=VECTOR('',#4740,10.);
#1323=VECTOR('',#4745,10.);
#1324=VECTOR('',#4750,10.);
#1325=VECTOR('',#4751,10.);
#1326=VECTOR('',#4752,10.);
#1327=VECTOR('',#4757,10.);
#1328=VECTOR('',#4762,10.);
#1329=VECTOR('',#4763,10.);
#1330=VECTOR('',#4764,10.);
#1331=VECTOR('',#4769,10.);
#1332=VECTOR('',#4774,10.);
#1333=VECTOR('',#4775,10.);
#1334=VECTOR('',#4776,10.);
#1335=VECTOR('',#4779,10.);
#1336=VECTOR('',#4780,10.);
#1337=VECTOR('',#4781,10.);
#1338=VECTOR('',#4784,10.);
#1339=VECTOR('',#4785,10.);
#1340=VECTOR('',#4786,10.);
#1341=VECTOR('',#4791,10.);
#1342=VECTOR('',#4796,10.);
#1343=VECTOR('',#4797,10.);
#1344=VECTOR('',#4798,10.);
#1345=VECTOR('',#4803,10.);
#1346=VECTOR('',#4808,10.);
#1347=VECTOR('',#4809,10.);
#1348=VECTOR('',#4810,10.);
#1349=VECTOR('',#4825,0.63225);
#1350=VECTOR('',#4830,1.2645);
#1351=VECTOR('',#4835,0.63225);
#1352=VECTOR('',#4840,1.2645);
#1353=VECTOR('',#4845,0.63225);
#1354=VECTOR('',#4850,1.2645);
#1355=VECTOR('',#4853,10.);
#1356=VECTOR('',#4856,10.);
#1357=VECTOR('',#4859,10.);
#1358=VECTOR('',#4860,10.);
#1359=VECTOR('',#4865,10.);
#1360=VECTOR('',#4870,10.);
#1361=VECTOR('',#4871,10.);
#1362=VECTOR('',#4874,10.);
#1363=VECTOR('',#4877,10.);
#1364=VECTOR('',#4880,10.);
#1365=VECTOR('',#4883,10.);
#1366=VECTOR('',#4888,10.);
#1367=VERTEX_POINT('',#4893);
#1368=VERTEX_POINT('',#4894);
#1369=VERTEX_POINT('',#4896);
#1370=VERTEX_POINT('',#4898);
#1371=VERTEX_POINT('',#4902);
#1372=VERTEX_POINT('',#4904);
#1373=VERTEX_POINT('',#4908);
#1374=VERTEX_POINT('',#4910);
#1375=VERTEX_POINT('',#4914);
#1376=VERTEX_POINT('',#4916);
#1377=VERTEX_POINT('',#4920);
#1378=VERTEX_POINT('',#4922);
#1379=VERTEX_POINT('',#4926);
#1380=VERTEX_POINT('',#4928);
#1381=VERTEX_POINT('',#4932);
#1382=VERTEX_POINT('',#4934);
#1383=VERTEX_POINT('',#4938);
#1384=VERTEX_POINT('',#4940);
#1385=VERTEX_POINT('',#4944);
#1386=VERTEX_POINT('',#4946);
#1387=VERTEX_POINT('',#4950);
#1388=VERTEX_POINT('',#4952);
#1389=VERTEX_POINT('',#4956);
#1390=VERTEX_POINT('',#4958);
#1391=VERTEX_POINT('',#4962);
#1392=VERTEX_POINT('',#4964);
#1393=VERTEX_POINT('',#4968);
#1394=VERTEX_POINT('',#4970);
#1395=VERTEX_POINT('',#4974);
#1396=VERTEX_POINT('',#4976);
#1397=VERTEX_POINT('',#4980);
#1398=VERTEX_POINT('',#4982);
#1399=VERTEX_POINT('',#4986);
#1400=VERTEX_POINT('',#4988);
#1401=VERTEX_POINT('',#4992);
#1402=VERTEX_POINT('',#4994);
#1403=VERTEX_POINT('',#4998);
#1404=VERTEX_POINT('',#5000);
#1405=VERTEX_POINT('',#5004);
#1406=VERTEX_POINT('',#5006);
#1407=VERTEX_POINT('',#5010);
#1408=VERTEX_POINT('',#5012);
#1409=VERTEX_POINT('',#5016);
#1410=VERTEX_POINT('',#5018);
#1411=VERTEX_POINT('',#5022);
#1412=VERTEX_POINT('',#5024);
#1413=VERTEX_POINT('',#5028);
#1414=VERTEX_POINT('',#5030);
#1415=VERTEX_POINT('',#5034);
#1416=VERTEX_POINT('',#5036);
#1417=VERTEX_POINT('',#5040);
#1418=VERTEX_POINT('',#5042);
#1419=VERTEX_POINT('',#5046);
#1420=VERTEX_POINT('',#5048);
#1421=VERTEX_POINT('',#5052);
#1422=VERTEX_POINT('',#5054);
#1423=VERTEX_POINT('',#5058);
#1424=VERTEX_POINT('',#5060);
#1425=VERTEX_POINT('',#5064);
#1426=VERTEX_POINT('',#5066);
#1427=VERTEX_POINT('',#5070);
#1428=VERTEX_POINT('',#5072);
#1429=VERTEX_POINT('',#5076);
#1430=VERTEX_POINT('',#5078);
#1431=VERTEX_POINT('',#5082);
#1432=VERTEX_POINT('',#5084);
#1433=VERTEX_POINT('',#5088);
#1434=VERTEX_POINT('',#5090);
#1435=VERTEX_POINT('',#5094);
#1436=VERTEX_POINT('',#5096);
#1437=VERTEX_POINT('',#5100);
#1438=VERTEX_POINT('',#5102);
#1439=VERTEX_POINT('',#5106);
#1440=VERTEX_POINT('',#5108);
#1441=VERTEX_POINT('',#5112);
#1442=VERTEX_POINT('',#5114);
#1443=VERTEX_POINT('',#5118);
#1444=VERTEX_POINT('',#5120);
#1445=VERTEX_POINT('',#5124);
#1446=VERTEX_POINT('',#5126);
#1447=VERTEX_POINT('',#5130);
#1448=VERTEX_POINT('',#5132);
#1449=VERTEX_POINT('',#5136);
#1450=VERTEX_POINT('',#5138);
#1451=VERTEX_POINT('',#5145);
#1452=VERTEX_POINT('',#5146);
#1453=VERTEX_POINT('',#5148);
#1454=VERTEX_POINT('',#5150);
#1455=VERTEX_POINT('',#5154);
#1456=VERTEX_POINT('',#5156);
#1457=VERTEX_POINT('',#5160);
#1458=VERTEX_POINT('',#5162);
#1459=VERTEX_POINT('',#5166);
#1460=VERTEX_POINT('',#5168);
#1461=VERTEX_POINT('',#5172);
#1462=VERTEX_POINT('',#5174);
#1463=VERTEX_POINT('',#5178);
#1464=VERTEX_POINT('',#5180);
#1465=VERTEX_POINT('',#5184);
#1466=VERTEX_POINT('',#5186);
#1467=VERTEX_POINT('',#5190);
#1468=VERTEX_POINT('',#5192);
#1469=VERTEX_POINT('',#5196);
#1470=VERTEX_POINT('',#5198);
#1471=VERTEX_POINT('',#5202);
#1472=VERTEX_POINT('',#5204);
#1473=VERTEX_POINT('',#5208);
#1474=VERTEX_POINT('',#5210);
#1475=VERTEX_POINT('',#5214);
#1476=VERTEX_POINT('',#5216);
#1477=VERTEX_POINT('',#5220);
#1478=VERTEX_POINT('',#5222);
#1479=VERTEX_POINT('',#5226);
#1480=VERTEX_POINT('',#5228);
#1481=VERTEX_POINT('',#5232);
#1482=VERTEX_POINT('',#5234);
#1483=VERTEX_POINT('',#5238);
#1484=VERTEX_POINT('',#5240);
#1485=VERTEX_POINT('',#5244);
#1486=VERTEX_POINT('',#5246);
#1487=VERTEX_POINT('',#5250);
#1488=VERTEX_POINT('',#5252);
#1489=VERTEX_POINT('',#5256);
#1490=VERTEX_POINT('',#5258);
#1491=VERTEX_POINT('',#5262);
#1492=VERTEX_POINT('',#5264);
#1493=VERTEX_POINT('',#5268);
#1494=VERTEX_POINT('',#5270);
#1495=VERTEX_POINT('',#5274);
#1496=VERTEX_POINT('',#5276);
#1497=VERTEX_POINT('',#5280);
#1498=VERTEX_POINT('',#5282);
#1499=VERTEX_POINT('',#5286);
#1500=VERTEX_POINT('',#5288);
#1501=VERTEX_POINT('',#5292);
#1502=VERTEX_POINT('',#5294);
#1503=VERTEX_POINT('',#5298);
#1504=VERTEX_POINT('',#5300);
#1505=VERTEX_POINT('',#5304);
#1506=VERTEX_POINT('',#5306);
#1507=VERTEX_POINT('',#5310);
#1508=VERTEX_POINT('',#5312);
#1509=VERTEX_POINT('',#5316);
#1510=VERTEX_POINT('',#5318);
#1511=VERTEX_POINT('',#5322);
#1512=VERTEX_POINT('',#5324);
#1513=VERTEX_POINT('',#5328);
#1514=VERTEX_POINT('',#5330);
#1515=VERTEX_POINT('',#5334);
#1516=VERTEX_POINT('',#5336);
#1517=VERTEX_POINT('',#5340);
#1518=VERTEX_POINT('',#5342);
#1519=VERTEX_POINT('',#5346);
#1520=VERTEX_POINT('',#5348);
#1521=VERTEX_POINT('',#5352);
#1522=VERTEX_POINT('',#5354);
#1523=VERTEX_POINT('',#5358);
#1524=VERTEX_POINT('',#5360);
#1525=VERTEX_POINT('',#5364);
#1526=VERTEX_POINT('',#5366);
#1527=VERTEX_POINT('',#5370);
#1528=VERTEX_POINT('',#5372);
#1529=VERTEX_POINT('',#5376);
#1530=VERTEX_POINT('',#5378);
#1531=VERTEX_POINT('',#5382);
#1532=VERTEX_POINT('',#5384);
#1533=VERTEX_POINT('',#5392);
#1534=VERTEX_POINT('',#5393);
#1535=VERTEX_POINT('',#5395);
#1536=VERTEX_POINT('',#5397);
#1537=VERTEX_POINT('',#5399);
#1538=VERTEX_POINT('',#5401);
#1539=VERTEX_POINT('',#5403);
#1540=VERTEX_POINT('',#5405);
#1541=VERTEX_POINT('',#5409);
#1542=VERTEX_POINT('',#5410);
#1543=VERTEX_POINT('',#5412);
#1544=VERTEX_POINT('',#5414);
#1545=VERTEX_POINT('',#5418);
#1546=VERTEX_POINT('',#5420);
#1547=VERTEX_POINT('',#5424);
#1548=VERTEX_POINT('',#5426);
#1549=VERTEX_POINT('',#5430);
#1550=VERTEX_POINT('',#5432);
#1551=VERTEX_POINT('',#5436);
#1552=VERTEX_POINT('',#5438);
#1553=VERTEX_POINT('',#5442);
#1554=VERTEX_POINT('',#5444);
#1555=VERTEX_POINT('',#5448);
#1556=VERTEX_POINT('',#5450);
#1557=VERTEX_POINT('',#5454);
#1558=VERTEX_POINT('',#5456);
#1559=VERTEX_POINT('',#5460);
#1560=VERTEX_POINT('',#5462);
#1561=VERTEX_POINT('',#5466);
#1562=VERTEX_POINT('',#5468);
#1563=VERTEX_POINT('',#5472);
#1564=VERTEX_POINT('',#5474);
#1565=VERTEX_POINT('',#5478);
#1566=VERTEX_POINT('',#5480);
#1567=VERTEX_POINT('',#5484);
#1568=VERTEX_POINT('',#5486);
#1569=VERTEX_POINT('',#5490);
#1570=VERTEX_POINT('',#5492);
#1571=VERTEX_POINT('',#5496);
#1572=VERTEX_POINT('',#5498);
#1573=VERTEX_POINT('',#5502);
#1574=VERTEX_POINT('',#5504);
#1575=VERTEX_POINT('',#5508);
#1576=VERTEX_POINT('',#5510);
#1577=VERTEX_POINT('',#5514);
#1578=VERTEX_POINT('',#5516);
#1579=VERTEX_POINT('',#5520);
#1580=VERTEX_POINT('',#5522);
#1581=VERTEX_POINT('',#5526);
#1582=VERTEX_POINT('',#5528);
#1583=VERTEX_POINT('',#5532);
#1584=VERTEX_POINT('',#5534);
#1585=VERTEX_POINT('',#5538);
#1586=VERTEX_POINT('',#5540);
#1587=VERTEX_POINT('',#5544);
#1588=VERTEX_POINT('',#5546);
#1589=VERTEX_POINT('',#5550);
#1590=VERTEX_POINT('',#5552);
#1591=VERTEX_POINT('',#5556);
#1592=VERTEX_POINT('',#5558);
#1593=VERTEX_POINT('',#5562);
#1594=VERTEX_POINT('',#5564);
#1595=VERTEX_POINT('',#5568);
#1596=VERTEX_POINT('',#5570);
#1597=VERTEX_POINT('',#5574);
#1598=VERTEX_POINT('',#5576);
#1599=VERTEX_POINT('',#5580);
#1600=VERTEX_POINT('',#5582);
#1601=VERTEX_POINT('',#5586);
#1602=VERTEX_POINT('',#5588);
#1603=VERTEX_POINT('',#5592);
#1604=VERTEX_POINT('',#5594);
#1605=VERTEX_POINT('',#5598);
#1606=VERTEX_POINT('',#5600);
#1607=VERTEX_POINT('',#5604);
#1608=VERTEX_POINT('',#5606);
#1609=VERTEX_POINT('',#5610);
#1610=VERTEX_POINT('',#5612);
#1611=VERTEX_POINT('',#5616);
#1612=VERTEX_POINT('',#5618);
#1613=VERTEX_POINT('',#5625);
#1614=VERTEX_POINT('',#5626);
#1615=VERTEX_POINT('',#5628);
#1616=VERTEX_POINT('',#5630);
#1617=VERTEX_POINT('',#5634);
#1618=VERTEX_POINT('',#5636);
#1619=VERTEX_POINT('',#5640);
#1620=VERTEX_POINT('',#5642);
#1621=VERTEX_POINT('',#5646);
#1622=VERTEX_POINT('',#5648);
#1623=VERTEX_POINT('',#5652);
#1624=VERTEX_POINT('',#5654);
#1625=VERTEX_POINT('',#5658);
#1626=VERTEX_POINT('',#5660);
#1627=VERTEX_POINT('',#5664);
#1628=VERTEX_POINT('',#5666);
#1629=VERTEX_POINT('',#5670);
#1630=VERTEX_POINT('',#5672);
#1631=VERTEX_POINT('',#5676);
#1632=VERTEX_POINT('',#5678);
#1633=VERTEX_POINT('',#5682);
#1634=VERTEX_POINT('',#5684);
#1635=VERTEX_POINT('',#5688);
#1636=VERTEX_POINT('',#5690);
#1637=VERTEX_POINT('',#5694);
#1638=VERTEX_POINT('',#5696);
#1639=VERTEX_POINT('',#5700);
#1640=VERTEX_POINT('',#5702);
#1641=VERTEX_POINT('',#5706);
#1642=VERTEX_POINT('',#5708);
#1643=VERTEX_POINT('',#5712);
#1644=VERTEX_POINT('',#5714);
#1645=VERTEX_POINT('',#5718);
#1646=VERTEX_POINT('',#5720);
#1647=VERTEX_POINT('',#5724);
#1648=VERTEX_POINT('',#5726);
#1649=VERTEX_POINT('',#5730);
#1650=VERTEX_POINT('',#5732);
#1651=VERTEX_POINT('',#5736);
#1652=VERTEX_POINT('',#5738);
#1653=VERTEX_POINT('',#5742);
#1654=VERTEX_POINT('',#5744);
#1655=VERTEX_POINT('',#5748);
#1656=VERTEX_POINT('',#5750);
#1657=VERTEX_POINT('',#5754);
#1658=VERTEX_POINT('',#5756);
#1659=VERTEX_POINT('',#5760);
#1660=VERTEX_POINT('',#5762);
#1661=VERTEX_POINT('',#5766);
#1662=VERTEX_POINT('',#5768);
#1663=VERTEX_POINT('',#5772);
#1664=VERTEX_POINT('',#5774);
#1665=VERTEX_POINT('',#5778);
#1666=VERTEX_POINT('',#5780);
#1667=VERTEX_POINT('',#5784);
#1668=VERTEX_POINT('',#5786);
#1669=VERTEX_POINT('',#5790);
#1670=VERTEX_POINT('',#5792);
#1671=VERTEX_POINT('',#5796);
#1672=VERTEX_POINT('',#5798);
#1673=VERTEX_POINT('',#5802);
#1674=VERTEX_POINT('',#5804);
#1675=VERTEX_POINT('',#5808);
#1676=VERTEX_POINT('',#5810);
#1677=VERTEX_POINT('',#5814);
#1678=VERTEX_POINT('',#5816);
#1679=VERTEX_POINT('',#5820);
#1680=VERTEX_POINT('',#5822);
#1681=VERTEX_POINT('',#5826);
#1682=VERTEX_POINT('',#5828);
#1683=VERTEX_POINT('',#5832);
#1684=VERTEX_POINT('',#5834);
#1685=VERTEX_POINT('',#5838);
#1686=VERTEX_POINT('',#5840);
#1687=VERTEX_POINT('',#5844);
#1688=VERTEX_POINT('',#5846);
#1689=VERTEX_POINT('',#5850);
#1690=VERTEX_POINT('',#5852);
#1691=VERTEX_POINT('',#5856);
#1692=VERTEX_POINT('',#5858);
#1693=VERTEX_POINT('',#5862);
#1694=VERTEX_POINT('',#5864);
#1695=VERTEX_POINT('',#5868);
#1696=VERTEX_POINT('',#5870);
#1697=VERTEX_POINT('',#5879);
#1698=VERTEX_POINT('',#5881);
#1699=VERTEX_POINT('',#5884);
#1700=VERTEX_POINT('',#5888);
#1701=VERTEX_POINT('',#5890);
#1702=VERTEX_POINT('',#5893);
#1703=VERTEX_POINT('',#5897);
#1704=VERTEX_POINT('',#5899);
#1705=VERTEX_POINT('',#5902);
#1706=VERTEX_POINT('',#5906);
#1707=VERTEX_POINT('',#5908);
#1708=VERTEX_POINT('',#5912);
#1709=VERTEX_POINT('',#5917);
#1710=VERTEX_POINT('',#5921);
#1711=VERTEX_POINT('',#5925);
#1712=VERTEX_POINT('',#5927);
#1713=VERTEX_POINT('',#5933);
#1714=EDGE_CURVE('',#1367,#1368,#589,.T.);
#1715=EDGE_CURVE('',#1367,#1369,#590,.T.);
#1716=EDGE_CURVE('',#1369,#1370,#591,.T.);
#1717=EDGE_CURVE('',#1368,#1370,#592,.T.);
#1718=EDGE_CURVE('',#1371,#1367,#29,.T.);
#1719=EDGE_CURVE('',#1371,#1372,#593,.T.);
#1720=EDGE_CURVE('',#1372,#1369,#30,.T.);
#1721=EDGE_CURVE('',#1373,#1371,#594,.T.);
#1722=EDGE_CURVE('',#1373,#1374,#595,.T.);
#1723=EDGE_CURVE('',#1374,#1372,#596,.T.);
#1724=EDGE_CURVE('',#1375,#1373,#597,.T.);
#1725=EDGE_CURVE('',#1375,#1376,#598,.T.);
#1726=EDGE_CURVE('',#1376,#1374,#599,.T.);
#1727=EDGE_CURVE('',#1377,#1375,#600,.T.);
#1728=EDGE_CURVE('',#1377,#1378,#601,.T.);
#1729=EDGE_CURVE('',#1378,#1376,#602,.T.);
#1730=EDGE_CURVE('',#1379,#1377,#31,.T.);
#1731=EDGE_CURVE('',#1379,#1380,#603,.T.);
#1732=EDGE_CURVE('',#1380,#1378,#32,.T.);
#1733=EDGE_CURVE('',#1381,#1379,#604,.T.);
#1734=EDGE_CURVE('',#1381,#1382,#605,.T.);
#1735=EDGE_CURVE('',#1382,#1380,#606,.T.);
#1736=EDGE_CURVE('',#1383,#1381,#33,.T.);
#1737=EDGE_CURVE('',#1383,#1384,#607,.T.);
#1738=EDGE_CURVE('',#1384,#1382,#34,.T.);
#1739=EDGE_CURVE('',#1385,#1383,#608,.T.);
#1740=EDGE_CURVE('',#1385,#1386,#609,.T.);
#1741=EDGE_CURVE('',#1386,#1384,#610,.T.);
#1742=EDGE_CURVE('',#1387,#1385,#35,.T.);
#1743=EDGE_CURVE('',#1387,#1388,#611,.T.);
#1744=EDGE_CURVE('',#1388,#1386,#36,.T.);
#1745=EDGE_CURVE('',#1389,#1387,#612,.T.);
#1746=EDGE_CURVE('',#1389,#1390,#613,.T.);
#1747=EDGE_CURVE('',#1390,#1388,#614,.T.);
#1748=EDGE_CURVE('',#1391,#1389,#37,.T.);
#1749=EDGE_CURVE('',#1391,#1392,#615,.T.);
#1750=EDGE_CURVE('',#1392,#1390,#38,.T.);
#1751=EDGE_CURVE('',#1393,#1391,#616,.T.);
#1752=EDGE_CURVE('',#1393,#1394,#617,.T.);
#1753=EDGE_CURVE('',#1394,#1392,#618,.T.);
#1754=EDGE_CURVE('',#1395,#1393,#39,.T.);
#1755=EDGE_CURVE('',#1395,#1396,#619,.T.);
#1756=EDGE_CURVE('',#1396,#1394,#40,.T.);
#1757=EDGE_CURVE('',#1397,#1395,#620,.T.);
#1758=EDGE_CURVE('',#1397,#1398,#621,.T.);
#1759=EDGE_CURVE('',#1398,#1396,#622,.T.);
#1760=EDGE_CURVE('',#1399,#1397,#623,.T.);
#1761=EDGE_CURVE('',#1399,#1400,#624,.T.);
#1762=EDGE_CURVE('',#1400,#1398,#625,.T.);
#1763=EDGE_CURVE('',#1401,#1399,#626,.T.);
#1764=EDGE_CURVE('',#1401,#1402,#627,.T.);
#1765=EDGE_CURVE('',#1402,#1400,#628,.T.);
#1766=EDGE_CURVE('',#1403,#1401,#629,.T.);
#1767=EDGE_CURVE('',#1403,#1404,#630,.T.);
#1768=EDGE_CURVE('',#1404,#1402,#631,.T.);
#1769=EDGE_CURVE('',#1405,#1403,#41,.T.);
#1770=EDGE_CURVE('',#1405,#1406,#632,.T.);
#1771=EDGE_CURVE('',#1406,#1404,#42,.T.);
#1772=EDGE_CURVE('',#1407,#1405,#633,.T.);
#1773=EDGE_CURVE('',#1407,#1408,#634,.T.);
#1774=EDGE_CURVE('',#1408,#1406,#635,.T.);
#1775=EDGE_CURVE('',#1409,#1407,#43,.T.);
#1776=EDGE_CURVE('',#1409,#1410,#636,.T.);
#1777=EDGE_CURVE('',#1410,#1408,#44,.T.);
#1778=EDGE_CURVE('',#1411,#1409,#637,.T.);
#1779=EDGE_CURVE('',#1411,#1412,#638,.T.);
#1780=EDGE_CURVE('',#1412,#1410,#639,.T.);
#1781=EDGE_CURVE('',#1413,#1411,#45,.T.);
#1782=EDGE_CURVE('',#1413,#1414,#640,.T.);
#1783=EDGE_CURVE('',#1414,#1412,#46,.T.);
#1784=EDGE_CURVE('',#1415,#1413,#641,.T.);
#1785=EDGE_CURVE('',#1415,#1416,#642,.T.);
#1786=EDGE_CURVE('',#1416,#1414,#643,.T.);
#1787=EDGE_CURVE('',#1417,#1415,#644,.T.);
#1788=EDGE_CURVE('',#1417,#1418,#645,.T.);
#1789=EDGE_CURVE('',#1418,#1416,#646,.T.);
#1790=EDGE_CURVE('',#1419,#1417,#647,.T.);
#1791=EDGE_CURVE('',#1419,#1420,#648,.T.);
#1792=EDGE_CURVE('',#1420,#1418,#649,.T.);
#1793=EDGE_CURVE('',#1421,#1419,#47,.T.);
#1794=EDGE_CURVE('',#1421,#1422,#650,.T.);
#1795=EDGE_CURVE('',#1422,#1420,#48,.T.);
#1796=EDGE_CURVE('',#1423,#1421,#651,.T.);
#1797=EDGE_CURVE('',#1423,#1424,#652,.T.);
#1798=EDGE_CURVE('',#1424,#1422,#653,.T.);
#1799=EDGE_CURVE('',#1425,#1423,#49,.T.);
#1800=EDGE_CURVE('',#1425,#1426,#654,.T.);
#1801=EDGE_CURVE('',#1426,#1424,#50,.T.);
#1802=EDGE_CURVE('',#1427,#1425,#655,.T.);
#1803=EDGE_CURVE('',#1427,#1428,#656,.T.);
#1804=EDGE_CURVE('',#1428,#1426,#657,.T.);
#1805=EDGE_CURVE('',#1429,#1427,#51,.T.);
#1806=EDGE_CURVE('',#1429,#1430,#658,.T.);
#1807=EDGE_CURVE('',#1430,#1428,#52,.T.);
#1808=EDGE_CURVE('',#1431,#1429,#659,.T.);
#1809=EDGE_CURVE('',#1431,#1432,#660,.T.);
#1810=EDGE_CURVE('',#1432,#1430,#661,.T.);
#1811=EDGE_CURVE('',#1433,#1431,#662,.T.);
#1812=EDGE_CURVE('',#1433,#1434,#663,.T.);
#1813=EDGE_CURVE('',#1434,#1432,#664,.T.);
#1814=EDGE_CURVE('',#1435,#1433,#665,.T.);
#1815=EDGE_CURVE('',#1435,#1436,#666,.T.);
#1816=EDGE_CURVE('',#1436,#1434,#667,.T.);
#1817=EDGE_CURVE('',#1437,#1435,#668,.T.);
#1818=EDGE_CURVE('',#1437,#1438,#669,.T.);
#1819=EDGE_CURVE('',#1438,#1436,#670,.T.);
#1820=EDGE_CURVE('',#1439,#1437,#53,.T.);
#1821=EDGE_CURVE('',#1439,#1440,#671,.T.);
#1822=EDGE_CURVE('',#1440,#1438,#54,.T.);
#1823=EDGE_CURVE('',#1441,#1439,#672,.T.);
#1824=EDGE_CURVE('',#1441,#1442,#673,.T.);
#1825=EDGE_CURVE('',#1442,#1440,#674,.T.);
#1826=EDGE_CURVE('',#1443,#1441,#55,.T.);
#1827=EDGE_CURVE('',#1443,#1444,#675,.T.);
#1828=EDGE_CURVE('',#1444,#1442,#56,.T.);
#1829=EDGE_CURVE('',#1445,#1443,#676,.T.);
#1830=EDGE_CURVE('',#1445,#1446,#677,.T.);
#1831=EDGE_CURVE('',#1446,#1444,#678,.T.);
#1832=EDGE_CURVE('',#1447,#1445,#57,.T.);
#1833=EDGE_CURVE('',#1447,#1448,#679,.T.);
#1834=EDGE_CURVE('',#1448,#1446,#58,.T.);
#1835=EDGE_CURVE('',#1449,#1447,#680,.T.);
#1836=EDGE_CURVE('',#1449,#1450,#681,.T.);
#1837=EDGE_CURVE('',#1450,#1448,#682,.T.);
#1838=EDGE_CURVE('',#1368,#1449,#59,.T.);
#1839=EDGE_CURVE('',#1370,#1450,#60,.T.);
#1840=EDGE_CURVE('',#1451,#1452,#683,.T.);
#1841=EDGE_CURVE('',#1451,#1453,#684,.T.);
#1842=EDGE_CURVE('',#1453,#1454,#685,.T.);
#1843=EDGE_CURVE('',#1452,#1454,#686,.T.);
#1844=EDGE_CURVE('',#1455,#1451,#61,.T.);
#1845=EDGE_CURVE('',#1455,#1456,#687,.T.);
#1846=EDGE_CURVE('',#1456,#1453,#62,.T.);
#1847=EDGE_CURVE('',#1457,#1455,#688,.T.);
#1848=EDGE_CURVE('',#1457,#1458,#689,.T.);
#1849=EDGE_CURVE('',#1458,#1456,#690,.T.);
#1850=EDGE_CURVE('',#1459,#1457,#63,.T.);
#1851=EDGE_CURVE('',#1459,#1460,#691,.T.);
#1852=EDGE_CURVE('',#1460,#1458,#64,.T.);
#1853=EDGE_CURVE('',#1461,#1459,#692,.T.);
#1854=EDGE_CURVE('',#1461,#1462,#693,.T.);
#1855=EDGE_CURVE('',#1462,#1460,#694,.T.);
#1856=EDGE_CURVE('',#1463,#1461,#65,.T.);
#1857=EDGE_CURVE('',#1463,#1464,#695,.T.);
#1858=EDGE_CURVE('',#1464,#1462,#66,.T.);
#1859=EDGE_CURVE('',#1465,#1463,#696,.T.);
#1860=EDGE_CURVE('',#1465,#1466,#697,.T.);
#1861=EDGE_CURVE('',#1466,#1464,#698,.T.);
#1862=EDGE_CURVE('',#1467,#1465,#699,.T.);
#1863=EDGE_CURVE('',#1467,#1468,#700,.T.);
#1864=EDGE_CURVE('',#1468,#1466,#701,.T.);
#1865=EDGE_CURVE('',#1469,#1467,#702,.T.);
#1866=EDGE_CURVE('',#1469,#1470,#703,.T.);
#1867=EDGE_CURVE('',#1470,#1468,#704,.T.);
#1868=EDGE_CURVE('',#1471,#1469,#705,.T.);
#1869=EDGE_CURVE('',#1471,#1472,#706,.T.);
#1870=EDGE_CURVE('',#1472,#1470,#707,.T.);
#1871=EDGE_CURVE('',#1473,#1471,#67,.T.);
#1872=EDGE_CURVE('',#1473,#1474,#708,.T.);
#1873=EDGE_CURVE('',#1474,#1472,#68,.T.);
#1874=EDGE_CURVE('',#1475,#1473,#709,.T.);
#1875=EDGE_CURVE('',#1475,#1476,#710,.T.);
#1876=EDGE_CURVE('',#1476,#1474,#711,.T.);
#1877=EDGE_CURVE('',#1477,#1475,#69,.T.);
#1878=EDGE_CURVE('',#1477,#1478,#712,.T.);
#1879=EDGE_CURVE('',#1478,#1476,#70,.T.);
#1880=EDGE_CURVE('',#1479,#1477,#713,.T.);
#1881=EDGE_CURVE('',#1479,#1480,#714,.T.);
#1882=EDGE_CURVE('',#1480,#1478,#715,.T.);
#1883=EDGE_CURVE('',#1481,#1479,#71,.T.);
#1884=EDGE_CURVE('',#1481,#1482,#716,.T.);
#1885=EDGE_CURVE('',#1482,#1480,#72,.T.);
#1886=EDGE_CURVE('',#1483,#1481,#717,.T.);
#1887=EDGE_CURVE('',#1483,#1484,#718,.T.);
#1888=EDGE_CURVE('',#1484,#1482,#719,.T.);
#1889=EDGE_CURVE('',#1485,#1483,#720,.T.);
#1890=EDGE_CURVE('',#1485,#1486,#721,.T.);
#1891=EDGE_CURVE('',#1486,#1484,#722,.T.);
#1892=EDGE_CURVE('',#1487,#1485,#73,.T.);
#1893=EDGE_CURVE('',#1487,#1488,#723,.T.);
#1894=EDGE_CURVE('',#1488,#1486,#74,.T.);
#1895=EDGE_CURVE('',#1489,#1487,#724,.T.);
#1896=EDGE_CURVE('',#1489,#1490,#725,.T.);
#1897=EDGE_CURVE('',#1490,#1488,#726,.T.);
#1898=EDGE_CURVE('',#1491,#1489,#75,.T.);
#1899=EDGE_CURVE('',#1491,#1492,#727,.T.);
#1900=EDGE_CURVE('',#1492,#1490,#76,.T.);
#1901=EDGE_CURVE('',#1493,#1491,#728,.T.);
#1902=EDGE_CURVE('',#1493,#1494,#729,.T.);
#1903=EDGE_CURVE('',#1494,#1492,#730,.T.);
#1904=EDGE_CURVE('',#1495,#1493,#77,.T.);
#1905=EDGE_CURVE('',#1495,#1496,#731,.T.);
#1906=EDGE_CURVE('',#1496,#1494,#78,.T.);
#1907=EDGE_CURVE('',#1497,#1495,#732,.T.);
#1908=EDGE_CURVE('',#1497,#1498,#733,.T.);
#1909=EDGE_CURVE('',#1498,#1496,#734,.T.);
#1910=EDGE_CURVE('',#1499,#1497,#735,.T.);
#1911=EDGE_CURVE('',#1499,#1500,#736,.T.);
#1912=EDGE_CURVE('',#1500,#1498,#737,.T.);
#1913=EDGE_CURVE('',#1501,#1499,#738,.T.);
#1914=EDGE_CURVE('',#1501,#1502,#739,.T.);
#1915=EDGE_CURVE('',#1502,#1500,#740,.T.);
#1916=EDGE_CURVE('',#1503,#1501,#741,.T.);
#1917=EDGE_CURVE('',#1503,#1504,#742,.T.);
#1918=EDGE_CURVE('',#1504,#1502,#743,.T.);
#1919=EDGE_CURVE('',#1505,#1503,#79,.T.);
#1920=EDGE_CURVE('',#1505,#1506,#744,.T.);
#1921=EDGE_CURVE('',#1506,#1504,#80,.T.);
#1922=EDGE_CURVE('',#1507,#1505,#745,.T.);
#1923=EDGE_CURVE('',#1507,#1508,#746,.T.);
#1924=EDGE_CURVE('',#1508,#1506,#747,.T.);
#1925=EDGE_CURVE('',#1509,#1507,#81,.T.);
#1926=EDGE_CURVE('',#1509,#1510,#748,.T.);
#1927=EDGE_CURVE('',#1510,#1508,#82,.T.);
#1928=EDGE_CURVE('',#1511,#1509,#749,.T.);
#1929=EDGE_CURVE('',#1511,#1512,#750,.T.);
#1930=EDGE_CURVE('',#1512,#1510,#751,.T.);
#1931=EDGE_CURVE('',#1513,#1511,#83,.T.);
#1932=EDGE_CURVE('',#1513,#1514,#752,.T.);
#1933=EDGE_CURVE('',#1514,#1512,#84,.T.);
#1934=EDGE_CURVE('',#1515,#1513,#753,.T.);
#1935=EDGE_CURVE('',#1515,#1516,#754,.T.);
#1936=EDGE_CURVE('',#1516,#1514,#755,.T.);
#1937=EDGE_CURVE('',#1517,#1515,#85,.T.);
#1938=EDGE_CURVE('',#1517,#1518,#756,.T.);
#1939=EDGE_CURVE('',#1518,#1516,#86,.T.);
#1940=EDGE_CURVE('',#1519,#1517,#757,.T.);
#1941=EDGE_CURVE('',#1519,#1520,#758,.T.);
#1942=EDGE_CURVE('',#1520,#1518,#759,.T.);
#1943=EDGE_CURVE('',#1521,#1519,#87,.T.);
#1944=EDGE_CURVE('',#1521,#1522,#760,.T.);
#1945=EDGE_CURVE('',#1522,#1520,#88,.T.);
#1946=EDGE_CURVE('',#1523,#1521,#761,.T.);
#1947=EDGE_CURVE('',#1523,#1524,#762,.T.);
#1948=EDGE_CURVE('',#1524,#1522,#763,.T.);
#1949=EDGE_CURVE('',#1525,#1523,#764,.T.);
#1950=EDGE_CURVE('',#1525,#1526,#765,.T.);
#1951=EDGE_CURVE('',#1526,#1524,#766,.T.);
#1952=EDGE_CURVE('',#1527,#1525,#767,.T.);
#1953=EDGE_CURVE('',#1527,#1528,#768,.T.);
#1954=EDGE_CURVE('',#1528,#1526,#769,.T.);
#1955=EDGE_CURVE('',#1529,#1527,#89,.T.);
#1956=EDGE_CURVE('',#1529,#1530,#770,.T.);
#1957=EDGE_CURVE('',#1530,#1528,#90,.T.);
#1958=EDGE_CURVE('',#1531,#1529,#771,.T.);
#1959=EDGE_CURVE('',#1531,#1532,#772,.T.);
#1960=EDGE_CURVE('',#1532,#1530,#773,.T.);
#1961=EDGE_CURVE('',#1452,#1531,#91,.T.);
#1962=EDGE_CURVE('',#1454,#1532,#92,.T.);
#1963=EDGE_CURVE('',#1533,#1534,#18,.T.);
#1964=EDGE_CURVE('',#1535,#1533,#774,.T.);
#1965=EDGE_CURVE('',#1536,#1535,#19,.T.);
#1966=EDGE_CURVE('',#1537,#1536,#775,.T.);
#1967=EDGE_CURVE('',#1538,#1537,#20,.T.);
#1968=EDGE_CURVE('',#1539,#1538,#776,.T.);
#1969=EDGE_CURVE('',#1540,#1539,#21,.T.);
#1970=EDGE_CURVE('',#1534,#1540,#777,.T.);
#1971=EDGE_CURVE('',#1541,#1542,#93,.T.);
#1972=EDGE_CURVE('',#1541,#1543,#778,.T.);
#1973=EDGE_CURVE('',#1543,#1544,#94,.T.);
#1974=EDGE_CURVE('',#1542,#1544,#779,.T.);
#1975=EDGE_CURVE('',#1545,#1541,#780,.T.);
#1976=EDGE_CURVE('',#1545,#1546,#781,.T.);
#1977=EDGE_CURVE('',#1546,#1543,#782,.T.);
#1978=EDGE_CURVE('',#1547,#1545,#95,.T.);
#1979=EDGE_CURVE('',#1547,#1548,#783,.T.);
#1980=EDGE_CURVE('',#1548,#1546,#96,.T.);
#1981=EDGE_CURVE('',#1549,#1547,#784,.T.);
#1982=EDGE_CURVE('',#1549,#1550,#785,.T.);
#1983=EDGE_CURVE('',#1550,#1548,#786,.T.);
#1984=EDGE_CURVE('',#1551,#1549,#787,.T.);
#1985=EDGE_CURVE('',#1551,#1552,#788,.T.);
#1986=EDGE_CURVE('',#1552,#1550,#789,.T.);
#1987=EDGE_CURVE('',#1553,#1551,#790,.T.);
#1988=EDGE_CURVE('',#1553,#1554,#791,.T.);
#1989=EDGE_CURVE('',#1554,#1552,#792,.T.);
#1990=EDGE_CURVE('',#1555,#1553,#793,.T.);
#1991=EDGE_CURVE('',#1555,#1556,#794,.T.);
#1992=EDGE_CURVE('',#1556,#1554,#795,.T.);
#1993=EDGE_CURVE('',#1557,#1555,#796,.T.);
#1994=EDGE_CURVE('',#1557,#1558,#797,.T.);
#1995=EDGE_CURVE('',#1558,#1556,#798,.T.);
#1996=EDGE_CURVE('',#1559,#1557,#799,.T.);
#1997=EDGE_CURVE('',#1559,#1560,#800,.T.);
#1998=EDGE_CURVE('',#1560,#1558,#801,.T.);
#1999=EDGE_CURVE('',#1561,#1559,#97,.T.);
#2000=EDGE_CURVE('',#1561,#1562,#802,.T.);
#2001=EDGE_CURVE('',#1562,#1560,#98,.T.);
#2002=EDGE_CURVE('',#1563,#1561,#803,.T.);
#2003=EDGE_CURVE('',#1563,#1564,#804,.T.);
#2004=EDGE_CURVE('',#1564,#1562,#805,.T.);
#2005=EDGE_CURVE('',#1565,#1563,#99,.T.);
#2006=EDGE_CURVE('',#1565,#1566,#806,.T.);
#2007=EDGE_CURVE('',#1566,#1564,#100,.T.);
#2008=EDGE_CURVE('',#1567,#1565,#807,.T.);
#2009=EDGE_CURVE('',#1567,#1568,#808,.T.);
#2010=EDGE_CURVE('',#1568,#1566,#809,.T.);
#2011=EDGE_CURVE('',#1569,#1567,#101,.T.);
#2012=EDGE_CURVE('',#1569,#1570,#810,.T.);
#2013=EDGE_CURVE('',#1570,#1568,#102,.T.);
#2014=EDGE_CURVE('',#1571,#1569,#811,.T.);
#2015=EDGE_CURVE('',#1571,#1572,#812,.T.);
#2016=EDGE_CURVE('',#1572,#1570,#813,.T.);
#2017=EDGE_CURVE('',#1573,#1571,#814,.T.);
#2018=EDGE_CURVE('',#1573,#1574,#815,.T.);
#2019=EDGE_CURVE('',#1574,#1572,#816,.T.);
#2020=EDGE_CURVE('',#1575,#1573,#817,.T.);
#2021=EDGE_CURVE('',#1575,#1576,#818,.T.);
#2022=EDGE_CURVE('',#1576,#1574,#819,.T.);
#2023=EDGE_CURVE('',#1577,#1575,#820,.T.);
#2024=EDGE_CURVE('',#1577,#1578,#821,.T.);
#2025=EDGE_CURVE('',#1578,#1576,#822,.T.);
#2026=EDGE_CURVE('',#1579,#1577,#103,.T.);
#2027=EDGE_CURVE('',#1579,#1580,#823,.T.);
#2028=EDGE_CURVE('',#1580,#1578,#104,.T.);
#2029=EDGE_CURVE('',#1581,#1579,#824,.T.);
#2030=EDGE_CURVE('',#1581,#1582,#825,.T.);
#2031=EDGE_CURVE('',#1582,#1580,#826,.T.);
#2032=EDGE_CURVE('',#1583,#1581,#105,.T.);
#2033=EDGE_CURVE('',#1583,#1584,#827,.T.);
#2034=EDGE_CURVE('',#1584,#1582,#106,.T.);
#2035=EDGE_CURVE('',#1585,#1583,#828,.T.);
#2036=EDGE_CURVE('',#1585,#1586,#829,.T.);
#2037=EDGE_CURVE('',#1586,#1584,#830,.T.);
#2038=EDGE_CURVE('',#1587,#1585,#831,.T.);
#2039=EDGE_CURVE('',#1587,#1588,#832,.T.);
#2040=EDGE_CURVE('',#1588,#1586,#833,.T.);
#2041=EDGE_CURVE('',#1589,#1587,#834,.T.);
#2042=EDGE_CURVE('',#1589,#1590,#835,.T.);
#2043=EDGE_CURVE('',#1590,#1588,#836,.T.);
#2044=EDGE_CURVE('',#1591,#1589,#837,.T.);
#2045=EDGE_CURVE('',#1591,#1592,#838,.T.);
#2046=EDGE_CURVE('',#1592,#1590,#839,.T.);
#2047=EDGE_CURVE('',#1593,#1591,#107,.T.);
#2048=EDGE_CURVE('',#1593,#1594,#840,.T.);
#2049=EDGE_CURVE('',#1594,#1592,#108,.T.);
#2050=EDGE_CURVE('',#1595,#1593,#841,.T.);
#2051=EDGE_CURVE('',#1595,#1596,#842,.T.);
#2052=EDGE_CURVE('',#1596,#1594,#843,.T.);
#2053=EDGE_CURVE('',#1597,#1595,#109,.T.);
#2054=EDGE_CURVE('',#1597,#1598,#844,.T.);
#2055=EDGE_CURVE('',#1598,#1596,#110,.T.);
#2056=EDGE_CURVE('',#1599,#1597,#845,.T.);
#2057=EDGE_CURVE('',#1599,#1600,#846,.T.);
#2058=EDGE_CURVE('',#1600,#1598,#847,.T.);
#2059=EDGE_CURVE('',#1601,#1599,#111,.T.);
#2060=EDGE_CURVE('',#1601,#1602,#848,.T.);
#2061=EDGE_CURVE('',#1602,#1600,#112,.T.);
#2062=EDGE_CURVE('',#1603,#1601,#849,.T.);
#2063=EDGE_CURVE('',#1603,#1604,#850,.T.);
#2064=EDGE_CURVE('',#1604,#1602,#851,.T.);
#2065=EDGE_CURVE('',#1605,#1603,#852,.T.);
#2066=EDGE_CURVE('',#1605,#1606,#853,.T.);
#2067=EDGE_CURVE('',#1606,#1604,#854,.T.);
#2068=EDGE_CURVE('',#1607,#1605,#855,.T.);
#2069=EDGE_CURVE('',#1607,#1608,#856,.T.);
#2070=EDGE_CURVE('',#1608,#1606,#857,.T.);
#2071=EDGE_CURVE('',#1609,#1607,#858,.T.);
#2072=EDGE_CURVE('',#1609,#1610,#859,.T.);
#2073=EDGE_CURVE('',#1610,#1608,#860,.T.);
#2074=EDGE_CURVE('',#1611,#1609,#861,.T.);
#2075=EDGE_CURVE('',#1611,#1612,#862,.T.);
#2076=EDGE_CURVE('',#1612,#1610,#863,.T.);
#2077=EDGE_CURVE('',#1542,#1611,#864,.T.);
#2078=EDGE_CURVE('',#1544,#1612,#865,.T.);
#2079=EDGE_CURVE('',#1613,#1614,#866,.T.);
#2080=EDGE_CURVE('',#1613,#1615,#867,.T.);
#2081=EDGE_CURVE('',#1615,#1616,#868,.T.);
#2082=EDGE_CURVE('',#1614,#1616,#869,.T.);
#2083=EDGE_CURVE('',#1617,#1613,#113,.T.);
#2084=EDGE_CURVE('',#1617,#1618,#870,.T.);
#2085=EDGE_CURVE('',#1618,#1615,#114,.T.);
#2086=EDGE_CURVE('',#1619,#1617,#871,.T.);
#2087=EDGE_CURVE('',#1619,#1620,#872,.T.);
#2088=EDGE_CURVE('',#1620,#1618,#873,.T.);
#2089=EDGE_CURVE('',#1621,#1619,#115,.T.);
#2090=EDGE_CURVE('',#1621,#1622,#874,.T.);
#2091=EDGE_CURVE('',#1622,#1620,#116,.T.);
#2092=EDGE_CURVE('',#1623,#1621,#875,.T.);
#2093=EDGE_CURVE('',#1623,#1624,#876,.T.);
#2094=EDGE_CURVE('',#1624,#1622,#877,.T.);
#2095=EDGE_CURVE('',#1625,#1623,#878,.T.);
#2096=EDGE_CURVE('',#1625,#1626,#879,.T.);
#2097=EDGE_CURVE('',#1626,#1624,#880,.T.);
#2098=EDGE_CURVE('',#1627,#1625,#881,.T.);
#2099=EDGE_CURVE('',#1627,#1628,#882,.T.);
#2100=EDGE_CURVE('',#1628,#1626,#883,.T.);
#2101=EDGE_CURVE('',#1629,#1627,#884,.T.);
#2102=EDGE_CURVE('',#1629,#1630,#885,.T.);
#2103=EDGE_CURVE('',#1630,#1628,#886,.T.);
#2104=EDGE_CURVE('',#1631,#1629,#117,.T.);
#2105=EDGE_CURVE('',#1631,#1632,#887,.T.);
#2106=EDGE_CURVE('',#1632,#1630,#118,.T.);
#2107=EDGE_CURVE('',#1633,#1631,#888,.T.);
#2108=EDGE_CURVE('',#1633,#1634,#889,.T.);
#2109=EDGE_CURVE('',#1634,#1632,#890,.T.);
#2110=EDGE_CURVE('',#1635,#1633,#119,.T.);
#2111=EDGE_CURVE('',#1635,#1636,#891,.T.);
#2112=EDGE_CURVE('',#1636,#1634,#120,.T.);
#2113=EDGE_CURVE('',#1637,#1635,#892,.T.);
#2114=EDGE_CURVE('',#1637,#1638,#893,.T.);
#2115=EDGE_CURVE('',#1638,#1636,#894,.T.);
#2116=EDGE_CURVE('',#1639,#1637,#121,.T.);
#2117=EDGE_CURVE('',#1639,#1640,#895,.T.);
#2118=EDGE_CURVE('',#1640,#1638,#122,.T.);
#2119=EDGE_CURVE('',#1641,#1639,#896,.T.);
#2120=EDGE_CURVE('',#1641,#1642,#897,.T.);
#2121=EDGE_CURVE('',#1642,#1640,#898,.T.);
#2122=EDGE_CURVE('',#1643,#1641,#899,.T.);
#2123=EDGE_CURVE('',#1643,#1644,#900,.T.);
#2124=EDGE_CURVE('',#1644,#1642,#901,.T.);
#2125=EDGE_CURVE('',#1645,#1643,#902,.T.);
#2126=EDGE_CURVE('',#1645,#1646,#903,.T.);
#2127=EDGE_CURVE('',#1646,#1644,#904,.T.);
#2128=EDGE_CURVE('',#1647,#1645,#123,.T.);
#2129=EDGE_CURVE('',#1647,#1648,#905,.T.);
#2130=EDGE_CURVE('',#1648,#1646,#124,.T.);
#2131=EDGE_CURVE('',#1649,#1647,#906,.T.);
#2132=EDGE_CURVE('',#1649,#1650,#907,.T.);
#2133=EDGE_CURVE('',#1650,#1648,#908,.T.);
#2134=EDGE_CURVE('',#1651,#1649,#125,.T.);
#2135=EDGE_CURVE('',#1651,#1652,#909,.T.);
#2136=EDGE_CURVE('',#1652,#1650,#126,.T.);
#2137=EDGE_CURVE('',#1653,#1651,#910,.T.);
#2138=EDGE_CURVE('',#1653,#1654,#911,.T.);
#2139=EDGE_CURVE('',#1654,#1652,#912,.T.);
#2140=EDGE_CURVE('',#1655,#1653,#127,.T.);
#2141=EDGE_CURVE('',#1655,#1656,#913,.T.);
#2142=EDGE_CURVE('',#1656,#1654,#128,.T.);
#2143=EDGE_CURVE('',#1657,#1655,#914,.T.);
#2144=EDGE_CURVE('',#1657,#1658,#915,.T.);
#2145=EDGE_CURVE('',#1658,#1656,#916,.T.);
#2146=EDGE_CURVE('',#1659,#1657,#917,.T.);
#2147=EDGE_CURVE('',#1659,#1660,#918,.T.);
#2148=EDGE_CURVE('',#1660,#1658,#919,.T.);
#2149=EDGE_CURVE('',#1661,#1659,#920,.T.);
#2150=EDGE_CURVE('',#1661,#1662,#921,.T.);
#2151=EDGE_CURVE('',#1662,#1660,#922,.T.);
#2152=EDGE_CURVE('',#1663,#1661,#923,.T.);
#2153=EDGE_CURVE('',#1663,#1664,#924,.T.);
#2154=EDGE_CURVE('',#1664,#1662,#925,.T.);
#2155=EDGE_CURVE('',#1665,#1663,#129,.T.);
#2156=EDGE_CURVE('',#1665,#1666,#926,.T.);
#2157=EDGE_CURVE('',#1666,#1664,#130,.T.);
#2158=EDGE_CURVE('',#1667,#1665,#927,.T.);
#2159=EDGE_CURVE('',#1667,#1668,#928,.T.);
#2160=EDGE_CURVE('',#1668,#1666,#929,.T.);
#2161=EDGE_CURVE('',#1669,#1667,#131,.T.);
#2162=EDGE_CURVE('',#1669,#1670,#930,.T.);
#2163=EDGE_CURVE('',#1670,#1668,#132,.T.);
#2164=EDGE_CURVE('',#1671,#1669,#931,.T.);
#2165=EDGE_CURVE('',#1671,#1672,#932,.T.);
#2166=EDGE_CURVE('',#1672,#1670,#933,.T.);
#2167=EDGE_CURVE('',#1673,#1671,#133,.T.);
#2168=EDGE_CURVE('',#1673,#1674,#934,.T.);
#2169=EDGE_CURVE('',#1674,#1672,#134,.T.);
#2170=EDGE_CURVE('',#1675,#1673,#935,.T.);
#2171=EDGE_CURVE('',#1675,#1676,#936,.T.);
#2172=EDGE_CURVE('',#1676,#1674,#937,.T.);
#2173=EDGE_CURVE('',#1677,#1675,#135,.T.);
#2174=EDGE_CURVE('',#1677,#1678,#938,.T.);
#2175=EDGE_CURVE('',#1678,#1676,#136,.T.);
#2176=EDGE_CURVE('',#1679,#1677,#939,.T.);
#2177=EDGE_CURVE('',#1679,#1680,#940,.T.);
#2178=EDGE_CURVE('',#1680,#1678,#941,.T.);
#2179=EDGE_CURVE('',#1681,#1679,#137,.T.);
#2180=EDGE_CURVE('',#1681,#1682,#942,.T.);
#2181=EDGE_CURVE('',#1682,#1680,#138,.T.);
#2182=EDGE_CURVE('',#1683,#1681,#943,.T.);
#2183=EDGE_CURVE('',#1683,#1684,#944,.T.);
#2184=EDGE_CURVE('',#1684,#1682,#945,.T.);
#2185=EDGE_CURVE('',#1685,#1683,#946,.T.);
#2186=EDGE_CURVE('',#1685,#1686,#947,.T.);
#2187=EDGE_CURVE('',#1686,#1684,#948,.T.);
#2188=EDGE_CURVE('',#1687,#1685,#949,.T.);
#2189=EDGE_CURVE('',#1687,#1688,#950,.T.);
#2190=EDGE_CURVE('',#1688,#1686,#951,.T.);
#2191=EDGE_CURVE('',#1689,#1687,#139,.T.);
#2192=EDGE_CURVE('',#1689,#1690,#952,.T.);
#2193=EDGE_CURVE('',#1690,#1688,#140,.T.);
#2194=EDGE_CURVE('',#1691,#1689,#953,.T.);
#2195=EDGE_CURVE('',#1691,#1692,#954,.T.);
#2196=EDGE_CURVE('',#1692,#1690,#955,.T.);
#2197=EDGE_CURVE('',#1693,#1691,#141,.T.);
#2198=EDGE_CURVE('',#1693,#1694,#956,.T.);
#2199=EDGE_CURVE('',#1694,#1692,#142,.T.);
#2200=EDGE_CURVE('',#1695,#1693,#957,.T.);
#2201=EDGE_CURVE('',#1695,#1696,#958,.T.);
#2202=EDGE_CURVE('',#1696,#1694,#959,.T.);
#2203=EDGE_CURVE('',#1614,#1695,#143,.T.);
#2204=EDGE_CURVE('',#1616,#1696,#144,.T.);
#2205=EDGE_CURVE('',#1697,#1697,#145,.T.);
#2206=EDGE_CURVE('',#1697,#1698,#960,.T.);
#2207=EDGE_CURVE('',#1699,#1699,#146,.T.);
#2208=EDGE_CURVE('',#1699,#1697,#961,.T.);
#2209=EDGE_CURVE('',#1700,#1700,#147,.T.);
#2210=EDGE_CURVE('',#1700,#1701,#962,.T.);
#2211=EDGE_CURVE('',#1702,#1702,#148,.T.);
#2212=EDGE_CURVE('',#1702,#1700,#963,.T.);
#2213=EDGE_CURVE('',#1703,#1703,#149,.T.);
#2214=EDGE_CURVE('',#1703,#1704,#964,.T.);
#2215=EDGE_CURVE('',#1705,#1705,#150,.T.);
#2216=EDGE_CURVE('',#1705,#1703,#965,.T.);
#2217=EDGE_CURVE('',#1534,#1706,#966,.T.);
#2218=EDGE_CURVE('',#1706,#1707,#151,.T.);
#2219=EDGE_CURVE('',#1707,#1533,#967,.T.);
#2220=EDGE_CURVE('',#1708,#1540,#968,.T.);
#2221=EDGE_CURVE('',#1708,#1706,#969,.T.);
#2222=EDGE_CURVE('',#1539,#1709,#970,.T.);
#2223=EDGE_CURVE('',#1709,#1708,#152,.T.);
#2224=EDGE_CURVE('',#1710,#1538,#971,.T.);
#2225=EDGE_CURVE('',#1710,#1709,#972,.T.);
#2226=EDGE_CURVE('',#1535,#1711,#973,.T.);
#2227=EDGE_CURVE('',#1711,#1712,#153,.T.);
#2228=EDGE_CURVE('',#1712,#1536,#974,.T.);
#2229=EDGE_CURVE('',#1707,#1711,#975,.T.);
#2230=EDGE_CURVE('',#1537,#1713,#976,.T.);
#2231=EDGE_CURVE('',#1713,#1710,#154,.T.);
#2232=EDGE_CURVE('',#1712,#1713,#977,.T.);
#2233=ORIENTED_EDGE('',*,*,#1714,.F.);
#2234=ORIENTED_EDGE('',*,*,#1715,.T.);
#2235=ORIENTED_EDGE('',*,*,#1716,.T.);
#2236=ORIENTED_EDGE('',*,*,#1717,.F.);
#2237=ORIENTED_EDGE('',*,*,#1718,.F.);
#2238=ORIENTED_EDGE('',*,*,#1719,.T.);
#2239=ORIENTED_EDGE('',*,*,#1720,.T.);
#2240=ORIENTED_EDGE('',*,*,#1715,.F.);
#2241=ORIENTED_EDGE('',*,*,#1721,.F.);
#2242=ORIENTED_EDGE('',*,*,#1722,.T.);
#2243=ORIENTED_EDGE('',*,*,#1723,.T.);
#2244=ORIENTED_EDGE('',*,*,#1719,.F.);
#2245=ORIENTED_EDGE('',*,*,#1724,.F.);
#2246=ORIENTED_EDGE('',*,*,#1725,.T.);
#2247=ORIENTED_EDGE('',*,*,#1726,.T.);
#2248=ORIENTED_EDGE('',*,*,#1722,.F.);
#2249=ORIENTED_EDGE('',*,*,#1727,.F.);
#2250=ORIENTED_EDGE('',*,*,#1728,.T.);
#2251=ORIENTED_EDGE('',*,*,#1729,.T.);
#2252=ORIENTED_EDGE('',*,*,#1725,.F.);
#2253=ORIENTED_EDGE('',*,*,#1730,.F.);
#2254=ORIENTED_EDGE('',*,*,#1731,.T.);
#2255=ORIENTED_EDGE('',*,*,#1732,.T.);
#2256=ORIENTED_EDGE('',*,*,#1728,.F.);
#2257=ORIENTED_EDGE('',*,*,#1733,.F.);
#2258=ORIENTED_EDGE('',*,*,#1734,.T.);
#2259=ORIENTED_EDGE('',*,*,#1735,.T.);
#2260=ORIENTED_EDGE('',*,*,#1731,.F.);
#2261=ORIENTED_EDGE('',*,*,#1736,.F.);
#2262=ORIENTED_EDGE('',*,*,#1737,.T.);
#2263=ORIENTED_EDGE('',*,*,#1738,.T.);
#2264=ORIENTED_EDGE('',*,*,#1734,.F.);
#2265=ORIENTED_EDGE('',*,*,#1739,.F.);
#2266=ORIENTED_EDGE('',*,*,#1740,.T.);
#2267=ORIENTED_EDGE('',*,*,#1741,.T.);
#2268=ORIENTED_EDGE('',*,*,#1737,.F.);
#2269=ORIENTED_EDGE('',*,*,#1742,.F.);
#2270=ORIENTED_EDGE('',*,*,#1743,.T.);
#2271=ORIENTED_EDGE('',*,*,#1744,.T.);
#2272=ORIENTED_EDGE('',*,*,#1740,.F.);
#2273=ORIENTED_EDGE('',*,*,#1745,.F.);
#2274=ORIENTED_EDGE('',*,*,#1746,.T.);
#2275=ORIENTED_EDGE('',*,*,#1747,.T.);
#2276=ORIENTED_EDGE('',*,*,#1743,.F.);
#2277=ORIENTED_EDGE('',*,*,#1748,.F.);
#2278=ORIENTED_EDGE('',*,*,#1749,.T.);
#2279=ORIENTED_EDGE('',*,*,#1750,.T.);
#2280=ORIENTED_EDGE('',*,*,#1746,.F.);
#2281=ORIENTED_EDGE('',*,*,#1751,.F.);
#2282=ORIENTED_EDGE('',*,*,#1752,.T.);
#2283=ORIENTED_EDGE('',*,*,#1753,.T.);
#2284=ORIENTED_EDGE('',*,*,#1749,.F.);
#2285=ORIENTED_EDGE('',*,*,#1754,.F.);
#2286=ORIENTED_EDGE('',*,*,#1755,.T.);
#2287=ORIENTED_EDGE('',*,*,#1756,.T.);
#2288=ORIENTED_EDGE('',*,*,#1752,.F.);
#2289=ORIENTED_EDGE('',*,*,#1757,.F.);
#2290=ORIENTED_EDGE('',*,*,#1758,.T.);
#2291=ORIENTED_EDGE('',*,*,#1759,.T.);
#2292=ORIENTED_EDGE('',*,*,#1755,.F.);
#2293=ORIENTED_EDGE('',*,*,#1760,.F.);
#2294=ORIENTED_EDGE('',*,*,#1761,.T.);
#2295=ORIENTED_EDGE('',*,*,#1762,.T.);
#2296=ORIENTED_EDGE('',*,*,#1758,.F.);
#2297=ORIENTED_EDGE('',*,*,#1763,.F.);
#2298=ORIENTED_EDGE('',*,*,#1764,.T.);
#2299=ORIENTED_EDGE('',*,*,#1765,.T.);
#2300=ORIENTED_EDGE('',*,*,#1761,.F.);
#2301=ORIENTED_EDGE('',*,*,#1766,.F.);
#2302=ORIENTED_EDGE('',*,*,#1767,.T.);
#2303=ORIENTED_EDGE('',*,*,#1768,.T.);
#2304=ORIENTED_EDGE('',*,*,#1764,.F.);
#2305=ORIENTED_EDGE('',*,*,#1769,.F.);
#2306=ORIENTED_EDGE('',*,*,#1770,.T.);
#2307=ORIENTED_EDGE('',*,*,#1771,.T.);
#2308=ORIENTED_EDGE('',*,*,#1767,.F.);
#2309=ORIENTED_EDGE('',*,*,#1772,.F.);
#2310=ORIENTED_EDGE('',*,*,#1773,.T.);
#2311=ORIENTED_EDGE('',*,*,#1774,.T.);
#2312=ORIENTED_EDGE('',*,*,#1770,.F.);
#2313=ORIENTED_EDGE('',*,*,#1775,.F.);
#2314=ORIENTED_EDGE('',*,*,#1776,.T.);
#2315=ORIENTED_EDGE('',*,*,#1777,.T.);
#2316=ORIENTED_EDGE('',*,*,#1773,.F.);
#2317=ORIENTED_EDGE('',*,*,#1778,.F.);
#2318=ORIENTED_EDGE('',*,*,#1779,.T.);
#2319=ORIENTED_EDGE('',*,*,#1780,.T.);
#2320=ORIENTED_EDGE('',*,*,#1776,.F.);
#2321=ORIENTED_EDGE('',*,*,#1781,.F.);
#2322=ORIENTED_EDGE('',*,*,#1782,.T.);
#2323=ORIENTED_EDGE('',*,*,#1783,.T.);
#2324=ORIENTED_EDGE('',*,*,#1779,.F.);
#2325=ORIENTED_EDGE('',*,*,#1784,.F.);
#2326=ORIENTED_EDGE('',*,*,#1785,.T.);
#2327=ORIENTED_EDGE('',*,*,#1786,.T.);
#2328=ORIENTED_EDGE('',*,*,#1782,.F.);
#2329=ORIENTED_EDGE('',*,*,#1787,.F.);
#2330=ORIENTED_EDGE('',*,*,#1788,.T.);
#2331=ORIENTED_EDGE('',*,*,#1789,.T.);
#2332=ORIENTED_EDGE('',*,*,#1785,.F.);
#2333=ORIENTED_EDGE('',*,*,#1790,.F.);
#2334=ORIENTED_EDGE('',*,*,#1791,.T.);
#2335=ORIENTED_EDGE('',*,*,#1792,.T.);
#2336=ORIENTED_EDGE('',*,*,#1788,.F.);
#2337=ORIENTED_EDGE('',*,*,#1793,.F.);
#2338=ORIENTED_EDGE('',*,*,#1794,.T.);
#2339=ORIENTED_EDGE('',*,*,#1795,.T.);
#2340=ORIENTED_EDGE('',*,*,#1791,.F.);
#2341=ORIENTED_EDGE('',*,*,#1796,.F.);
#2342=ORIENTED_EDGE('',*,*,#1797,.T.);
#2343=ORIENTED_EDGE('',*,*,#1798,.T.);
#2344=ORIENTED_EDGE('',*,*,#1794,.F.);
#2345=ORIENTED_EDGE('',*,*,#1799,.F.);
#2346=ORIENTED_EDGE('',*,*,#1800,.T.);
#2347=ORIENTED_EDGE('',*,*,#1801,.T.);
#2348=ORIENTED_EDGE('',*,*,#1797,.F.);
#2349=ORIENTED_EDGE('',*,*,#1802,.F.);
#2350=ORIENTED_EDGE('',*,*,#1803,.T.);
#2351=ORIENTED_EDGE('',*,*,#1804,.T.);
#2352=ORIENTED_EDGE('',*,*,#1800,.F.);
#2353=ORIENTED_EDGE('',*,*,#1805,.F.);
#2354=ORIENTED_EDGE('',*,*,#1806,.T.);
#2355=ORIENTED_EDGE('',*,*,#1807,.T.);
#2356=ORIENTED_EDGE('',*,*,#1803,.F.);
#2357=ORIENTED_EDGE('',*,*,#1808,.F.);
#2358=ORIENTED_EDGE('',*,*,#1809,.T.);
#2359=ORIENTED_EDGE('',*,*,#1810,.T.);
#2360=ORIENTED_EDGE('',*,*,#1806,.F.);
#2361=ORIENTED_EDGE('',*,*,#1811,.F.);
#2362=ORIENTED_EDGE('',*,*,#1812,.T.);
#2363=ORIENTED_EDGE('',*,*,#1813,.T.);
#2364=ORIENTED_EDGE('',*,*,#1809,.F.);
#2365=ORIENTED_EDGE('',*,*,#1814,.F.);
#2366=ORIENTED_EDGE('',*,*,#1815,.T.);
#2367=ORIENTED_EDGE('',*,*,#1816,.T.);
#2368=ORIENTED_EDGE('',*,*,#1812,.F.);
#2369=ORIENTED_EDGE('',*,*,#1817,.F.);
#2370=ORIENTED_EDGE('',*,*,#1818,.T.);
#2371=ORIENTED_EDGE('',*,*,#1819,.T.);
#2372=ORIENTED_EDGE('',*,*,#1815,.F.);
#2373=ORIENTED_EDGE('',*,*,#1820,.F.);
#2374=ORIENTED_EDGE('',*,*,#1821,.T.);
#2375=ORIENTED_EDGE('',*,*,#1822,.T.);
#2376=ORIENTED_EDGE('',*,*,#1818,.F.);
#2377=ORIENTED_EDGE('',*,*,#1823,.F.);
#2378=ORIENTED_EDGE('',*,*,#1824,.T.);
#2379=ORIENTED_EDGE('',*,*,#1825,.T.);
#2380=ORIENTED_EDGE('',*,*,#1821,.F.);
#2381=ORIENTED_EDGE('',*,*,#1826,.F.);
#2382=ORIENTED_EDGE('',*,*,#1827,.T.);
#2383=ORIENTED_EDGE('',*,*,#1828,.T.);
#2384=ORIENTED_EDGE('',*,*,#1824,.F.);
#2385=ORIENTED_EDGE('',*,*,#1829,.F.);
#2386=ORIENTED_EDGE('',*,*,#1830,.T.);
#2387=ORIENTED_EDGE('',*,*,#1831,.T.);
#2388=ORIENTED_EDGE('',*,*,#1827,.F.);
#2389=ORIENTED_EDGE('',*,*,#1832,.F.);
#2390=ORIENTED_EDGE('',*,*,#1833,.T.);
#2391=ORIENTED_EDGE('',*,*,#1834,.T.);
#2392=ORIENTED_EDGE('',*,*,#1830,.F.);
#2393=ORIENTED_EDGE('',*,*,#1835,.F.);
#2394=ORIENTED_EDGE('',*,*,#1836,.T.);
#2395=ORIENTED_EDGE('',*,*,#1837,.T.);
#2396=ORIENTED_EDGE('',*,*,#1833,.F.);
#2397=ORIENTED_EDGE('',*,*,#1838,.F.);
#2398=ORIENTED_EDGE('',*,*,#1717,.T.);
#2399=ORIENTED_EDGE('',*,*,#1839,.T.);
#2400=ORIENTED_EDGE('',*,*,#1836,.F.);
#2401=ORIENTED_EDGE('',*,*,#1840,.F.);
#2402=ORIENTED_EDGE('',*,*,#1841,.T.);
#2403=ORIENTED_EDGE('',*,*,#1842,.T.);
#2404=ORIENTED_EDGE('',*,*,#1843,.F.);
#2405=ORIENTED_EDGE('',*,*,#1844,.F.);
#2406=ORIENTED_EDGE('',*,*,#1845,.T.);
#2407=ORIENTED_EDGE('',*,*,#1846,.T.);
#2408=ORIENTED_EDGE('',*,*,#1841,.F.);
#2409=ORIENTED_EDGE('',*,*,#1847,.F.);
#2410=ORIENTED_EDGE('',*,*,#1848,.T.);
#2411=ORIENTED_EDGE('',*,*,#1849,.T.);
#2412=ORIENTED_EDGE('',*,*,#1845,.F.);
#2413=ORIENTED_EDGE('',*,*,#1850,.F.);
#2414=ORIENTED_EDGE('',*,*,#1851,.T.);
#2415=ORIENTED_EDGE('',*,*,#1852,.T.);
#2416=ORIENTED_EDGE('',*,*,#1848,.F.);
#2417=ORIENTED_EDGE('',*,*,#1853,.F.);
#2418=ORIENTED_EDGE('',*,*,#1854,.T.);
#2419=ORIENTED_EDGE('',*,*,#1855,.T.);
#2420=ORIENTED_EDGE('',*,*,#1851,.F.);
#2421=ORIENTED_EDGE('',*,*,#1856,.F.);
#2422=ORIENTED_EDGE('',*,*,#1857,.T.);
#2423=ORIENTED_EDGE('',*,*,#1858,.T.);
#2424=ORIENTED_EDGE('',*,*,#1854,.F.);
#2425=ORIENTED_EDGE('',*,*,#1859,.F.);
#2426=ORIENTED_EDGE('',*,*,#1860,.T.);
#2427=ORIENTED_EDGE('',*,*,#1861,.T.);
#2428=ORIENTED_EDGE('',*,*,#1857,.F.);
#2429=ORIENTED_EDGE('',*,*,#1862,.F.);
#2430=ORIENTED_EDGE('',*,*,#1863,.T.);
#2431=ORIENTED_EDGE('',*,*,#1864,.T.);
#2432=ORIENTED_EDGE('',*,*,#1860,.F.);
#2433=ORIENTED_EDGE('',*,*,#1865,.F.);
#2434=ORIENTED_EDGE('',*,*,#1866,.T.);
#2435=ORIENTED_EDGE('',*,*,#1867,.T.);
#2436=ORIENTED_EDGE('',*,*,#1863,.F.);
#2437=ORIENTED_EDGE('',*,*,#1868,.F.);
#2438=ORIENTED_EDGE('',*,*,#1869,.T.);
#2439=ORIENTED_EDGE('',*,*,#1870,.T.);
#2440=ORIENTED_EDGE('',*,*,#1866,.F.);
#2441=ORIENTED_EDGE('',*,*,#1871,.F.);
#2442=ORIENTED_EDGE('',*,*,#1872,.T.);
#2443=ORIENTED_EDGE('',*,*,#1873,.T.);
#2444=ORIENTED_EDGE('',*,*,#1869,.F.);
#2445=ORIENTED_EDGE('',*,*,#1874,.F.);
#2446=ORIENTED_EDGE('',*,*,#1875,.T.);
#2447=ORIENTED_EDGE('',*,*,#1876,.T.);
#2448=ORIENTED_EDGE('',*,*,#1872,.F.);
#2449=ORIENTED_EDGE('',*,*,#1877,.F.);
#2450=ORIENTED_EDGE('',*,*,#1878,.T.);
#2451=ORIENTED_EDGE('',*,*,#1879,.T.);
#2452=ORIENTED_EDGE('',*,*,#1875,.F.);
#2453=ORIENTED_EDGE('',*,*,#1880,.F.);
#2454=ORIENTED_EDGE('',*,*,#1881,.T.);
#2455=ORIENTED_EDGE('',*,*,#1882,.T.);
#2456=ORIENTED_EDGE('',*,*,#1878,.F.);
#2457=ORIENTED_EDGE('',*,*,#1883,.F.);
#2458=ORIENTED_EDGE('',*,*,#1884,.T.);
#2459=ORIENTED_EDGE('',*,*,#1885,.T.);
#2460=ORIENTED_EDGE('',*,*,#1881,.F.);
#2461=ORIENTED_EDGE('',*,*,#1886,.F.);
#2462=ORIENTED_EDGE('',*,*,#1887,.T.);
#2463=ORIENTED_EDGE('',*,*,#1888,.T.);
#2464=ORIENTED_EDGE('',*,*,#1884,.F.);
#2465=ORIENTED_EDGE('',*,*,#1889,.F.);
#2466=ORIENTED_EDGE('',*,*,#1890,.T.);
#2467=ORIENTED_EDGE('',*,*,#1891,.T.);
#2468=ORIENTED_EDGE('',*,*,#1887,.F.);
#2469=ORIENTED_EDGE('',*,*,#1892,.F.);
#2470=ORIENTED_EDGE('',*,*,#1893,.T.);
#2471=ORIENTED_EDGE('',*,*,#1894,.T.);
#2472=ORIENTED_EDGE('',*,*,#1890,.F.);
#2473=ORIENTED_EDGE('',*,*,#1895,.F.);
#2474=ORIENTED_EDGE('',*,*,#1896,.T.);
#2475=ORIENTED_EDGE('',*,*,#1897,.T.);
#2476=ORIENTED_EDGE('',*,*,#1893,.F.);
#2477=ORIENTED_EDGE('',*,*,#1898,.F.);
#2478=ORIENTED_EDGE('',*,*,#1899,.T.);
#2479=ORIENTED_EDGE('',*,*,#1900,.T.);
#2480=ORIENTED_EDGE('',*,*,#1896,.F.);
#2481=ORIENTED_EDGE('',*,*,#1901,.F.);
#2482=ORIENTED_EDGE('',*,*,#1902,.T.);
#2483=ORIENTED_EDGE('',*,*,#1903,.T.);
#2484=ORIENTED_EDGE('',*,*,#1899,.F.);
#2485=ORIENTED_EDGE('',*,*,#1904,.F.);
#2486=ORIENTED_EDGE('',*,*,#1905,.T.);
#2487=ORIENTED_EDGE('',*,*,#1906,.T.);
#2488=ORIENTED_EDGE('',*,*,#1902,.F.);
#2489=ORIENTED_EDGE('',*,*,#1907,.F.);
#2490=ORIENTED_EDGE('',*,*,#1908,.T.);
#2491=ORIENTED_EDGE('',*,*,#1909,.T.);
#2492=ORIENTED_EDGE('',*,*,#1905,.F.);
#2493=ORIENTED_EDGE('',*,*,#1910,.F.);
#2494=ORIENTED_EDGE('',*,*,#1911,.T.);
#2495=ORIENTED_EDGE('',*,*,#1912,.T.);
#2496=ORIENTED_EDGE('',*,*,#1908,.F.);
#2497=ORIENTED_EDGE('',*,*,#1913,.F.);
#2498=ORIENTED_EDGE('',*,*,#1914,.T.);
#2499=ORIENTED_EDGE('',*,*,#1915,.T.);
#2500=ORIENTED_EDGE('',*,*,#1911,.F.);
#2501=ORIENTED_EDGE('',*,*,#1916,.F.);
#2502=ORIENTED_EDGE('',*,*,#1917,.T.);
#2503=ORIENTED_EDGE('',*,*,#1918,.T.);
#2504=ORIENTED_EDGE('',*,*,#1914,.F.);
#2505=ORIENTED_EDGE('',*,*,#1919,.F.);
#2506=ORIENTED_EDGE('',*,*,#1920,.T.);
#2507=ORIENTED_EDGE('',*,*,#1921,.T.);
#2508=ORIENTED_EDGE('',*,*,#1917,.F.);
#2509=ORIENTED_EDGE('',*,*,#1922,.F.);
#2510=ORIENTED_EDGE('',*,*,#1923,.T.);
#2511=ORIENTED_EDGE('',*,*,#1924,.T.);
#2512=ORIENTED_EDGE('',*,*,#1920,.F.);
#2513=ORIENTED_EDGE('',*,*,#1925,.F.);
#2514=ORIENTED_EDGE('',*,*,#1926,.T.);
#2515=ORIENTED_EDGE('',*,*,#1927,.T.);
#2516=ORIENTED_EDGE('',*,*,#1923,.F.);
#2517=ORIENTED_EDGE('',*,*,#1928,.F.);
#2518=ORIENTED_EDGE('',*,*,#1929,.T.);
#2519=ORIENTED_EDGE('',*,*,#1930,.T.);
#2520=ORIENTED_EDGE('',*,*,#1926,.F.);
#2521=ORIENTED_EDGE('',*,*,#1931,.F.);
#2522=ORIENTED_EDGE('',*,*,#1932,.T.);
#2523=ORIENTED_EDGE('',*,*,#1933,.T.);
#2524=ORIENTED_EDGE('',*,*,#1929,.F.);
#2525=ORIENTED_EDGE('',*,*,#1934,.F.);
#2526=ORIENTED_EDGE('',*,*,#1935,.T.);
#2527=ORIENTED_EDGE('',*,*,#1936,.T.);
#2528=ORIENTED_EDGE('',*,*,#1932,.F.);
#2529=ORIENTED_EDGE('',*,*,#1937,.F.);
#2530=ORIENTED_EDGE('',*,*,#1938,.T.);
#2531=ORIENTED_EDGE('',*,*,#1939,.T.);
#2532=ORIENTED_EDGE('',*,*,#1935,.F.);
#2533=ORIENTED_EDGE('',*,*,#1940,.F.);
#2534=ORIENTED_EDGE('',*,*,#1941,.T.);
#2535=ORIENTED_EDGE('',*,*,#1942,.T.);
#2536=ORIENTED_EDGE('',*,*,#1938,.F.);
#2537=ORIENTED_EDGE('',*,*,#1943,.F.);
#2538=ORIENTED_EDGE('',*,*,#1944,.T.);
#2539=ORIENTED_EDGE('',*,*,#1945,.T.);
#2540=ORIENTED_EDGE('',*,*,#1941,.F.);
#2541=ORIENTED_EDGE('',*,*,#1946,.F.);
#2542=ORIENTED_EDGE('',*,*,#1947,.T.);
#2543=ORIENTED_EDGE('',*,*,#1948,.T.);
#2544=ORIENTED_EDGE('',*,*,#1944,.F.);
#2545=ORIENTED_EDGE('',*,*,#1949,.F.);
#2546=ORIENTED_EDGE('',*,*,#1950,.T.);
#2547=ORIENTED_EDGE('',*,*,#1951,.T.);
#2548=ORIENTED_EDGE('',*,*,#1947,.F.);
#2549=ORIENTED_EDGE('',*,*,#1952,.F.);
#2550=ORIENTED_EDGE('',*,*,#1953,.T.);
#2551=ORIENTED_EDGE('',*,*,#1954,.T.);
#2552=ORIENTED_EDGE('',*,*,#1950,.F.);
#2553=ORIENTED_EDGE('',*,*,#1955,.F.);
#2554=ORIENTED_EDGE('',*,*,#1956,.T.);
#2555=ORIENTED_EDGE('',*,*,#1957,.T.);
#2556=ORIENTED_EDGE('',*,*,#1953,.F.);
#2557=ORIENTED_EDGE('',*,*,#1958,.F.);
#2558=ORIENTED_EDGE('',*,*,#1959,.T.);
#2559=ORIENTED_EDGE('',*,*,#1960,.T.);
#2560=ORIENTED_EDGE('',*,*,#1956,.F.);
#2561=ORIENTED_EDGE('',*,*,#1961,.F.);
#2562=ORIENTED_EDGE('',*,*,#1843,.T.);
#2563=ORIENTED_EDGE('',*,*,#1962,.T.);
#2564=ORIENTED_EDGE('',*,*,#1959,.F.);
#2565=ORIENTED_EDGE('',*,*,#1962,.F.);
#2566=ORIENTED_EDGE('',*,*,#1842,.F.);
#2567=ORIENTED_EDGE('',*,*,#1846,.F.);
#2568=ORIENTED_EDGE('',*,*,#1849,.F.);
#2569=ORIENTED_EDGE('',*,*,#1852,.F.);
#2570=ORIENTED_EDGE('',*,*,#1855,.F.);
#2571=ORIENTED_EDGE('',*,*,#1858,.F.);
#2572=ORIENTED_EDGE('',*,*,#1861,.F.);
#2573=ORIENTED_EDGE('',*,*,#1864,.F.);
#2574=ORIENTED_EDGE('',*,*,#1867,.F.);
#2575=ORIENTED_EDGE('',*,*,#1870,.F.);
#2576=ORIENTED_EDGE('',*,*,#1873,.F.);
#2577=ORIENTED_EDGE('',*,*,#1876,.F.);
#2578=ORIENTED_EDGE('',*,*,#1879,.F.);
#2579=ORIENTED_EDGE('',*,*,#1882,.F.);
#2580=ORIENTED_EDGE('',*,*,#1885,.F.);
#2581=ORIENTED_EDGE('',*,*,#1888,.F.);
#2582=ORIENTED_EDGE('',*,*,#1891,.F.);
#2583=ORIENTED_EDGE('',*,*,#1894,.F.);
#2584=ORIENTED_EDGE('',*,*,#1897,.F.);
#2585=ORIENTED_EDGE('',*,*,#1900,.F.);
#2586=ORIENTED_EDGE('',*,*,#1903,.F.);
#2587=ORIENTED_EDGE('',*,*,#1906,.F.);
#2588=ORIENTED_EDGE('',*,*,#1909,.F.);
#2589=ORIENTED_EDGE('',*,*,#1912,.F.);
#2590=ORIENTED_EDGE('',*,*,#1915,.F.);
#2591=ORIENTED_EDGE('',*,*,#1918,.F.);
#2592=ORIENTED_EDGE('',*,*,#1921,.F.);
#2593=ORIENTED_EDGE('',*,*,#1924,.F.);
#2594=ORIENTED_EDGE('',*,*,#1927,.F.);
#2595=ORIENTED_EDGE('',*,*,#1930,.F.);
#2596=ORIENTED_EDGE('',*,*,#1933,.F.);
#2597=ORIENTED_EDGE('',*,*,#1936,.F.);
#2598=ORIENTED_EDGE('',*,*,#1939,.F.);
#2599=ORIENTED_EDGE('',*,*,#1942,.F.);
#2600=ORIENTED_EDGE('',*,*,#1945,.F.);
#2601=ORIENTED_EDGE('',*,*,#1948,.F.);
#2602=ORIENTED_EDGE('',*,*,#1951,.F.);
#2603=ORIENTED_EDGE('',*,*,#1954,.F.);
#2604=ORIENTED_EDGE('',*,*,#1957,.F.);
#2605=ORIENTED_EDGE('',*,*,#1960,.F.);
#2606=ORIENTED_EDGE('',*,*,#1839,.F.);
#2607=ORIENTED_EDGE('',*,*,#1716,.F.);
#2608=ORIENTED_EDGE('',*,*,#1720,.F.);
#2609=ORIENTED_EDGE('',*,*,#1723,.F.);
#2610=ORIENTED_EDGE('',*,*,#1726,.F.);
#2611=ORIENTED_EDGE('',*,*,#1729,.F.);
#2612=ORIENTED_EDGE('',*,*,#1732,.F.);
#2613=ORIENTED_EDGE('',*,*,#1735,.F.);
#2614=ORIENTED_EDGE('',*,*,#1738,.F.);
#2615=ORIENTED_EDGE('',*,*,#1741,.F.);
#2616=ORIENTED_EDGE('',*,*,#1744,.F.);
#2617=ORIENTED_EDGE('',*,*,#1747,.F.);
#2618=ORIENTED_EDGE('',*,*,#1750,.F.);
#2619=ORIENTED_EDGE('',*,*,#1753,.F.);
#2620=ORIENTED_EDGE('',*,*,#1756,.F.);
#2621=ORIENTED_EDGE('',*,*,#1759,.F.);
#2622=ORIENTED_EDGE('',*,*,#1762,.F.);
#2623=ORIENTED_EDGE('',*,*,#1765,.F.);
#2624=ORIENTED_EDGE('',*,*,#1768,.F.);
#2625=ORIENTED_EDGE('',*,*,#1771,.F.);
#2626=ORIENTED_EDGE('',*,*,#1774,.F.);
#2627=ORIENTED_EDGE('',*,*,#1777,.F.);
#2628=ORIENTED_EDGE('',*,*,#1780,.F.);
#2629=ORIENTED_EDGE('',*,*,#1783,.F.);
#2630=ORIENTED_EDGE('',*,*,#1786,.F.);
#2631=ORIENTED_EDGE('',*,*,#1789,.F.);
#2632=ORIENTED_EDGE('',*,*,#1792,.F.);
#2633=ORIENTED_EDGE('',*,*,#1795,.F.);
#2634=ORIENTED_EDGE('',*,*,#1798,.F.);
#2635=ORIENTED_EDGE('',*,*,#1801,.F.);
#2636=ORIENTED_EDGE('',*,*,#1804,.F.);
#2637=ORIENTED_EDGE('',*,*,#1807,.F.);
#2638=ORIENTED_EDGE('',*,*,#1810,.F.);
#2639=ORIENTED_EDGE('',*,*,#1813,.F.);
#2640=ORIENTED_EDGE('',*,*,#1816,.F.);
#2641=ORIENTED_EDGE('',*,*,#1819,.F.);
#2642=ORIENTED_EDGE('',*,*,#1822,.F.);
#2643=ORIENTED_EDGE('',*,*,#1825,.F.);
#2644=ORIENTED_EDGE('',*,*,#1828,.F.);
#2645=ORIENTED_EDGE('',*,*,#1831,.F.);
#2646=ORIENTED_EDGE('',*,*,#1834,.F.);
#2647=ORIENTED_EDGE('',*,*,#1837,.F.);
#2648=ORIENTED_EDGE('',*,*,#1963,.F.);
#2649=ORIENTED_EDGE('',*,*,#1964,.F.);
#2650=ORIENTED_EDGE('',*,*,#1965,.F.);
#2651=ORIENTED_EDGE('',*,*,#1966,.F.);
#2652=ORIENTED_EDGE('',*,*,#1967,.F.);
#2653=ORIENTED_EDGE('',*,*,#1968,.F.);
#2654=ORIENTED_EDGE('',*,*,#1969,.F.);
#2655=ORIENTED_EDGE('',*,*,#1970,.F.);
#2656=ORIENTED_EDGE('',*,*,#1840,.T.);
#2657=ORIENTED_EDGE('',*,*,#1961,.T.);
#2658=ORIENTED_EDGE('',*,*,#1958,.T.);
#2659=ORIENTED_EDGE('',*,*,#1955,.T.);
#2660=ORIENTED_EDGE('',*,*,#1952,.T.);
#2661=ORIENTED_EDGE('',*,*,#1949,.T.);
#2662=ORIENTED_EDGE('',*,*,#1946,.T.);
#2663=ORIENTED_EDGE('',*,*,#1943,.T.);
#2664=ORIENTED_EDGE('',*,*,#1940,.T.);
#2665=ORIENTED_EDGE('',*,*,#1937,.T.);
#2666=ORIENTED_EDGE('',*,*,#1934,.T.);
#2667=ORIENTED_EDGE('',*,*,#1931,.T.);
#2668=ORIENTED_EDGE('',*,*,#1928,.T.);
#2669=ORIENTED_EDGE('',*,*,#1925,.T.);
#2670=ORIENTED_EDGE('',*,*,#1922,.T.);
#2671=ORIENTED_EDGE('',*,*,#1919,.T.);
#2672=ORIENTED_EDGE('',*,*,#1916,.T.);
#2673=ORIENTED_EDGE('',*,*,#1913,.T.);
#2674=ORIENTED_EDGE('',*,*,#1910,.T.);
#2675=ORIENTED_EDGE('',*,*,#1907,.T.);
#2676=ORIENTED_EDGE('',*,*,#1904,.T.);
#2677=ORIENTED_EDGE('',*,*,#1901,.T.);
#2678=ORIENTED_EDGE('',*,*,#1898,.T.);
#2679=ORIENTED_EDGE('',*,*,#1895,.T.);
#2680=ORIENTED_EDGE('',*,*,#1892,.T.);
#2681=ORIENTED_EDGE('',*,*,#1889,.T.);
#2682=ORIENTED_EDGE('',*,*,#1886,.T.);
#2683=ORIENTED_EDGE('',*,*,#1883,.T.);
#2684=ORIENTED_EDGE('',*,*,#1880,.T.);
#2685=ORIENTED_EDGE('',*,*,#1877,.T.);
#2686=ORIENTED_EDGE('',*,*,#1874,.T.);
#2687=ORIENTED_EDGE('',*,*,#1871,.T.);
#2688=ORIENTED_EDGE('',*,*,#1868,.T.);
#2689=ORIENTED_EDGE('',*,*,#1865,.T.);
#2690=ORIENTED_EDGE('',*,*,#1862,.T.);
#2691=ORIENTED_EDGE('',*,*,#1859,.T.);
#2692=ORIENTED_EDGE('',*,*,#1856,.T.);
#2693=ORIENTED_EDGE('',*,*,#1853,.T.);
#2694=ORIENTED_EDGE('',*,*,#1850,.T.);
#2695=ORIENTED_EDGE('',*,*,#1847,.T.);
#2696=ORIENTED_EDGE('',*,*,#1844,.T.);
#2697=ORIENTED_EDGE('',*,*,#1971,.F.);
#2698=ORIENTED_EDGE('',*,*,#1972,.T.);
#2699=ORIENTED_EDGE('',*,*,#1973,.T.);
#2700=ORIENTED_EDGE('',*,*,#1974,.F.);
#2701=ORIENTED_EDGE('',*,*,#1975,.F.);
#2702=ORIENTED_EDGE('',*,*,#1976,.T.);
#2703=ORIENTED_EDGE('',*,*,#1977,.T.);
#2704=ORIENTED_EDGE('',*,*,#1972,.F.);
#2705=ORIENTED_EDGE('',*,*,#1978,.F.);
#2706=ORIENTED_EDGE('',*,*,#1979,.T.);
#2707=ORIENTED_EDGE('',*,*,#1980,.T.);
#2708=ORIENTED_EDGE('',*,*,#1976,.F.);
#2709=ORIENTED_EDGE('',*,*,#1981,.F.);
#2710=ORIENTED_EDGE('',*,*,#1982,.T.);
#2711=ORIENTED_EDGE('',*,*,#1983,.T.);
#2712=ORIENTED_EDGE('',*,*,#1979,.F.);
#2713=ORIENTED_EDGE('',*,*,#1984,.F.);
#2714=ORIENTED_EDGE('',*,*,#1985,.T.);
#2715=ORIENTED_EDGE('',*,*,#1986,.T.);
#2716=ORIENTED_EDGE('',*,*,#1982,.F.);
#2717=ORIENTED_EDGE('',*,*,#1987,.F.);
#2718=ORIENTED_EDGE('',*,*,#1988,.T.);
#2719=ORIENTED_EDGE('',*,*,#1989,.T.);
#2720=ORIENTED_EDGE('',*,*,#1985,.F.);
#2721=ORIENTED_EDGE('',*,*,#1990,.F.);
#2722=ORIENTED_EDGE('',*,*,#1991,.T.);
#2723=ORIENTED_EDGE('',*,*,#1992,.T.);
#2724=ORIENTED_EDGE('',*,*,#1988,.F.);
#2725=ORIENTED_EDGE('',*,*,#1993,.F.);
#2726=ORIENTED_EDGE('',*,*,#1994,.T.);
#2727=ORIENTED_EDGE('',*,*,#1995,.T.);
#2728=ORIENTED_EDGE('',*,*,#1991,.F.);
#2729=ORIENTED_EDGE('',*,*,#1996,.F.);
#2730=ORIENTED_EDGE('',*,*,#1997,.T.);
#2731=ORIENTED_EDGE('',*,*,#1998,.T.);
#2732=ORIENTED_EDGE('',*,*,#1994,.F.);
#2733=ORIENTED_EDGE('',*,*,#1999,.F.);
#2734=ORIENTED_EDGE('',*,*,#2000,.T.);
#2735=ORIENTED_EDGE('',*,*,#2001,.T.);
#2736=ORIENTED_EDGE('',*,*,#1997,.F.);
#2737=ORIENTED_EDGE('',*,*,#2002,.F.);
#2738=ORIENTED_EDGE('',*,*,#2003,.T.);
#2739=ORIENTED_EDGE('',*,*,#2004,.T.);
#2740=ORIENTED_EDGE('',*,*,#2000,.F.);
#2741=ORIENTED_EDGE('',*,*,#2005,.F.);
#2742=ORIENTED_EDGE('',*,*,#2006,.T.);
#2743=ORIENTED_EDGE('',*,*,#2007,.T.);
#2744=ORIENTED_EDGE('',*,*,#2003,.F.);
#2745=ORIENTED_EDGE('',*,*,#2008,.F.);
#2746=ORIENTED_EDGE('',*,*,#2009,.T.);
#2747=ORIENTED_EDGE('',*,*,#2010,.T.);
#2748=ORIENTED_EDGE('',*,*,#2006,.F.);
#2749=ORIENTED_EDGE('',*,*,#2011,.F.);
#2750=ORIENTED_EDGE('',*,*,#2012,.T.);
#2751=ORIENTED_EDGE('',*,*,#2013,.T.);
#2752=ORIENTED_EDGE('',*,*,#2009,.F.);
#2753=ORIENTED_EDGE('',*,*,#2014,.F.);
#2754=ORIENTED_EDGE('',*,*,#2015,.T.);
#2755=ORIENTED_EDGE('',*,*,#2016,.T.);
#2756=ORIENTED_EDGE('',*,*,#2012,.F.);
#2757=ORIENTED_EDGE('',*,*,#2017,.F.);
#2758=ORIENTED_EDGE('',*,*,#2018,.T.);
#2759=ORIENTED_EDGE('',*,*,#2019,.T.);
#2760=ORIENTED_EDGE('',*,*,#2015,.F.);
#2761=ORIENTED_EDGE('',*,*,#2020,.F.);
#2762=ORIENTED_EDGE('',*,*,#2021,.T.);
#2763=ORIENTED_EDGE('',*,*,#2022,.T.);
#2764=ORIENTED_EDGE('',*,*,#2018,.F.);
#2765=ORIENTED_EDGE('',*,*,#2023,.F.);
#2766=ORIENTED_EDGE('',*,*,#2024,.T.);
#2767=ORIENTED_EDGE('',*,*,#2025,.T.);
#2768=ORIENTED_EDGE('',*,*,#2021,.F.);
#2769=ORIENTED_EDGE('',*,*,#2026,.F.);
#2770=ORIENTED_EDGE('',*,*,#2027,.T.);
#2771=ORIENTED_EDGE('',*,*,#2028,.T.);
#2772=ORIENTED_EDGE('',*,*,#2024,.F.);
#2773=ORIENTED_EDGE('',*,*,#2029,.F.);
#2774=ORIENTED_EDGE('',*,*,#2030,.T.);
#2775=ORIENTED_EDGE('',*,*,#2031,.T.);
#2776=ORIENTED_EDGE('',*,*,#2027,.F.);
#2777=ORIENTED_EDGE('',*,*,#2032,.F.);
#2778=ORIENTED_EDGE('',*,*,#2033,.T.);
#2779=ORIENTED_EDGE('',*,*,#2034,.T.);
#2780=ORIENTED_EDGE('',*,*,#2030,.F.);
#2781=ORIENTED_EDGE('',*,*,#2035,.F.);
#2782=ORIENTED_EDGE('',*,*,#2036,.T.);
#2783=ORIENTED_EDGE('',*,*,#2037,.T.);
#2784=ORIENTED_EDGE('',*,*,#2033,.F.);
#2785=ORIENTED_EDGE('',*,*,#2038,.F.);
#2786=ORIENTED_EDGE('',*,*,#2039,.T.);
#2787=ORIENTED_EDGE('',*,*,#2040,.T.);
#2788=ORIENTED_EDGE('',*,*,#2036,.F.);
#2789=ORIENTED_EDGE('',*,*,#2041,.F.);
#2790=ORIENTED_EDGE('',*,*,#2042,.T.);
#2791=ORIENTED_EDGE('',*,*,#2043,.T.);
#2792=ORIENTED_EDGE('',*,*,#2039,.F.);
#2793=ORIENTED_EDGE('',*,*,#2044,.F.);
#2794=ORIENTED_EDGE('',*,*,#2045,.T.);
#2795=ORIENTED_EDGE('',*,*,#2046,.T.);
#2796=ORIENTED_EDGE('',*,*,#2042,.F.);
#2797=ORIENTED_EDGE('',*,*,#2047,.F.);
#2798=ORIENTED_EDGE('',*,*,#2048,.T.);
#2799=ORIENTED_EDGE('',*,*,#2049,.T.);
#2800=ORIENTED_EDGE('',*,*,#2045,.F.);
#2801=ORIENTED_EDGE('',*,*,#2050,.F.);
#2802=ORIENTED_EDGE('',*,*,#2051,.T.);
#2803=ORIENTED_EDGE('',*,*,#2052,.T.);
#2804=ORIENTED_EDGE('',*,*,#2048,.F.);
#2805=ORIENTED_EDGE('',*,*,#2053,.F.);
#2806=ORIENTED_EDGE('',*,*,#2054,.T.);
#2807=ORIENTED_EDGE('',*,*,#2055,.T.);
#2808=ORIENTED_EDGE('',*,*,#2051,.F.);
#2809=ORIENTED_EDGE('',*,*,#2056,.F.);
#2810=ORIENTED_EDGE('',*,*,#2057,.T.);
#2811=ORIENTED_EDGE('',*,*,#2058,.T.);
#2812=ORIENTED_EDGE('',*,*,#2054,.F.);
#2813=ORIENTED_EDGE('',*,*,#2059,.F.);
#2814=ORIENTED_EDGE('',*,*,#2060,.T.);
#2815=ORIENTED_EDGE('',*,*,#2061,.T.);
#2816=ORIENTED_EDGE('',*,*,#2057,.F.);
#2817=ORIENTED_EDGE('',*,*,#2062,.F.);
#2818=ORIENTED_EDGE('',*,*,#2063,.T.);
#2819=ORIENTED_EDGE('',*,*,#2064,.T.);
#2820=ORIENTED_EDGE('',*,*,#2060,.F.);
#2821=ORIENTED_EDGE('',*,*,#2065,.F.);
#2822=ORIENTED_EDGE('',*,*,#2066,.T.);
#2823=ORIENTED_EDGE('',*,*,#2067,.T.);
#2824=ORIENTED_EDGE('',*,*,#2063,.F.);
#2825=ORIENTED_EDGE('',*,*,#2068,.F.);
#2826=ORIENTED_EDGE('',*,*,#2069,.T.);
#2827=ORIENTED_EDGE('',*,*,#2070,.T.);
#2828=ORIENTED_EDGE('',*,*,#2066,.F.);
#2829=ORIENTED_EDGE('',*,*,#2071,.F.);
#2830=ORIENTED_EDGE('',*,*,#2072,.T.);
#2831=ORIENTED_EDGE('',*,*,#2073,.T.);
#2832=ORIENTED_EDGE('',*,*,#2069,.F.);
#2833=ORIENTED_EDGE('',*,*,#2074,.F.);
#2834=ORIENTED_EDGE('',*,*,#2075,.T.);
#2835=ORIENTED_EDGE('',*,*,#2076,.T.);
#2836=ORIENTED_EDGE('',*,*,#2072,.F.);
#2837=ORIENTED_EDGE('',*,*,#2077,.F.);
#2838=ORIENTED_EDGE('',*,*,#1974,.T.);
#2839=ORIENTED_EDGE('',*,*,#2078,.T.);
#2840=ORIENTED_EDGE('',*,*,#2075,.F.);
#2841=ORIENTED_EDGE('',*,*,#2079,.F.);
#2842=ORIENTED_EDGE('',*,*,#2080,.T.);
#2843=ORIENTED_EDGE('',*,*,#2081,.T.);
#2844=ORIENTED_EDGE('',*,*,#2082,.F.);
#2845=ORIENTED_EDGE('',*,*,#2083,.F.);
#2846=ORIENTED_EDGE('',*,*,#2084,.T.);
#2847=ORIENTED_EDGE('',*,*,#2085,.T.);
#2848=ORIENTED_EDGE('',*,*,#2080,.F.);
#2849=ORIENTED_EDGE('',*,*,#2086,.F.);
#2850=ORIENTED_EDGE('',*,*,#2087,.T.);
#2851=ORIENTED_EDGE('',*,*,#2088,.T.);
#2852=ORIENTED_EDGE('',*,*,#2084,.F.);
#2853=ORIENTED_EDGE('',*,*,#2089,.F.);
#2854=ORIENTED_EDGE('',*,*,#2090,.T.);
#2855=ORIENTED_EDGE('',*,*,#2091,.T.);
#2856=ORIENTED_EDGE('',*,*,#2087,.F.);
#2857=ORIENTED_EDGE('',*,*,#2092,.F.);
#2858=ORIENTED_EDGE('',*,*,#2093,.T.);
#2859=ORIENTED_EDGE('',*,*,#2094,.T.);
#2860=ORIENTED_EDGE('',*,*,#2090,.F.);
#2861=ORIENTED_EDGE('',*,*,#2095,.F.);
#2862=ORIENTED_EDGE('',*,*,#2096,.T.);
#2863=ORIENTED_EDGE('',*,*,#2097,.T.);
#2864=ORIENTED_EDGE('',*,*,#2093,.F.);
#2865=ORIENTED_EDGE('',*,*,#2098,.F.);
#2866=ORIENTED_EDGE('',*,*,#2099,.T.);
#2867=ORIENTED_EDGE('',*,*,#2100,.T.);
#2868=ORIENTED_EDGE('',*,*,#2096,.F.);
#2869=ORIENTED_EDGE('',*,*,#2101,.F.);
#2870=ORIENTED_EDGE('',*,*,#2102,.T.);
#2871=ORIENTED_EDGE('',*,*,#2103,.T.);
#2872=ORIENTED_EDGE('',*,*,#2099,.F.);
#2873=ORIENTED_EDGE('',*,*,#2104,.F.);
#2874=ORIENTED_EDGE('',*,*,#2105,.T.);
#2875=ORIENTED_EDGE('',*,*,#2106,.T.);
#2876=ORIENTED_EDGE('',*,*,#2102,.F.);
#2877=ORIENTED_EDGE('',*,*,#2107,.F.);
#2878=ORIENTED_EDGE('',*,*,#2108,.T.);
#2879=ORIENTED_EDGE('',*,*,#2109,.T.);
#2880=ORIENTED_EDGE('',*,*,#2105,.F.);
#2881=ORIENTED_EDGE('',*,*,#2110,.F.);
#2882=ORIENTED_EDGE('',*,*,#2111,.T.);
#2883=ORIENTED_EDGE('',*,*,#2112,.T.);
#2884=ORIENTED_EDGE('',*,*,#2108,.F.);
#2885=ORIENTED_EDGE('',*,*,#2113,.F.);
#2886=ORIENTED_EDGE('',*,*,#2114,.T.);
#2887=ORIENTED_EDGE('',*,*,#2115,.T.);
#2888=ORIENTED_EDGE('',*,*,#2111,.F.);
#2889=ORIENTED_EDGE('',*,*,#2116,.F.);
#2890=ORIENTED_EDGE('',*,*,#2117,.T.);
#2891=ORIENTED_EDGE('',*,*,#2118,.T.);
#2892=ORIENTED_EDGE('',*,*,#2114,.F.);
#2893=ORIENTED_EDGE('',*,*,#2119,.F.);
#2894=ORIENTED_EDGE('',*,*,#2120,.T.);
#2895=ORIENTED_EDGE('',*,*,#2121,.T.);
#2896=ORIENTED_EDGE('',*,*,#2117,.F.);
#2897=ORIENTED_EDGE('',*,*,#2122,.F.);
#2898=ORIENTED_EDGE('',*,*,#2123,.T.);
#2899=ORIENTED_EDGE('',*,*,#2124,.T.);
#2900=ORIENTED_EDGE('',*,*,#2120,.F.);
#2901=ORIENTED_EDGE('',*,*,#2125,.F.);
#2902=ORIENTED_EDGE('',*,*,#2126,.T.);
#2903=ORIENTED_EDGE('',*,*,#2127,.T.);
#2904=ORIENTED_EDGE('',*,*,#2123,.F.);
#2905=ORIENTED_EDGE('',*,*,#2128,.F.);
#2906=ORIENTED_EDGE('',*,*,#2129,.T.);
#2907=ORIENTED_EDGE('',*,*,#2130,.T.);
#2908=ORIENTED_EDGE('',*,*,#2126,.F.);
#2909=ORIENTED_EDGE('',*,*,#2131,.F.);
#2910=ORIENTED_EDGE('',*,*,#2132,.T.);
#2911=ORIENTED_EDGE('',*,*,#2133,.T.);
#2912=ORIENTED_EDGE('',*,*,#2129,.F.);
#2913=ORIENTED_EDGE('',*,*,#2134,.F.);
#2914=ORIENTED_EDGE('',*,*,#2135,.T.);
#2915=ORIENTED_EDGE('',*,*,#2136,.T.);
#2916=ORIENTED_EDGE('',*,*,#2132,.F.);
#2917=ORIENTED_EDGE('',*,*,#2137,.F.);
#2918=ORIENTED_EDGE('',*,*,#2138,.T.);
#2919=ORIENTED_EDGE('',*,*,#2139,.T.);
#2920=ORIENTED_EDGE('',*,*,#2135,.F.);
#2921=ORIENTED_EDGE('',*,*,#2140,.F.);
#2922=ORIENTED_EDGE('',*,*,#2141,.T.);
#2923=ORIENTED_EDGE('',*,*,#2142,.T.);
#2924=ORIENTED_EDGE('',*,*,#2138,.F.);
#2925=ORIENTED_EDGE('',*,*,#2143,.F.);
#2926=ORIENTED_EDGE('',*,*,#2144,.T.);
#2927=ORIENTED_EDGE('',*,*,#2145,.T.);
#2928=ORIENTED_EDGE('',*,*,#2141,.F.);
#2929=ORIENTED_EDGE('',*,*,#2146,.F.);
#2930=ORIENTED_EDGE('',*,*,#2147,.T.);
#2931=ORIENTED_EDGE('',*,*,#2148,.T.);
#2932=ORIENTED_EDGE('',*,*,#2144,.F.);
#2933=ORIENTED_EDGE('',*,*,#2149,.F.);
#2934=ORIENTED_EDGE('',*,*,#2150,.T.);
#2935=ORIENTED_EDGE('',*,*,#2151,.T.);
#2936=ORIENTED_EDGE('',*,*,#2147,.F.);
#2937=ORIENTED_EDGE('',*,*,#2152,.F.);
#2938=ORIENTED_EDGE('',*,*,#2153,.T.);
#2939=ORIENTED_EDGE('',*,*,#2154,.T.);
#2940=ORIENTED_EDGE('',*,*,#2150,.F.);
#2941=ORIENTED_EDGE('',*,*,#2155,.F.);
#2942=ORIENTED_EDGE('',*,*,#2156,.T.);
#2943=ORIENTED_EDGE('',*,*,#2157,.T.);
#2944=ORIENTED_EDGE('',*,*,#2153,.F.);
#2945=ORIENTED_EDGE('',*,*,#2158,.F.);
#2946=ORIENTED_EDGE('',*,*,#2159,.T.);
#2947=ORIENTED_EDGE('',*,*,#2160,.T.);
#2948=ORIENTED_EDGE('',*,*,#2156,.F.);
#2949=ORIENTED_EDGE('',*,*,#2161,.F.);
#2950=ORIENTED_EDGE('',*,*,#2162,.T.);
#2951=ORIENTED_EDGE('',*,*,#2163,.T.);
#2952=ORIENTED_EDGE('',*,*,#2159,.F.);
#2953=ORIENTED_EDGE('',*,*,#2164,.F.);
#2954=ORIENTED_EDGE('',*,*,#2165,.T.);
#2955=ORIENTED_EDGE('',*,*,#2166,.T.);
#2956=ORIENTED_EDGE('',*,*,#2162,.F.);
#2957=ORIENTED_EDGE('',*,*,#2167,.F.);
#2958=ORIENTED_EDGE('',*,*,#2168,.T.);
#2959=ORIENTED_EDGE('',*,*,#2169,.T.);
#2960=ORIENTED_EDGE('',*,*,#2165,.F.);
#2961=ORIENTED_EDGE('',*,*,#2170,.F.);
#2962=ORIENTED_EDGE('',*,*,#2171,.T.);
#2963=ORIENTED_EDGE('',*,*,#2172,.T.);
#2964=ORIENTED_EDGE('',*,*,#2168,.F.);
#2965=ORIENTED_EDGE('',*,*,#2173,.F.);
#2966=ORIENTED_EDGE('',*,*,#2174,.T.);
#2967=ORIENTED_EDGE('',*,*,#2175,.T.);
#2968=ORIENTED_EDGE('',*,*,#2171,.F.);
#2969=ORIENTED_EDGE('',*,*,#2176,.F.);
#2970=ORIENTED_EDGE('',*,*,#2177,.T.);
#2971=ORIENTED_EDGE('',*,*,#2178,.T.);
#2972=ORIENTED_EDGE('',*,*,#2174,.F.);
#2973=ORIENTED_EDGE('',*,*,#2179,.F.);
#2974=ORIENTED_EDGE('',*,*,#2180,.T.);
#2975=ORIENTED_EDGE('',*,*,#2181,.T.);
#2976=ORIENTED_EDGE('',*,*,#2177,.F.);
#2977=ORIENTED_EDGE('',*,*,#2182,.F.);
#2978=ORIENTED_EDGE('',*,*,#2183,.T.);
#2979=ORIENTED_EDGE('',*,*,#2184,.T.);
#2980=ORIENTED_EDGE('',*,*,#2180,.F.);
#2981=ORIENTED_EDGE('',*,*,#2185,.F.);
#2982=ORIENTED_EDGE('',*,*,#2186,.T.);
#2983=ORIENTED_EDGE('',*,*,#2187,.T.);
#2984=ORIENTED_EDGE('',*,*,#2183,.F.);
#2985=ORIENTED_EDGE('',*,*,#2188,.F.);
#2986=ORIENTED_EDGE('',*,*,#2189,.T.);
#2987=ORIENTED_EDGE('',*,*,#2190,.T.);
#2988=ORIENTED_EDGE('',*,*,#2186,.F.);
#2989=ORIENTED_EDGE('',*,*,#2191,.F.);
#2990=ORIENTED_EDGE('',*,*,#2192,.T.);
#2991=ORIENTED_EDGE('',*,*,#2193,.T.);
#2992=ORIENTED_EDGE('',*,*,#2189,.F.);
#2993=ORIENTED_EDGE('',*,*,#2194,.F.);
#2994=ORIENTED_EDGE('',*,*,#2195,.T.);
#2995=ORIENTED_EDGE('',*,*,#2196,.T.);
#2996=ORIENTED_EDGE('',*,*,#2192,.F.);
#2997=ORIENTED_EDGE('',*,*,#2197,.F.);
#2998=ORIENTED_EDGE('',*,*,#2198,.T.);
#2999=ORIENTED_EDGE('',*,*,#2199,.T.);
#3000=ORIENTED_EDGE('',*,*,#2195,.F.);
#3001=ORIENTED_EDGE('',*,*,#2200,.F.);
#3002=ORIENTED_EDGE('',*,*,#2201,.T.);
#3003=ORIENTED_EDGE('',*,*,#2202,.T.);
#3004=ORIENTED_EDGE('',*,*,#2198,.F.);
#3005=ORIENTED_EDGE('',*,*,#2203,.F.);
#3006=ORIENTED_EDGE('',*,*,#2082,.T.);
#3007=ORIENTED_EDGE('',*,*,#2204,.T.);
#3008=ORIENTED_EDGE('',*,*,#2201,.F.);
#3009=ORIENTED_EDGE('',*,*,#2204,.F.);
#3010=ORIENTED_EDGE('',*,*,#2081,.F.);
#3011=ORIENTED_EDGE('',*,*,#2085,.F.);
#3012=ORIENTED_EDGE('',*,*,#2088,.F.);
#3013=ORIENTED_EDGE('',*,*,#2091,.F.);
#3014=ORIENTED_EDGE('',*,*,#2094,.F.);
#3015=ORIENTED_EDGE('',*,*,#2097,.F.);
#3016=ORIENTED_EDGE('',*,*,#2100,.F.);
#3017=ORIENTED_EDGE('',*,*,#2103,.F.);
#3018=ORIENTED_EDGE('',*,*,#2106,.F.);
#3019=ORIENTED_EDGE('',*,*,#2109,.F.);
#3020=ORIENTED_EDGE('',*,*,#2112,.F.);
#3021=ORIENTED_EDGE('',*,*,#2115,.F.);
#3022=ORIENTED_EDGE('',*,*,#2118,.F.);
#3023=ORIENTED_EDGE('',*,*,#2121,.F.);
#3024=ORIENTED_EDGE('',*,*,#2124,.F.);
#3025=ORIENTED_EDGE('',*,*,#2127,.F.);
#3026=ORIENTED_EDGE('',*,*,#2130,.F.);
#3027=ORIENTED_EDGE('',*,*,#2133,.F.);
#3028=ORIENTED_EDGE('',*,*,#2136,.F.);
#3029=ORIENTED_EDGE('',*,*,#2139,.F.);
#3030=ORIENTED_EDGE('',*,*,#2142,.F.);
#3031=ORIENTED_EDGE('',*,*,#2145,.F.);
#3032=ORIENTED_EDGE('',*,*,#2148,.F.);
#3033=ORIENTED_EDGE('',*,*,#2151,.F.);
#3034=ORIENTED_EDGE('',*,*,#2154,.F.);
#3035=ORIENTED_EDGE('',*,*,#2157,.F.);
#3036=ORIENTED_EDGE('',*,*,#2160,.F.);
#3037=ORIENTED_EDGE('',*,*,#2163,.F.);
#3038=ORIENTED_EDGE('',*,*,#2166,.F.);
#3039=ORIENTED_EDGE('',*,*,#2169,.F.);
#3040=ORIENTED_EDGE('',*,*,#2172,.F.);
#3041=ORIENTED_EDGE('',*,*,#2175,.F.);
#3042=ORIENTED_EDGE('',*,*,#2178,.F.);
#3043=ORIENTED_EDGE('',*,*,#2181,.F.);
#3044=ORIENTED_EDGE('',*,*,#2184,.F.);
#3045=ORIENTED_EDGE('',*,*,#2187,.F.);
#3046=ORIENTED_EDGE('',*,*,#2190,.F.);
#3047=ORIENTED_EDGE('',*,*,#2193,.F.);
#3048=ORIENTED_EDGE('',*,*,#2196,.F.);
#3049=ORIENTED_EDGE('',*,*,#2199,.F.);
#3050=ORIENTED_EDGE('',*,*,#2202,.F.);
#3051=ORIENTED_EDGE('',*,*,#2078,.F.);
#3052=ORIENTED_EDGE('',*,*,#1973,.F.);
#3053=ORIENTED_EDGE('',*,*,#1977,.F.);
#3054=ORIENTED_EDGE('',*,*,#1980,.F.);
#3055=ORIENTED_EDGE('',*,*,#1983,.F.);
#3056=ORIENTED_EDGE('',*,*,#1986,.F.);
#3057=ORIENTED_EDGE('',*,*,#1989,.F.);
#3058=ORIENTED_EDGE('',*,*,#1992,.F.);
#3059=ORIENTED_EDGE('',*,*,#1995,.F.);
#3060=ORIENTED_EDGE('',*,*,#1998,.F.);
#3061=ORIENTED_EDGE('',*,*,#2001,.F.);
#3062=ORIENTED_EDGE('',*,*,#2004,.F.);
#3063=ORIENTED_EDGE('',*,*,#2007,.F.);
#3064=ORIENTED_EDGE('',*,*,#2010,.F.);
#3065=ORIENTED_EDGE('',*,*,#2013,.F.);
#3066=ORIENTED_EDGE('',*,*,#2016,.F.);
#3067=ORIENTED_EDGE('',*,*,#2019,.F.);
#3068=ORIENTED_EDGE('',*,*,#2022,.F.);
#3069=ORIENTED_EDGE('',*,*,#2025,.F.);
#3070=ORIENTED_EDGE('',*,*,#2028,.F.);
#3071=ORIENTED_EDGE('',*,*,#2031,.F.);
#3072=ORIENTED_EDGE('',*,*,#2034,.F.);
#3073=ORIENTED_EDGE('',*,*,#2037,.F.);
#3074=ORIENTED_EDGE('',*,*,#2040,.F.);
#3075=ORIENTED_EDGE('',*,*,#2043,.F.);
#3076=ORIENTED_EDGE('',*,*,#2046,.F.);
#3077=ORIENTED_EDGE('',*,*,#2049,.F.);
#3078=ORIENTED_EDGE('',*,*,#2052,.F.);
#3079=ORIENTED_EDGE('',*,*,#2055,.F.);
#3080=ORIENTED_EDGE('',*,*,#2058,.F.);
#3081=ORIENTED_EDGE('',*,*,#2061,.F.);
#3082=ORIENTED_EDGE('',*,*,#2064,.F.);
#3083=ORIENTED_EDGE('',*,*,#2067,.F.);
#3084=ORIENTED_EDGE('',*,*,#2070,.F.);
#3085=ORIENTED_EDGE('',*,*,#2073,.F.);
#3086=ORIENTED_EDGE('',*,*,#2076,.F.);
#3087=ORIENTED_EDGE('',*,*,#1714,.T.);
#3088=ORIENTED_EDGE('',*,*,#1838,.T.);
#3089=ORIENTED_EDGE('',*,*,#1835,.T.);
#3090=ORIENTED_EDGE('',*,*,#1832,.T.);
#3091=ORIENTED_EDGE('',*,*,#1829,.T.);
#3092=ORIENTED_EDGE('',*,*,#1826,.T.);
#3093=ORIENTED_EDGE('',*,*,#1823,.T.);
#3094=ORIENTED_EDGE('',*,*,#1820,.T.);
#3095=ORIENTED_EDGE('',*,*,#1817,.T.);
#3096=ORIENTED_EDGE('',*,*,#1814,.T.);
#3097=ORIENTED_EDGE('',*,*,#1811,.T.);
#3098=ORIENTED_EDGE('',*,*,#1808,.T.);
#3099=ORIENTED_EDGE('',*,*,#1805,.T.);
#3100=ORIENTED_EDGE('',*,*,#1802,.T.);
#3101=ORIENTED_EDGE('',*,*,#1799,.T.);
#3102=ORIENTED_EDGE('',*,*,#1796,.T.);
#3103=ORIENTED_EDGE('',*,*,#1793,.T.);
#3104=ORIENTED_EDGE('',*,*,#1790,.T.);
#3105=ORIENTED_EDGE('',*,*,#1787,.T.);
#3106=ORIENTED_EDGE('',*,*,#1784,.T.);
#3107=ORIENTED_EDGE('',*,*,#1781,.T.);
#3108=ORIENTED_EDGE('',*,*,#1778,.T.);
#3109=ORIENTED_EDGE('',*,*,#1775,.T.);
#3110=ORIENTED_EDGE('',*,*,#1772,.T.);
#3111=ORIENTED_EDGE('',*,*,#1769,.T.);
#3112=ORIENTED_EDGE('',*,*,#1766,.T.);
#3113=ORIENTED_EDGE('',*,*,#1763,.T.);
#3114=ORIENTED_EDGE('',*,*,#1760,.T.);
#3115=ORIENTED_EDGE('',*,*,#1757,.T.);
#3116=ORIENTED_EDGE('',*,*,#1754,.T.);
#3117=ORIENTED_EDGE('',*,*,#1751,.T.);
#3118=ORIENTED_EDGE('',*,*,#1748,.T.);
#3119=ORIENTED_EDGE('',*,*,#1745,.T.);
#3120=ORIENTED_EDGE('',*,*,#1742,.T.);
#3121=ORIENTED_EDGE('',*,*,#1739,.T.);
#3122=ORIENTED_EDGE('',*,*,#1736,.T.);
#3123=ORIENTED_EDGE('',*,*,#1733,.T.);
#3124=ORIENTED_EDGE('',*,*,#1730,.T.);
#3125=ORIENTED_EDGE('',*,*,#1727,.T.);
#3126=ORIENTED_EDGE('',*,*,#1724,.T.);
#3127=ORIENTED_EDGE('',*,*,#1721,.T.);
#3128=ORIENTED_EDGE('',*,*,#1718,.T.);
#3129=ORIENTED_EDGE('',*,*,#2079,.T.);
#3130=ORIENTED_EDGE('',*,*,#2203,.T.);
#3131=ORIENTED_EDGE('',*,*,#2200,.T.);
#3132=ORIENTED_EDGE('',*,*,#2197,.T.);
#3133=ORIENTED_EDGE('',*,*,#2194,.T.);
#3134=ORIENTED_EDGE('',*,*,#2191,.T.);
#3135=ORIENTED_EDGE('',*,*,#2188,.T.);
#3136=ORIENTED_EDGE('',*,*,#2185,.T.);
#3137=ORIENTED_EDGE('',*,*,#2182,.T.);
#3138=ORIENTED_EDGE('',*,*,#2179,.T.);
#3139=ORIENTED_EDGE('',*,*,#2176,.T.);
#3140=ORIENTED_EDGE('',*,*,#2173,.T.);
#3141=ORIENTED_EDGE('',*,*,#2170,.T.);
#3142=ORIENTED_EDGE('',*,*,#2167,.T.);
#3143=ORIENTED_EDGE('',*,*,#2164,.T.);
#3144=ORIENTED_EDGE('',*,*,#2161,.T.);
#3145=ORIENTED_EDGE('',*,*,#2158,.T.);
#3146=ORIENTED_EDGE('',*,*,#2155,.T.);
#3147=ORIENTED_EDGE('',*,*,#2152,.T.);
#3148=ORIENTED_EDGE('',*,*,#2149,.T.);
#3149=ORIENTED_EDGE('',*,*,#2146,.T.);
#3150=ORIENTED_EDGE('',*,*,#2143,.T.);
#3151=ORIENTED_EDGE('',*,*,#2140,.T.);
#3152=ORIENTED_EDGE('',*,*,#2137,.T.);
#3153=ORIENTED_EDGE('',*,*,#2134,.T.);
#3154=ORIENTED_EDGE('',*,*,#2131,.T.);
#3155=ORIENTED_EDGE('',*,*,#2128,.T.);
#3156=ORIENTED_EDGE('',*,*,#2125,.T.);
#3157=ORIENTED_EDGE('',*,*,#2122,.T.);
#3158=ORIENTED_EDGE('',*,*,#2119,.T.);
#3159=ORIENTED_EDGE('',*,*,#2116,.T.);
#3160=ORIENTED_EDGE('',*,*,#2113,.T.);
#3161=ORIENTED_EDGE('',*,*,#2110,.T.);
#3162=ORIENTED_EDGE('',*,*,#2107,.T.);
#3163=ORIENTED_EDGE('',*,*,#2104,.T.);
#3164=ORIENTED_EDGE('',*,*,#2101,.T.);
#3165=ORIENTED_EDGE('',*,*,#2098,.T.);
#3166=ORIENTED_EDGE('',*,*,#2095,.T.);
#3167=ORIENTED_EDGE('',*,*,#2092,.T.);
#3168=ORIENTED_EDGE('',*,*,#2089,.T.);
#3169=ORIENTED_EDGE('',*,*,#2086,.T.);
#3170=ORIENTED_EDGE('',*,*,#2083,.T.);
#3171=ORIENTED_EDGE('',*,*,#2205,.F.);
#3172=ORIENTED_EDGE('',*,*,#2206,.T.);
#3173=ORIENTED_EDGE('',*,*,#2206,.F.);
#3174=ORIENTED_EDGE('',*,*,#2207,.F.);
#3175=ORIENTED_EDGE('',*,*,#2208,.T.);
#3176=ORIENTED_EDGE('',*,*,#2205,.T.);
#3177=ORIENTED_EDGE('',*,*,#2208,.F.);
#3178=ORIENTED_EDGE('',*,*,#2209,.F.);
#3179=ORIENTED_EDGE('',*,*,#2210,.T.);
#3180=ORIENTED_EDGE('',*,*,#2210,.F.);
#3181=ORIENTED_EDGE('',*,*,#2211,.F.);
#3182=ORIENTED_EDGE('',*,*,#2212,.T.);
#3183=ORIENTED_EDGE('',*,*,#2209,.T.);
#3184=ORIENTED_EDGE('',*,*,#2212,.F.);
#3185=ORIENTED_EDGE('',*,*,#2213,.F.);
#3186=ORIENTED_EDGE('',*,*,#2214,.T.);
#3187=ORIENTED_EDGE('',*,*,#2214,.F.);
#3188=ORIENTED_EDGE('',*,*,#2215,.F.);
#3189=ORIENTED_EDGE('',*,*,#2216,.T.);
#3190=ORIENTED_EDGE('',*,*,#2213,.T.);
#3191=ORIENTED_EDGE('',*,*,#2216,.F.);
#3192=ORIENTED_EDGE('',*,*,#1963,.T.);
#3193=ORIENTED_EDGE('',*,*,#2217,.T.);
#3194=ORIENTED_EDGE('',*,*,#2218,.T.);
#3195=ORIENTED_EDGE('',*,*,#2219,.T.);
#3196=ORIENTED_EDGE('',*,*,#2217,.F.);
#3197=ORIENTED_EDGE('',*,*,#1970,.T.);
#3198=ORIENTED_EDGE('',*,*,#2220,.F.);
#3199=ORIENTED_EDGE('',*,*,#2221,.T.);
#3200=ORIENTED_EDGE('',*,*,#1971,.T.);
#3201=ORIENTED_EDGE('',*,*,#2077,.T.);
#3202=ORIENTED_EDGE('',*,*,#2074,.T.);
#3203=ORIENTED_EDGE('',*,*,#2071,.T.);
#3204=ORIENTED_EDGE('',*,*,#2068,.T.);
#3205=ORIENTED_EDGE('',*,*,#2065,.T.);
#3206=ORIENTED_EDGE('',*,*,#2062,.T.);
#3207=ORIENTED_EDGE('',*,*,#2059,.T.);
#3208=ORIENTED_EDGE('',*,*,#2056,.T.);
#3209=ORIENTED_EDGE('',*,*,#2053,.T.);
#3210=ORIENTED_EDGE('',*,*,#2050,.T.);
#3211=ORIENTED_EDGE('',*,*,#2047,.T.);
#3212=ORIENTED_EDGE('',*,*,#2044,.T.);
#3213=ORIENTED_EDGE('',*,*,#2041,.T.);
#3214=ORIENTED_EDGE('',*,*,#2038,.T.);
#3215=ORIENTED_EDGE('',*,*,#2035,.T.);
#3216=ORIENTED_EDGE('',*,*,#2032,.T.);
#3217=ORIENTED_EDGE('',*,*,#2029,.T.);
#3218=ORIENTED_EDGE('',*,*,#2026,.T.);
#3219=ORIENTED_EDGE('',*,*,#2023,.T.);
#3220=ORIENTED_EDGE('',*,*,#2020,.T.);
#3221=ORIENTED_EDGE('',*,*,#2017,.T.);
#3222=ORIENTED_EDGE('',*,*,#2014,.T.);
#3223=ORIENTED_EDGE('',*,*,#2011,.T.);
#3224=ORIENTED_EDGE('',*,*,#2008,.T.);
#3225=ORIENTED_EDGE('',*,*,#2005,.T.);
#3226=ORIENTED_EDGE('',*,*,#2002,.T.);
#3227=ORIENTED_EDGE('',*,*,#1999,.T.);
#3228=ORIENTED_EDGE('',*,*,#1996,.T.);
#3229=ORIENTED_EDGE('',*,*,#1993,.T.);
#3230=ORIENTED_EDGE('',*,*,#1990,.T.);
#3231=ORIENTED_EDGE('',*,*,#1987,.T.);
#3232=ORIENTED_EDGE('',*,*,#1984,.T.);
#3233=ORIENTED_EDGE('',*,*,#1981,.T.);
#3234=ORIENTED_EDGE('',*,*,#1978,.T.);
#3235=ORIENTED_EDGE('',*,*,#1975,.T.);
#3236=ORIENTED_EDGE('',*,*,#1969,.T.);
#3237=ORIENTED_EDGE('',*,*,#2222,.T.);
#3238=ORIENTED_EDGE('',*,*,#2223,.T.);
#3239=ORIENTED_EDGE('',*,*,#2220,.T.);
#3240=ORIENTED_EDGE('',*,*,#2222,.F.);
#3241=ORIENTED_EDGE('',*,*,#1968,.T.);
#3242=ORIENTED_EDGE('',*,*,#2224,.F.);
#3243=ORIENTED_EDGE('',*,*,#2225,.T.);
#3244=ORIENTED_EDGE('',*,*,#1965,.T.);
#3245=ORIENTED_EDGE('',*,*,#2226,.T.);
#3246=ORIENTED_EDGE('',*,*,#2227,.T.);
#3247=ORIENTED_EDGE('',*,*,#2228,.T.);
#3248=ORIENTED_EDGE('',*,*,#2219,.F.);
#3249=ORIENTED_EDGE('',*,*,#2229,.T.);
#3250=ORIENTED_EDGE('',*,*,#2226,.F.);
#3251=ORIENTED_EDGE('',*,*,#1964,.T.);
#3252=ORIENTED_EDGE('',*,*,#1967,.T.);
#3253=ORIENTED_EDGE('',*,*,#2230,.T.);
#3254=ORIENTED_EDGE('',*,*,#2231,.T.);
#3255=ORIENTED_EDGE('',*,*,#2224,.T.);
#3256=ORIENTED_EDGE('',*,*,#2228,.F.);
#3257=ORIENTED_EDGE('',*,*,#2232,.T.);
#3258=ORIENTED_EDGE('',*,*,#2230,.F.);
#3259=ORIENTED_EDGE('',*,*,#1966,.T.);
#3260=ORIENTED_EDGE('',*,*,#2218,.F.);
#3261=ORIENTED_EDGE('',*,*,#2221,.F.);
#3262=ORIENTED_EDGE('',*,*,#2223,.F.);
#3263=ORIENTED_EDGE('',*,*,#2225,.F.);
#3264=ORIENTED_EDGE('',*,*,#2231,.F.);
#3265=ORIENTED_EDGE('',*,*,#2232,.F.);
#3266=ORIENTED_EDGE('',*,*,#2227,.F.);
#3267=ORIENTED_EDGE('',*,*,#2229,.F.);
#3268=ORIENTED_EDGE('',*,*,#2207,.T.);
#3269=ORIENTED_EDGE('',*,*,#2211,.T.);
#3270=ORIENTED_EDGE('',*,*,#2215,.T.);
#3271=PLANE('',#3567);
#3272=PLANE('',#3571);
#3273=PLANE('',#3572);
#3274=PLANE('',#3573);
#3275=PLANE('',#3577);
#3276=PLANE('',#3581);
#3277=PLANE('',#3585);
#3278=PLANE('',#3589);
#3279=PLANE('',#3593);
#3280=PLANE('',#3594);
#3281=PLANE('',#3595);
#3282=PLANE('',#3596);
#3283=PLANE('',#3600);
#3284=PLANE('',#3604);
#3285=PLANE('',#3608);
#3286=PLANE('',#3609);
#3287=PLANE('',#3610);
#3288=PLANE('',#3614);
#3289=PLANE('',#3618);
#3290=PLANE('',#3622);
#3291=PLANE('',#3623);
#3292=PLANE('',#3624);
#3293=PLANE('',#3625);
#3294=PLANE('',#3629);
#3295=PLANE('',#3633);
#3296=PLANE('',#3637);
#3297=PLANE('',#3641);
#3298=PLANE('',#3645);
#3299=PLANE('',#3649);
#3300=PLANE('',#3653);
#3301=PLANE('',#3654);
#3302=PLANE('',#3655);
#3303=PLANE('',#3656);
#3304=PLANE('',#3660);
#3305=PLANE('',#3664);
#3306=PLANE('',#3668);
#3307=PLANE('',#3669);
#3308=PLANE('',#3673);
#3309=PLANE('',#3677);
#3310=PLANE('',#3681);
#3311=PLANE('',#3682);
#3312=PLANE('',#3683);
#3313=PLANE('',#3684);
#3314=PLANE('',#3688);
#3315=PLANE('',#3692);
#3316=PLANE('',#3696);
#3317=PLANE('',#3700);
#3318=PLANE('',#3704);
#3319=PLANE('',#3705);
#3320=PLANE('',#3706);
#3321=PLANE('',#3710);
#3322=PLANE('',#3714);
#3323=PLANE('',#3715);
#3324=PLANE('',#3723);
#3325=PLANE('',#3727);
#3326=PLANE('',#3728);
#3327=PLANE('',#3729);
#3328=PLANE('',#3730);
#3329=PLANE('',#3731);
#3330=PLANE('',#3732);
#3331=PLANE('',#3736);
#3332=PLANE('',#3740);
#3333=PLANE('',#3744);
#3334=PLANE('',#3745);
#3335=PLANE('',#3746);
#3336=PLANE('',#3747);
#3337=PLANE('',#3751);
#3338=PLANE('',#3755);
#3339=PLANE('',#3756);
#3340=PLANE('',#3757);
#3341=PLANE('',#3758);
#3342=PLANE('',#3762);
#3343=PLANE('',#3766);
#3344=PLANE('',#3770);
#3345=PLANE('',#3771);
#3346=PLANE('',#3772);
#3347=PLANE('',#3773);
#3348=PLANE('',#3774);
#3349=PLANE('',#3775);
#3350=PLANE('',#3776);
#3351=PLANE('',#3780);
#3352=PLANE('',#3784);
#3353=PLANE('',#3785);
#3354=PLANE('',#3786);
#3355=PLANE('',#3787);
#3356=PLANE('',#3791);
#3357=PLANE('',#3795);
#3358=PLANE('',#3799);
#3359=PLANE('',#3800);
#3360=PLANE('',#3801);
#3361=PLANE('',#3805);
#3362=PLANE('',#3809);
#3363=PLANE('',#3813);
#3364=PLANE('',#3814);
#3365=PLANE('',#3815);
#3366=PLANE('',#3816);
#3367=PLANE('',#3820);
#3368=PLANE('',#3824);
#3369=PLANE('',#3828);
#3370=PLANE('',#3832);
#3371=PLANE('',#3836);
#3372=PLANE('',#3837);
#3373=PLANE('',#3838);
#3374=PLANE('',#3842);
#3375=PLANE('',#3846);
#3376=PLANE('',#3850);
#3377=PLANE('',#3851);
#3378=PLANE('',#3866);
#3379=PLANE('',#3867);
#3380=PLANE('',#3870);
#3381=PLANE('',#3873);
#3382=PLANE('',#3876);
#3383=PLANE('',#3877);
#3384=ADVANCED_FACE('',(#220),#3271,.F.);
#3385=ADVANCED_FACE('',(#221),#155,.T.);
#3386=ADVANCED_FACE('',(#222),#3272,.F.);
#3387=ADVANCED_FACE('',(#223),#3273,.F.);
#3388=ADVANCED_FACE('',(#224),#3274,.F.);
#3389=ADVANCED_FACE('',(#225),#156,.T.);
#3390=ADVANCED_FACE('',(#226),#3275,.F.);
#3391=ADVANCED_FACE('',(#227),#157,.T.);
#3392=ADVANCED_FACE('',(#228),#3276,.F.);
#3393=ADVANCED_FACE('',(#229),#158,.T.);
#3394=ADVANCED_FACE('',(#230),#3277,.F.);
#3395=ADVANCED_FACE('',(#231),#159,.T.);
#3396=ADVANCED_FACE('',(#232),#3278,.F.);
#3397=ADVANCED_FACE('',(#233),#160,.T.);
#3398=ADVANCED_FACE('',(#234),#3279,.F.);
#3399=ADVANCED_FACE('',(#235),#3280,.F.);
#3400=ADVANCED_FACE('',(#236),#3281,.F.);
#3401=ADVANCED_FACE('',(#237),#3282,.F.);
#3402=ADVANCED_FACE('',(#238),#161,.T.);
#3403=ADVANCED_FACE('',(#239),#3283,.F.);
#3404=ADVANCED_FACE('',(#240),#162,.T.);
#3405=ADVANCED_FACE('',(#241),#3284,.F.);
#3406=ADVANCED_FACE('',(#242),#163,.T.);
#3407=ADVANCED_FACE('',(#243),#3285,.F.);
#3408=ADVANCED_FACE('',(#244),#3286,.F.);
#3409=ADVANCED_FACE('',(#245),#3287,.F.);
#3410=ADVANCED_FACE('',(#246),#164,.T.);
#3411=ADVANCED_FACE('',(#247),#3288,.F.);
#3412=ADVANCED_FACE('',(#248),#165,.T.);
#3413=ADVANCED_FACE('',(#249),#3289,.F.);
#3414=ADVANCED_FACE('',(#250),#166,.T.);
#3415=ADVANCED_FACE('',(#251),#3290,.F.);
#3416=ADVANCED_FACE('',(#252),#3291,.F.);
#3417=ADVANCED_FACE('',(#253),#3292,.F.);
#3418=ADVANCED_FACE('',(#254),#3293,.F.);
#3419=ADVANCED_FACE('',(#255),#167,.T.);
#3420=ADVANCED_FACE('',(#256),#3294,.F.);
#3421=ADVANCED_FACE('',(#257),#168,.T.);
#3422=ADVANCED_FACE('',(#258),#3295,.F.);
#3423=ADVANCED_FACE('',(#259),#169,.T.);
#3424=ADVANCED_FACE('',(#260),#3296,.F.);
#3425=ADVANCED_FACE('',(#261),#170,.T.);
#3426=ADVANCED_FACE('',(#262),#3297,.F.);
#3427=ADVANCED_FACE('',(#263),#171,.F.);
#3428=ADVANCED_FACE('',(#264),#3298,.F.);
#3429=ADVANCED_FACE('',(#265),#172,.F.);
#3430=ADVANCED_FACE('',(#266),#3299,.F.);
#3431=ADVANCED_FACE('',(#267),#173,.F.);
#3432=ADVANCED_FACE('',(#268),#3300,.F.);
#3433=ADVANCED_FACE('',(#269),#3301,.F.);
#3434=ADVANCED_FACE('',(#270),#3302,.F.);
#3435=ADVANCED_FACE('',(#271),#3303,.F.);
#3436=ADVANCED_FACE('',(#272),#174,.F.);
#3437=ADVANCED_FACE('',(#273),#3304,.F.);
#3438=ADVANCED_FACE('',(#274),#175,.F.);
#3439=ADVANCED_FACE('',(#275),#3305,.F.);
#3440=ADVANCED_FACE('',(#276),#176,.F.);
#3441=ADVANCED_FACE('',(#277),#3306,.F.);
#3442=ADVANCED_FACE('',(#278),#3307,.F.);
#3443=ADVANCED_FACE('',(#279),#177,.F.);
#3444=ADVANCED_FACE('',(#280),#3308,.F.);
#3445=ADVANCED_FACE('',(#281),#178,.F.);
#3446=ADVANCED_FACE('',(#282),#3309,.F.);
#3447=ADVANCED_FACE('',(#283),#179,.F.);
#3448=ADVANCED_FACE('',(#284),#3310,.F.);
#3449=ADVANCED_FACE('',(#285),#3311,.F.);
#3450=ADVANCED_FACE('',(#286),#3312,.F.);
#3451=ADVANCED_FACE('',(#287),#3313,.F.);
#3452=ADVANCED_FACE('',(#288),#180,.F.);
#3453=ADVANCED_FACE('',(#289),#3314,.F.);
#3454=ADVANCED_FACE('',(#290),#181,.F.);
#3455=ADVANCED_FACE('',(#291),#3315,.F.);
#3456=ADVANCED_FACE('',(#292),#182,.F.);
#3457=ADVANCED_FACE('',(#293),#3316,.F.);
#3458=ADVANCED_FACE('',(#294),#183,.F.);
#3459=ADVANCED_FACE('',(#295),#3317,.F.);
#3460=ADVANCED_FACE('',(#296),#184,.F.);
#3461=ADVANCED_FACE('',(#297),#3318,.F.);
#3462=ADVANCED_FACE('',(#298),#3319,.F.);
#3463=ADVANCED_FACE('',(#299),#3320,.F.);
#3464=ADVANCED_FACE('',(#300),#185,.F.);
#3465=ADVANCED_FACE('',(#301),#3321,.F.);
#3466=ADVANCED_FACE('',(#302),#186,.F.);
#3467=ADVANCED_FACE('',(#303,#22),#3322,.T.);
#3468=ADVANCED_FACE('',(#304,#23),#3323,.T.);
#3469=ADVANCED_FACE('',(#305),#187,.F.);
#3470=ADVANCED_FACE('',(#306),#3324,.F.);
#3471=ADVANCED_FACE('',(#307),#188,.F.);
#3472=ADVANCED_FACE('',(#308),#3325,.F.);
#3473=ADVANCED_FACE('',(#309),#3326,.F.);
#3474=ADVANCED_FACE('',(#310),#3327,.F.);
#3475=ADVANCED_FACE('',(#311),#3328,.F.);
#3476=ADVANCED_FACE('',(#312),#3329,.F.);
#3477=ADVANCED_FACE('',(#313),#3330,.F.);
#3478=ADVANCED_FACE('',(#314),#189,.F.);
#3479=ADVANCED_FACE('',(#315),#3331,.F.);
#3480=ADVANCED_FACE('',(#316),#190,.F.);
#3481=ADVANCED_FACE('',(#317),#3332,.F.);
#3482=ADVANCED_FACE('',(#318),#191,.F.);
#3483=ADVANCED_FACE('',(#319),#3333,.F.);
#3484=ADVANCED_FACE('',(#320),#3334,.F.);
#3485=ADVANCED_FACE('',(#321),#3335,.F.);
#3486=ADVANCED_FACE('',(#322),#3336,.F.);
#3487=ADVANCED_FACE('',(#323),#192,.F.);
#3488=ADVANCED_FACE('',(#324),#3337,.F.);
#3489=ADVANCED_FACE('',(#325),#193,.F.);
#3490=ADVANCED_FACE('',(#326),#3338,.F.);
#3491=ADVANCED_FACE('',(#327),#3339,.F.);
#3492=ADVANCED_FACE('',(#328),#3340,.F.);
#3493=ADVANCED_FACE('',(#329),#3341,.F.);
#3494=ADVANCED_FACE('',(#330),#194,.F.);
#3495=ADVANCED_FACE('',(#331),#3342,.F.);
#3496=ADVANCED_FACE('',(#332),#195,.F.);
#3497=ADVANCED_FACE('',(#333),#3343,.F.);
#3498=ADVANCED_FACE('',(#334),#196,.F.);
#3499=ADVANCED_FACE('',(#335),#3344,.F.);
#3500=ADVANCED_FACE('',(#336),#3345,.F.);
#3501=ADVANCED_FACE('',(#337),#3346,.F.);
#3502=ADVANCED_FACE('',(#338),#3347,.F.);
#3503=ADVANCED_FACE('',(#339),#3348,.F.);
#3504=ADVANCED_FACE('',(#340),#3349,.F.);
#3505=ADVANCED_FACE('',(#341),#3350,.F.);
#3506=ADVANCED_FACE('',(#342),#197,.F.);
#3507=ADVANCED_FACE('',(#343),#3351,.F.);
#3508=ADVANCED_FACE('',(#344),#198,.F.);
#3509=ADVANCED_FACE('',(#345),#3352,.F.);
#3510=ADVANCED_FACE('',(#346),#3353,.F.);
#3511=ADVANCED_FACE('',(#347),#3354,.F.);
#3512=ADVANCED_FACE('',(#348),#3355,.F.);
#3513=ADVANCED_FACE('',(#349),#199,.F.);
#3514=ADVANCED_FACE('',(#350),#3356,.F.);
#3515=ADVANCED_FACE('',(#351),#200,.F.);
#3516=ADVANCED_FACE('',(#352),#3357,.F.);
#3517=ADVANCED_FACE('',(#353),#201,.F.);
#3518=ADVANCED_FACE('',(#354),#3358,.F.);
#3519=ADVANCED_FACE('',(#355),#3359,.F.);
#3520=ADVANCED_FACE('',(#356),#3360,.F.);
#3521=ADVANCED_FACE('',(#357),#202,.F.);
#3522=ADVANCED_FACE('',(#358),#3361,.F.);
#3523=ADVANCED_FACE('',(#359),#203,.F.);
#3524=ADVANCED_FACE('',(#360),#3362,.F.);
#3525=ADVANCED_FACE('',(#361),#204,.F.);
#3526=ADVANCED_FACE('',(#362),#3363,.F.);
#3527=ADVANCED_FACE('',(#363),#3364,.F.);
#3528=ADVANCED_FACE('',(#364),#3365,.F.);
#3529=ADVANCED_FACE('',(#365),#3366,.F.);
#3530=ADVANCED_FACE('',(#366),#205,.F.);
#3531=ADVANCED_FACE('',(#367),#3367,.F.);
#3532=ADVANCED_FACE('',(#368),#206,.F.);
#3533=ADVANCED_FACE('',(#369),#3368,.F.);
#3534=ADVANCED_FACE('',(#370),#207,.F.);
#3535=ADVANCED_FACE('',(#371),#3369,.F.);
#3536=ADVANCED_FACE('',(#372),#208,.F.);
#3537=ADVANCED_FACE('',(#373),#3370,.F.);
#3538=ADVANCED_FACE('',(#374),#209,.F.);
#3539=ADVANCED_FACE('',(#375),#3371,.F.);
#3540=ADVANCED_FACE('',(#376),#3372,.F.);
#3541=ADVANCED_FACE('',(#377),#3373,.F.);
#3542=ADVANCED_FACE('',(#378),#210,.F.);
#3543=ADVANCED_FACE('',(#379),#3374,.F.);
#3544=ADVANCED_FACE('',(#380),#211,.F.);
#3545=ADVANCED_FACE('',(#381),#3375,.F.);
#3546=ADVANCED_FACE('',(#382),#212,.F.);
#3547=ADVANCED_FACE('',(#383,#24),#3376,.T.);
#3548=ADVANCED_FACE('',(#384,#25),#3377,.T.);
#3549=ADVANCED_FACE('',(#385),#15,.F.);
#3550=ADVANCED_FACE('',(#386),#213,.F.);
#3551=ADVANCED_FACE('',(#387),#16,.F.);
#3552=ADVANCED_FACE('',(#388),#214,.F.);
#3553=ADVANCED_FACE('',(#389),#17,.F.);
#3554=ADVANCED_FACE('',(#390),#215,.F.);
#3555=ADVANCED_FACE('',(#391),#216,.T.);
#3556=ADVANCED_FACE('',(#392),#3378,.T.);
#3557=ADVANCED_FACE('',(#393),#3379,.T.);
#3558=ADVANCED_FACE('',(#394),#217,.T.);
#3559=ADVANCED_FACE('',(#395),#3380,.T.);
#3560=ADVANCED_FACE('',(#396),#218,.T.);
#3561=ADVANCED_FACE('',(#397),#3381,.T.);
#3562=ADVANCED_FACE('',(#398),#219,.T.);
#3563=ADVANCED_FACE('',(#399),#3382,.T.);
#3564=ADVANCED_FACE('',(#400,#26,#27,#28),#3383,.T.);
#3565=CLOSED_SHELL('',(#3384,#3385,#3386,#3387,#3388,#3389,#3390,#3391,
#3392,#3393,#3394,#3395,#3396,#3397,#3398,#3399,#3400,#3401,#3402,#3403,
#3404,#3405,#3406,#3407,#3408,#3409,#3410,#3411,#3412,#3413,#3414,#3415,
#3416,#3417,#3418,#3419,#3420,#3421,#3422,#3423,#3424,#3425,#3426,#3427,
#3428,#3429,#3430,#3431,#3432,#3433,#3434,#3435,#3436,#3437,#3438,#3439,
#3440,#3441,#3442,#3443,#3444,#3445,#3446,#3447,#3448,#3449,#3450,#3451,
#3452,#3453,#3454,#3455,#3456,#3457,#3458,#3459,#3460,#3461,#3462,#3463,
#3464,#3465,#3466,#3467,#3468,#3469,#3470,#3471,#3472,#3473,#3474,#3475,
#3476,#3477,#3478,#3479,#3480,#3481,#3482,#3483,#3484,#3485,#3486,#3487,
#3488,#3489,#3490,#3491,#3492,#3493,#3494,#3495,#3496,#3497,#3498,#3499,
#3500,#3501,#3502,#3503,#3504,#3505,#3506,#3507,#3508,#3509,#3510,#3511,
#3512,#3513,#3514,#3515,#3516,#3517,#3518,#3519,#3520,#3521,#3522,#3523,
#3524,#3525,#3526,#3527,#3528,#3529,#3530,#3531,#3532,#3533,#3534,#3535,
#3536,#3537,#3538,#3539,#3540,#3541,#3542,#3543,#3544,#3545,#3546,#3547,
#3548,#3549,#3550,#3551,#3552,#3553,#3554,#3555,#3556,#3557,#3558,#3559,
#3560,#3561,#3562,#3563,#3564));
#3566=AXIS2_PLACEMENT_3D('',#4891,#3878,#3879);
#3567=AXIS2_PLACEMENT_3D('',#4892,#3880,#3881);
#3568=AXIS2_PLACEMENT_3D('',#4901,#3886,#3887);
#3569=AXIS2_PLACEMENT_3D('',#4903,#3888,#3889);
#3570=AXIS2_PLACEMENT_3D('',#4906,#3891,#3892);
#3571=AXIS2_PLACEMENT_3D('',#4907,#3893,#3894);
#3572=AXIS2_PLACEMENT_3D('',#4913,#3898,#3899);
#3573=AXIS2_PLACEMENT_3D('',#4919,#3903,#3904);
#3574=AXIS2_PLACEMENT_3D('',#4925,#3908,#3909);
#3575=AXIS2_PLACEMENT_3D('',#4927,#3910,#3911);
#3576=AXIS2_PLACEMENT_3D('',#4930,#3913,#3914);
#3577=AXIS2_PLACEMENT_3D('',#4931,#3915,#3916);
#3578=AXIS2_PLACEMENT_3D('',#4937,#3920,#3921);
#3579=AXIS2_PLACEMENT_3D('',#4939,#3922,#3923);
#3580=AXIS2_PLACEMENT_3D('',#4942,#3925,#3926);
#3581=AXIS2_PLACEMENT_3D('',#4943,#3927,#3928);
#3582=AXIS2_PLACEMENT_3D('',#4949,#3932,#3933);
#3583=AXIS2_PLACEMENT_3D('',#4951,#3934,#3935);
#3584=AXIS2_PLACEMENT_3D('',#4954,#3937,#3938);
#3585=AXIS2_PLACEMENT_3D('',#4955,#3939,#3940);
#3586=AXIS2_PLACEMENT_3D('',#4961,#3944,#3945);
#3587=AXIS2_PLACEMENT_3D('',#4963,#3946,#3947);
#3588=AXIS2_PLACEMENT_3D('',#4966,#3949,#3950);
#3589=AXIS2_PLACEMENT_3D('',#4967,#3951,#3952);
#3590=AXIS2_PLACEMENT_3D('',#4973,#3956,#3957);
#3591=AXIS2_PLACEMENT_3D('',#4975,#3958,#3959);
#3592=AXIS2_PLACEMENT_3D('',#4978,#3961,#3962);
#3593=AXIS2_PLACEMENT_3D('',#4979,#3963,#3964);
#3594=AXIS2_PLACEMENT_3D('',#4985,#3968,#3969);
#3595=AXIS2_PLACEMENT_3D('',#4991,#3973,#3974);
#3596=AXIS2_PLACEMENT_3D('',#4997,#3978,#3979);
#3597=AXIS2_PLACEMENT_3D('',#5003,#3983,#3984);
#3598=AXIS2_PLACEMENT_3D('',#5005,#3985,#3986);
#3599=AXIS2_PLACEMENT_3D('',#5008,#3988,#3989);
#3600=AXIS2_PLACEMENT_3D('',#5009,#3990,#3991);
#3601=AXIS2_PLACEMENT_3D('',#5015,#3995,#3996);
#3602=AXIS2_PLACEMENT_3D('',#5017,#3997,#3998);
#3603=AXIS2_PLACEMENT_3D('',#5020,#4000,#4001);
#3604=AXIS2_PLACEMENT_3D('',#5021,#4002,#4003);
#3605=AXIS2_PLACEMENT_3D('',#5027,#4007,#4008);
#3606=AXIS2_PLACEMENT_3D('',#5029,#4009,#4010);
#3607=AXIS2_PLACEMENT_3D('',#5032,#4012,#4013);
#3608=AXIS2_PLACEMENT_3D('',#5033,#4014,#4015);
#3609=AXIS2_PLACEMENT_3D('',#5039,#4019,#4020);
#3610=AXIS2_PLACEMENT_3D('',#5045,#4024,#4025);
#3611=AXIS2_PLACEMENT_3D('',#5051,#4029,#4030);
#3612=AXIS2_PLACEMENT_3D('',#5053,#4031,#4032);
#3613=AXIS2_PLACEMENT_3D('',#5056,#4034,#4035);
#3614=AXIS2_PLACEMENT_3D('',#5057,#4036,#4037);
#3615=AXIS2_PLACEMENT_3D('',#5063,#4041,#4042);
#3616=AXIS2_PLACEMENT_3D('',#5065,#4043,#4044);
#3617=AXIS2_PLACEMENT_3D('',#5068,#4046,#4047);
#3618=AXIS2_PLACEMENT_3D('',#5069,#4048,#4049);
#3619=AXIS2_PLACEMENT_3D('',#5075,#4053,#4054);
#3620=AXIS2_PLACEMENT_3D('',#5077,#4055,#4056);
#3621=AXIS2_PLACEMENT_3D('',#5080,#4058,#4059);
#3622=AXIS2_PLACEMENT_3D('',#5081,#4060,#4061);
#3623=AXIS2_PLACEMENT_3D('',#5087,#4065,#4066);
#3624=AXIS2_PLACEMENT_3D('',#5093,#4070,#4071);
#3625=AXIS2_PLACEMENT_3D('',#5099,#4075,#4076);
#3626=AXIS2_PLACEMENT_3D('',#5105,#4080,#4081);
#3627=AXIS2_PLACEMENT_3D('',#5107,#4082,#4083);
#3628=AXIS2_PLACEMENT_3D('',#5110,#4085,#4086);
#3629=AXIS2_PLACEMENT_3D('',#5111,#4087,#4088);
#3630=AXIS2_PLACEMENT_3D('',#5117,#4092,#4093);
#3631=AXIS2_PLACEMENT_3D('',#5119,#4094,#4095);
#3632=AXIS2_PLACEMENT_3D('',#5122,#4097,#4098);
#3633=AXIS2_PLACEMENT_3D('',#5123,#4099,#4100);
#3634=AXIS2_PLACEMENT_3D('',#5129,#4104,#4105);
#3635=AXIS2_PLACEMENT_3D('',#5131,#4106,#4107);
#3636=AXIS2_PLACEMENT_3D('',#5134,#4109,#4110);
#3637=AXIS2_PLACEMENT_3D('',#5135,#4111,#4112);
#3638=AXIS2_PLACEMENT_3D('',#5141,#4116,#4117);
#3639=AXIS2_PLACEMENT_3D('',#5142,#4118,#4119);
#3640=AXIS2_PLACEMENT_3D('',#5143,#4120,#4121);
#3641=AXIS2_PLACEMENT_3D('',#5144,#4122,#4123);
#3642=AXIS2_PLACEMENT_3D('',#5153,#4128,#4129);
#3643=AXIS2_PLACEMENT_3D('',#5155,#4130,#4131);
#3644=AXIS2_PLACEMENT_3D('',#5158,#4133,#4134);
#3645=AXIS2_PLACEMENT_3D('',#5159,#4135,#4136);
#3646=AXIS2_PLACEMENT_3D('',#5165,#4140,#4141);
#3647=AXIS2_PLACEMENT_3D('',#5167,#4142,#4143);
#3648=AXIS2_PLACEMENT_3D('',#5170,#4145,#4146);
#3649=AXIS2_PLACEMENT_3D('',#5171,#4147,#4148);
#3650=AXIS2_PLACEMENT_3D('',#5177,#4152,#4153);
#3651=AXIS2_PLACEMENT_3D('',#5179,#4154,#4155);
#3652=AXIS2_PLACEMENT_3D('',#5182,#4157,#4158);
#3653=AXIS2_PLACEMENT_3D('',#5183,#4159,#4160);
#3654=AXIS2_PLACEMENT_3D('',#5189,#4164,#4165);
#3655=AXIS2_PLACEMENT_3D('',#5195,#4169,#4170);
#3656=AXIS2_PLACEMENT_3D('',#5201,#4174,#4175);
#3657=AXIS2_PLACEMENT_3D('',#5207,#4179,#4180);
#3658=AXIS2_PLACEMENT_3D('',#5209,#4181,#4182);
#3659=AXIS2_PLACEMENT_3D('',#5212,#4184,#4185);
#3660=AXIS2_PLACEMENT_3D('',#5213,#4186,#4187);
#3661=AXIS2_PLACEMENT_3D('',#5219,#4191,#4192);
#3662=AXIS2_PLACEMENT_3D('',#5221,#4193,#4194);
#3663=AXIS2_PLACEMENT_3D('',#5224,#4196,#4197);
#3664=AXIS2_PLACEMENT_3D('',#5225,#4198,#4199);
#3665=AXIS2_PLACEMENT_3D('',#5231,#4203,#4204);
#3666=AXIS2_PLACEMENT_3D('',#5233,#4205,#4206);
#3667=AXIS2_PLACEMENT_3D('',#5236,#4208,#4209);
#3668=AXIS2_PLACEMENT_3D('',#5237,#4210,#4211);
#3669=AXIS2_PLACEMENT_3D('',#5243,#4215,#4216);
#3670=AXIS2_PLACEMENT_3D('',#5249,#4220,#4221);
#3671=AXIS2_PLACEMENT_3D('',#5251,#4222,#4223);
#3672=AXIS2_PLACEMENT_3D('',#5254,#4225,#4226);
#3673=AXIS2_PLACEMENT_3D('',#5255,#4227,#4228);
#3674=AXIS2_PLACEMENT_3D('',#5261,#4232,#4233);
#3675=AXIS2_PLACEMENT_3D('',#5263,#4234,#4235);
#3676=AXIS2_PLACEMENT_3D('',#5266,#4237,#4238);
#3677=AXIS2_PLACEMENT_3D('',#5267,#4239,#4240);
#3678=AXIS2_PLACEMENT_3D('',#5273,#4244,#4245);
#3679=AXIS2_PLACEMENT_3D('',#5275,#4246,#4247);
#3680=AXIS2_PLACEMENT_3D('',#5278,#4249,#4250);
#3681=AXIS2_PLACEMENT_3D('',#5279,#4251,#4252);
#3682=AXIS2_PLACEMENT_3D('',#5285,#4256,#4257);
#3683=AXIS2_PLACEMENT_3D('',#5291,#4261,#4262);
#3684=AXIS2_PLACEMENT_3D('',#5297,#4266,#4267);
#3685=AXIS2_PLACEMENT_3D('',#5303,#4271,#4272);
#3686=AXIS2_PLACEMENT_3D('',#5305,#4273,#4274);
#3687=AXIS2_PLACEMENT_3D('',#5308,#4276,#4277);
#3688=AXIS2_PLACEMENT_3D('',#5309,#4278,#4279);
#3689=AXIS2_PLACEMENT_3D('',#5315,#4283,#4284);
#3690=AXIS2_PLACEMENT_3D('',#5317,#4285,#4286);
#3691=AXIS2_PLACEMENT_3D('',#5320,#4288,#4289);
#3692=AXIS2_PLACEMENT_3D('',#5321,#4290,#4291);
#3693=AXIS2_PLACEMENT_3D('',#5327,#4295,#4296);
#3694=AXIS2_PLACEMENT_3D('',#5329,#4297,#4298);
#3695=AXIS2_PLACEMENT_3D('',#5332,#4300,#4301);
#3696=AXIS2_PLACEMENT_3D('',#5333,#4302,#4303);
#3697=AXIS2_PLACEMENT_3D('',#5339,#4307,#4308);
#3698=AXIS2_PLACEMENT_3D('',#5341,#4309,#4310);
#3699=AXIS2_PLACEMENT_3D('',#5344,#4312,#4313);
#3700=AXIS2_PLACEMENT_3D('',#5345,#4314,#4315);
#3701=AXIS2_PLACEMENT_3D('',#5351,#4319,#4320);
#3702=AXIS2_PLACEMENT_3D('',#5353,#4321,#4322);
#3703=AXIS2_PLACEMENT_3D('',#5356,#4324,#4325);
#3704=AXIS2_PLACEMENT_3D('',#5357,#4326,#4327);
#3705=AXIS2_PLACEMENT_3D('',#5363,#4331,#4332);
#3706=AXIS2_PLACEMENT_3D('',#5369,#4336,#4337);
#3707=AXIS2_PLACEMENT_3D('',#5375,#4341,#4342);
#3708=AXIS2_PLACEMENT_3D('',#5377,#4343,#4344);
#3709=AXIS2_PLACEMENT_3D('',#5380,#4346,#4347);
#3710=AXIS2_PLACEMENT_3D('',#5381,#4348,#4349);
#3711=AXIS2_PLACEMENT_3D('',#5387,#4353,#4354);
#3712=AXIS2_PLACEMENT_3D('',#5388,#4355,#4356);
#3713=AXIS2_PLACEMENT_3D('',#5389,#4357,#4358);
#3714=AXIS2_PLACEMENT_3D('',#5390,#4359,#4360);
#3715=AXIS2_PLACEMENT_3D('',#5391,#4361,#4362);
#3716=AXIS2_PLACEMENT_3D('',#5394,#4363,#4364);
#3717=AXIS2_PLACEMENT_3D('',#5398,#4366,#4367);
#3718=AXIS2_PLACEMENT_3D('',#5402,#4369,#4370);
#3719=AXIS2_PLACEMENT_3D('',#5406,#4372,#4373);
#3720=AXIS2_PLACEMENT_3D('',#5408,#4375,#4376);
#3721=AXIS2_PLACEMENT_3D('',#5411,#4377,#4378);
#3722=AXIS2_PLACEMENT_3D('',#5415,#4380,#4381);
#3723=AXIS2_PLACEMENT_3D('',#5417,#4383,#4384);
#3724=AXIS2_PLACEMENT_3D('',#5423,#4388,#4389);
#3725=AXIS2_PLACEMENT_3D('',#5425,#4390,#4391);
#3726=AXIS2_PLACEMENT_3D('',#5428,#4393,#4394);
#3727=AXIS2_PLACEMENT_3D('',#5429,#4395,#4396);
#3728=AXIS2_PLACEMENT_3D('',#5435,#4400,#4401);
#3729=AXIS2_PLACEMENT_3D('',#5441,#4405,#4406);
#3730=AXIS2_PLACEMENT_3D('',#5447,#4410,#4411);
#3731=AXIS2_PLACEMENT_3D('',#5453,#4415,#4416);
#3732=AXIS2_PLACEMENT_3D('',#5459,#4420,#4421);
#3733=AXIS2_PLACEMENT_3D('',#5465,#4425,#4426);
#3734=AXIS2_PLACEMENT_3D('',#5467,#4427,#4428);
#3735=AXIS2_PLACEMENT_3D('',#5470,#4430,#4431);
#3736=AXIS2_PLACEMENT_3D('',#5471,#4432,#4433);
#3737=AXIS2_PLACEMENT_3D('',#5477,#4437,#4438);
#3738=AXIS2_PLACEMENT_3D('',#5479,#4439,#4440);
#3739=AXIS2_PLACEMENT_3D('',#5482,#4442,#4443);
#3740=AXIS2_PLACEMENT_3D('',#5483,#4444,#4445);
#3741=AXIS2_PLACEMENT_3D('',#5489,#4449,#4450);
#3742=AXIS2_PLACEMENT_3D('',#5491,#4451,#4452);
#3743=AXIS2_PLACEMENT_3D('',#5494,#4454,#4455);
#3744=AXIS2_PLACEMENT_3D('',#5495,#4456,#4457);
#3745=AXIS2_PLACEMENT_3D('',#5501,#4461,#4462);
#3746=AXIS2_PLACEMENT_3D('',#5507,#4466,#4467);
#3747=AXIS2_PLACEMENT_3D('',#5513,#4471,#4472);
#3748=AXIS2_PLACEMENT_3D('',#5519,#4476,#4477);
#3749=AXIS2_PLACEMENT_3D('',#5521,#4478,#4479);
#3750=AXIS2_PLACEMENT_3D('',#5524,#4481,#4482);
#3751=AXIS2_PLACEMENT_3D('',#5525,#4483,#4484);
#3752=AXIS2_PLACEMENT_3D('',#5531,#4488,#4489);
#3753=AXIS2_PLACEMENT_3D('',#5533,#4490,#4491);
#3754=AXIS2_PLACEMENT_3D('',#5536,#4493,#4494);
#3755=AXIS2_PLACEMENT_3D('',#5537,#4495,#4496);
#3756=AXIS2_PLACEMENT_3D('',#5543,#4500,#4501);
#3757=AXIS2_PLACEMENT_3D('',#5549,#4505,#4506);
#3758=AXIS2_PLACEMENT_3D('',#5555,#4510,#4511);
#3759=AXIS2_PLACEMENT_3D('',#5561,#4515,#4516);
#3760=AXIS2_PLACEMENT_3D('',#5563,#4517,#4518);
#3761=AXIS2_PLACEMENT_3D('',#5566,#4520,#4521);
#3762=AXIS2_PLACEMENT_3D('',#5567,#4522,#4523);
#3763=AXIS2_PLACEMENT_3D('',#5573,#4527,#4528);
#3764=AXIS2_PLACEMENT_3D('',#5575,#4529,#4530);
#3765=AXIS2_PLACEMENT_3D('',#5578,#4532,#4533);
#3766=AXIS2_PLACEMENT_3D('',#5579,#4534,#4535);
#3767=AXIS2_PLACEMENT_3D('',#5585,#4539,#4540);
#3768=AXIS2_PLACEMENT_3D('',#5587,#4541,#4542);
#3769=AXIS2_PLACEMENT_3D('',#5590,#4544,#4545);
#3770=AXIS2_PLACEMENT_3D('',#5591,#4546,#4547);
#3771=AXIS2_PLACEMENT_3D('',#5597,#4551,#4552);
#3772=AXIS2_PLACEMENT_3D('',#5603,#4556,#4557);
#3773=AXIS2_PLACEMENT_3D('',#5609,#4561,#4562);
#3774=AXIS2_PLACEMENT_3D('',#5615,#4566,#4567);
#3775=AXIS2_PLACEMENT_3D('',#5621,#4571,#4572);
#3776=AXIS2_PLACEMENT_3D('',#5624,#4575,#4576);
#3777=AXIS2_PLACEMENT_3D('',#5633,#4581,#4582);
#3778=AXIS2_PLACEMENT_3D('',#5635,#4583,#4584);
#3779=AXIS2_PLACEMENT_3D('',#5638,#4586,#4587);
#3780=AXIS2_PLACEMENT_3D('',#5639,#4588,#4589);
#3781=AXIS2_PLACEMENT_3D('',#5645,#4593,#4594);
#3782=AXIS2_PLACEMENT_3D('',#5647,#4595,#4596);
#3783=AXIS2_PLACEMENT_3D('',#5650,#4598,#4599);
#3784=AXIS2_PLACEMENT_3D('',#5651,#4600,#4601);
#3785=AXIS2_PLACEMENT_3D('',#5657,#4605,#4606);
#3786=AXIS2_PLACEMENT_3D('',#5663,#4610,#4611);
#3787=AXIS2_PLACEMENT_3D('',#5669,#4615,#4616);
#3788=AXIS2_PLACEMENT_3D('',#5675,#4620,#4621);
#3789=AXIS2_PLACEMENT_3D('',#5677,#4622,#4623);
#3790=AXIS2_PLACEMENT_3D('',#5680,#4625,#4626);
#3791=AXIS2_PLACEMENT_3D('',#5681,#4627,#4628);
#3792=AXIS2_PLACEMENT_3D('',#5687,#4632,#4633);
#3793=AXIS2_PLACEMENT_3D('',#5689,#4634,#4635);
#3794=AXIS2_PLACEMENT_3D('',#5692,#4637,#4638);
#3795=AXIS2_PLACEMENT_3D('',#5693,#4639,#4640);
#3796=AXIS2_PLACEMENT_3D('',#5699,#4644,#4645);
#3797=AXIS2_PLACEMENT_3D('',#5701,#4646,#4647);
#3798=AXIS2_PLACEMENT_3D('',#5704,#4649,#4650);
#3799=AXIS2_PLACEMENT_3D('',#5705,#4651,#4652);
#3800=AXIS2_PLACEMENT_3D('',#5711,#4656,#4657);
#3801=AXIS2_PLACEMENT_3D('',#5717,#4661,#4662);
#3802=AXIS2_PLACEMENT_3D('',#5723,#4666,#4667);
#3803=AXIS2_PLACEMENT_3D('',#5725,#4668,#4669);
#3804=AXIS2_PLACEMENT_3D('',#5728,#4671,#4672);
#3805=AXIS2_PLACEMENT_3D('',#5729,#4673,#4674);
#3806=AXIS2_PLACEMENT_3D('',#5735,#4678,#4679);
#3807=AXIS2_PLACEMENT_3D('',#5737,#4680,#4681);
#3808=AXIS2_PLACEMENT_3D('',#5740,#4683,#4684);
#3809=AXIS2_PLACEMENT_3D('',#5741,#4685,#4686);
#3810=AXIS2_PLACEMENT_3D('',#5747,#4690,#4691);
#3811=AXIS2_PLACEMENT_3D('',#5749,#4692,#4693);
#3812=AXIS2_PLACEMENT_3D('',#5752,#4695,#4696);
#3813=AXIS2_PLACEMENT_3D('',#5753,#4697,#4698);
#3814=AXIS2_PLACEMENT_3D('',#5759,#4702,#4703);
#3815=AXIS2_PLACEMENT_3D('',#5765,#4707,#4708);
#3816=AXIS2_PLACEMENT_3D('',#5771,#4712,#4713);
#3817=AXIS2_PLACEMENT_3D('',#5777,#4717,#4718);
#3818=AXIS2_PLACEMENT_3D('',#5779,#4719,#4720);
#3819=AXIS2_PLACEMENT_3D('',#5782,#4722,#4723);
#3820=AXIS2_PLACEMENT_3D('',#5783,#4724,#4725);
#3821=AXIS2_PLACEMENT_3D('',#5789,#4729,#4730);
#3822=AXIS2_PLACEMENT_3D('',#5791,#4731,#4732);
#3823=AXIS2_PLACEMENT_3D('',#5794,#4734,#4735);
#3824=AXIS2_PLACEMENT_3D('',#5795,#4736,#4737);
#3825=AXIS2_PLACEMENT_3D('',#5801,#4741,#4742);
#3826=AXIS2_PLACEMENT_3D('',#5803,#4743,#4744);
#3827=AXIS2_PLACEMENT_3D('',#5806,#4746,#4747);
#3828=AXIS2_PLACEMENT_3D('',#5807,#4748,#4749);
#3829=AXIS2_PLACEMENT_3D('',#5813,#4753,#4754);
#3830=AXIS2_PLACEMENT_3D('',#5815,#4755,#4756);
#3831=AXIS2_PLACEMENT_3D('',#5818,#4758,#4759);
#3832=AXIS2_PLACEMENT_3D('',#5819,#4760,#4761);
#3833=AXIS2_PLACEMENT_3D('',#5825,#4765,#4766);
#3834=AXIS2_PLACEMENT_3D('',#5827,#4767,#4768);
#3835=AXIS2_PLACEMENT_3D('',#5830,#4770,#4771);
#3836=AXIS2_PLACEMENT_3D('',#5831,#4772,#4773);
#3837=AXIS2_PLACEMENT_3D('',#5837,#4777,#4778);
#3838=AXIS2_PLACEMENT_3D('',#5843,#4782,#4783);
#3839=AXIS2_PLACEMENT_3D('',#5849,#4787,#4788);
#3840=AXIS2_PLACEMENT_3D('',#5851,#4789,#4790);
#3841=AXIS2_PLACEMENT_3D('',#5854,#4792,#4793);
#3842=AXIS2_PLACEMENT_3D('',#5855,#4794,#4795);
#3843=AXIS2_PLACEMENT_3D('',#5861,#4799,#4800);
#3844=AXIS2_PLACEMENT_3D('',#5863,#4801,#4802);
#3845=AXIS2_PLACEMENT_3D('',#5866,#4804,#4805);
#3846=AXIS2_PLACEMENT_3D('',#5867,#4806,#4807);
#3847=AXIS2_PLACEMENT_3D('',#5873,#4811,#4812);
#3848=AXIS2_PLACEMENT_3D('',#5874,#4813,#4814);
#3849=AXIS2_PLACEMENT_3D('',#5875,#4815,#4816);
#3850=AXIS2_PLACEMENT_3D('',#5876,#4817,#4818);
#3851=AXIS2_PLACEMENT_3D('',#5877,#4819,#4820);
#3852=AXIS2_PLACEMENT_3D('',#5878,#4821,#4822);
#3853=AXIS2_PLACEMENT_3D('',#5880,#4823,#4824);
#3854=AXIS2_PLACEMENT_3D('',#5883,#4826,#4827);
#3855=AXIS2_PLACEMENT_3D('',#5885,#4828,#4829);
#3856=AXIS2_PLACEMENT_3D('',#5887,#4831,#4832);
#3857=AXIS2_PLACEMENT_3D('',#5889,#4833,#4834);
#3858=AXIS2_PLACEMENT_3D('',#5892,#4836,#4837);
#3859=AXIS2_PLACEMENT_3D('',#5894,#4838,#4839);
#3860=AXIS2_PLACEMENT_3D('',#5896,#4841,#4842);
#3861=AXIS2_PLACEMENT_3D('',#5898,#4843,#4844);
#3862=AXIS2_PLACEMENT_3D('',#5901,#4846,#4847);
#3863=AXIS2_PLACEMENT_3D('',#5903,#4848,#4849);
#3864=AXIS2_PLACEMENT_3D('',#5905,#4851,#4852);
#3865=AXIS2_PLACEMENT_3D('',#5909,#4854,#4855);
#3866=AXIS2_PLACEMENT_3D('',#5911,#4857,#4858);
#3867=AXIS2_PLACEMENT_3D('',#5915,#4861,#4862);
#3868=AXIS2_PLACEMENT_3D('',#5916,#4863,#4864);
#3869=AXIS2_PLACEMENT_3D('',#5919,#4866,#4867);
#3870=AXIS2_PLACEMENT_3D('',#5920,#4868,#4869);
#3871=AXIS2_PLACEMENT_3D('',#5924,#4872,#4873);
#3872=AXIS2_PLACEMENT_3D('',#5928,#4875,#4876);
#3873=AXIS2_PLACEMENT_3D('',#5930,#4878,#4879);
#3874=AXIS2_PLACEMENT_3D('',#5932,#4881,#4882);
#3875=AXIS2_PLACEMENT_3D('',#5935,#4884,#4885);
#3876=AXIS2_PLACEMENT_3D('',#5936,#4886,#4887);
#3877=AXIS2_PLACEMENT_3D('',#5938,#4889,#4890);
#3878=DIRECTION('axis',(0.,0.,1.));
#3879=DIRECTION('refdir',(1.,0.,0.));
#3880=DIRECTION('center_axis',(0.272446361387933,-0.956900099158867,0.100574253147743));
#3881=DIRECTION('ref_axis',(0.962170972419391,0.270953871713717,-0.0284783994787447));
#3882=DIRECTION('',(0.962170972419391,0.270953871713717,-0.0284783994787445));
#3883=DIRECTION('',(0.,0.104528463267654,0.994521895368273));
#3884=DIRECTION('',(0.962170972419391,0.270953871713717,-0.0284783994787447));
#3885=DIRECTION('',(0.,0.104528463267654,0.994521895368273));
#3886=DIRECTION('center_axis',(0.,0.104528463267654,0.994521895368273));
#3887=DIRECTION('ref_axis',(-0.900371696726785,0.432737959429653,-0.045482592296283));
#3888=DIRECTION('center_axis',(0.,-0.104528463267654,-0.994521895368273));
#3889=DIRECTION('ref_axis',(-0.900371696726785,0.432737959429653,-0.045482592296283));
#3890=DIRECTION('',(0.,0.104528463267654,0.994521895368273));
#3891=DIRECTION('center_axis',(-2.11194547848696E-16,-0.104528463267654,
-0.994521895368273));
#3892=DIRECTION('ref_axis',(-0.900371696726785,0.432737959429653,-0.045482592296283));
#3893=DIRECTION('center_axis',(0.900371696726782,-0.43273795942966,0.0454825922962839));
#3894=DIRECTION('ref_axis',(0.435121601087945,0.895439366364667,-0.0941144698285402));
#3895=DIRECTION('',(0.435121601087945,0.895439366364667,-0.0941144698285404));
#3896=DIRECTION('',(0.,0.104528463267654,0.994521895368273));
#3897=DIRECTION('',(0.435121601087945,0.895439366364667,-0.0941144698285402));
#3898=DIRECTION('center_axis',(0.563324512611007,-0.821709531420353,0.0863651519104537));
#3899=DIRECTION('ref_axis',(0.826235737239422,0.560238561989307,-0.0588834456242276));
#3900=DIRECTION('',(0.826235737239422,0.560238561989307,-0.0588834456242285));
#3901=DIRECTION('',(0.,0.104528463267654,0.994521895368273));
#3902=DIRECTION('',(0.826235737239422,0.560238561989307,-0.0588834456242276));
#3903=DIRECTION('center_axis',(-0.614405927567761,-0.784667915984474,0.0824719212470603));
#3904=DIRECTION('ref_axis',(0.788990086230238,-0.611040147610192,0.0642229074311954));
#3905=DIRECTION('',(0.788990086230238,-0.611040147610192,0.0642229074311954));
#3906=DIRECTION('',(0.,0.104528463267654,0.994521895368273));
#3907=DIRECTION('',(0.788990086230238,-0.611040147610192,0.0642229074311954));
#3908=DIRECTION('center_axis',(0.,0.104528463267654,0.994521895368273));
#3909=DIRECTION('ref_axis',(0.406244255308802,0.908758826169675,-0.0955144014654976));
#3910=DIRECTION('center_axis',(0.,-0.104528463267654,-0.994521895368273));
#3911=DIRECTION('ref_axis',(0.406244255308802,0.908758826169675,-0.0955144014654976));
#3912=DIRECTION('',(0.,0.104528463267654,0.994521895368273));
#3913=DIRECTION('center_axis',(6.74064043411874E-17,-0.104528463267654,
-0.994521895368273));
#3914=DIRECTION('ref_axis',(0.406244255308802,0.908758826169675,-0.0955144014654979));
#3915=DIRECTION('center_axis',(-0.406244255308788,-0.908758826169681,0.0955144014654983));
#3916=DIRECTION('ref_axis',(0.913764523840036,-0.404018806772169,0.0424640877187392));
#3917=DIRECTION('',(0.913764523840036,-0.404018806772169,0.0424640877187399));
#3918=DIRECTION('',(0.,0.104528463267654,0.994521895368273));
#3919=DIRECTION('',(0.913764523840036,-0.404018806772169,0.0424640877187392));
#3920=DIRECTION('center_axis',(0.,0.104528463267654,0.994521895368273));
#3921=DIRECTION('ref_axis',(-0.0772379442462689,0.99155094814387,-0.104216204131618));
#3922=DIRECTION('center_axis',(0.,-0.104528463267654,-0.994521895368273));
#3923=DIRECTION('ref_axis',(-0.0772379442462689,0.99155094814387,-0.104216204131618));
#3924=DIRECTION('',(0.,0.104528463267654,0.994521895368273));
#3925=DIRECTION('center_axis',(-1.37194057303364E-17,-0.104528463267654,
-0.994521895368273));
#3926=DIRECTION('ref_axis',(-0.0772379442462689,0.99155094814387,-0.104216204131618));
#3927=DIRECTION('center_axis',(0.0772379442462594,-0.991550948143871,0.104216204131618));
#3928=DIRECTION('ref_axis',(0.997012687967717,0.0768148267061391,-0.00807356361801265));
#3929=DIRECTION('',(0.997012687967717,0.076814826706139,-0.00807356361801421));
#3930=DIRECTION('',(0.,0.104528463267654,0.994521895368273));
#3931=DIRECTION('',(0.997012687967717,0.0768148267061391,-0.00807356361801265));
#3932=DIRECTION('center_axis',(0.,0.104528463267654,0.994521895368273));
#3933=DIRECTION('ref_axis',(-0.818623043986776,0.571184940225382,-0.06003395633766));
#3934=DIRECTION('center_axis',(0.,-0.104528463267654,-0.994521895368273));
#3935=DIRECTION('ref_axis',(-0.818623043986776,0.571184940225382,-0.06003395633766));
#3936=DIRECTION('',(0.,0.104528463267654,0.994521895368273));
#3937=DIRECTION('center_axis',(-8.06883059887876E-17,-0.104528463267654,
-0.994521895368273));
#3938=DIRECTION('ref_axis',(-0.818623043986776,0.571184940225382,-0.0600339563376602));
#3939=DIRECTION('center_axis',(0.818623043986762,-0.571184940225401,0.060033956337662));
#3940=DIRECTION('ref_axis',(0.574331186558633,0.81413854129786,-0.0855694087834279));
#3941=DIRECTION('',(0.574331186558633,0.81413854129786,-0.0855694087834251));
#3942=DIRECTION('',(0.,0.104528463267654,0.994521895368273));
#3943=DIRECTION('',(0.574331186558633,0.81413854129786,-0.0855694087834279));
#3944=DIRECTION('center_axis',(0.,0.104528463267654,0.994521895368273));
#3945=DIRECTION('ref_axis',(-0.831956308232236,-0.551801671641695,0.0579966927162223));
#3946=DIRECTION('center_axis',(0.,-0.104528463267654,-0.994521895368273));
#3947=DIRECTION('ref_axis',(-0.831956308232236,-0.551801671641695,0.0579966927162223));
#3948=DIRECTION('',(0.,0.104528463267654,0.994521895368273));
#3949=DIRECTION('center_axis',(8.40992124756912E-17,-0.104528463267654,
-0.994521895368273));
#3950=DIRECTION('ref_axis',(-0.831956308232236,-0.551801671641695,0.0579966927162225));
#3951=DIRECTION('center_axis',(0.831956308232235,0.551801671641696,-0.0579966927162225));
#3952=DIRECTION('ref_axis',(-0.554841149512714,0.827398764526714,-0.0869631144053457));
#3953=DIRECTION('',(-0.554841149512714,0.827398764526714,-0.0869631144053459));
#3954=DIRECTION('',(0.,0.104528463267654,0.994521895368273));
#3955=DIRECTION('',(-0.554841149512714,0.827398764526714,-0.0869631144053457));
#3956=DIRECTION('center_axis',(0.,0.104528463267654,0.994521895368273));
#3957=DIRECTION('ref_axis',(0.605348603782506,-0.791600114073103,0.0832005246258759));
#3958=DIRECTION('center_axis',(0.,-0.104528463267654,-0.994521895368273));
#3959=DIRECTION('ref_axis',(0.605348603782506,-0.791600114073103,0.0832005246258759));
#3960=DIRECTION('',(0.,0.104528463267654,0.994521895368273));
#3961=DIRECTION('center_axis',(-8.57917255677261E-17,-0.104528463267654,
-0.994521895368273));
#3962=DIRECTION('ref_axis',(0.605348603782506,-0.791600114073103,0.0832005246258762));
#3963=DIRECTION('center_axis',(-0.605348603782512,0.791600114073098,-0.0832005246258754));
#3964=DIRECTION('ref_axis',(-0.795960468803924,-0.602032440792322,0.0632761592946056));
#3965=DIRECTION('',(-0.795960468803924,-0.602032440792322,0.0632761592946057));
#3966=DIRECTION('',(0.,0.104528463267654,0.994521895368273));
#3967=DIRECTION('',(-0.795960468803924,-0.602032440792322,0.0632761592946056));
#3968=DIRECTION('center_axis',(-0.105174360237745,0.989006074839034,-0.103948727169065));
#3969=DIRECTION('ref_axis',(-0.994453796789263,-0.104598204087788,0.0109937142508092));
#3970=DIRECTION('',(-0.994453796789263,-0.104598204087788,0.0109937142508101));
#3971=DIRECTION('',(0.,0.104528463267654,0.994521895368273));
#3972=DIRECTION('',(-0.994453796789263,-0.104598204087788,0.0109937142508092));
#3973=DIRECTION('center_axis',(0.708172454569057,0.702171741061269,-0.0738012238694134));
#3974=DIRECTION('ref_axis',(-0.706039499312636,0.704293011765621,-0.0740241784045849));
#3975=DIRECTION('',(-0.706039499312636,0.704293011765621,-0.0740241784045857));
#3976=DIRECTION('',(0.,0.104528463267654,0.994521895368273));
#3977=DIRECTION('',(-0.706039499312636,0.704293011765621,-0.0740241784045849));
#3978=DIRECTION('center_axis',(0.632358815767976,-0.770431873535356,0.0809756528922361));
#3979=DIRECTION('ref_axis',(0.774675627679432,0.628894688010404,-0.0660994952459797));
#3980=DIRECTION('',(0.774675627679432,0.628894688010404,-0.0660994952459798));
#3981=DIRECTION('',(0.,0.104528463267654,0.994521895368273));
#3982=DIRECTION('',(0.774675627679432,0.628894688010404,-0.0660994952459797));
#3983=DIRECTION('center_axis',(0.,0.104528463267654,0.994521895368273));
#3984=DIRECTION('ref_axis',(-0.998274381274558,0.0584001996326026,-0.00613810832174754));
#3985=DIRECTION('center_axis',(0.,-0.104528463267654,-0.994521895368273));
#3986=DIRECTION('ref_axis',(-0.998274381274558,0.0584001996326026,-0.00613810832174754));
#3987=DIRECTION('',(0.,0.104528463267654,0.994521895368273));
#3988=DIRECTION('center_axis',(-8.76302600868947E-18,-0.104528463267654,
-0.994521895368273));
#3989=DIRECTION('ref_axis',(-0.998274381274558,0.0584001996326026,-0.00613810832174756));
#3990=DIRECTION('center_axis',(0.998274381274557,-0.0584001996326341,0.00613810832175085));
#3991=DIRECTION('ref_axis',(0.0587218842587758,0.992805729762762,-0.104348086994098));
#3992=DIRECTION('',(0.0587218842587758,0.992805729762762,-0.104348086994097));
#3993=DIRECTION('',(0.,0.104528463267654,0.994521895368273));
#3994=DIRECTION('',(0.0587218842587758,0.992805729762762,-0.104348086994098));
#3995=DIRECTION('center_axis',(0.,0.104528463267654,0.994521895368273));
#3996=DIRECTION('ref_axis',(-0.812615823130176,-0.579607090999389,0.0609191600540542));
#3997=DIRECTION('center_axis',(0.,-0.104528463267654,-0.994521895368273));
#3998=DIRECTION('ref_axis',(-0.812615823130176,-0.579607090999389,0.0609191600540542));
#3999=DIRECTION('',(0.,0.104528463267654,0.994521895368273));
#4000=DIRECTION('center_axis',(8.33515060074511E-17,-0.104528463267654,
-0.994521895368273));
#4001=DIRECTION('ref_axis',(-0.812615823130176,-0.579607090999389,0.0609191600540545));
#4002=DIRECTION('center_axis',(0.812615823130176,0.57960709099939,-0.0609191600540543));
#4003=DIRECTION('ref_axis',(-0.582799728893611,0.808164228625672,-0.0849414832187768));
#4004=DIRECTION('',(-0.582799728893611,0.808164228625672,-0.0849414832187767));
#4005=DIRECTION('',(0.,0.104528463267654,0.994521895368273));
#4006=DIRECTION('',(-0.582799728893611,0.808164228625672,-0.0849414832187768));
#4007=DIRECTION('center_axis',(0.,0.104528463267654,0.994521895368273));
#4008=DIRECTION('ref_axis',(0.764909760988205,-0.640608800008127,0.067330698029317));
#4009=DIRECTION('center_axis',(0.,-0.104528463267654,-0.994521895368273));
#4010=DIRECTION('ref_axis',(0.764909760988205,-0.640608800008127,0.067330698029317));
#4011=DIRECTION('',(0.,0.104528463267654,0.994521895368273));
#4012=DIRECTION('center_axis',(-8.71517700657678E-17,-0.104528463267654,
-0.994521895368273));
#4013=DIRECTION('ref_axis',(0.764909760988205,-0.640608800008127,0.0673306980293172));
#4014=DIRECTION('center_axis',(-0.764909760988188,0.640608800008147,-0.067330698029319));
#4015=DIRECTION('ref_axis',(-0.64413745236944,-0.760719505283665,0.0799548418545312));
#4016=DIRECTION('',(-0.64413745236944,-0.760719505283666,0.0799548418545235));
#4017=DIRECTION('',(0.,0.104528463267654,0.994521895368273));
#4018=DIRECTION('',(-0.64413745236944,-0.760719505283665,0.0799548418545312));
#4019=DIRECTION('center_axis',(0.100753417720036,0.989461198724628,-0.103996562617012));
#4020=DIRECTION('ref_axis',(-0.994911427624455,0.100201479955762,-0.0105315999232396));
#4021=DIRECTION('',(-0.994911427624455,0.100201479955762,-0.0105315999232394));
#4022=DIRECTION('',(0.,0.104528463267654,0.994521895368273));
#4023=DIRECTION('',(-0.994911427624455,0.100201479955762,-0.0105315999232396));
#4024=DIRECTION('center_axis',(0.873867460844726,0.483500973878687,-0.0508180001097293));
#4025=DIRECTION('ref_axis',(-0.486164232412044,0.869080323459957,-0.0913440227817039));
#4026=DIRECTION('',(-0.486164232412044,0.869080323459957,-0.0913440227817057));
#4027=DIRECTION('',(0.,0.104528463267654,0.994521895368273));
#4028=DIRECTION('',(-0.486164232412044,0.869080323459957,-0.0913440227817039));
#4029=DIRECTION('center_axis',(0.,0.104528463267654,0.994521895368273));
#4030=DIRECTION('ref_axis',(0.246718551900549,-0.963778415801994,0.101297193358434));
#4031=DIRECTION('center_axis',(0.,-0.104528463267654,-0.994521895368273));
#4032=DIRECTION('ref_axis',(0.246718551900549,-0.963778415801994,0.101297193358434));
#4033=DIRECTION('',(0.,0.104528463267654,0.994521895368273));
#4034=DIRECTION('center_axis',(-4.18079708118765E-17,-0.104528463267654,
-0.994521895368273));
#4035=DIRECTION('ref_axis',(0.246718551900549,-0.963778415801994,0.101297193358434));
#4036=DIRECTION('center_axis',(-0.246718551900554,0.963778415801992,-0.101297193358434));
#4037=DIRECTION('ref_axis',(-0.969087176753513,-0.245367001858655,0.0257891110897855));
#4038=DIRECTION('',(-0.969087176753513,-0.245367001858655,0.0257891110897858));
#4039=DIRECTION('',(0.,0.104528463267654,0.994521895368273));
#4040=DIRECTION('',(-0.969087176753513,-0.245367001858655,0.0257891110897855));
#4041=DIRECTION('center_axis',(0.,0.104528463267654,0.994521895368273));
#4042=DIRECTION('ref_axis',(0.772765757154367,-0.631214424636204,0.0663433093900523));
#4043=DIRECTION('center_axis',(0.,-0.104528463267654,-0.994521895368273));
#4044=DIRECTION('ref_axis',(0.772765757154367,-0.631214424636204,0.0663433093900523));
#4045=DIRECTION('',(0.,0.104528463267654,0.994521895368273));
#4046=DIRECTION('center_axis',(-8.93364353515455E-17,-0.104528463267654,
-0.994521895368273));
#4047=DIRECTION('ref_axis',(0.772765757154367,-0.631214424636204,0.0663433093900525));
#4048=DIRECTION('center_axis',(-0.772765759094849,0.631214422286521,-0.0663433091430907));
#4049=DIRECTION('ref_axis',(-0.634691327788999,-0.768532467410711,0.0807760172640468));
#4050=DIRECTION('',(-0.634691327788999,-0.768532467410711,0.0807760172640464));
#4051=DIRECTION('',(0.,0.104528463267654,0.994521895368273));
#4052=DIRECTION('',(-0.634691327788999,-0.768532467410711,0.0807760172640468));
#4053=DIRECTION('center_axis',(0.,0.104528463267654,0.994521895368273));
#4054=DIRECTION('ref_axis',(0.0856016965942644,0.990871441347893,-0.104144785089469));
#4055=DIRECTION('center_axis',(0.,-0.104528463267654,-0.994521895368273));
#4056=DIRECTION('ref_axis',(0.0856016965942644,0.990871441347893,-0.104144785089469));
#4057=DIRECTION('',(0.,0.104528463267654,0.994521895368273));
#4058=DIRECTION('center_axis',(1.48466033764556E-17,-0.104528463267654,
-0.994521895368273));
#4059=DIRECTION('ref_axis',(0.0856016965942644,0.990871441347893,-0.104144785089469));
#4060=DIRECTION('center_axis',(-0.0856016965942682,-0.990871441347893,0.104144785089469));
#4061=DIRECTION('ref_axis',(0.996329438258342,-0.0851327615436715,0.0089478137981027));
#4062=DIRECTION('',(0.996329438258342,-0.0851327615436715,0.0089478137981028));
#4063=DIRECTION('',(0.,0.104528463267654,0.994521895368273));
#4064=DIRECTION('',(0.996329438258342,-0.0851327615436715,0.0089478137981027));
#4065=DIRECTION('center_axis',(-0.735775612901904,0.673515492110254,-0.0707893307378341));
#4066=DIRECTION('ref_axis',(-0.677225403731157,-0.731744957108954,0.076909494126452));
#4067=DIRECTION('',(-0.677225403731157,-0.731744957108954,0.076909494126452));
#4068=DIRECTION('',(0.,0.104528463267654,0.994521895368273));
#4069=DIRECTION('',(-0.677225403731157,-0.731744957108954,0.076909494126452));
#4070=DIRECTION('center_axis',(-0.216504890304697,0.970933361018313,-0.102049208403763));
#4071=DIRECTION('ref_axis',(-0.976281533408346,-0.215318853862327,0.0226309234734813));
#4072=DIRECTION('',(-0.976281533408346,-0.215318853862327,0.0226309234734819));
#4073=DIRECTION('',(0.,0.104528463267654,0.994521895368273));
#4074=DIRECTION('',(-0.976281533408346,-0.215318853862327,0.0226309234734813));
#4075=DIRECTION('center_axis',(-0.00758311925478487,0.994493300614011,-0.104525457837874));
#4076=DIRECTION('ref_axis',(-0.999971247737838,-0.00754157813407227,0.000792651802478214));
#4077=DIRECTION('',(-0.999971247737838,-0.0075415781340723,0.000792651802478017));
#4078=DIRECTION('',(0.,0.104528463267654,0.994521895368273));
#4079=DIRECTION('',(-0.999971247737838,-0.00754157813407227,0.000792651802478214));
#4080=DIRECTION('center_axis',(0.,0.104528463267654,0.994521895368273));
#4081=DIRECTION('ref_axis',(0.495221333426314,-0.864007649292871,0.0908108632426222));
#4082=DIRECTION('center_axis',(0.,-0.104528463267654,-0.994521895368273));
#4083=DIRECTION('ref_axis',(0.495221333426314,-0.864007649292871,0.0908108632426222));
#4084=DIRECTION('',(0.,0.104528463267654,0.994521895368273));
#4085=DIRECTION('center_axis',(-7.56208715318221E-17,-0.104528463267654,
-0.994521895368273));
#4086=DIRECTION('ref_axis',(0.495221333426314,-0.864007649292871,0.0908108632426225));
#4087=DIRECTION('center_axis',(-0.495221333426326,0.864007649292865,-0.0908108632426214));
#4088=DIRECTION('ref_axis',(-0.868766844970186,-0.492508459145953,0.0517647249604177));
#4089=DIRECTION('',(-0.868766844970186,-0.492508459145953,0.0517647249604122));
#4090=DIRECTION('',(0.,0.104528463267654,0.994521895368273));
#4091=DIRECTION('',(-0.868766844970186,-0.492508459145953,0.0517647249604177));
#4092=DIRECTION('center_axis',(0.,0.104528463267654,0.994521895368273));
#4093=DIRECTION('ref_axis',(0.220907444912759,0.969952009521702,-0.101946064205185));
#4094=DIRECTION('center_axis',(0.,-0.104528463267654,-0.994521895368273));
#4095=DIRECTION('ref_axis',(0.220907444912759,0.969952009521702,-0.101946064205185));
#4096=DIRECTION('',(0.,0.104528463267654,0.994521895368273));
#4097=DIRECTION('center_axis',(6.54017417742019E-16,-0.104528463267651,
-0.994521895368274));
#4098=DIRECTION('ref_axis',(0.220907444912759,0.969952009521702,-0.101946064205182));
#4099=DIRECTION('center_axis',(-0.220907444912761,-0.969952009521702,0.101946064205185));
#4100=DIRECTION('ref_axis',(0.975294776353342,-0.219697290815602,0.0230911157411144));
#4101=DIRECTION('',(0.975294776353342,-0.219697290815602,0.0230911157411148));
#4102=DIRECTION('',(0.,0.104528463267654,0.994521895368273));
#4103=DIRECTION('',(0.975294776353342,-0.219697290815602,0.0230911157411144));
#4104=DIRECTION('center_axis',(0.,0.104528463267654,0.994521895368273));
#4105=DIRECTION('ref_axis',(0.0192206874818691,0.994338172886016,-0.104509153256655));
#4106=DIRECTION('center_axis',(0.,-0.104528463267654,-0.994521895368273));
#4107=DIRECTION('ref_axis',(0.0192206874818691,0.994338172886016,-0.104509153256655));
#4108=DIRECTION('',(0.,0.104528463267654,0.994521895368273));
#4109=DIRECTION('center_axis',(3.46173575018007E-18,-0.104528463267654,
-0.994521895368273));
#4110=DIRECTION('ref_axis',(0.0192206874818691,0.994338172886016,-0.104509153256655));
#4111=DIRECTION('center_axis',(-0.0192206909575021,-0.994338172819566,0.104509153249671));
#4112=DIRECTION('ref_axis',(0.999815265456132,-0.0191153980013427,0.00200910928873059));
#4113=DIRECTION('',(0.999815265456132,-0.0191153980013428,0.00200910928873018));
#4114=DIRECTION('',(0.,0.104528463267654,0.994521895368273));
#4115=DIRECTION('',(0.999815265456132,-0.0191153980013427,0.00200910928873059));
#4116=DIRECTION('center_axis',(0.,0.104528463267654,0.994521895368273));
#4117=DIRECTION('ref_axis',(-0.272446361387939,0.956900099158865,-0.100574253147743));
#4118=DIRECTION('center_axis',(0.,-0.104528463267654,-0.994521895368273));
#4119=DIRECTION('ref_axis',(-0.272446361387939,0.956900099158865,-0.100574253147743));
#4120=DIRECTION('center_axis',(-4.73132875768303E-17,-0.104528463267654,
-0.994521895368273));
#4121=DIRECTION('ref_axis',(-0.272446361387939,0.956900099158865,-0.100574253147743));
#4122=DIRECTION('center_axis',(0.0192206909575019,0.994338172819566,-0.104509153249671));
#4123=DIRECTION('ref_axis',(-0.999815265456132,0.0191153980013426,-0.00200910928873061));
#4124=DIRECTION('',(-0.999815265456132,0.0191153980013426,-0.00200910928873016));
#4125=DIRECTION('',(0.,0.104528463267654,0.994521895368273));
#4126=DIRECTION('',(-0.999815265456132,0.0191153980013426,-0.00200910928873061));
#4127=DIRECTION('',(0.,0.104528463267654,0.994521895368273));
#4128=DIRECTION('center_axis',(0.,0.104528463267654,0.994521895368273));
#4129=DIRECTION('ref_axis',(0.0192206888721214,0.994338172859436,-0.104509153253861));
#4130=DIRECTION('center_axis',(0.,0.104528463267654,0.994521895368273));
#4131=DIRECTION('ref_axis',(0.0192206888721214,0.994338172859436,-0.104509153253861));
#4132=DIRECTION('',(0.,0.104528463267654,0.994521895368273));
#4133=DIRECTION('center_axis',(-2.07704160034283E-18,0.104528463267654,
0.994521895368273));
#4134=DIRECTION('ref_axis',(0.0192206888721214,0.994338172859436,-0.104509153253862));
#4135=DIRECTION('center_axis',(0.220907444912761,0.969952009521702,-0.101946064205185));
#4136=DIRECTION('ref_axis',(-0.975294776353342,0.219697290815602,-0.0230911157411144));
#4137=DIRECTION('',(-0.975294776353342,0.219697290815602,-0.0230911157411148));
#4138=DIRECTION('',(0.,0.104528463267654,0.994521895368273));
#4139=DIRECTION('',(-0.975294776353342,0.219697290815602,-0.0230911157411144));
#4140=DIRECTION('center_axis',(0.,0.104528463267654,0.994521895368273));
#4141=DIRECTION('ref_axis',(0.22090744491276,0.969952009521702,-0.101946064205185));
#4142=DIRECTION('center_axis',(0.,0.104528463267654,0.994521895368273));
#4143=DIRECTION('ref_axis',(0.22090744491276,0.969952009521702,-0.101946064205185));
#4144=DIRECTION('',(0.,0.104528463267654,0.994521895368273));
#4145=DIRECTION('center_axis',(-3.92410450645214E-16,0.104528463267652,
0.994521895368273));
#4146=DIRECTION('ref_axis',(0.22090744491276,0.969952009521702,-0.101946064205184));
#4147=DIRECTION('center_axis',(0.495221333426325,-0.864007649292865,0.0908108632426215));
#4148=DIRECTION('ref_axis',(0.868766844970187,0.492508459145952,-0.0517647249604159));
#4149=DIRECTION('',(0.868766844970187,0.492508459145952,-0.051764724960412));
#4150=DIRECTION('',(0.,0.104528463267654,0.994521895368273));
#4151=DIRECTION('',(0.868766844970187,0.492508459145952,-0.0517647249604159));
#4152=DIRECTION('center_axis',(0.,0.104528463267654,0.994521895368273));
#4153=DIRECTION('ref_axis',(0.495221333426318,-0.864007649292869,0.0908108632426219));
#4154=DIRECTION('center_axis',(0.,0.104528463267654,0.994521895368273));
#4155=DIRECTION('ref_axis',(0.495221333426318,-0.864007649292869,0.0908108632426219));
#4156=DIRECTION('',(0.,0.104528463267654,0.994521895368273));
#4157=DIRECTION('center_axis',(4.53725229190947E-17,0.104528463267654,0.994521895368273));
#4158=DIRECTION('ref_axis',(0.495221333426318,-0.864007649292869,0.0908108632426223));
#4159=DIRECTION('center_axis',(0.0075831192547851,-0.994493300614011,0.104525457837874));
#4160=DIRECTION('ref_axis',(0.999971247737838,0.00754157813407251,-0.000792651802478184));
#4161=DIRECTION('',(0.999971247737838,0.00754157813407252,-0.000792651802478041));
#4162=DIRECTION('',(0.,0.104528463267654,0.994521895368273));
#4163=DIRECTION('',(0.999971247737838,0.00754157813407251,-0.000792651802478184));
#4164=DIRECTION('center_axis',(0.216504890304696,-0.970933361018313,0.102049208403763));
#4165=DIRECTION('ref_axis',(0.976281533408346,0.215318853862326,-0.0226309234734812));
#4166=DIRECTION('',(0.976281533408346,0.215318853862326,-0.0226309234734818));
#4167=DIRECTION('',(0.,0.104528463267654,0.994521895368273));
#4168=DIRECTION('',(0.976281533408346,0.215318853862326,-0.0226309234734812));
#4169=DIRECTION('center_axis',(0.735775612901904,-0.673515492110254,0.0707893307378341));
#4170=DIRECTION('ref_axis',(0.677225403731156,0.731744957108954,-0.0769094941264519));
#4171=DIRECTION('',(0.677225403731156,0.731744957108954,-0.076909494126452));
#4172=DIRECTION('',(0.,0.104528463267654,0.994521895368273));
#4173=DIRECTION('',(0.677225403731156,0.731744957108954,-0.0769094941264519));
#4174=DIRECTION('center_axis',(0.0856016965942664,0.990871441347893,-0.104144785089469));
#4175=DIRECTION('ref_axis',(-0.996329438258342,0.0851327615436697,-0.00894781379810221));
#4176=DIRECTION('',(-0.996329438258342,0.0851327615436697,-0.00894781379810261));
#4177=DIRECTION('',(0.,0.104528463267654,0.994521895368273));
#4178=DIRECTION('',(-0.996329438258342,0.0851327615436697,-0.00894781379810221));
#4179=DIRECTION('center_axis',(0.,0.104528463267654,0.994521895368273));
#4180=DIRECTION('ref_axis',(0.085601696594267,0.990871441347893,-0.104144785089469));
#4181=DIRECTION('center_axis',(0.,0.104528463267654,0.994521895368273));
#4182=DIRECTION('ref_axis',(0.085601696594267,0.990871441347893,-0.104144785089469));
#4183=DIRECTION('',(0.,0.104528463267654,0.994521895368273));
#4184=DIRECTION('center_axis',(-8.90796202587362E-18,0.104528463267654,
0.994521895368273));
#4185=DIRECTION('ref_axis',(0.0856016965942669,0.990871441347893,-0.104144785089469));
#4186=DIRECTION('center_axis',(0.772765759094848,-0.631214422286521,0.0663433091430907));
#4187=DIRECTION('ref_axis',(0.634691327788999,0.768532467410711,-0.0807760172640467));
#4188=DIRECTION('',(0.634691327788999,0.768532467410711,-0.0807760172640463));
#4189=DIRECTION('',(0.,0.104528463267654,0.994521895368273));
#4190=DIRECTION('',(0.634691327788999,0.768532467410711,-0.0807760172640467));
#4191=DIRECTION('center_axis',(0.,0.104528463267654,0.994521895368273));
#4192=DIRECTION('ref_axis',(0.77276575793056,-0.631214423696331,0.0663433092912676));
#4193=DIRECTION('center_axis',(0.,0.104528463267654,0.994521895368273));
#4194=DIRECTION('ref_axis',(0.77276575793056,-0.631214423696331,0.0663433092912676));
#4195=DIRECTION('',(0.,0.104528463267654,0.994521895368273));
#4196=DIRECTION('center_axis',(5.36018612647687E-17,0.104528463267654,0.994521895368273));
#4197=DIRECTION('ref_axis',(0.77276575793056,-0.631214423696331,0.0663433092912679));
#4198=DIRECTION('center_axis',(0.246718551900554,-0.963778415801992,0.101297193358434));
#4199=DIRECTION('ref_axis',(0.969087176753513,0.245367001858655,-0.0257891110897854));
#4200=DIRECTION('',(0.969087176753513,0.245367001858655,-0.0257891110897857));
#4201=DIRECTION('',(0.,0.104528463267654,0.994521895368273));
#4202=DIRECTION('',(0.969087176753513,0.245367001858655,-0.0257891110897854));
#4203=DIRECTION('center_axis',(0.,0.104528463267654,0.994521895368273));
#4204=DIRECTION('ref_axis',(0.246718551900551,-0.963778415801993,0.101297193358434));
#4205=DIRECTION('center_axis',(0.,0.104528463267654,0.994521895368273));
#4206=DIRECTION('ref_axis',(0.246718551900551,-0.963778415801993,0.101297193358434));
#4207=DIRECTION('',(0.,0.104528463267654,0.994521895368273));
#4208=DIRECTION('center_axis',(2.50847824871261E-17,0.104528463267654,0.994521895368273));
#4209=DIRECTION('ref_axis',(0.246718551900551,-0.963778415801993,0.101297193358434));
#4210=DIRECTION('center_axis',(-0.873867460844725,-0.483500973878688,0.0508180001097294));
#4211=DIRECTION('ref_axis',(0.486164232412045,-0.869080323459957,0.0913440227817042));
#4212=DIRECTION('',(0.486164232412045,-0.869080323459956,0.0913440227817056));
#4213=DIRECTION('',(0.,0.104528463267654,0.994521895368273));
#4214=DIRECTION('',(0.486164232412045,-0.869080323459957,0.0913440227817042));
#4215=DIRECTION('center_axis',(-0.100753417720036,-0.989461198724628,0.103996562617012));
#4216=DIRECTION('ref_axis',(0.994911427624455,-0.100201479955762,0.0105315999232395));
#4217=DIRECTION('',(0.994911427624455,-0.100201479955762,0.0105315999232393));
#4218=DIRECTION('',(0.,0.104528463267654,0.994521895368273));
#4219=DIRECTION('',(0.994911427624455,-0.100201479955762,0.0105315999232395));
#4220=DIRECTION('center_axis',(0.,0.104528463267654,0.994521895368273));
#4221=DIRECTION('ref_axis',(0.759407650374529,-0.647050971735137,0.0680077975621345));
#4222=DIRECTION('center_axis',(0.,0.104528463267654,0.994521895368273));
#4223=DIRECTION('ref_axis',(0.759407650374529,-0.647050971735137,0.0680077975621345));
#4224=DIRECTION('',(0.,0.104528463267654,0.994521895368273));
#4225=DIRECTION('center_axis',(1.14130001251976E-15,0.104528463267653,0.994521895368274));
#4226=DIRECTION('ref_axis',(0.759407650374529,-0.647050971735137,0.0680077975621333));
#4227=DIRECTION('center_axis',(-0.812615823130179,-0.579607090999386,0.0609191600540539));
#4228=DIRECTION('ref_axis',(0.582799728893607,-0.808164228625675,0.0849414832187777));
#4229=DIRECTION('',(0.582799728893607,-0.808164228625675,0.084941483218777));
#4230=DIRECTION('',(0.,0.104528463267654,0.994521895368273));
#4231=DIRECTION('',(0.582799728893607,-0.808164228625675,0.0849414832187777));
#4232=DIRECTION('center_axis',(0.,0.104528463267654,0.994521895368273));
#4233=DIRECTION('ref_axis',(-0.812615823130175,-0.579607090999391,0.0609191600540545));
#4234=DIRECTION('center_axis',(0.,0.104528463267654,0.994521895368273));
#4235=DIRECTION('ref_axis',(-0.812615823130175,-0.579607090999391,0.0609191600540545));
#4236=DIRECTION('',(0.,0.104528463267654,0.994521895368273));
#4237=DIRECTION('center_axis',(-5.00109036044718E-17,0.104528463267654,
0.994521895368273));
#4238=DIRECTION('ref_axis',(-0.812615823130175,-0.579607090999391,0.0609191600540547));
#4239=DIRECTION('center_axis',(-0.998274381274556,0.0584001996326391,-0.00613810832175139));
#4240=DIRECTION('ref_axis',(-0.0587218842587809,-0.992805729762762,0.104348086994098));
#4241=DIRECTION('',(-0.0587218842587809,-0.992805729762762,0.104348086994097));
#4242=DIRECTION('',(0.,0.104528463267654,0.994521895368273));
#4243=DIRECTION('',(-0.0587218842587809,-0.992805729762762,0.104348086994098));
#4244=DIRECTION('center_axis',(0.,0.104528463267654,0.994521895368273));
#4245=DIRECTION('ref_axis',(-0.998274381274558,0.0584001996326156,-0.00613810832174891));
#4246=DIRECTION('center_axis',(0.,0.104528463267654,0.994521895368273));
#4247=DIRECTION('ref_axis',(-0.998274381274558,0.0584001996326156,-0.00613810832174891));
#4248=DIRECTION('',(0.,0.104528463267654,0.994521895368273));
#4249=DIRECTION('center_axis',(5.25781560521358E-18,0.104528463267654,0.994521895368273));
#4250=DIRECTION('ref_axis',(-0.998274381274558,0.0584001996326156,-0.00613810832174893));
#4251=DIRECTION('center_axis',(-0.632358815767981,0.770431873535352,-0.0809756528922356));
#4252=DIRECTION('ref_axis',(-0.774675627679428,-0.62889468801041,0.0660994952459795));
#4253=DIRECTION('',(-0.774675627679428,-0.62889468801041,0.0660994952459804));
#4254=DIRECTION('',(0.,0.104528463267654,0.994521895368273));
#4255=DIRECTION('',(-0.774675627679428,-0.62889468801041,0.0660994952459795));
#4256=DIRECTION('center_axis',(-0.708172454569052,-0.702171741061274,0.0738012238694139));
#4257=DIRECTION('ref_axis',(0.70603949931264,-0.704293011765616,0.0740241784045813));
#4258=DIRECTION('',(0.70603949931264,-0.704293011765616,0.0740241784045853));
#4259=DIRECTION('',(0.,0.104528463267654,0.994521895368273));
#4260=DIRECTION('',(0.70603949931264,-0.704293011765616,0.0740241784045813));
#4261=DIRECTION('center_axis',(0.105174360237746,-0.989006074839034,0.103948727169065));
#4262=DIRECTION('ref_axis',(0.994453796789263,0.104598204087789,-0.0109937142508093));
#4263=DIRECTION('',(0.994453796789263,0.104598204087789,-0.0109937142508102));
#4264=DIRECTION('',(0.,0.104528463267654,0.994521895368273));
#4265=DIRECTION('',(0.994453796789263,0.104598204087789,-0.0109937142508093));
#4266=DIRECTION('center_axis',(0.605348603782513,-0.791600114073098,0.0832005246258753));
#4267=DIRECTION('ref_axis',(0.795960468803924,0.602032440792323,-0.0632761592946056));
#4268=DIRECTION('',(0.795960468803924,0.602032440792323,-0.0632761592946058));
#4269=DIRECTION('',(0.,0.104528463267654,0.994521895368273));
#4270=DIRECTION('',(0.795960468803924,0.602032440792323,-0.0632761592946056));
#4271=DIRECTION('center_axis',(0.,0.104528463267654,0.994521895368273));
#4272=DIRECTION('ref_axis',(0.605348603782508,-0.791600114073102,0.0832005246258757));
#4273=DIRECTION('center_axis',(0.,0.104528463267654,0.994521895368273));
#4274=DIRECTION('ref_axis',(0.605348603782508,-0.791600114073102,0.0832005246258757));
#4275=DIRECTION('',(0.,0.104528463267654,0.994521895368273));
#4276=DIRECTION('center_axis',(5.14750353406356E-17,0.104528463267654,0.994521895368273));
#4277=DIRECTION('ref_axis',(0.605348603782508,-0.791600114073102,0.0832005246258761));
#4278=DIRECTION('center_axis',(-0.831956308232234,-0.551801671641697,0.0579966927162226));
#4279=DIRECTION('ref_axis',(0.554841149512715,-0.827398764526713,0.0869631144053457));
#4280=DIRECTION('',(0.554841149512715,-0.827398764526713,0.0869631144053458));
#4281=DIRECTION('',(0.,0.104528463267654,0.994521895368273));
#4282=DIRECTION('',(0.554841149512715,-0.827398764526713,0.0869631144053457));
#4283=DIRECTION('center_axis',(0.,0.104528463267654,0.994521895368273));
#4284=DIRECTION('ref_axis',(-0.831956308232235,-0.551801671641697,0.0579966927162225));
#4285=DIRECTION('center_axis',(0.,0.104528463267654,0.994521895368273));
#4286=DIRECTION('ref_axis',(-0.831956308232235,-0.551801671641697,0.0579966927162225));
#4287=DIRECTION('',(0.,0.104528463267654,0.994521895368273));
#4288=DIRECTION('center_axis',(-5.04595274854151E-17,0.104528463267654,
0.994521895368273));
#4289=DIRECTION('ref_axis',(-0.831956308232235,-0.551801671641697,0.0579966927162227));
#4290=DIRECTION('center_axis',(-0.818623043986762,0.571184940225401,-0.060033956337662));
#4291=DIRECTION('ref_axis',(-0.574331186558633,-0.81413854129786,0.0855694087834276));
#4292=DIRECTION('',(-0.574331186558633,-0.81413854129786,0.0855694087834251));
#4293=DIRECTION('',(0.,0.104528463267654,0.994521895368273));
#4294=DIRECTION('',(-0.574331186558633,-0.81413854129786,0.0855694087834276));
#4295=DIRECTION('center_axis',(0.,0.104528463267654,0.994521895368273));
#4296=DIRECTION('ref_axis',(-0.81862304398677,0.57118494022539,-0.0600339563376609));
#4297=DIRECTION('center_axis',(0.,0.104528463267654,0.994521895368273));
#4298=DIRECTION('ref_axis',(-0.81862304398677,0.57118494022539,-0.0600339563376609));
#4299=DIRECTION('',(0.,0.104528463267654,0.994521895368273));
#4300=DIRECTION('center_axis',(4.84129835932716E-17,0.104528463267654,0.994521895368273));
#4301=DIRECTION('ref_axis',(-0.81862304398677,0.57118494022539,-0.0600339563376611));
#4302=DIRECTION('center_axis',(-0.0772379442462605,0.99155094814387,-0.104216204131618));
#4303=DIRECTION('ref_axis',(-0.997012687967717,-0.0768148267061402,0.00807356361801265));
#4304=DIRECTION('',(-0.997012687967717,-0.0768148267061401,0.00807356361801432));
#4305=DIRECTION('',(0.,0.104528463267654,0.994521895368273));
#4306=DIRECTION('',(-0.997012687967717,-0.0768148267061402,0.00807356361801265));
#4307=DIRECTION('center_axis',(0.,0.104528463267654,0.994521895368273));
#4308=DIRECTION('ref_axis',(-0.0772379442462653,0.99155094814387,-0.104216204131618));
#4309=DIRECTION('center_axis',(0.,0.104528463267654,0.994521895368273));
#4310=DIRECTION('ref_axis',(-0.0772379442462653,0.99155094814387,-0.104216204131618));
#4311=DIRECTION('',(0.,0.104528463267654,0.994521895368273));
#4312=DIRECTION('center_axis',(8.23164343820133E-18,0.104528463267654,0.994521895368273));
#4313=DIRECTION('ref_axis',(-0.0772379442462653,0.99155094814387,-0.104216204131618));
#4314=DIRECTION('center_axis',(0.406244255308788,0.908758826169681,-0.0955144014654983));
#4315=DIRECTION('ref_axis',(-0.913764523840036,0.404018806772168,-0.0424640877187393));
#4316=DIRECTION('',(-0.913764523840036,0.404018806772168,-0.0424640877187399));
#4317=DIRECTION('',(0.,0.104528463267654,0.994521895368273));
#4318=DIRECTION('',(-0.913764523840036,0.404018806772168,-0.0424640877187393));
#4319=DIRECTION('center_axis',(0.,0.104528463267654,0.994521895368273));
#4320=DIRECTION('ref_axis',(0.406244255308798,0.908758826169676,-0.0955144014654978));
#4321=DIRECTION('center_axis',(0.,0.104528463267654,0.994521895368273));
#4322=DIRECTION('ref_axis',(0.406244255308798,0.908758826169676,-0.0955144014654978));
#4323=DIRECTION('',(0.,0.104528463267654,0.994521895368273));
#4324=DIRECTION('center_axis',(-4.04438426047154E-17,0.104528463267654,
0.994521895368273));
#4325=DIRECTION('ref_axis',(0.406244255308798,0.908758826169676,-0.0955144014654982));
#4326=DIRECTION('center_axis',(0.614405927567762,0.784667915984473,-0.0824719212470603));
#4327=DIRECTION('ref_axis',(-0.788990086230237,0.611040147610193,-0.0642229074311956));
#4328=DIRECTION('',(-0.788990086230238,0.611040147610193,-0.0642229074311955));
#4329=DIRECTION('',(0.,0.104528463267654,0.994521895368273));
#4330=DIRECTION('',(-0.788990086230237,0.611040147610193,-0.0642229074311956));
#4331=DIRECTION('center_axis',(-0.563324512611006,0.821709531420353,-0.0863651519104537));
#4332=DIRECTION('ref_axis',(-0.826235737239423,-0.560238561989307,0.0588834456242274));
#4333=DIRECTION('',(-0.826235737239423,-0.560238561989307,0.0588834456242284));
#4334=DIRECTION('',(0.,0.104528463267654,0.994521895368273));
#4335=DIRECTION('',(-0.826235737239423,-0.560238561989307,0.0588834456242274));
#4336=DIRECTION('center_axis',(-0.900371696726781,0.432737959429661,-0.0454825922962839));
#4337=DIRECTION('ref_axis',(-0.435121601087945,-0.895439366364667,0.0941144698285401));
#4338=DIRECTION('',(-0.435121601087945,-0.895439366364667,0.0941144698285403));
#4339=DIRECTION('',(0.,0.104528463267654,0.994521895368273));
#4340=DIRECTION('',(-0.435121601087945,-0.895439366364667,0.0941144698285401));
#4341=DIRECTION('center_axis',(0.,0.104528463267654,0.994521895368273));
#4342=DIRECTION('ref_axis',(-0.900371696726784,0.432737959429656,-0.0454825922962833));
#4343=DIRECTION('center_axis',(0.,0.104528463267654,0.994521895368273));
#4344=DIRECTION('ref_axis',(-0.900371696726784,0.432737959429656,-0.0454825922962833));
#4345=DIRECTION('',(0.,0.104528463267654,0.994521895368273));
#4346=DIRECTION('center_axis',(2.11194547848696E-16,0.104528463267654,0.994521895368273));
#4347=DIRECTION('ref_axis',(-0.900371696726784,0.432737959429656,-0.0454825922962833));
#4348=DIRECTION('center_axis',(-0.272446361387933,0.956900099158867,-0.100574253147743));
#4349=DIRECTION('ref_axis',(-0.962170972419391,-0.270953871713717,0.0284783994787446));
#4350=DIRECTION('',(-0.962170972419391,-0.270953871713717,0.0284783994787445));
#4351=DIRECTION('',(0.,0.104528463267654,0.994521895368273));
#4352=DIRECTION('',(-0.962170972419391,-0.270953871713717,0.0284783994787446));
#4353=DIRECTION('center_axis',(0.,0.104528463267654,0.994521895368273));
#4354=DIRECTION('ref_axis',(-0.272446361387935,0.956900099158867,-0.100574253147743));
#4355=DIRECTION('center_axis',(0.,0.104528463267654,0.994521895368273));
#4356=DIRECTION('ref_axis',(-0.272446361387935,0.956900099158867,-0.100574253147743));
#4357=DIRECTION('center_axis',(2.83879725460973E-17,0.104528463267654,0.994521895368273));
#4358=DIRECTION('ref_axis',(-0.272446361387935,0.956900099158866,-0.100574253147743));
#4359=DIRECTION('center_axis',(-2.11194547848696E-16,-0.104528463267654,
-0.994521895368273));
#4360=DIRECTION('ref_axis',(1.,-2.20758415371312E-17,-2.1003760201793E-16));
#4361=DIRECTION('center_axis',(0.,-0.104528463267654,-0.994521895368273));
#4362=DIRECTION('ref_axis',(-1.,0.,0.));
#4363=DIRECTION('center_axis',(0.,0.104528463267654,0.994521895368273));
#4364=DIRECTION('ref_axis',(-1.03513228756098E-15,-0.994521895368273,0.104528463267654));
#4365=DIRECTION('',(1.,-4.50110295059128E-17,4.73084983473977E-18));
#4366=DIRECTION('center_axis',(0.,0.104528463267654,0.994521895368273));
#4367=DIRECTION('ref_axis',(-6.55583782121952E-15,-0.994521895368273,0.104528463267654));
#4368=DIRECTION('',(1.84311504514422E-16,-0.994521895368273,0.104528463267654));
#4369=DIRECTION('center_axis',(0.,0.104528463267654,0.994521895368273));
#4370=DIRECTION('ref_axis',(-6.21079372536585E-16,0.994521895368273,-0.104528463267654));
#4371=DIRECTION('',(-1.,0.,0.));
#4372=DIRECTION('center_axis',(0.,0.104528463267654,0.994521895368273));
#4373=DIRECTION('ref_axis',(-5.17566143780488E-15,0.994521895368273,-0.104528463267654));
#4374=DIRECTION('',(0.,0.994521895368273,-0.104528463267654));
#4375=DIRECTION('center_axis',(0.,0.104528463267657,0.994521895368273));
#4376=DIRECTION('ref_axis',(0.900371696726782,-0.432737959429659,0.0454825922962854));
#4377=DIRECTION('center_axis',(0.,0.104528463267654,0.994521895368273));
#4378=DIRECTION('ref_axis',(0.900371696726782,-0.432737959429659,0.0454825922962854));
#4379=DIRECTION('',(0.,0.104528463267657,0.994521895368273));
#4380=DIRECTION('center_axis',(1.55726732395572E-14,0.104528463267646,0.994521895368274));
#4381=DIRECTION('ref_axis',(0.900371696726782,-0.432737959429661,0.0454825922962663));
#4382=DIRECTION('',(0.,0.104528463267657,0.994521895368273));
#4383=DIRECTION('center_axis',(0.56332451261101,-0.821709531420351,0.0863651519104565));
#4384=DIRECTION('ref_axis',(0.82623573723942,0.56023856198931,-0.0588834456242284));
#4385=DIRECTION('',(0.82623573723942,0.560238561989311,-0.0588834456242288));
#4386=DIRECTION('',(0.,0.104528463267657,0.994521895368273));
#4387=DIRECTION('',(0.82623573723942,0.56023856198931,-0.0588834456242284));
#4388=DIRECTION('center_axis',(0.,0.104528463267657,0.994521895368273));
#4389=DIRECTION('ref_axis',(0.563324512610992,-0.821709531420363,0.0863651519104578));
#4390=DIRECTION('center_axis',(0.,0.104528463267654,0.994521895368273));
#4391=DIRECTION('ref_axis',(0.563324512610992,-0.821709531420363,0.0863651519104578));
#4392=DIRECTION('',(0.,0.104528463267657,0.994521895368273));
#4393=DIRECTION('center_axis',(-5.094772946239E-16,0.104528463267654,0.994521895368273));
#4394=DIRECTION('ref_axis',(0.563324512610992,-0.821709531420363,0.0863651519104552));
#4395=DIRECTION('center_axis',(-0.614405927567759,-0.784667915984476,0.0824719212470634));
#4396=DIRECTION('ref_axis',(0.78899008623024,-0.61104014761019,0.0642229074311944));
#4397=DIRECTION('',(0.78899008623024,-0.61104014761019,0.0642229074311951));
#4398=DIRECTION('',(0.,0.104528463267657,0.994521895368273));
#4399=DIRECTION('',(0.78899008623024,-0.61104014761019,0.0642229074311944));
#4400=DIRECTION('center_axis',(-0.406244255308789,-0.90875882616968,0.0955144014655016));
#4401=DIRECTION('ref_axis',(0.913764523840036,-0.404018806772169,0.0424640877187402));
#4402=DIRECTION('',(0.913764523840036,-0.404018806772169,0.04246408771874));
#4403=DIRECTION('',(0.,0.104528463267657,0.994521895368273));
#4404=DIRECTION('',(0.913764523840036,-0.404018806772169,0.0424640877187402));
#4405=DIRECTION('center_axis',(0.0772379442462583,-0.99155094814387,0.104216204131622));
#4406=DIRECTION('ref_axis',(0.997012687967717,0.0768148267061377,-0.00807356361801583));
#4407=DIRECTION('',(0.997012687967717,0.0768148267061379,-0.00807356361801409));
#4408=DIRECTION('',(0.,0.104528463267657,0.994521895368273));
#4409=DIRECTION('',(0.997012687967717,0.0768148267061377,-0.00807356361801583));
#4410=DIRECTION('center_axis',(0.818623043986782,-0.571184940225373,0.0600339563376611));
#4411=DIRECTION('ref_axis',(0.574331186558604,0.81413854129788,-0.0855694087834276));
#4412=DIRECTION('',(0.574331186558604,0.81413854129788,-0.0855694087834272));
#4413=DIRECTION('',(0.,0.104528463267657,0.994521895368273));
#4414=DIRECTION('',(0.574331186558604,0.81413854129788,-0.0855694087834276));
#4415=DIRECTION('center_axis',(0.831956308232239,0.55180167164169,-0.0579966927162239));
#4416=DIRECTION('ref_axis',(-0.554841149512708,0.827398764526718,-0.0869631144053468));
#4417=DIRECTION('',(-0.554841149512708,0.827398764526718,-0.0869631144053463));
#4418=DIRECTION('',(0.,0.104528463267657,0.994521895368273));
#4419=DIRECTION('',(-0.554841149512708,0.827398764526718,-0.0869631144053468));
#4420=DIRECTION('center_axis',(-0.605348603782516,0.791600114073095,-0.083200524625878));
#4421=DIRECTION('ref_axis',(-0.795960468803921,-0.602032440792326,0.0632761592946057));
#4422=DIRECTION('',(-0.795960468803921,-0.602032440792326,0.0632761592946062));
#4423=DIRECTION('',(0.,0.104528463267657,0.994521895368273));
#4424=DIRECTION('',(-0.795960468803921,-0.602032440792326,0.0632761592946057));
#4425=DIRECTION('center_axis',(0.,0.104528463267657,0.994521895368273));
#4426=DIRECTION('ref_axis',(-0.605348603782492,0.791600114073113,-0.0832005246258799));
#4427=DIRECTION('center_axis',(0.,0.104528463267654,0.994521895368273));
#4428=DIRECTION('ref_axis',(-0.605348603782492,0.791600114073113,-0.0832005246258799));
#4429=DIRECTION('',(0.,0.104528463267657,0.994521895368273));
#4430=DIRECTION('center_axis',(-5.42595705189563E-16,0.104528463267654,
0.994521895368273));
#4431=DIRECTION('ref_axis',(-0.605348603782492,0.791600114073113,-0.0832005246258774));
#4432=DIRECTION('center_axis',(-0.105174360237748,0.989006074839033,-0.103948727169069));
#4433=DIRECTION('ref_axis',(-0.994453796789263,-0.10459820408779,0.0109937142508104));
#4434=DIRECTION('',(-0.994453796789263,-0.10459820408779,0.0109937142508104));
#4435=DIRECTION('',(0.,0.104528463267657,0.994521895368273));
#4436=DIRECTION('',(-0.994453796789263,-0.10459820408779,0.0109937142508104));
#4437=DIRECTION('center_axis',(0.,0.104528463267657,0.994521895368273));
#4438=DIRECTION('ref_axis',(-0.105174360237754,0.989006074839033,-0.103948727169069));
#4439=DIRECTION('center_axis',(0.,0.104528463267654,0.994521895368273));
#4440=DIRECTION('ref_axis',(-0.105174360237754,0.989006074839033,-0.103948727169069));
#4441=DIRECTION('',(0.,0.104528463267657,0.994521895368273));
#4442=DIRECTION('center_axis',(-1.10465210779366E-16,0.104528463267654,
0.994521895368273));
#4443=DIRECTION('ref_axis',(-0.105174360237754,0.989006074839033,-0.103948727169066));
#4444=DIRECTION('center_axis',(0.708172454569056,0.702171741061269,-0.073801223869416));
#4445=DIRECTION('ref_axis',(-0.706039499312636,0.70429301176562,-0.0740241784045861));
#4446=DIRECTION('',(-0.706039499312636,0.70429301176562,-0.0740241784045857));
#4447=DIRECTION('',(0.,0.104528463267657,0.994521895368273));
#4448=DIRECTION('',(-0.706039499312636,0.70429301176562,-0.0740241784045861));
#4449=DIRECTION('center_axis',(0.,0.104528463267657,0.994521895368273));
#4450=DIRECTION('ref_axis',(-0.632358815767959,0.77043187353537,-0.0809756528922404));
#4451=DIRECTION('center_axis',(0.,0.104528463267654,0.994521895368273));
#4452=DIRECTION('ref_axis',(-0.632358815767959,0.77043187353537,-0.0809756528922404));
#4453=DIRECTION('',(0.,0.104528463267657,0.994521895368273));
#4454=DIRECTION('center_axis',(5.07298749610756E-15,0.104528463267647,0.994521895368274));
#4455=DIRECTION('ref_axis',(-0.632358815767959,0.770431873535371,-0.0809756528922292));
#4456=DIRECTION('center_axis',(0.63235881576797,-0.77043187353536,0.0809756528922394));
#4457=DIRECTION('ref_axis',(0.774675627679437,0.628894688010399,-0.0660994952459771));
#4458=DIRECTION('',(0.774675627679437,0.628894688010399,-0.0660994952459792));
#4459=DIRECTION('',(0.,0.104528463267657,0.994521895368273));
#4460=DIRECTION('',(0.774675627679437,0.628894688010399,-0.0660994952459771));
#4461=DIRECTION('center_axis',(0.998274381274557,-0.0584001996326218,0.00613810832174978));
#4462=DIRECTION('ref_axis',(0.0587218842587634,0.992805729762763,-0.104348086994096));
#4463=DIRECTION('',(0.0587218842587635,0.992805729762763,-0.104348086994097));
#4464=DIRECTION('',(0.,0.104528463267657,0.994521895368273));
#4465=DIRECTION('',(0.0587218842587634,0.992805729762763,-0.104348086994096));
#4466=DIRECTION('center_axis',(0.812615823130167,0.579607090999402,-0.0609191600540577));
#4467=DIRECTION('ref_axis',(-0.582799728893624,0.808164228625664,-0.0849414832187762));
#4468=DIRECTION('',(-0.582799728893624,0.808164228625663,-0.0849414832187758));
#4469=DIRECTION('',(0.,0.104528463267657,0.994521895368273));
#4470=DIRECTION('',(-0.582799728893624,0.808164228625664,-0.0849414832187762));
#4471=DIRECTION('center_axis',(-0.764909760988183,0.640608800008153,-0.0673306980293221));
#4472=DIRECTION('ref_axis',(-0.644137452369447,-0.760719505283661,0.07995484185452));
#4473=DIRECTION('',(-0.644137452369447,-0.76071950528366,0.079954841854523));
#4474=DIRECTION('',(0.,0.104528463267657,0.994521895368273));
#4475=DIRECTION('',(-0.644137452369447,-0.760719505283661,0.07995484185452));
#4476=DIRECTION('center_axis',(0.,0.104528463267657,0.994521895368273));
#4477=DIRECTION('ref_axis',(-0.764909760988195,0.640608800008138,-0.0673306980293205));
#4478=DIRECTION('center_axis',(0.,0.104528463267654,0.994521895368273));
#4479=DIRECTION('ref_axis',(-0.764909760988195,0.640608800008138,-0.0673306980293205));
#4480=DIRECTION('',(0.,0.104528463267657,0.994521895368273));
#4481=DIRECTION('center_axis',(6.15598360909766E-16,0.104528463267641,0.994521895368275));
#4482=DIRECTION('ref_axis',(-0.764909760988195,0.64060880000814,-0.0673306980293097));
#4483=DIRECTION('center_axis',(0.100753417720034,0.989461198724628,-0.103996562617015));
#4484=DIRECTION('ref_axis',(-0.994911427624456,0.10020147995576,-0.0105315999232385));
#4485=DIRECTION('',(-0.994911427624456,0.10020147995576,-0.0105315999232392));
#4486=DIRECTION('',(0.,0.104528463267657,0.994521895368273));
#4487=DIRECTION('',(-0.994911427624456,0.10020147995576,-0.0105315999232385));
#4488=DIRECTION('center_axis',(0.,0.104528463267657,0.994521895368273));
#4489=DIRECTION('ref_axis',(0.100753417720049,0.989461198724626,-0.103996562617015));
#4490=DIRECTION('center_axis',(0.,0.104528463267654,0.994521895368273));
#4491=DIRECTION('ref_axis',(0.100753417720049,0.989461198724626,-0.103996562617015));
#4492=DIRECTION('',(0.,0.104528463267657,0.994521895368273));
#4493=DIRECTION('center_axis',(-7.66238373331659E-16,0.104528463267663,
0.994521895368272));
#4494=DIRECTION('ref_axis',(0.100753417720049,0.989461198724626,-0.103996562617021));
#4495=DIRECTION('center_axis',(0.873867460844728,0.483500973878684,-0.0508180001097308));
#4496=DIRECTION('ref_axis',(-0.486164232412041,0.869080323459959,-0.0913440227817021));
#4497=DIRECTION('',(-0.48616423241204,0.869080323459959,-0.0913440227817058));
#4498=DIRECTION('',(0.,0.104528463267657,0.994521895368273));
#4499=DIRECTION('',(-0.486164232412041,0.869080323459959,-0.0913440227817021));
#4500=DIRECTION('center_axis',(-0.246718551900556,0.963778415801991,-0.101297193358437));
#4501=DIRECTION('ref_axis',(-0.969087176753512,-0.245367001858657,0.0257891110897866));
#4502=DIRECTION('',(-0.969087176753512,-0.245367001858657,0.025789111089786));
#4503=DIRECTION('',(0.,0.104528463267657,0.994521895368273));
#4504=DIRECTION('',(-0.969087176753512,-0.245367001858657,0.0257891110897866));
#4505=DIRECTION('center_axis',(-0.772765758661798,0.631214422810892,-0.0663433091982066));
#4506=DIRECTION('ref_axis',(-0.634691328316258,-0.768532466980033,0.0807760172187777));
#4507=DIRECTION('',(-0.634691328316258,-0.768532466980033,0.0807760172187802));
#4508=DIRECTION('',(0.,0.104528463267657,0.994521895368273));
#4509=DIRECTION('',(-0.634691328316258,-0.768532466980033,0.0807760172187777));
#4510=DIRECTION('center_axis',(-0.0856016965942668,-0.990871441347893,0.104144785089473));
#4511=DIRECTION('ref_axis',(0.996329438258342,-0.08513276154367,0.00894781379810269));
#4512=DIRECTION('',(0.996329438258342,-0.08513276154367,0.00894781379810264));
#4513=DIRECTION('',(0.,0.104528463267657,0.994521895368273));
#4514=DIRECTION('',(0.996329438258342,-0.08513276154367,0.00894781379810269));
#4515=DIRECTION('center_axis',(0.,0.104528463267657,0.994521895368273));
#4516=DIRECTION('ref_axis',(-0.0856016965942524,-0.990871441347894,0.104144785089473));
#4517=DIRECTION('center_axis',(0.,0.104528463267654,0.994521895368273));
#4518=DIRECTION('ref_axis',(-0.0856016965942524,-0.990871441347894,0.104144785089473));
#4519=DIRECTION('',(0.,0.104528463267657,0.994521895368273));
#4520=DIRECTION('center_axis',(-6.64889048715617E-16,0.104528463267645,
0.994521895368274));
#4521=DIRECTION('ref_axis',(-0.0856016965942524,-0.990871441347896,0.104144785089461));
#4522=DIRECTION('center_axis',(-0.735775612901903,0.673515492110255,-0.0707893307378367));
#4523=DIRECTION('ref_axis',(-0.677225403731157,-0.731744957108953,0.076909494126452));
#4524=DIRECTION('',(-0.677225403731157,-0.731744957108953,0.0769094941264519));
#4525=DIRECTION('',(0.,0.104528463267657,0.994521895368273));
#4526=DIRECTION('',(-0.677225403731157,-0.731744957108953,0.076909494126452));
#4527=DIRECTION('center_axis',(0.,0.104528463267657,0.994521895368273));
#4528=DIRECTION('ref_axis',(0.216504890304703,-0.970933361018311,0.102049208403766));
#4529=DIRECTION('center_axis',(0.,0.104528463267654,0.994521895368273));
#4530=DIRECTION('ref_axis',(0.216504890304703,-0.970933361018311,0.102049208403766));
#4531=DIRECTION('',(0.,0.104528463267657,0.994521895368273));
#4532=DIRECTION('center_axis',(-2.15523641911983E-15,0.104528463267663,
0.994521895368273));
#4533=DIRECTION('ref_axis',(0.216504890304703,-0.97093336101831,0.102049208403772));
#4534=DIRECTION('center_axis',(-0.216504890304699,0.970933361018312,-0.102049208403766));
#4535=DIRECTION('ref_axis',(-0.976281533408345,-0.215318853862329,0.0226309234734822));
#4536=DIRECTION('',(-0.976281533408345,-0.215318853862329,0.0226309234734821));
#4537=DIRECTION('',(0.,0.104528463267657,0.994521895368273));
#4538=DIRECTION('',(-0.976281533408345,-0.215318853862329,0.0226309234734822));
#4539=DIRECTION('center_axis',(0.,0.104528463267657,0.994521895368273));
#4540=DIRECTION('ref_axis',(-0.216504890304702,0.970933361018311,-0.102049208403766));
#4541=DIRECTION('center_axis',(0.,0.104528463267654,0.994521895368273));
#4542=DIRECTION('ref_axis',(-0.216504890304702,0.970933361018311,-0.102049208403766));
#4543=DIRECTION('',(0.,0.104528463267657,0.994521895368273));
#4544=DIRECTION('center_axis',(3.4703617792047E-15,0.104528463267655,0.994521895368273));
#4545=DIRECTION('ref_axis',(-0.216504890304702,0.970933361018311,-0.102049208403763));
#4546=DIRECTION('center_axis',(-0.00758311925478579,0.994493300614011,-0.104525457837878));
#4547=DIRECTION('ref_axis',(-0.999971247737838,-0.00754157813407321,0.000792651802478117));
#4548=DIRECTION('',(-0.999971247737838,-0.00754157813407321,0.000792651802478113));
#4549=DIRECTION('',(0.,0.104528463267657,0.994521895368273));
#4550=DIRECTION('',(-0.999971247737838,-0.00754157813407321,0.000792651802478117));
#4551=DIRECTION('center_axis',(-0.495221333426324,0.864007649292865,-0.0908108632426248));
#4552=DIRECTION('ref_axis',(-0.868766844970187,-0.492508459145952,0.0517647249604106));
#4553=DIRECTION('',(-0.868766844970187,-0.492508459145951,0.0517647249604119));
#4554=DIRECTION('',(0.,0.104528463267657,0.994521895368273));
#4555=DIRECTION('',(-0.868766844970187,-0.492508459145951,0.0517647249604106));
#4556=DIRECTION('center_axis',(-0.220907444912762,-0.969952009521701,0.101946064205188));
#4557=DIRECTION('ref_axis',(0.975294776353342,-0.219697290815602,0.0230911157411154));
#4558=DIRECTION('',(0.975294776353342,-0.219697290815602,0.0230911157411148));
#4559=DIRECTION('',(0.,0.104528463267657,0.994521895368273));
#4560=DIRECTION('',(0.975294776353342,-0.219697290815602,0.0230911157411154));
#4561=DIRECTION('center_axis',(-0.0192206908478225,-0.994338172821663,0.104509153249895));
#4562=DIRECTION('ref_axis',(0.999815265458241,-0.019115397892264,0.00200910927726555));
#4563=DIRECTION('',(0.999815265458241,-0.019115397892264,0.00200910927726554));
#4564=DIRECTION('',(0.,0.104528463267657,0.994521895368273));
#4565=DIRECTION('',(0.999815265458241,-0.019115397892264,0.00200910927726555));
#4566=DIRECTION('center_axis',(0.272446361387934,-0.956900099158866,0.100574253147746));
#4567=DIRECTION('ref_axis',(0.96217097241939,0.270953871713717,-0.0284783994787447));
#4568=DIRECTION('',(0.96217097241939,0.270953871713718,-0.0284783994787445));
#4569=DIRECTION('',(0.,0.104528463267657,0.994521895368273));
#4570=DIRECTION('',(0.96217097241939,0.270953871713717,-0.0284783994787447));
#4571=DIRECTION('center_axis',(0.90037169672678,-0.432737959429664,0.0454825922962858));
#4572=DIRECTION('ref_axis',(0.435121601087948,0.895439366364666,-0.0941144698285388));
#4573=DIRECTION('',(0.435121601087948,0.895439366364665,-0.0941144698285402));
#4574=DIRECTION('',(0.435121601087948,0.895439366364666,-0.0941144698285388));
#4575=DIRECTION('center_axis',(0.220907444912763,0.969952009521701,-0.101946064205188));
#4576=DIRECTION('ref_axis',(-0.975294776353342,0.219697290815603,-0.0230911157411151));
#4577=DIRECTION('',(-0.975294776353342,0.219697290815603,-0.0230911157411149));
#4578=DIRECTION('',(0.,0.104528463267657,0.994521895368273));
#4579=DIRECTION('',(-0.975294776353342,0.219697290815603,-0.0230911157411151));
#4580=DIRECTION('',(0.,0.104528463267657,0.994521895368273));
#4581=DIRECTION('center_axis',(0.,0.104528463267657,0.994521895368273));
#4582=DIRECTION('ref_axis',(-0.495221333426335,0.86400764929286,-0.0908108632426241));
#4583=DIRECTION('center_axis',(0.,0.104528463267654,0.994521895368273));
#4584=DIRECTION('ref_axis',(-0.495221333426335,0.86400764929286,-0.0908108632426241));
#4585=DIRECTION('',(0.,0.104528463267657,0.994521895368273));
#4586=DIRECTION('center_axis',(-4.82389742075032E-16,0.104528463267654,
0.994521895368273));
#4587=DIRECTION('ref_axis',(-0.495221333426335,0.86400764929286,-0.0908108632426214));
#4588=DIRECTION('center_axis',(0.495221333426322,-0.864007649292867,0.0908108632426249));
#4589=DIRECTION('ref_axis',(0.868766844970189,0.492508459145949,-0.0517647249604087));
#4590=DIRECTION('',(0.868766844970189,0.492508459145949,-0.0517647249604117));
#4591=DIRECTION('',(0.,0.104528463267657,0.994521895368273));
#4592=DIRECTION('',(0.868766844970189,0.492508459145949,-0.0517647249604087));
#4593=DIRECTION('center_axis',(0.,0.104528463267657,0.994521895368273));
#4594=DIRECTION('ref_axis',(-0.00758311925476807,0.994493300614011,-0.104525457837878));
#4595=DIRECTION('center_axis',(0.,0.104528463267654,0.994521895368273));
#4596=DIRECTION('ref_axis',(-0.00758311925476807,0.994493300614011,-0.104525457837878));
#4597=DIRECTION('',(0.,0.104528463267657,0.994521895368273));
#4598=DIRECTION('center_axis',(-7.52100258998911E-17,0.104528463267663,
0.994521895368272));
#4599=DIRECTION('ref_axis',(-0.00758311925476807,0.994493300614011,-0.104525457837884));
#4600=DIRECTION('center_axis',(0.00758311925478554,-0.994493300614011,0.104525457837878));
#4601=DIRECTION('ref_axis',(0.999971247737838,0.00754157813407312,-0.000792651802476592));
#4602=DIRECTION('',(0.999971247737838,0.00754157813407296,-0.000792651802478087));
#4603=DIRECTION('',(0.,0.104528463267657,0.994521895368273));
#4604=DIRECTION('',(0.999971247737838,0.00754157813407312,-0.000792651802476592));
#4605=DIRECTION('center_axis',(0.216504890304698,-0.970933361018312,0.102049208403766));
#4606=DIRECTION('ref_axis',(0.976281533408346,0.215318853862328,-0.0226309234734826));
#4607=DIRECTION('',(0.976281533408346,0.215318853862328,-0.022630923473482));
#4608=DIRECTION('',(0.,0.104528463267657,0.994521895368273));
#4609=DIRECTION('',(0.976281533408346,0.215318853862328,-0.0226309234734826));
#4610=DIRECTION('center_axis',(0.735775612901903,-0.673515492110254,0.0707893307378366));
#4611=DIRECTION('ref_axis',(0.677225403731157,0.731744957108954,-0.0769094941264513));
#4612=DIRECTION('',(0.677225403731157,0.731744957108954,-0.0769094941264519));
#4613=DIRECTION('',(0.,0.104528463267657,0.994521895368273));
#4614=DIRECTION('',(0.677225403731157,0.731744957108954,-0.0769094941264513));
#4615=DIRECTION('center_axis',(0.0856016965942671,0.990871441347893,-0.104144785089473));
#4616=DIRECTION('ref_axis',(-0.996329438258342,0.0851327615436704,-0.00894781379810221));
#4617=DIRECTION('',(-0.996329438258342,0.0851327615436704,-0.00894781379810268));
#4618=DIRECTION('',(0.,0.104528463267657,0.994521895368273));
#4619=DIRECTION('',(-0.996329438258342,0.0851327615436704,-0.00894781379810221));
#4620=DIRECTION('center_axis',(0.,0.104528463267657,0.994521895368273));
#4621=DIRECTION('ref_axis',(0.0856016965942524,0.990871441347894,-0.104144785089473));
#4622=DIRECTION('center_axis',(0.,0.104528463267654,0.994521895368273));
#4623=DIRECTION('ref_axis',(0.0856016965942524,0.990871441347894,-0.104144785089473));
#4624=DIRECTION('',(0.,0.104528463267657,0.994521895368273));
#4625=DIRECTION('center_axis',(1.59948345897744E-15,0.104528463267654,0.994521895368273));
#4626=DIRECTION('ref_axis',(0.0856016965942524,0.990871441347895,-0.10414478508947));
#4627=DIRECTION('center_axis',(0.772765758661798,-0.631214422810892,0.0663433091982066));
#4628=DIRECTION('ref_axis',(0.634691328316258,0.768532466980033,-0.0807760172187806));
#4629=DIRECTION('',(0.634691328316258,0.768532466980033,-0.0807760172187802));
#4630=DIRECTION('',(0.,0.104528463267657,0.994521895368273));
#4631=DIRECTION('',(0.634691328316258,0.768532466980033,-0.0807760172187806));
#4632=DIRECTION('center_axis',(0.,0.104528463267657,0.994521895368273));
#4633=DIRECTION('ref_axis',(0.536462675420963,-0.839300943226144,0.088214083795548));
#4634=DIRECTION('center_axis',(0.,0.104528463267654,0.994521895368273));
#4635=DIRECTION('ref_axis',(-0.246718562111562,0.963778413216626,-0.101297193086704));
#4636=DIRECTION('',(0.,0.104528463267657,0.994521895368273));
#4637=DIRECTION('center_axis',(-8.71184812549841E-15,0.10452846326767,0.994521895368272));
#4638=DIRECTION('ref_axis',(-0.246718562111562,0.963778413216625,-0.101297193086719));
#4639=DIRECTION('center_axis',(0.246718551900554,-0.963778415801992,0.101297193358437));
#4640=DIRECTION('ref_axis',(0.969087176753513,0.245367001858655,-0.0257891110897854));
#4641=DIRECTION('',(0.969087176753513,0.245367001858655,-0.0257891110897858));
#4642=DIRECTION('',(0.,0.104528463267657,0.994521895368273));
#4643=DIRECTION('',(0.969087176753513,0.245367001858655,-0.0257891110897854));
#4644=DIRECTION('center_axis',(0.,0.104528463267657,0.994521895368273));
#4645=DIRECTION('ref_axis',(0.873867460844729,0.483500973878682,-0.0508180001097306));
#4646=DIRECTION('center_axis',(0.,0.104528463267654,0.994521895368273));
#4647=DIRECTION('ref_axis',(0.873867460844729,0.483500973878682,-0.0508180001097306));
#4648=DIRECTION('',(0.,0.104528463267657,0.994521895368273));
#4649=DIRECTION('center_axis',(-3.20494353822359E-15,0.10452846326766,0.994521895368273));
#4650=DIRECTION('ref_axis',(0.873867460844729,0.483500973878682,-0.0508180001097291));
#4651=DIRECTION('center_axis',(-0.873867460844731,-0.483500973878679,0.0508180001097302));
#4652=DIRECTION('ref_axis',(0.486164232412035,-0.869080323459962,0.0913440227817087));
#4653=DIRECTION('',(0.486164232412035,-0.869080323459962,0.0913440227817062));
#4654=DIRECTION('',(0.,0.104528463267657,0.994521895368273));
#4655=DIRECTION('',(0.486164232412035,-0.869080323459962,0.0913440227817087));
#4656=DIRECTION('center_axis',(-0.100753417720036,-0.989461198724628,0.103996562617015));
#4657=DIRECTION('ref_axis',(0.994911427624455,-0.100201479955762,0.0105315999232394));
#4658=DIRECTION('',(0.994911427624455,-0.100201479955762,0.0105315999232394));
#4659=DIRECTION('',(0.,0.104528463267657,0.994521895368273));
#4660=DIRECTION('',(0.994911427624455,-0.100201479955762,0.0105315999232394));
#4661=DIRECTION('center_axis',(0.764909760988193,-0.64060880000814,0.0673306980293207));
#4662=DIRECTION('ref_axis',(0.644137452369434,0.760719505283671,-0.0799548418545211));
#4663=DIRECTION('',(0.644137452369434,0.760719505283671,-0.0799548418545241));
#4664=DIRECTION('',(0.,0.104528463267657,0.994521895368273));
#4665=DIRECTION('',(0.644137452369434,0.760719505283671,-0.0799548418545211));
#4666=DIRECTION('center_axis',(0.,0.104528463267657,0.994521895368273));
#4667=DIRECTION('ref_axis',(0.764909760988214,-0.640608800008116,0.0673306980293182));
#4668=DIRECTION('center_axis',(0.,0.104528463267654,0.994521895368273));
#4669=DIRECTION('ref_axis',(0.764909760988214,-0.640608800008116,0.0673306980293182));
#4670=DIRECTION('',(0.,0.104528463267657,0.994521895368273));
#4671=DIRECTION('center_axis',(1.30558129159965E-14,0.104528463267642,0.994521895368275));
#4672=DIRECTION('ref_axis',(0.764909760988214,-0.640608800008118,0.0673306980292985));
#4673=DIRECTION('center_axis',(-0.81261582313017,-0.579607090999398,0.0609191600540573));
#4674=DIRECTION('ref_axis',(0.582799728893619,-0.808164228625666,0.0849414832187814));
#4675=DIRECTION('',(0.582799728893619,-0.808164228625667,0.0849414832187761));
#4676=DIRECTION('',(0.,0.104528463267657,0.994521895368273));
#4677=DIRECTION('',(0.582799728893619,-0.808164228625666,0.0849414832187814));
#4678=DIRECTION('center_axis',(0.,0.104528463267657,0.994521895368273));
#4679=DIRECTION('ref_axis',(-0.812615823130161,-0.579607090999411,0.0609191600540587));
#4680=DIRECTION('center_axis',(0.,0.104528463267654,0.994521895368273));
#4681=DIRECTION('ref_axis',(-0.812615823130161,-0.579607090999411,0.0609191600540587));
#4682=DIRECTION('',(0.,0.104528463267657,0.994521895368273));
#4683=DIRECTION('center_axis',(-6.7055073743704E-15,0.104528463267648,0.994521895368274));
#4684=DIRECTION('ref_axis',(-0.812615823130161,-0.579607090999412,0.060919160054048));
#4685=DIRECTION('center_axis',(-0.998274381274557,0.0584001996326218,-0.00613810832174978));
#4686=DIRECTION('ref_axis',(-0.0587218842587635,-0.992805729762763,0.104348086994098));
#4687=DIRECTION('',(-0.0587218842587635,-0.992805729762763,0.104348086994097));
#4688=DIRECTION('',(0.,0.104528463267657,0.994521895368273));
#4689=DIRECTION('',(-0.0587218842587635,-0.992805729762763,0.104348086994098));
#4690=DIRECTION('center_axis',(0.,0.104528463267657,0.994521895368273));
#4691=DIRECTION('ref_axis',(0.632358815767954,-0.770431873535374,0.0809756528922408));
#4692=DIRECTION('center_axis',(0.,0.104528463267654,0.994521895368273));
#4693=DIRECTION('ref_axis',(0.632358815767954,-0.770431873535374,0.0809756528922408));
#4694=DIRECTION('',(0.,0.104528463267657,0.994521895368273));
#4695=DIRECTION('center_axis',(5.07298749610748E-15,0.104528463267647,0.994521895368274));
#4696=DIRECTION('ref_axis',(0.632358815767954,-0.770431873535375,0.0809756528922295));
#4697=DIRECTION('center_axis',(-0.63235881576797,0.770431873535361,-0.0809756528922395));
#4698=DIRECTION('ref_axis',(-0.774675627679438,-0.628894688010398,0.066099495245977));
#4699=DIRECTION('',(-0.774675627679438,-0.628894688010398,0.0660994952459792));
#4700=DIRECTION('',(0.,0.104528463267657,0.994521895368273));
#4701=DIRECTION('',(-0.774675627679438,-0.628894688010398,0.066099495245977));
#4702=DIRECTION('center_axis',(-0.708172454569058,-0.702171741061267,0.0738012238694158));
#4703=DIRECTION('ref_axis',(0.706039499312634,-0.704293011765622,0.0740241784045853));
#4704=DIRECTION('',(0.706039499312634,-0.704293011765622,0.0740241784045859));
#4705=DIRECTION('',(0.,0.104528463267657,0.994521895368273));
#4706=DIRECTION('',(0.706039499312634,-0.704293011765622,0.0740241784045853));
#4707=DIRECTION('center_axis',(0.105174360237748,-0.989006074839033,0.103948727169069));
#4708=DIRECTION('ref_axis',(0.994453796789263,0.10459820408779,-0.0109937142508117));
#4709=DIRECTION('',(0.994453796789263,0.10459820408779,-0.0109937142508104));
#4710=DIRECTION('',(0.,0.104528463267657,0.994521895368273));
#4711=DIRECTION('',(0.994453796789263,0.10459820408779,-0.0109937142508117));
#4712=DIRECTION('center_axis',(0.605348603782512,-0.791600114073098,0.0832005246258783));
#4713=DIRECTION('ref_axis',(0.795960468803924,0.602032440792322,-0.0632761592946045));
#4714=DIRECTION('',(0.795960468803924,0.602032440792322,-0.0632761592946057));
#4715=DIRECTION('',(0.,0.104528463267657,0.994521895368273));
#4716=DIRECTION('',(0.795960468803924,0.602032440792322,-0.0632761592946045));
#4717=DIRECTION('center_axis',(0.,0.104528463267657,0.994521895368273));
#4718=DIRECTION('ref_axis',(0.605348603782492,-0.791600114073113,0.0832005246258799));
#4719=DIRECTION('center_axis',(0.,0.104528463267654,0.994521895368273));
#4720=DIRECTION('ref_axis',(0.605348603782492,-0.791600114073113,0.0832005246258799));
#4721=DIRECTION('',(0.,0.104528463267657,0.994521895368273));
#4722=DIRECTION('center_axis',(-5.56191036372878E-16,0.104528463267654,
0.994521895368273));
#4723=DIRECTION('ref_axis',(0.605348603782492,-0.791600114073113,0.0832005246258774));
#4724=DIRECTION('center_axis',(-0.831956308232235,-0.551801671641697,0.0579966927162246));
#4725=DIRECTION('ref_axis',(0.554841149512715,-0.827398764526713,0.0869631144053457));
#4726=DIRECTION('',(0.554841149512715,-0.827398764526713,0.0869631144053458));
#4727=DIRECTION('',(0.,0.104528463267657,0.994521895368273));
#4728=DIRECTION('',(0.554841149512715,-0.827398764526713,0.0869631144053457));
#4729=DIRECTION('center_axis',(0.,0.104528463267657,0.994521895368273));
#4730=DIRECTION('ref_axis',(0.818623043986797,-0.571184940225351,0.0600339563376589));
#4731=DIRECTION('center_axis',(0.,0.104528463267654,0.994521895368273));
#4732=DIRECTION('ref_axis',(0.818623043986797,-0.571184940225351,0.0600339563376589));
#4733=DIRECTION('',(0.,0.104528463267657,0.994521895368273));
#4734=DIRECTION('center_axis',(-5.10848693820501E-16,0.104528463267653,
0.994521895368273));
#4735=DIRECTION('ref_axis',(0.818623043986797,-0.571184940225351,0.0600339563376571));
#4736=DIRECTION('center_axis',(-0.818623043986773,0.571184940225387,-0.0600339563376626));
#4737=DIRECTION('ref_axis',(-0.574331186558619,-0.814138541297871,0.0855694087834221));
#4738=DIRECTION('',(-0.574331186558619,-0.81413854129787,0.0855694087834261));
#4739=DIRECTION('',(0.,0.104528463267657,0.994521895368273));
#4740=DIRECTION('',(-0.574331186558619,-0.814138541297871,0.0855694087834221));
#4741=DIRECTION('center_axis',(0.,0.104528463267657,0.994521895368273));
#4742=DIRECTION('ref_axis',(-0.81862304398677,0.57118494022539,-0.060033956337663));
#4743=DIRECTION('center_axis',(0.,0.104528463267654,0.994521895368273));
#4744=DIRECTION('ref_axis',(-0.81862304398677,0.57118494022539,-0.060033956337663));
#4745=DIRECTION('',(0.,0.104528463267657,0.994521895368273));
#4746=DIRECTION('center_axis',(1.40335299792175E-14,0.104528463267643,0.994521895368275));
#4747=DIRECTION('ref_axis',(-0.81862304398677,0.571184940225392,-0.0600339563376435));
#4748=DIRECTION('center_axis',(-0.0772379442462583,0.99155094814387,-0.104216204131622));
#4749=DIRECTION('ref_axis',(-0.997012687967717,-0.0768148267061379,0.00807356361801413));
#4750=DIRECTION('',(-0.997012687967717,-0.0768148267061379,0.00807356361801409));
#4751=DIRECTION('',(0.,0.104528463267657,0.994521895368273));
#4752=DIRECTION('',(-0.997012687967717,-0.0768148267061379,0.00807356361801413));
#4753=DIRECTION('center_axis',(0.,0.104528463267657,0.994521895368273));
#4754=DIRECTION('ref_axis',(-0.406244255308788,-0.90875882616968,0.0955144014655016));
#4755=DIRECTION('center_axis',(0.,0.104528463267654,0.994521895368273));
#4756=DIRECTION('ref_axis',(-0.406244255308788,-0.90875882616968,0.0955144014655016));
#4757=DIRECTION('',(0.,0.104528463267657,0.994521895368273));
#4758=DIRECTION('center_axis',(-3.12593264999777E-15,0.104528463267646,
0.994521895368274));
#4759=DIRECTION('ref_axis',(-0.406244255308788,-0.908758826169681,0.0955144014654899));
#4760=DIRECTION('center_axis',(0.406244255308788,0.90875882616968,-0.0955144014655016));
#4761=DIRECTION('ref_axis',(-0.913764523840036,0.404018806772169,-0.0424640877187402));
#4762=DIRECTION('',(-0.913764523840036,0.404018806772169,-0.04246408771874));
#4763=DIRECTION('',(0.,0.104528463267657,0.994521895368273));
#4764=DIRECTION('',(-0.913764523840036,0.404018806772169,-0.0424640877187402));
#4765=DIRECTION('center_axis',(0.,0.104528463267657,0.994521895368273));
#4766=DIRECTION('ref_axis',(0.406244255308785,0.908758826169682,-0.0955144014655017));
#4767=DIRECTION('center_axis',(0.,0.104528463267654,0.994521895368273));
#4768=DIRECTION('ref_axis',(0.406244255308785,0.908758826169682,-0.0955144014655017));
#4769=DIRECTION('',(0.,0.104528463267657,0.994521895368273));
#4770=DIRECTION('center_axis',(4.06004358462532E-16,0.104528463267654,0.994521895368273));
#4771=DIRECTION('ref_axis',(0.406244255308785,0.908758826169682,-0.0955144014654988));
#4772=DIRECTION('center_axis',(0.614405927567759,0.784667915984476,-0.0824719212470634));
#4773=DIRECTION('ref_axis',(-0.78899008623024,0.61104014761019,-0.0642229074311934));
#4774=DIRECTION('',(-0.78899008623024,0.61104014761019,-0.0642229074311951));
#4775=DIRECTION('',(0.,0.104528463267657,0.994521895368273));
#4776=DIRECTION('',(-0.78899008623024,0.61104014761019,-0.0642229074311934));
#4777=DIRECTION('center_axis',(-0.56332451261101,0.821709531420351,-0.0863651519104565));
#4778=DIRECTION('ref_axis',(-0.82623573723942,-0.56023856198931,0.0588834456242284));
#4779=DIRECTION('',(-0.82623573723942,-0.560238561989311,0.0588834456242288));
#4780=DIRECTION('',(0.,0.104528463267657,0.994521895368273));
#4781=DIRECTION('',(-0.82623573723942,-0.56023856198931,0.0588834456242284));
#4782=DIRECTION('center_axis',(-0.900371696726782,0.43273795942966,-0.0454825922962854));
#4783=DIRECTION('ref_axis',(-0.435121601087944,-0.895439366364667,0.0941144698285396));
#4784=DIRECTION('',(-0.435121601087944,-0.895439366364667,0.0941144698285404));
#4785=DIRECTION('',(0.,0.104528463267657,0.994521895368273));
#4786=DIRECTION('',(-0.435121601087944,-0.895439366364667,0.0941144698285396));
#4787=DIRECTION('center_axis',(0.,0.104528463267657,0.994521895368273));
#4788=DIRECTION('ref_axis',(-0.900371696726794,0.432737959429635,-0.0454825922962828));
#4789=DIRECTION('center_axis',(0.,0.104528463267654,0.994521895368273));
#4790=DIRECTION('ref_axis',(-0.900371696726794,0.432737959429635,-0.0454825922962828));
#4791=DIRECTION('',(0.,0.104528463267657,0.994521895368273));
#4792=DIRECTION('center_axis',(-4.28644910321618E-16,0.104528463267653,
0.994521895368274));
#4793=DIRECTION('ref_axis',(-0.900371696726794,0.432737959429635,-0.0454825922962814));
#4794=DIRECTION('center_axis',(-0.272446361387934,0.956900099158866,-0.100574253147746));
#4795=DIRECTION('ref_axis',(-0.96217097241939,-0.270953871713718,0.0284783994787451));
#4796=DIRECTION('',(-0.96217097241939,-0.270953871713718,0.0284783994787446));
#4797=DIRECTION('',(0.,0.104528463267657,0.994521895368273));
#4798=DIRECTION('',(-0.96217097241939,-0.270953871713718,0.0284783994787451));
#4799=DIRECTION('center_axis',(0.,0.104528463267657,0.994521895368273));
#4800=DIRECTION('ref_axis',(-0.0192206908478096,-0.994338172821663,0.104509153249895));
#4801=DIRECTION('center_axis',(0.,0.104528463267654,0.994521895368273));
#4802=DIRECTION('ref_axis',(-0.0192206908478096,-0.994338172821663,0.104509153249895));
#4803=DIRECTION('',(0.,0.104528463267657,0.994521895368273));
#4804=DIRECTION('center_axis',(1.98321488180799E-17,0.104528463267654,0.994521895368273));
#4805=DIRECTION('ref_axis',(-0.0192206908478096,-0.994338172821663,0.104509153249892));
#4806=DIRECTION('center_axis',(0.0192206908478227,0.994338172821663,-0.104509153249895));
#4807=DIRECTION('ref_axis',(-0.999815265458241,0.0191153978922643,-0.00200910927726511));
#4808=DIRECTION('',(-0.999815265458241,0.0191153978922642,-0.00200910927726556));
#4809=DIRECTION('',(0.,0.104528463267657,0.994521895368273));
#4810=DIRECTION('',(-0.999815265458241,0.0191153978922643,-0.00200910927726511));
#4811=DIRECTION('center_axis',(0.,0.104528463267657,0.994521895368273));
#4812=DIRECTION('ref_axis',(-0.220907455189163,-0.969952007206814,0.101946063961884));
#4813=DIRECTION('center_axis',(0.,0.104528463267654,0.994521895368273));
#4814=DIRECTION('ref_axis',(-0.220907455189163,-0.969952007206814,0.101946063961884));
#4815=DIRECTION('center_axis',(2.29503547708135E-16,0.104528463267654,0.994521895368273));
#4816=DIRECTION('ref_axis',(-0.220907455189163,-0.969952007206815,0.101946063961881));
#4817=DIRECTION('center_axis',(-6.14674610292108E-15,-0.104528463267658,
-0.994521895368273));
#4818=DIRECTION('ref_axis',(1.,-6.42509924234783E-16,-6.11307358462462E-15));
#4819=DIRECTION('center_axis',(0.,-0.104528463267654,-0.994521895368273));
#4820=DIRECTION('ref_axis',(-1.,0.,0.));
#4821=DIRECTION('center_axis',(0.,0.,1.));
#4822=DIRECTION('ref_axis',(1.,0.,0.));
#4823=DIRECTION('center_axis',(0.,0.,-1.));
#4824=DIRECTION('ref_axis',(1.,0.,0.));
#4825=DIRECTION('',(0.857167300702112,-1.04972719113862E-16,-0.515038074910054));
#4826=DIRECTION('center_axis',(0.,0.,-1.));
#4827=DIRECTION('ref_axis',(1.,0.,0.));
#4828=DIRECTION('center_axis',(0.,0.,-1.));
#4829=DIRECTION('ref_axis',(1.,0.,0.));
#4830=DIRECTION('',(0.,0.,-1.));
#4831=DIRECTION('center_axis',(0.,0.,1.));
#4832=DIRECTION('ref_axis',(1.,0.,0.));
#4833=DIRECTION('center_axis',(0.,0.,-1.));
#4834=DIRECTION('ref_axis',(1.,0.,0.));
#4835=DIRECTION('',(0.857167300702112,-1.04972719113862E-16,-0.515038074910054));
#4836=DIRECTION('center_axis',(0.,0.,-1.));
#4837=DIRECTION('ref_axis',(1.,0.,0.));
#4838=DIRECTION('center_axis',(0.,0.,-1.));
#4839=DIRECTION('ref_axis',(1.,0.,0.));
#4840=DIRECTION('',(0.,0.,-1.));
#4841=DIRECTION('center_axis',(0.,0.,1.));
#4842=DIRECTION('ref_axis',(1.,0.,0.));
#4843=DIRECTION('center_axis',(0.,0.,-1.));
#4844=DIRECTION('ref_axis',(1.,0.,0.));
#4845=DIRECTION('',(0.857167300702112,-1.04972719113862E-16,-0.515038074910054));
#4846=DIRECTION('center_axis',(0.,0.,-1.));
#4847=DIRECTION('ref_axis',(1.,0.,0.));
#4848=DIRECTION('center_axis',(0.,0.,-1.));
#4849=DIRECTION('ref_axis',(1.,0.,0.));
#4850=DIRECTION('',(0.,0.,-1.));
#4851=DIRECTION('center_axis',(0.,0.,-1.));
#4852=DIRECTION('ref_axis',(0.707106781186547,-0.707106781186548,0.));
#4853=DIRECTION('',(0.,0.,1.));
#4854=DIRECTION('center_axis',(0.,0.,-1.));
#4855=DIRECTION('ref_axis',(0.707106781186547,-0.707106781186548,0.));
#4856=DIRECTION('',(0.,0.,-1.));
#4857=DIRECTION('center_axis',(1.,0.,0.));
#4858=DIRECTION('ref_axis',(0.,-1.,0.));
#4859=DIRECTION('',(0.,0.,-1.));
#4860=DIRECTION('',(0.,-1.,0.));
#4861=DIRECTION('center_axis',(0.,-0.104528463267654,-0.994521895368273));
#4862=DIRECTION('ref_axis',(-1.,0.,0.));
#4863=DIRECTION('center_axis',(0.,0.,-1.));
#4864=DIRECTION('ref_axis',(0.707106781186549,0.707106781186546,0.));
#4865=DIRECTION('',(0.,0.,1.));
#4866=DIRECTION('center_axis',(0.,0.,-1.));
#4867=DIRECTION('ref_axis',(0.707106781186549,0.707106781186546,0.));
#4868=DIRECTION('center_axis',(0.,1.,0.));
#4869=DIRECTION('ref_axis',(1.,0.,0.));
#4870=DIRECTION('',(0.,0.,-1.));
#4871=DIRECTION('',(1.,0.,0.));
#4872=DIRECTION('center_axis',(0.,0.,-1.));
#4873=DIRECTION('ref_axis',(-0.707106781186547,-0.707106781186548,0.));
#4874=DIRECTION('',(0.,0.,1.));
#4875=DIRECTION('center_axis',(0.,0.,-1.));
#4876=DIRECTION('ref_axis',(-0.707106781186547,-0.707106781186548,0.));
#4877=DIRECTION('',(0.,0.,-1.));
#4878=DIRECTION('center_axis',(-4.50110295059128E-17,-1.,0.));
#4879=DIRECTION('ref_axis',(-1.,4.50110295059128E-17,0.));
#4880=DIRECTION('',(-1.,4.50110295059128E-17,0.));
#4881=DIRECTION('center_axis',(0.,0.,-1.));
#4882=DIRECTION('ref_axis',(-0.707106781186548,0.707106781186547,0.));
#4883=DIRECTION('',(0.,0.,1.));
#4884=DIRECTION('center_axis',(0.,0.,-1.));
#4885=DIRECTION('ref_axis',(-0.707106781186548,0.707106781186547,0.));
#4886=DIRECTION('center_axis',(-1.,-1.8532674380806E-16,0.));
#4887=DIRECTION('ref_axis',(-1.8532674380806E-16,1.,0.));
#4888=DIRECTION('',(-1.8532674380806E-16,1.,0.));
#4889=DIRECTION('center_axis',(0.,0.,1.));
#4890=DIRECTION('ref_axis',(1.,0.,0.));
#4891=CARTESIAN_POINT('',(0.,0.,0.));
#4892=CARTESIAN_POINT('Origin',(122.186054457918,-19.1638358644477,-21.0480204484227));
#4893=CARTESIAN_POINT('',(122.186054457918,-19.1638358644477,-21.0480204484227));
#4894=CARTESIAN_POINT('',(132.451646457918,-16.2729755313416,-21.3518621129937));
#4895=CARTESIAN_POINT('',(121.70438443642,-19.2994774094065,-21.0337639475696));
#4896=CARTESIAN_POINT('',(122.186054457918,-19.1011187864871,-20.4513073112018));
#4897=CARTESIAN_POINT('',(122.186054457918,-19.1638358644477,-21.0480204484227));
#4898=CARTESIAN_POINT('',(132.451646457918,-16.210258453381,-20.7551489757728));
#4899=CARTESIAN_POINT('',(132.451646457918,-16.210258453381,-20.7551489757728));
#4900=CARTESIAN_POINT('',(132.451646457918,-16.2729755313416,-21.3518621129937));
#4901=CARTESIAN_POINT('Origin',(122.594724,-20.599186013186,-20.8971590687011));
#4902=CARTESIAN_POINT('',(121.24416645491,-19.9500790740415,-20.9653829571456));
#4903=CARTESIAN_POINT('Origin',(122.594724,-20.599186013186,-20.8971590687011));
#4904=CARTESIAN_POINT('',(121.24416645491,-19.8873619960809,-20.3686698199246));
#4905=CARTESIAN_POINT('',(121.24416645491,-19.9500790740415,-20.9653829571456));
#4906=CARTESIAN_POINT('Origin',(122.594724,-20.5364689352254,-20.3004459314802));
#4907=CARTESIAN_POINT('Origin',(118.276525662397,-26.0572049537986,-20.3234981618825));
#4908=CARTESIAN_POINT('',(118.276525662397,-26.0572049537986,-20.3234981618825));
#4909=CARTESIAN_POINT('',(118.305857783356,-25.996842205225,-20.3298425424098));
#4910=CARTESIAN_POINT('',(118.276525662397,-25.994487875838,-19.7267850246615));
#4911=CARTESIAN_POINT('',(118.276525662397,-26.0572049537986,-20.3234981618825));
#4912=CARTESIAN_POINT('',(121.24416645491,-19.8873619960809,-20.3686698199246));
#4913=CARTESIAN_POINT('Origin',(114.351305112694,-28.7187455010569,-20.0437589780343));
#4914=CARTESIAN_POINT('',(114.351305112694,-28.7187455010569,-20.0437589780343));
#4915=CARTESIAN_POINT('',(117.618624045335,-26.5033026463346,-20.2766114050547));
#4916=CARTESIAN_POINT('',(114.351305112694,-28.6560284230963,-19.4470458408133));
#4917=CARTESIAN_POINT('',(114.351305112694,-28.7187455010569,-20.0437589780343));
#4918=CARTESIAN_POINT('',(118.276525662397,-25.994487875838,-19.7267850246615));
#4919=CARTESIAN_POINT('Origin',(111.832820891352,-26.7682837687482,-20.2487607668236));
#4920=CARTESIAN_POINT('',(111.832820891352,-26.7682837687482,-20.2487607668236));
#4921=CARTESIAN_POINT('',(116.005742944925,-30.0000390874546,-19.9090895954851));
#4922=CARTESIAN_POINT('',(111.832820891352,-26.7055666907876,-19.6520476296026));
#4923=CARTESIAN_POINT('',(111.832820891352,-26.7682837687482,-20.2487607668236));
#4924=CARTESIAN_POINT('',(114.351305112694,-28.6560284230963,-19.4470458408133));
#4925=CARTESIAN_POINT('Origin',(110.911212,-27.9452856427253,-20.1250528849529));
#4926=CARTESIAN_POINT('',(111.520578382963,-26.5821474034705,-20.2683244871512));
#4927=CARTESIAN_POINT('Origin',(110.911212,-27.9452856427253,-20.1250528849529));
#4928=CARTESIAN_POINT('',(111.520578382963,-26.5194303255099,-19.6716113499302));
#4929=CARTESIAN_POINT('',(111.520578382963,-26.5821474034705,-20.2683244871512));
#4930=CARTESIAN_POINT('Origin',(110.911212,-27.8825685647647,-19.528339747732));
#4931=CARTESIAN_POINT('Origin',(102.129708382963,-22.4299966108263,-20.7047331209198));
#4932=CARTESIAN_POINT('',(102.129708382963,-22.4299966108263,-20.7047331209198));
#4933=CARTESIAN_POINT('',(112.333950221904,-26.941777823844,-20.2305258068396));
#4934=CARTESIAN_POINT('',(102.129708382963,-22.3672795328657,-20.1080199836989));
#4935=CARTESIAN_POINT('',(102.129708382963,-22.4299966108263,-20.7047331209198));
#4936=CARTESIAN_POINT('',(111.520578382963,-26.5194303255099,-19.6716113499302));
#4937=CARTESIAN_POINT('Origin',(101.520342,-23.7931348500808,-20.5614615187216));
#4938=CARTESIAN_POINT('',(101.404485083631,-22.305808427865,-20.717785824919));
#4939=CARTESIAN_POINT('Origin',(101.520342,-23.7931348500808,-20.5614615187216));
#4940=CARTESIAN_POINT('',(101.404485083631,-22.2430913499044,-20.1210726876981));
#4941=CARTESIAN_POINT('',(101.404485083631,-22.305808427865,-20.717785824919));
#4942=CARTESIAN_POINT('Origin',(101.520342,-23.7304177721202,-19.9647483815006));
#4943=CARTESIAN_POINT('Origin',(96.220449083631,-22.7052123991325,-20.6758067759569));
#4944=CARTESIAN_POINT('',(96.220449083631,-22.7052123991325,-20.6758067759569));
#4945=CARTESIAN_POINT('',(109.71313140711,-21.665668903862,-20.7850672000527));
#4946=CARTESIAN_POINT('',(96.220449083631,-22.6424953211719,-20.0790936387359));
#4947=CARTESIAN_POINT('',(96.220449083631,-22.7052123991325,-20.6758067759569));
#4948=CARTESIAN_POINT('',(101.404485083631,-22.2430913499044,-20.1210726876981));
#4949=CARTESIAN_POINT('Origin',(96.3363060000003,-24.1925388213483,-20.5194824697595));
#4950=CARTESIAN_POINT('',(95.1083714340202,-23.3357614110102,-20.609533404266));
#4951=CARTESIAN_POINT('Origin',(96.3363060000003,-24.1925388213483,-20.5194824697595));
#4952=CARTESIAN_POINT('',(95.1083714340202,-23.2730443330497,-20.012820267045));
#4953=CARTESIAN_POINT('',(95.1083714340202,-23.3357614110102,-20.609533404266));
#4954=CARTESIAN_POINT('Origin',(96.3363060000003,-24.1298217433877,-19.9227693325385));
#4955=CARTESIAN_POINT('Origin',(93.9705794340201,-24.9486292838676,-20.4400141599047));
#4956=CARTESIAN_POINT('',(93.9705794340201,-24.9486292838676,-20.4400141599047));
#4957=CARTESIAN_POINT('',(98.0372296415096,-19.1839820813842,-21.0459029956981));
#4958=CARTESIAN_POINT('',(93.9705794340201,-24.885912205907,-19.8433010226837));
#4959=CARTESIAN_POINT('',(93.9705794340201,-24.9486292838676,-20.4400141599047));
#4960=CARTESIAN_POINT('',(95.1083714340202,-23.2730443330497,-20.012820267045));
#4961=CARTESIAN_POINT('Origin',(95.1985140000004,-25.8054066942056,-20.3499632253982));
#4962=CARTESIAN_POINT('',(93.950579537652,-26.6331092016681,-20.2629681863239));
#4963=CARTESIAN_POINT('Origin',(95.1985140000004,-25.8054066942056,-20.3499632253982));
#4964=CARTESIAN_POINT('',(93.950579537652,-26.5703921237075,-19.6662550491029));
#4965=CARTESIAN_POINT('',(93.950579537652,-26.6331092016681,-20.2629681863239));
#4966=CARTESIAN_POINT('Origin',(95.1985140000004,-25.742689616245,-19.7532500881772));
#4967=CARTESIAN_POINT('Origin',(98.354195537652,-33.1999372767848,-19.5727667433676));
#4968=CARTESIAN_POINT('',(98.354195537652,-33.1999372767848,-19.5727667433676));
#4969=CARTESIAN_POINT('',(101.201448959192,-37.4458623768708,-19.1265020327277));
#4970=CARTESIAN_POINT('',(98.354195537652,-33.1372201988242,-18.9760536061466));
#4971=CARTESIAN_POINT('',(98.354195537652,-33.1999372767848,-19.5727667433676));
#4972=CARTESIAN_POINT('',(93.950579537652,-26.5703921237075,-19.6662550491029));
#4973=CARTESIAN_POINT('Origin',(99.6021300000003,-32.3722347693222,-19.6597617824419));
#4974=CARTESIAN_POINT('',(100.510152905674,-33.5596349404319,-19.5349609955031));
#4975=CARTESIAN_POINT('Origin',(99.6021300000003,-32.3722347693222,-19.6597617824419));
#4976=CARTESIAN_POINT('',(100.510152905674,-33.4969178624713,-18.9382478582821));
#4977=CARTESIAN_POINT('',(100.510152905674,-33.5596349404319,-19.5349609955031));
#4978=CARTESIAN_POINT('Origin',(99.6021300000003,-32.3095176913616,-19.0630486452209));
#4979=CARTESIAN_POINT('Origin',(104.589982887193,-30.4738158601422,-19.8592936501052));
#4980=CARTESIAN_POINT('',(104.589982887193,-30.4738158601422,-19.8592936501052));
#4981=CARTESIAN_POINT('',(111.143161338865,-25.5172556127018,-20.3802491244607));
#4982=CARTESIAN_POINT('',(104.589982887193,-30.4110987821816,-19.2625805128842));
#4983=CARTESIAN_POINT('',(104.589982887193,-30.4738158601422,-19.8592936501052));
#4984=CARTESIAN_POINT('',(100.510152905674,-33.4969178624713,-18.9382478582821));
#4985=CARTESIAN_POINT('Origin',(106.935687899558,-30.2270909419958,-19.8852254839479));
#4986=CARTESIAN_POINT('',(106.935687899558,-30.2270909419958,-19.8852254839479));
#4987=CARTESIAN_POINT('',(115.373805008553,-29.3395566006992,-19.9785091021619));
#4988=CARTESIAN_POINT('',(106.935687899558,-30.1643738640352,-19.288512346727));
#4989=CARTESIAN_POINT('',(106.935687899558,-30.2270909419958,-19.8852254839479));
#4990=CARTESIAN_POINT('',(104.589982887193,-30.4110987821816,-19.2625805128842));
#4991=CARTESIAN_POINT('Origin',(108.506584687025,-31.7941018963329,-19.7205259959394));
#4992=CARTESIAN_POINT('',(108.506584687025,-31.7941018963329,-19.7205259959394));
#4993=CARTESIAN_POINT('',(111.515431982769,-34.7955063870534,-19.4050656722193));
#4994=CARTESIAN_POINT('',(108.506584687025,-31.7313848183723,-19.1238128587184));
#4995=CARTESIAN_POINT('',(108.506584687025,-31.7941018963329,-19.7205259959394));
#4996=CARTESIAN_POINT('',(106.935687899558,-30.1643738640352,-19.288512346727));
#4997=CARTESIAN_POINT('Origin',(107.010559776348,-33.0086000499329,-19.5928770962737));
#4998=CARTESIAN_POINT('',(107.010559776348,-33.0086000499329,-19.5928770962737));
#4999=CARTESIAN_POINT('',(113.147852396803,-28.0262428027699,-20.1165439445572));
#5000=CARTESIAN_POINT('',(107.010559776348,-32.9458829719723,-18.9961639590527));
#5001=CARTESIAN_POINT('',(107.010559776348,-33.0086000499329,-19.5928770962737));
#5002=CARTESIAN_POINT('',(108.506584687025,-31.7313848183723,-19.1238128587184));
#5003=CARTESIAN_POINT('Origin',(107.959098,-34.1642478602359,-19.4714136169353));
#5004=CARTESIAN_POINT('',(106.461686428088,-34.076647560787,-19.480620779418));
#5005=CARTESIAN_POINT('Origin',(107.959098,-34.1642478602359,-19.4714136169353));
#5006=CARTESIAN_POINT('',(106.461686428088,-34.0139304828264,-18.883907642197));
#5007=CARTESIAN_POINT('',(106.461686428088,-34.076647560787,-19.480620779418));
#5008=CARTESIAN_POINT('Origin',(107.959098,-34.1015307822753,-18.8747004797144));
#5009=CARTESIAN_POINT('Origin',(106.311686428088,-36.6126843611076,-19.2140725709147));
#5010=CARTESIAN_POINT('',(106.311686428088,-36.6126843611076,-19.2140725709147));
#5011=CARTESIAN_POINT('',(106.57876608213,-32.0971921526652,-19.6886699263311));
#5012=CARTESIAN_POINT('',(106.311686428088,-36.549967283147,-18.6173594336937));
#5013=CARTESIAN_POINT('',(106.311686428088,-36.6126843611076,-19.2140725709147));
#5014=CARTESIAN_POINT('',(106.461686428088,-34.0139304828264,-18.883907642197));
#5015=CARTESIAN_POINT('Origin',(107.809098,-36.7002846605564,-19.204865408432));
#5016=CARTESIAN_POINT('',(106.590174265305,-37.5696952970555,-19.113486668351));
#5017=CARTESIAN_POINT('Origin',(107.809098,-36.7002846605564,-19.204865408432));
#5018=CARTESIAN_POINT('',(106.590174265305,-37.5069782190949,-18.51677353113));
#5019=CARTESIAN_POINT('',(106.590174265305,-37.5696952970555,-19.113486668351));
#5020=CARTESIAN_POINT('Origin',(107.809098,-36.6375675825958,-18.6081522712111));
#5021=CARTESIAN_POINT('Origin',(107.128062265305,-38.3155807514504,-19.035090948071));
#5022=CARTESIAN_POINT('',(107.128062265305,-38.3155807514504,-19.035090948071));
#5023=CARTESIAN_POINT('',(107.644428880142,-39.0316226544901,-18.9598319114338));
#5024=CARTESIAN_POINT('',(107.128062265305,-38.2528636734898,-18.43837781085));
#5025=CARTESIAN_POINT('',(107.128062265305,-38.3155807514504,-19.035090948071));
#5026=CARTESIAN_POINT('',(106.590174265305,-37.5069782190949,-18.51677353113));
#5027=CARTESIAN_POINT('Origin',(108.346986,-37.4461701149513,-19.1264696881521));
#5028=CARTESIAN_POINT('',(109.494350641483,-38.4070833149635,-19.0254736411081));
#5029=CARTESIAN_POINT('Origin',(108.346986,-37.4461701149513,-19.1264696881521));
#5030=CARTESIAN_POINT('',(109.494350641483,-38.3443662370029,-18.4287605038871));
#5031=CARTESIAN_POINT('',(109.494350641483,-38.4070833149635,-19.0254736411081));
#5032=CARTESIAN_POINT('Origin',(108.346986,-37.3834530369907,-18.5297565509311));
#5033=CARTESIAN_POINT('Origin',(109.820905135515,-38.021425918029,-19.0660078668875));
#5034=CARTESIAN_POINT('',(109.820905135515,-38.021425918029,-19.0660078668875));
#5035=CARTESIAN_POINT('',(115.066124897924,-31.8268769625444,-19.7170811976695));
#5036=CARTESIAN_POINT('',(109.820905135515,-37.9587088400684,-18.4692947296665));
#5037=CARTESIAN_POINT('',(109.820905135515,-38.021425918029,-19.0660078668875));
#5038=CARTESIAN_POINT('',(109.494350641483,-38.3443662370029,-18.4287605038871));
#5039=CARTESIAN_POINT('Origin',(119.744555733813,-39.0208761694826,-18.9609614125223));
#5040=CARTESIAN_POINT('',(119.744555733813,-39.0208761694826,-18.9609614125223));
#5041=CARTESIAN_POINT('',(121.237632084768,-39.1712498167225,-18.9451565053251));
#5042=CARTESIAN_POINT('',(119.744555733813,-38.958159091522,-18.3642482753014));
#5043=CARTESIAN_POINT('',(119.744555733813,-39.0208761694826,-18.9609614125223));
#5044=CARTESIAN_POINT('',(109.820905135515,-37.9587088400684,-18.4692947296665));
#5045=CARTESIAN_POINT('Origin',(120.385656808733,-40.1669257807381,-18.8405067445548));
#5046=CARTESIAN_POINT('',(120.385656808733,-40.1669257807381,-18.8405067445548));
#5047=CARTESIAN_POINT('',(118.316172614946,-36.4674598952944,-19.2293362773358));
#5048=CARTESIAN_POINT('',(120.385656808733,-40.1042087027775,-18.2437936073338));
#5049=CARTESIAN_POINT('',(120.385656808733,-40.1669257807381,-18.8405067445548));
#5050=CARTESIAN_POINT('',(119.744555733813,-38.958159091522,-18.3642482753014));
#5051=CARTESIAN_POINT('Origin',(121.696458,-39.4416743199201,-18.9167337447194));
#5052=CARTESIAN_POINT('',(122.066535827851,-40.8873419436231,-18.7647879546817));
#5053=CARTESIAN_POINT('Origin',(121.696458,-39.4416743199201,-18.9167337447194));
#5054=CARTESIAN_POINT('',(122.066535827851,-40.8246248656625,-18.1680748174608));
#5055=CARTESIAN_POINT('',(122.066535827851,-40.8873419436231,-18.7647879546817));
#5056=CARTESIAN_POINT('Origin',(121.696458,-39.3789572419595,-18.3200206074984));
#5057=CARTESIAN_POINT('Origin',(130.46516781764,-38.7608592076196,-18.988290296455));
#5058=CARTESIAN_POINT('',(130.46516781764,-38.7608592076196,-18.988290296455));
#5059=CARTESIAN_POINT('',(128.571562500159,-39.2403086014403,-18.9378981345689));
#5060=CARTESIAN_POINT('',(130.46516781764,-38.698142129659,-18.3915771592341));
#5061=CARTESIAN_POINT('',(130.46516781764,-38.7608592076196,-18.988290296455));
#5062=CARTESIAN_POINT('',(122.066535827851,-40.8246248656625,-18.1680748174608));
#5063=CARTESIAN_POINT('Origin',(130.095090005106,-37.3151915800385,-19.1402360869003));
#5064=CARTESIAN_POINT('',(131.254238640837,-38.2620132169928,-19.0407211228152));
#5065=CARTESIAN_POINT('Origin',(130.095090005106,-37.3151915800385,-19.1402360869003));
#5066=CARTESIAN_POINT('',(131.254238640837,-38.1992961390323,-18.4440079855943));
#5067=CARTESIAN_POINT('',(131.254238640837,-38.2620132169928,-19.0407211228152));
#5068=CARTESIAN_POINT('Origin',(130.095090005106,-37.2524745020779,-18.5435229496793));
#5069=CARTESIAN_POINT('Origin',(134.156882637993,-34.7472713960829,-19.4101353740583));
#5070=CARTESIAN_POINT('',(134.156882637993,-34.7472713960829,-19.4101353740583));
#5071=CARTESIAN_POINT('',(133.597858141424,-35.4241807170089,-19.3389893375381));
#5072=CARTESIAN_POINT('',(134.156882637993,-34.6845543181223,-18.8134222368373));
#5073=CARTESIAN_POINT('',(134.156882637993,-34.7472713960829,-19.4101353740583));
#5074=CARTESIAN_POINT('',(131.254238640837,-38.1992961390323,-18.4440079855943));
#5075=CARTESIAN_POINT('Origin',(132.997734,-33.8004497618665,-19.5096503378556));
#5076=CARTESIAN_POINT('',(133.126136544891,-32.3141425998447,-19.6658675154898));
#5077=CARTESIAN_POINT('Origin',(132.997734,-33.8004497618665,-19.5096503378556));
#5078=CARTESIAN_POINT('',(133.126136544891,-32.2514255218841,-19.0691543782688));
#5079=CARTESIAN_POINT('',(133.126136544891,-32.3141425998447,-19.6658675154898));
#5080=CARTESIAN_POINT('Origin',(132.997734,-33.7377326839059,-18.9129372006346));
#5081=CARTESIAN_POINT('Origin',(127.518355795767,-31.8349779350537,-19.716229751149));
#5082=CARTESIAN_POINT('',(127.518355795767,-31.8349779350537,-19.716229751149));
#5083=CARTESIAN_POINT('',(125.545426291623,-31.6663982157669,-19.7339481936259));
#5084=CARTESIAN_POINT('',(127.518355795767,-31.7722608570931,-19.119516613928));
#5085=CARTESIAN_POINT('',(127.518355795767,-31.8349779350537,-19.716229751149));
#5086=CARTESIAN_POINT('',(133.126136544891,-32.2514255218841,-19.0691543782688));
#5087=CARTESIAN_POINT('Origin',(134.219997529376,-24.5938252613626,-20.4773055653593));
#5088=CARTESIAN_POINT('',(134.219997529376,-24.5938252613626,-20.4773055653593));
#5089=CARTESIAN_POINT('',(130.838901341602,-28.2471142125341,-20.0933294239418));
#5090=CARTESIAN_POINT('',(134.219997529376,-24.531108183402,-19.8805924281383));
#5091=CARTESIAN_POINT('',(134.219997529376,-24.5938252613626,-20.4773055653593));
#5092=CARTESIAN_POINT('',(127.518355795767,-31.7722608570931,-19.119516613928));
#5093=CARTESIAN_POINT('Origin',(141.452364295636,-22.998727055022,-20.6449571425103));
#5094=CARTESIAN_POINT('',(141.452364295636,-22.998727055022,-20.6449571425103));
#5095=CARTESIAN_POINT('',(132.459244099589,-24.9821593611711,-20.4364900067713));
#5096=CARTESIAN_POINT('',(141.452364295636,-22.9360099770614,-20.0482440052894));
#5097=CARTESIAN_POINT('',(141.452364295636,-22.998727055022,-20.6449571425103));
#5098=CARTESIAN_POINT('',(134.219997529376,-24.531108183402,-19.8805924281383));
#5099=CARTESIAN_POINT('Origin',(150.133174678882,-22.9332581628709,-20.6518382003536));
#5100=CARTESIAN_POINT('',(150.133174678882,-22.9332581628709,-20.6518382003536));
#5101=CARTESIAN_POINT('',(136.95833553834,-23.0326200985336,-20.6413948400912));
#5102=CARTESIAN_POINT('',(150.133174678882,-22.8705410849104,-20.0551250631326));
#5103=CARTESIAN_POINT('',(150.133174678882,-22.9332581628709,-20.6518382003536));
#5104=CARTESIAN_POINT('',(141.452364295636,-22.9360099770614,-20.0482440052894));
#5105=CARTESIAN_POINT('Origin',(150.1218,-21.4415182119498,-20.8086263871104));
#5106=CARTESIAN_POINT('',(150.864632000139,-22.7375296858892,-20.6724100922465));
#5107=CARTESIAN_POINT('Origin',(150.1218,-21.4415182119498,-20.8086263871104));
#5108=CARTESIAN_POINT('',(150.864632000139,-22.6748126079286,-20.0756969550255));
#5109=CARTESIAN_POINT('',(150.864632000139,-22.7375296858892,-20.6724100922465));
#5110=CARTESIAN_POINT('Origin',(150.1218,-21.3788011339893,-20.2119132498894));
#5111=CARTESIAN_POINT('Origin',(153.194318000139,-21.4168185321466,-20.8112224280674));
#5112=CARTESIAN_POINT('',(153.194318000139,-21.4168185321466,-20.8112224280674));
#5113=CARTESIAN_POINT('',(140.562665212832,-28.5777684311461,-20.0585762651573));
#5114=CARTESIAN_POINT('',(153.194318000139,-21.354101454186,-20.2145092908465));
#5115=CARTESIAN_POINT('',(153.194318000139,-21.4168185321466,-20.8112224280674));
#5116=CARTESIAN_POINT('',(150.864632000139,-22.6748126079286,-20.0756969550255));
#5117=CARTESIAN_POINT('Origin',(152.451486,-20.1208070582074,-20.9474387229314));
#5118=CARTESIAN_POINT('',(152.782847167369,-18.6658790439248,-21.1003578192391));
#5119=CARTESIAN_POINT('Origin',(152.451486,-20.1208070582074,-20.9474387229314));
#5120=CARTESIAN_POINT('',(152.782847167369,-18.6031619659642,-20.5036446820182));
#5121=CARTESIAN_POINT('',(152.782847167369,-18.6658790439248,-21.1003578192391));
#5122=CARTESIAN_POINT('Origin',(152.451486,-20.0580899802468,-20.3507255857104));
#5123=CARTESIAN_POINT('Origin',(142.896923150164,-16.4389515790719,-21.3344173274246));
#5124=CARTESIAN_POINT('',(142.896923150164,-16.4389515790719,-21.3344173274246));
#5125=CARTESIAN_POINT('',(135.140873793569,-14.691804898509,-21.5180498431822));
#5126=CARTESIAN_POINT('',(142.896923150164,-16.3762345011113,-20.7377041902037));
#5127=CARTESIAN_POINT('',(142.896923150164,-16.4389515790719,-21.3344173274246));
#5128=CARTESIAN_POINT('',(152.782847167369,-18.6031619659642,-20.5036446820182));
#5129=CARTESIAN_POINT('Origin',(142.565562005138,-17.8938795983879,-21.1814982305878));
#5130=CARTESIAN_POINT('',(142.594393036361,-16.4023723390585,-21.3382619604728));
#5131=CARTESIAN_POINT('Origin',(142.565562005138,-17.8938795983879,-21.1814982305878));
#5132=CARTESIAN_POINT('',(142.594393036361,-16.3396552610979,-20.7415488232519));
#5133=CARTESIAN_POINT('',(142.594393036361,-16.4023723390585,-21.3382619604728));
#5134=CARTESIAN_POINT('Origin',(142.565562005138,-17.8311625204273,-20.5847850933668));
#5135=CARTESIAN_POINT('Origin',(132.889147036272,-16.2168184208474,-21.357764463147));
#5136=CARTESIAN_POINT('',(132.889147036272,-16.2168184208474,-21.357764463147));
#5137=CARTESIAN_POINT('',(128.478146356398,-16.1324848079359,-21.3666282830392));
#5138=CARTESIAN_POINT('',(132.889147036272,-16.1541013428868,-20.761051325926));
#5139=CARTESIAN_POINT('',(132.889147036272,-16.2168184208474,-21.357764463147));
#5140=CARTESIAN_POINT('',(142.594393036361,-16.3396552610979,-20.7415488232519));
#5141=CARTESIAN_POINT('Origin',(132.860316,-17.7083256800799,-21.2010007332721));
#5142=CARTESIAN_POINT('Origin',(132.860316,-17.7083256800799,-21.2010007332721));
#5143=CARTESIAN_POINT('Origin',(132.860316,-17.6456086021193,-20.6042875960512));
#5144=CARTESIAN_POINT('Origin',(142.613613727318,-15.408034166239,-21.4427711137225));
#5145=CARTESIAN_POINT('',(142.613613727318,-15.408034166239,-21.4427711137225));
#5146=CARTESIAN_POINT('',(132.90836772712,-15.2224802480258,-21.4622736163968));
#5147=CARTESIAN_POINT('',(133.3499900474,-15.2309235942219,-21.4613861849518));
#5148=CARTESIAN_POINT('',(142.613613727318,-15.3453170882784,-20.8460579765015));
#5149=CARTESIAN_POINT('',(142.613613727318,-15.408034166239,-21.4427711137225));
#5150=CARTESIAN_POINT('',(132.90836772712,-15.1597631700652,-20.8655604791759));
#5151=CARTESIAN_POINT('',(142.613613727318,-15.3453170882784,-20.8460579765015));
#5152=CARTESIAN_POINT('',(132.90836772712,-15.2224802480258,-21.4622736163968));
#5153=CARTESIAN_POINT('Origin',(142.565562005138,-17.8938795983879,-21.1814982305878));
#5154=CARTESIAN_POINT('',(143.117830580181,-15.4689995661947,-21.4363633919825));
#5155=CARTESIAN_POINT('Origin',(142.565562005138,-17.8938795983879,-21.1814982305878));
#5156=CARTESIAN_POINT('',(143.117830580181,-15.4062824882342,-20.8396502547615));
#5157=CARTESIAN_POINT('',(143.117830580181,-15.4689995661947,-21.4363633919825));
#5158=CARTESIAN_POINT('Origin',(142.565562005138,-17.8311625204273,-20.5847850933668));
#5159=CARTESIAN_POINT('Origin',(153.003754612282,-17.6959270344031,-21.2023038834443));
#5160=CARTESIAN_POINT('',(153.003754612282,-17.6959270344031,-21.2023038834443));
#5161=CARTESIAN_POINT('',(140.304743247084,-14.8353166214137,-21.5029661532946));
#5162=CARTESIAN_POINT('',(153.003754612282,-17.6332099564425,-20.6055907462233));
#5163=CARTESIAN_POINT('',(153.003754612282,-17.6959270344031,-21.2023038834443));
#5164=CARTESIAN_POINT('',(153.003754612282,-17.6332099564425,-20.6055907462233));
#5165=CARTESIAN_POINT('Origin',(152.451486,-20.1208070582074,-20.9474387229314));
#5166=CARTESIAN_POINT('',(153.689539333566,-22.2808261814395,-20.7204115648248));
#5167=CARTESIAN_POINT('Origin',(152.451486,-20.1208070582074,-20.9474387229314));
#5168=CARTESIAN_POINT('',(153.689539333566,-22.2181091034789,-20.1236984276038));
#5169=CARTESIAN_POINT('',(153.689539333566,-22.2808261814395,-20.7204115648248));
#5170=CARTESIAN_POINT('Origin',(152.451486,-20.0580899802468,-20.3507255857104));
#5171=CARTESIAN_POINT('Origin',(151.359853333566,-23.6015373351821,-20.5815992290038));
#5172=CARTESIAN_POINT('',(151.359853333566,-23.6015373351821,-20.5815992290038));
#5173=CARTESIAN_POINT('',(139.893043546259,-30.1021316573102,-19.8983592340042));
#5174=CARTESIAN_POINT('',(151.359853333566,-23.5388202572215,-19.9848860917829));
#5175=CARTESIAN_POINT('',(151.359853333566,-23.6015373351821,-20.5815992290038));
#5176=CARTESIAN_POINT('',(151.359853333566,-23.5388202572215,-19.9848860917829));
#5177=CARTESIAN_POINT('Origin',(150.1218,-21.4415182119498,-20.8086263871104));
#5178=CARTESIAN_POINT('',(150.140757798137,-23.927751463485,-20.5473127425157));
#5179=CARTESIAN_POINT('Origin',(150.1218,-21.4415182119498,-20.8086263871104));
#5180=CARTESIAN_POINT('',(150.140757798137,-23.8650343855244,-19.9505996052947));
#5181=CARTESIAN_POINT('',(150.140757798137,-23.927751463485,-20.5473127425157));
#5182=CARTESIAN_POINT('Origin',(150.1218,-21.3788011339893,-20.2119132498894));
#5183=CARTESIAN_POINT('Origin',(141.565660492726,-23.9924230892765,-20.5405154807435));
#5184=CARTESIAN_POINT('',(141.565660492726,-23.9924230892765,-20.5405154807435));
#5185=CARTESIAN_POINT('',(132.67837000489,-24.0594492120434,-20.5334707513673));
#5186=CARTESIAN_POINT('',(141.565660492726,-23.9297060113159,-19.9438023435225));
#5187=CARTESIAN_POINT('',(141.565660492726,-23.9924230892765,-20.5405154807435));
#5188=CARTESIAN_POINT('',(141.565660492726,-23.9297060113159,-19.9438023435225));
#5189=CARTESIAN_POINT('Origin',(134.743095882293,-25.4971394462393,-20.3823634187532));
#5190=CARTESIAN_POINT('',(134.743095882293,-25.4971394462393,-20.3823634187532));
#5191=CARTESIAN_POINT('',(129.21286233807,-26.7168322372889,-20.2541685406908));
#5192=CARTESIAN_POINT('',(134.743095882293,-25.4344223682787,-19.7856502815322));
#5193=CARTESIAN_POINT('',(134.743095882293,-25.4971394462393,-20.3823634187532));
#5194=CARTESIAN_POINT('',(134.743095882293,-25.4344223682787,-19.7856502815322));
#5195=CARTESIAN_POINT('Origin',(129.633976992944,-31.01756434754,-19.8021433811604));
#5196=CARTESIAN_POINT('',(129.633976992944,-31.01756434754,-19.8021433811604));
#5197=CARTESIAN_POINT('',(128.913778879837,-31.7957415016779,-19.7203536664735));
#5198=CARTESIAN_POINT('',(129.633976992944,-30.9548472695794,-19.2054302439394));
#5199=CARTESIAN_POINT('',(129.633976992944,-31.01756434754,-19.8021433811604));
#5200=CARTESIAN_POINT('',(129.633976992944,-30.9548472695794,-19.2054302439394));
#5201=CARTESIAN_POINT('Origin',(133.211738241486,-31.3232711584968,-19.7700123005792));
#5202=CARTESIAN_POINT('',(133.211738241486,-31.3232711584968,-19.7700123005792));
#5203=CARTESIAN_POINT('',(128.434918362779,-30.9151091068145,-19.8129118608858));
#5204=CARTESIAN_POINT('',(133.211738241486,-31.2605540805362,-19.1732991633583));
#5205=CARTESIAN_POINT('',(133.211738241486,-31.3232711584968,-19.7700123005792));
#5206=CARTESIAN_POINT('',(133.211738241486,-31.2605540805362,-19.1732991633583));
#5207=CARTESIAN_POINT('Origin',(132.997734,-33.8004497618665,-19.5096503378556));
#5208=CARTESIAN_POINT('',(134.929648396655,-35.3784858188938,-19.3437920648601));
#5209=CARTESIAN_POINT('Origin',(132.997734,-33.8004497618665,-19.5096503378556));
#5210=CARTESIAN_POINT('',(134.929648396655,-35.3157687409332,-18.7470789276391));
#5211=CARTESIAN_POINT('',(134.929648396655,-35.3784858188938,-19.3437920648601));
#5212=CARTESIAN_POINT('Origin',(132.997734,-33.7377326839059,-18.9129372006346));
#5213=CARTESIAN_POINT('Origin',(132.027004399932,-38.8932276392794,-18.9743778136721));
#5214=CARTESIAN_POINT('',(132.027004399932,-38.8932276392794,-18.9743778136721));
#5215=CARTESIAN_POINT('',(132.919301901941,-37.8127660497504,-19.0879389027735));
#5216=CARTESIAN_POINT('',(132.027004399932,-38.8305105613188,-18.3776646764512));
#5217=CARTESIAN_POINT('',(132.027004399932,-38.8932276392794,-18.9743778136721));
#5218=CARTESIAN_POINT('',(132.027004399932,-38.8305105613188,-18.3776646764512));
#5219=CARTESIAN_POINT('Origin',(130.095090005106,-37.3151915800385,-19.1402360869003));
#5220=CARTESIAN_POINT('',(130.71188635933,-39.7246376260069,-18.8869931028249));
#5221=CARTESIAN_POINT('Origin',(130.095090005106,-37.3151915800385,-19.1402360869003));
#5222=CARTESIAN_POINT('',(130.71188635933,-39.6619205480463,-18.2902799656039));
#5223=CARTESIAN_POINT('',(130.71188635933,-39.7246376260069,-18.8869931028249));
#5224=CARTESIAN_POINT('Origin',(130.095090005106,-37.2524745020779,-18.5435229496793));
#5225=CARTESIAN_POINT('Origin',(122.313254379752,-41.8511203594251,-18.6634907613233));
#5226=CARTESIAN_POINT('',(122.313254379752,-41.8511203594251,-18.6634907613233));
#5227=CARTESIAN_POINT('',(124.618965057165,-41.267328385244,-18.7248497703238));
#5228=CARTESIAN_POINT('',(122.313254379752,-41.7884032814645,-18.0667776241023));
#5229=CARTESIAN_POINT('',(122.313254379752,-41.8511203594251,-18.6634907613233));
#5230=CARTESIAN_POINT('',(122.313254379752,-41.7884032814645,-18.0667776241023));
#5231=CARTESIAN_POINT('Origin',(121.696458,-39.4416743199201,-18.9167337447194));
#5232=CARTESIAN_POINT('',(119.511789347888,-40.6504267546168,-18.7896887444451));
#5233=CARTESIAN_POINT('Origin',(121.696458,-39.4416743199201,-18.9167337447194));
#5234=CARTESIAN_POINT('',(119.511789347888,-40.5877096766562,-18.1929756072241));
#5235=CARTESIAN_POINT('',(119.511789347888,-40.6504267546168,-18.7896887444451));
#5236=CARTESIAN_POINT('Origin',(121.696458,-39.3789572419595,-18.3200206074984));
#5237=CARTESIAN_POINT('Origin',(119.124463556355,-39.9580326997922,-18.8624622920799));
#5238=CARTESIAN_POINT('',(119.124463556355,-39.9580326997922,-18.8624622920799));
#5239=CARTESIAN_POINT('',(117.248642258335,-36.6047638417608,-19.2149050510435));
#5240=CARTESIAN_POINT('',(119.124463556355,-39.8953156218316,-18.2657491548589));
#5241=CARTESIAN_POINT('',(119.124463556355,-39.9580326997922,-18.8624622920799));
#5242=CARTESIAN_POINT('',(119.124463556355,-39.8953156218316,-18.2657491548589));
#5243=CARTESIAN_POINT('Origin',(110.245505125937,-39.0637975442891,-18.9564501942467));
#5244=CARTESIAN_POINT('',(110.245505125937,-39.0637975442891,-18.9564501942467));
#5245=CARTESIAN_POINT('',(116.437730071969,-39.6874411034881,-18.8909026148788));
#5246=CARTESIAN_POINT('',(110.245505125937,-39.0010804663285,-18.3597370570258));
#5247=CARTESIAN_POINT('',(110.245505125937,-39.0637975442891,-18.9564501942467));
#5248=CARTESIAN_POINT('',(110.245505125937,-39.0010804663285,-18.3597370570258));
#5249=CARTESIAN_POINT('Origin',(108.346986,-37.4461701149513,-19.1264696881521));
#5250=CARTESIAN_POINT('',(106.315446442175,-38.8951878424497,-18.9741717880169));
#5251=CARTESIAN_POINT('Origin',(108.346986,-37.4461701149513,-19.1264696881521));
#5252=CARTESIAN_POINT('',(106.315446442175,-38.8324707644891,-18.377458650796));
#5253=CARTESIAN_POINT('',(106.315446442175,-38.8951878424497,-18.9741717880169));
#5254=CARTESIAN_POINT('Origin',(108.346986,-37.3834530369907,-18.5297565509311));
#5255=CARTESIAN_POINT('Origin',(105.777558442175,-38.1493023880549,-19.0525675082969));
#5256=CARTESIAN_POINT('',(105.777558442175,-38.1493023880549,-19.0525675082969));
#5257=CARTESIAN_POINT('',(106.562869057012,-39.238287018292,-18.9381106115198));
#5258=CARTESIAN_POINT('',(105.777558442175,-38.0865853100943,-18.4558543710759));
#5259=CARTESIAN_POINT('',(105.777558442175,-38.1493023880549,-19.0525675082969));
#5260=CARTESIAN_POINT('',(105.777558442175,-38.0865853100943,-18.4558543710759));
#5261=CARTESIAN_POINT('Origin',(107.809098,-36.7002846605564,-19.204865408432));
#5262=CARTESIAN_POINT('',(105.313412046814,-36.554284161475,-19.2202106792364));
#5263=CARTESIAN_POINT('Origin',(107.809098,-36.7002846605564,-19.204865408432));
#5264=CARTESIAN_POINT('',(105.313412046814,-36.4915670835144,-18.6234975420154));
#5265=CARTESIAN_POINT('',(105.313412046814,-36.554284161475,-19.2202106792364));
#5266=CARTESIAN_POINT('Origin',(107.809098,-36.6375675825958,-18.6081522712111));
#5267=CARTESIAN_POINT('Origin',(105.463412046814,-34.0182473611544,-19.4867588877397));
#5268=CARTESIAN_POINT('',(105.463412046814,-34.0182473611544,-19.4867588877397));
#5269=CARTESIAN_POINT('',(105.655491700855,-30.7707735528723,-19.8280821389045));
#5270=CARTESIAN_POINT('',(105.463412046814,-33.9555302831938,-18.8900457505187));
#5271=CARTESIAN_POINT('',(105.463412046814,-34.0182473611544,-19.4867588877397));
#5272=CARTESIAN_POINT('',(105.463412046814,-33.9555302831938,-18.8900457505187));
#5273=CARTESIAN_POINT('Origin',(107.959098,-34.1642478602359,-19.4714136169353));
#5274=CARTESIAN_POINT('',(106.37820096058,-32.2381681763975,-19.6738527491659));
#5275=CARTESIAN_POINT('Origin',(107.959098,-34.1642478602359,-19.4714136169353));
#5276=CARTESIAN_POINT('',(106.37820096058,-32.1754510984369,-19.077139611945));
#5277=CARTESIAN_POINT('',(106.37820096058,-32.2381681763975,-19.6738527491659));
#5278=CARTESIAN_POINT('Origin',(107.959098,-34.1015307822753,-18.8747004797144));
#5279=CARTESIAN_POINT('Origin',(107.018539811708,-31.718330340261,-19.7284899073952));
#5280=CARTESIAN_POINT('',(107.018539811708,-31.718330340261,-19.7284899073952));
#5281=CARTESIAN_POINT('',(112.835663006598,-26.9958920111662,-20.224838176564));
#5282=CARTESIAN_POINT('',(107.018539811708,-31.6556132623004,-19.1317767701743));
#5283=CARTESIAN_POINT('',(107.018539811708,-31.718330340261,-19.7284899073952));
#5284=CARTESIAN_POINT('',(107.018539811708,-31.6556132623004,-19.1317767701743));
#5285=CARTESIAN_POINT('Origin',(106.565214499264,-31.266126391443,-19.7760184576199));
#5286=CARTESIAN_POINT('',(106.565214499264,-31.266126391443,-19.7760184576199));
#5287=CARTESIAN_POINT('',(110.190660661605,-34.8826045051391,-19.3959112911248));
#5288=CARTESIAN_POINT('',(106.565214499264,-31.2034093134824,-19.1793053203989));
#5289=CARTESIAN_POINT('',(106.565214499264,-31.266126391443,-19.7760184576199));
#5290=CARTESIAN_POINT('',(106.565214499264,-31.2034093134824,-19.1793053203989));
#5291=CARTESIAN_POINT('Origin',(104.972970145321,-31.4336011403243,-19.7584161522124));
#5292=CARTESIAN_POINT('',(104.972970145321,-31.4336011403243,-19.7584161522124));
#5293=CARTESIAN_POINT('',(114.445033311554,-30.4373147372829,-19.8631300727096));
#5294=CARTESIAN_POINT('',(104.972970145321,-31.3708840623637,-19.1617030149914));
#5295=CARTESIAN_POINT('',(104.972970145321,-31.4336011403243,-19.7584161522124));
#5296=CARTESIAN_POINT('',(104.972970145321,-31.3708840623637,-19.1617030149914));
#5297=CARTESIAN_POINT('Origin',(101.115501509457,-34.351235054505,-19.4517604708772));
#5298=CARTESIAN_POINT('',(101.115501509457,-34.351235054505,-19.4517604708772));
#5299=CARTESIAN_POINT('',(109.708594951888,-27.8517652669197,-20.1348822725337));
#5300=CARTESIAN_POINT('',(101.115501509457,-34.2885179765444,-18.8550473336563));
#5301=CARTESIAN_POINT('',(101.115501509457,-34.351235054505,-19.4517604708772));
#5302=CARTESIAN_POINT('',(101.115501509457,-34.2885179765444,-18.8550473336563));
#5303=CARTESIAN_POINT('Origin',(99.6021300000003,-32.3722347693222,-19.6597617824419));
#5304=CARTESIAN_POINT('',(97.5222392294198,-33.7517389484265,-19.5147700506513));
#5305=CARTESIAN_POINT('Origin',(99.6021300000003,-32.3722347693222,-19.6597617824419));
#5306=CARTESIAN_POINT('',(97.5222392294198,-33.6890218704659,-18.9180569134304));
#5307=CARTESIAN_POINT('',(97.5222392294198,-33.7517389484265,-19.5147700506513));
#5308=CARTESIAN_POINT('Origin',(99.6021300000003,-32.3095176913616,-19.0630486452209));
#5309=CARTESIAN_POINT('Origin',(93.1186232294198,-27.1849108733098,-20.2049714936077));
#5310=CARTESIAN_POINT('',(93.1186232294198,-27.1849108733098,-20.2049714936077));
#5311=CARTESIAN_POINT('',(98.1676846509597,-34.7142500109542,-19.4136060614896));
#5312=CARTESIAN_POINT('',(93.1186232294198,-27.1221937953492,-19.6082583563867));
#5313=CARTESIAN_POINT('',(93.1186232294198,-27.1849108733098,-20.2049714936077));
#5314=CARTESIAN_POINT('',(93.1186232294198,-27.1221937953492,-19.6082583563867));
#5315=CARTESIAN_POINT('Origin',(95.1985140000004,-25.8054066942056,-20.3499632253982));
#5316=CARTESIAN_POINT('',(93.1519563900333,-24.3774443436422,-20.5000481162424));
#5317=CARTESIAN_POINT('Origin',(95.1985140000004,-25.8054066942056,-20.3499632253982));
#5318=CARTESIAN_POINT('',(93.1519563900333,-24.3147272656817,-19.9033349790214));
#5319=CARTESIAN_POINT('',(93.1519563900333,-24.3774443436422,-20.5000481162424));
#5320=CARTESIAN_POINT('Origin',(95.1985140000004,-25.742689616245,-19.7532500881772));
#5321=CARTESIAN_POINT('Origin',(94.2897483900334,-22.7645764707848,-20.6695673606036));
#5322=CARTESIAN_POINT('',(94.2897483900334,-22.7645764707848,-20.6695673606036));
#5323=CARTESIAN_POINT('',(97.7875025975229,-17.8063632047302,-21.1906965742164));
#5324=CARTESIAN_POINT('',(94.2897483900334,-22.7018593928242,-20.0728542233826));
#5325=CARTESIAN_POINT('',(94.2897483900334,-22.7645764707848,-20.6695673606036));
#5326=CARTESIAN_POINT('',(94.2897483900334,-22.7018593928242,-20.0728542233826));
#5327=CARTESIAN_POINT('Origin',(96.3363060000003,-24.1925388213483,-20.5194824697595));
#5328=CARTESIAN_POINT('',(96.1432111393847,-21.7136614509887,-20.7800229800885));
#5329=CARTESIAN_POINT('Origin',(96.3363060000003,-24.1925388213483,-20.5194824697595));
#5330=CARTESIAN_POINT('',(96.1432111393847,-21.6509443730281,-20.1833098428675));
#5331=CARTESIAN_POINT('',(96.1432111393847,-21.7136614509887,-20.7800229800885));
#5332=CARTESIAN_POINT('Origin',(96.3363060000003,-24.1298217433877,-19.9227693325385));
#5333=CARTESIAN_POINT('Origin',(101.327247139385,-21.3142574797212,-20.8220020290506));
#5334=CARTESIAN_POINT('',(101.327247139385,-21.3142574797212,-20.8220020290506));
#5335=CARTESIAN_POINT('',(112.227911462864,-20.4744159700844,-20.9102729286654));
#5336=CARTESIAN_POINT('',(101.327247139385,-21.2515404017606,-20.2252888918297));
#5337=CARTESIAN_POINT('',(101.327247139385,-21.3142574797212,-20.8220020290506));
#5338=CARTESIAN_POINT('',(101.327247139385,-21.2515404017606,-20.2252888918297));
#5339=CARTESIAN_POINT('Origin',(101.520342,-23.7931348500808,-20.5614615187216));
#5340=CARTESIAN_POINT('',(102.535952638272,-21.5212377846567,-20.8002475223853));
#5341=CARTESIAN_POINT('Origin',(101.520342,-23.7931348500808,-20.5614615187216));
#5342=CARTESIAN_POINT('',(102.535952638272,-21.4585207066961,-20.2035343851644));
#5343=CARTESIAN_POINT('',(102.535952638272,-21.5212377846567,-20.8002475223853));
#5344=CARTESIAN_POINT('Origin',(101.520342,-23.7304177721202,-19.9647483815006));
#5345=CARTESIAN_POINT('Origin',(111.926822638272,-25.6733885773008,-20.3638388886167));
#5346=CARTESIAN_POINT('',(111.926822638272,-25.6733885773008,-20.3638388886167));
#5347=CARTESIAN_POINT('',(117.435629477213,-28.1090943939964,-20.1078358914208));
#5348=CARTESIAN_POINT('',(111.926822638272,-25.6106714993402,-19.7671257513957));
#5349=CARTESIAN_POINT('',(111.926822638272,-25.6733885773008,-20.3638388886167));
#5350=CARTESIAN_POINT('',(111.926822638272,-25.6106714993402,-19.7671257513957));
#5351=CARTESIAN_POINT('Origin',(110.911212,-27.9452856427253,-20.1250528849529));
#5352=CARTESIAN_POINT('',(112.447226818919,-25.9836158527637,-20.3312326880706));
#5353=CARTESIAN_POINT('Origin',(110.911212,-27.9452856427253,-20.1250528849529));
#5354=CARTESIAN_POINT('',(112.447226818919,-25.9208987748031,-19.7345195508497));
#5355=CARTESIAN_POINT('',(112.447226818919,-25.9836158527637,-20.3312326880706));
#5356=CARTESIAN_POINT('Origin',(110.911212,-27.8825685647647,-19.528339747732));
#5357=CARTESIAN_POINT('Origin',(114.390424521157,-27.4885420001682,-20.1730585762164));
#5358=CARTESIAN_POINT('',(114.390424521157,-27.4885420001682,-20.1730585762164));
#5359=CARTESIAN_POINT('',(117.591747723611,-29.9678342451724,-19.9124744608051));
#5360=CARTESIAN_POINT('',(114.390424521157,-27.4258249222076,-19.5763454389954));
#5361=CARTESIAN_POINT('',(114.390424521157,-27.4885420001682,-20.1730585762164));
#5362=CARTESIAN_POINT('',(114.390424521157,-27.4258249222076,-19.5763454389954));
#5363=CARTESIAN_POINT('Origin',(117.492422770662,-25.3851967195554,-20.3941290734348));
#5364=CARTESIAN_POINT('',(117.492422770662,-25.3851967195554,-20.3941290734348));
#5365=CARTESIAN_POINT('',(118.907520618014,-24.4256734898737,-20.4949790287102));
#5366=CARTESIAN_POINT('',(117.492422770662,-25.3224796415948,-19.7974159362139));
#5367=CARTESIAN_POINT('',(117.492422770662,-25.3851967195554,-20.3941290734348));
#5368=CARTESIAN_POINT('',(117.492422770662,-25.3224796415948,-19.7974159362139));
#5369=CARTESIAN_POINT('Origin',(120.343794758183,-19.5173411146119,-21.0108655494418));
#5370=CARTESIAN_POINT('',(120.343794758183,-19.5173411146119,-21.0108655494418));
#5371=CARTESIAN_POINT('',(118.889306482886,-22.5105413059168,-20.6962675323377));
#5372=CARTESIAN_POINT('',(120.343794758183,-19.4546240366513,-20.4141524122209));
#5373=CARTESIAN_POINT('',(120.343794758183,-19.5173411146119,-21.0108655494418));
#5374=CARTESIAN_POINT('',(120.343794758183,-19.4546240366513,-20.4141524122209));
#5375=CARTESIAN_POINT('Origin',(122.594724,-20.599186013186,-20.8971590687011));
#5376=CARTESIAN_POINT('',(121.91360809653,-18.2069357652889,-21.1485947015705));
#5377=CARTESIAN_POINT('Origin',(122.594724,-20.599186013186,-20.8971590687011));
#5378=CARTESIAN_POINT('',(121.91360809653,-18.1442186873283,-20.5518815643495));
#5379=CARTESIAN_POINT('',(121.91360809653,-18.2069357652889,-21.1485947015705));
#5380=CARTESIAN_POINT('Origin',(122.594724,-20.5364689352254,-20.3004459314802));
#5381=CARTESIAN_POINT('Origin',(132.17920009653,-15.3160754321828,-21.4524363661415));
#5382=CARTESIAN_POINT('',(132.17920009653,-15.3160754321828,-21.4524363661415));
#5383=CARTESIAN_POINT('',(126.564734075032,-16.8971471436946,-21.2862590330028));
#5384=CARTESIAN_POINT('',(132.17920009653,-15.2533583542222,-20.8557232289205));
#5385=CARTESIAN_POINT('',(132.17920009653,-15.3160754321828,-21.4524363661415));
#5386=CARTESIAN_POINT('',(132.17920009653,-15.2533583542222,-20.8557232289205));
#5387=CARTESIAN_POINT('Origin',(132.860316,-17.7083256800799,-21.2010007332721));
#5388=CARTESIAN_POINT('Origin',(132.860316,-17.7083256800799,-21.2010007332721));
#5389=CARTESIAN_POINT('Origin',(132.860316,-17.6456086021193,-20.6042875960512));
#5390=CARTESIAN_POINT('Origin',(123.825,-28.5122829220394,-19.4621541017748));
#5391=CARTESIAN_POINT('Origin',(123.825,-28.575,-20.0588672389958));
#5392=CARTESIAN_POINT('',(201.825,-47.625,-18.0566315571846));
#5393=CARTESIAN_POINT('',(209.825,-39.625,-18.89746543931));
#5394=CARTESIAN_POINT('Origin',(201.825,-39.625,-18.89746543931));
#5395=CARTESIAN_POINT('',(45.825,-47.625,-18.0566315571846));
#5396=CARTESIAN_POINT('',(166.825,-47.625,-18.0566315571846));
#5397=CARTESIAN_POINT('',(37.825,-39.625,-18.89746543931));
#5398=CARTESIAN_POINT('Origin',(45.825,-39.625,-18.89746543931));
#5399=CARTESIAN_POINT('',(37.825,-17.525,-21.2202690386815));
#5400=CARTESIAN_POINT('',(37.825,-38.3628332042242,-19.0301245151578));
#5401=CARTESIAN_POINT('',(45.825,-9.525,-22.0611029208069));
#5402=CARTESIAN_POINT('Origin',(45.825,-17.525,-21.2202690386815));
#5403=CARTESIAN_POINT('',(201.825,-9.525,-22.0611029208069));
#5404=CARTESIAN_POINT('',(80.825,-9.525,-22.0611029208069));
#5405=CARTESIAN_POINT('',(209.825,-17.525,-21.2202690386815));
#5406=CARTESIAN_POINT('Origin',(201.825,-17.525,-21.2202690386815));
#5407=CARTESIAN_POINT('',(209.825,-19.5209773072347,-21.0104833701969));
#5408=CARTESIAN_POINT('Origin',(119.45268,-27.0652173051633,-20.2175517945539));
#5409=CARTESIAN_POINT('',(119.734342256306,-27.4760720708735,-20.1743692185987));
#5410=CARTESIAN_POINT('',(119.902865848363,-27.2815862848781,-20.1948104984058));
#5411=CARTESIAN_POINT('Origin',(119.45268,-27.0652173051633,-20.2175517945539));
#5412=CARTESIAN_POINT('',(119.734342256306,-27.4133549929129,-19.5776560813777));
#5413=CARTESIAN_POINT('',(119.734342256306,-27.4760720708735,-20.1743692185987));
#5414=CARTESIAN_POINT('',(119.902865848363,-27.2188692069175,-19.5980973611848));
#5415=CARTESIAN_POINT('Origin',(119.45268,-27.0025002272027,-19.6208386573329));
#5416=CARTESIAN_POINT('',(119.902865848363,-27.2815862848781,-20.1948104984058));
#5417=CARTESIAN_POINT('Origin',(114.574288256306,-30.9749055181,-19.806627004806));
#5418=CARTESIAN_POINT('',(114.574288256306,-30.9749055181,-19.806627004806));
#5419=CARTESIAN_POINT('',(118.293440129752,-28.4530921862765,-20.0716802665301));
#5420=CARTESIAN_POINT('',(114.574288256306,-30.9121884401394,-19.209913867585));
#5421=CARTESIAN_POINT('',(114.574288256306,-30.9749055181,-19.806627004806));
#5422=CARTESIAN_POINT('',(114.574288256306,-30.9121884401394,-19.209913867585));
#5423=CARTESIAN_POINT('Origin',(114.292626,-30.5640507523898,-19.8498095807612));
#5424=CARTESIAN_POINT('',(113.985423036216,-30.956384710382,-19.8085736201377));
#5425=CARTESIAN_POINT('Origin',(114.292626,-30.5640507523898,-19.8498095807612));
#5426=CARTESIAN_POINT('',(113.985423036216,-30.8936676324214,-19.2118604829167));
#5427=CARTESIAN_POINT('',(113.985423036216,-30.956384710382,-19.8085736201377));
#5428=CARTESIAN_POINT('Origin',(114.292626,-30.5013336744292,-19.2530964435402));
#5429=CARTESIAN_POINT('Origin',(110.652236036976,-28.3749694155971,-20.0798913005992));
#5430=CARTESIAN_POINT('',(110.652236036976,-28.3749694155971,-20.0798913005992));
#5431=CARTESIAN_POINT('',(114.801044590169,-31.5880498268635,-19.7421829411259));
#5432=CARTESIAN_POINT('',(110.652236036976,-28.3122523376365,-19.4831781633782));
#5433=CARTESIAN_POINT('',(110.652236036976,-28.3749694155971,-20.0798913005992));
#5434=CARTESIAN_POINT('',(110.604009036216,-28.2749025227566,-19.4871037871084));
#5435=CARTESIAN_POINT('Origin',(101.432824370644,-24.29862851661,-20.5083319934694));
#5436=CARTESIAN_POINT('',(101.432824370644,-24.29862851661,-20.5083319934694));
#5437=CARTESIAN_POINT('',(111.579263960436,-28.7848526029055,-20.0368108416489));
#5438=CARTESIAN_POINT('',(101.432824370644,-24.2359114386494,-19.9116188562484));
#5439=CARTESIAN_POINT('',(101.432824370644,-24.29862851661,-20.5083319934694));
#5440=CARTESIAN_POINT('',(101.317219872346,-24.1847971852051,-19.9169911807679));
#5441=CARTESIAN_POINT('Origin',(96.6101282153774,-24.6701930652802,-20.4692789857296));
#5442=CARTESIAN_POINT('',(96.6101282153774,-24.6701930652802,-20.4692789857296));
#5443=CARTESIAN_POINT('',(109.98520891723,-23.6397101850797,-20.5775871008074));
#5444=CARTESIAN_POINT('',(96.6101282153774,-24.6074759873196,-19.8725658485086));
#5445=CARTESIAN_POINT('',(96.6101282153774,-24.6701930652802,-20.4692789857296));
#5446=CARTESIAN_POINT('',(96.3749249721235,-24.6255972174597,-19.8706612304727));
#5447=CARTESIAN_POINT('Origin',(95.8042774183334,-25.8125203631243,-20.3492155486666));
#5448=CARTESIAN_POINT('',(95.8042774183334,-25.8125203631243,-20.3492155486666));
#5449=CARTESIAN_POINT('',(99.7727016776526,-20.1871125612382,-20.9404697337414));
#5450=CARTESIAN_POINT('',(95.8042774183334,-25.7498032851637,-19.7525024114456));
#5451=CARTESIAN_POINT('',(95.8042774183334,-25.8125203631243,-20.3492155486666));
#5452=CARTESIAN_POINT('',(95.6078255219937,-26.0282820863577,-19.7232331100084));
#5453=CARTESIAN_POINT('Origin',(99.7229219851154,-31.6561418681665,-19.735026179197));
#5454=CARTESIAN_POINT('',(99.7229219851154,-31.6561418681665,-19.735026179197));
#5455=CARTESIAN_POINT('',(102.717768491156,-36.1221630009199,-19.2656284433587));
#5456=CARTESIAN_POINT('',(99.7229219851154,-31.5934247902059,-19.1383130419761));
#5457=CARTESIAN_POINT('',(99.7229219851154,-31.6561418681665,-19.735026179197));
#5458=CARTESIAN_POINT('',(100.018108154116,-32.0336168555408,-19.092046991579));
#5459=CARTESIAN_POINT('Origin',(103.712827698109,-28.6383378828325,-20.0522101592573));
#5460=CARTESIAN_POINT('',(103.712827698109,-28.6383378828325,-20.0522101592573));
#5461=CARTESIAN_POINT('',(110.09923514054,-23.8079165099738,-20.5599079036626));
#5462=CARTESIAN_POINT('',(103.712827698109,-28.5756208048719,-19.4554970220363));
#5463=CARTESIAN_POINT('',(103.712827698109,-28.6383378828325,-20.0522101592573));
#5464=CARTESIAN_POINT('',(103.712827698109,-28.5756208048719,-19.4554970220363));
#5465=CARTESIAN_POINT('Origin',(104.015502,-29.034137939869,-20.0106098969443));
#5466=CARTESIAN_POINT('',(103.962914819881,-28.5396349024495,-20.0625842605289));
#5467=CARTESIAN_POINT('Origin',(104.015502,-29.034137939869,-20.0106098969444));
#5468=CARTESIAN_POINT('',(103.962914819881,-28.4769178244889,-19.4658711233079));
#5469=CARTESIAN_POINT('',(103.962914819881,-28.5396349024495,-20.0625842605289));
#5470=CARTESIAN_POINT('Origin',(104.015502,-28.9714208619084,-19.4138967597234));
#5471=CARTESIAN_POINT('Origin',(107.438810819881,-28.1740347304055,-20.1010103870246));
#5472=CARTESIAN_POINT('',(107.438810819881,-28.1740347304055,-20.1010103870246));
#5473=CARTESIAN_POINT('',(115.520192108477,-27.324022420065,-20.1903502808693));
#5474=CARTESIAN_POINT('',(107.438810819881,-28.1113176524449,-19.5042972498036));
#5475=CARTESIAN_POINT('',(107.438810819881,-28.1740347304055,-20.1010103870246));
#5476=CARTESIAN_POINT('',(107.438810819881,-28.1113176524449,-19.5042972498036));
#5477=CARTESIAN_POINT('Origin',(107.491398,-28.6685377678251,-20.04903602344));
#5478=CARTESIAN_POINT('',(107.845484227285,-28.3174518972944,-20.0859366353747));
#5479=CARTESIAN_POINT('Origin',(107.491398,-28.6685377678251,-20.04903602344));
#5480=CARTESIAN_POINT('',(107.845484227285,-28.2547348193338,-19.4892234981538));
#5481=CARTESIAN_POINT('',(107.845484227285,-28.3174518972944,-20.0859366353747));
#5482=CARTESIAN_POINT('Origin',(107.491398,-28.6058206898645,-19.4523228862191));
#5483=CARTESIAN_POINT('Origin',(111.092738227285,-31.5566733599102,-19.7454807406903));
#5484=CARTESIAN_POINT('',(111.092738227285,-31.5566733599102,-19.7454807406903));
#5485=CARTESIAN_POINT('',(113.516681207469,-33.9746203777808,-19.4913442684641));
#5486=CARTESIAN_POINT('',(111.092738227285,-31.4939562819496,-19.1487676034694));
#5487=CARTESIAN_POINT('',(111.092738227285,-31.5566733599102,-19.7454807406903));
#5488=CARTESIAN_POINT('',(111.092738227285,-31.4939562819496,-19.1487676034694));
#5489=CARTESIAN_POINT('Origin',(110.738652,-31.9077592304408,-19.7085801287556));
#5490=CARTESIAN_POINT('',(111.054831407884,-32.2929751672085,-19.6680923023095));
#5491=CARTESIAN_POINT('Origin',(110.738652,-31.9077592304408,-19.7085801287556));
#5492=CARTESIAN_POINT('',(111.054831407884,-32.2302580892479,-19.0713791650886));
#5493=CARTESIAN_POINT('',(111.054831407884,-32.2929751672085,-19.6680923023095));
#5494=CARTESIAN_POINT('Origin',(110.738652,-31.8450421524802,-19.1118669915347));
#5495=CARTESIAN_POINT('Origin',(108.445343832565,-34.4114010165711,-19.4454367734452));
#5496=CARTESIAN_POINT('',(108.445343832565,-34.4114010165711,-19.4454367734452));
#5497=CARTESIAN_POINT('',(114.497603240679,-29.4980751596244,-19.9618481302507));
#5498=CARTESIAN_POINT('',(108.445343832565,-34.3486839386105,-18.8487236362243));
#5499=CARTESIAN_POINT('',(108.445343832565,-34.4114010165711,-19.4454367734452));
#5500=CARTESIAN_POINT('',(108.275277407884,-34.486746719043,-18.8342126532682));
#5501=CARTESIAN_POINT('Origin',(108.318636527457,-36.5536302740668,-19.2202794055724));
#5502=CARTESIAN_POINT('',(108.318636527457,-36.5536302740668,-19.2202794055724));
#5503=CARTESIAN_POINT('',(108.580515513089,-32.1260653087776,-19.6856352353382));
#5504=CARTESIAN_POINT('',(108.318636527457,-36.4909131961062,-18.6235662683514));
#5505=CARTESIAN_POINT('',(108.318636527457,-36.5536302740668,-19.2202794055724));
#5506=CARTESIAN_POINT('',(108.308235190638,-36.6667676824122,-18.6050832170502));
#5507=CARTESIAN_POINT('Origin',(108.378628648833,-36.636820921029,-19.2115357162422));
#5508=CARTESIAN_POINT('',(108.378628648833,-36.636820921029,-19.2115357162422));
#5509=CARTESIAN_POINT('',(109.082327895037,-37.6126356482801,-19.1089734555735));
#5510=CARTESIAN_POINT('',(108.378628648833,-36.5741038430684,-18.6148225790212));
#5511=CARTESIAN_POINT('',(108.378628648833,-36.636820921029,-19.2115357162422));
#5512=CARTESIAN_POINT('',(108.753293911565,-37.093649491491,-18.5602161309581));
#5513=CARTESIAN_POINT('Origin',(108.801387119506,-36.1375476471623,-19.2640114518805));
#5514=CARTESIAN_POINT('',(108.801387119506,-36.1375476471623,-19.2640114518805));
#5515=CARTESIAN_POINT('',(113.791456128931,-30.2443290271029,-19.8834136881953));
#5516=CARTESIAN_POINT('',(108.801387119506,-36.0748305692017,-18.6672983146595));
#5517=CARTESIAN_POINT('',(108.801387119506,-36.1375476471623,-19.2640114518805));
#5518=CARTESIAN_POINT('',(108.801387119506,-36.0748305692017,-18.6672983146595));
#5519=CARTESIAN_POINT('Origin',(109.183842,-36.4578520471663,-19.2303461028659));
#5520=CARTESIAN_POINT('',(109.23421870886,-35.963121447804,-19.2823443841744));
#5521=CARTESIAN_POINT('Origin',(109.183842,-36.4578520471663,-19.2303461028658));
#5522=CARTESIAN_POINT('',(109.23421870886,-35.9004043698434,-18.6856312469534));
#5523=CARTESIAN_POINT('',(109.23421870886,-35.963121447804,-19.2823443841744));
#5524=CARTESIAN_POINT('Origin',(109.183842,-36.3951349692057,-18.6336329656449));
#5525=CARTESIAN_POINT('Origin',(120.72507070886,-37.1204107746557,-19.1607083744945));
#5526=CARTESIAN_POINT('',(120.72507070886,-37.1204107746557,-19.1607083744945));
#5527=CARTESIAN_POINT('',(121.828642990011,-37.2315559205845,-19.1490265489282));
#5528=CARTESIAN_POINT('',(120.72507070886,-37.0576936966951,-18.5639952372735));
#5529=CARTESIAN_POINT('',(120.72507070886,-37.1204107746557,-19.1607083744945));
#5530=CARTESIAN_POINT('',(120.72507070886,-37.0576936966951,-18.5639952372735));
#5531=CARTESIAN_POINT('Origin',(120.674694,-37.615141374018,-19.108710093186));
#5532=CARTESIAN_POINT('',(121.111627730422,-37.3733908870787,-19.1341190932408));
#5533=CARTESIAN_POINT('Origin',(120.674694,-37.615141374018,-19.108710093186));
#5534=CARTESIAN_POINT('',(121.111627730422,-37.3106738091181,-18.5374059560199));
#5535=CARTESIAN_POINT('',(121.111627730422,-37.3733908870787,-19.1341190932408));
#5536=CARTESIAN_POINT('Origin',(120.674694,-37.5524242960574,-18.511996955965));
#5537=CARTESIAN_POINT('Origin',(121.946211413913,-38.8653152394801,-18.9773115251075));
#5538=CARTESIAN_POINT('',(121.946211413913,-38.8653152394801,-18.9773115251075));
#5539=CARTESIAN_POINT('',(119.970317378381,-35.3331536507867,-19.3485566677219));
#5540=CARTESIAN_POINT('',(121.946211413913,-38.8025981615195,-18.3805983878865));
#5541=CARTESIAN_POINT('',(121.946211413913,-38.8653152394801,-18.9773115251075));
#5542=CARTESIAN_POINT('',(122.133391730422,-39.1372067550202,-18.3454296075533));
#5543=CARTESIAN_POINT('Origin',(129.812798053227,-36.8735431627759,-19.186655206053));
#5544=CARTESIAN_POINT('',(129.812798053227,-36.8735431627759,-19.186655206053));
#5545=CARTESIAN_POINT('',(127.998659066052,-37.3328721632164,-19.1383777827263));
#5546=CARTESIAN_POINT('',(129.812798053227,-36.8108260848153,-18.589942068832));
#5547=CARTESIAN_POINT('',(129.812798053227,-36.8735431627759,-19.186655206053));
#5548=CARTESIAN_POINT('',(129.97173072405,-36.7705852954696,-18.5941715462227));
#5549=CARTESIAN_POINT('Origin',(132.008349031931,-34.21500327927,-19.4660790074322));
#5550=CARTESIAN_POINT('',(132.008349031931,-34.21500327927,-19.4660790074322));
#5551=CARTESIAN_POINT('',(131.750825576685,-34.5268322385383,-19.4333044631346));
#5552=CARTESIAN_POINT('',(132.008349031931,-34.1522862013094,-18.8693658702112));
#5553=CARTESIAN_POINT('',(132.008349031931,-34.21500327927,-19.4660790074322));
#5554=CARTESIAN_POINT('',(132.611351120669,-33.4221254725004,-18.9461088552337));
#5555=CARTESIAN_POINT('Origin',(124.302123151703,-33.5565340369981,-19.5352869135871));
#5556=CARTESIAN_POINT('',(124.302123151703,-33.5565340369981,-19.5352869135871));
#5557=CARTESIAN_POINT('',(123.851708272997,-33.518047708087,-19.5393319897555));
#5558=CARTESIAN_POINT('',(124.302123151703,-33.4938169590375,-18.9385737763662));
#5559=CARTESIAN_POINT('',(124.302123151703,-33.5565340369981,-19.5352869135871));
#5560=CARTESIAN_POINT('',(124.302123151703,-33.4938169590375,-18.9385737763662));
#5561=CARTESIAN_POINT('Origin',(124.344924,-33.0610983163242,-19.5873593061318));
#5562=CARTESIAN_POINT('',(123.977036193549,-32.724340570269,-19.6227539715008));
#5563=CARTESIAN_POINT('Origin',(124.344924,-33.0610983163242,-19.5873593061319));
#5564=CARTESIAN_POINT('',(123.977036193549,-32.6616234923085,-19.0260408342798));
#5565=CARTESIAN_POINT('',(123.977036193549,-32.724340570269,-19.6227539715008));
#5566=CARTESIAN_POINT('Origin',(124.344924,-32.9983812383636,-18.9906461689109));
#5567=CARTESIAN_POINT('Origin',(133.067462193549,-22.9020962379925,-20.6551134506373));
#5568=CARTESIAN_POINT('',(133.067462193549,-22.9020962379925,-20.6551134506373));
#5569=CARTESIAN_POINT('',(129.526858060787,-26.7277342087388,-20.2530226973187));
#5570=CARTESIAN_POINT('',(133.067462193549,-22.8393791600319,-20.0584003134163));
#5571=CARTESIAN_POINT('',(133.067462193549,-22.9020962379925,-20.6551134506373));
#5572=CARTESIAN_POINT('',(133.067462193549,-22.8393791600319,-20.0584003134163));
#5573=CARTESIAN_POINT('Origin',(133.43535,-23.2388539840476,-20.6197187852684));
#5574=CARTESIAN_POINT('',(133.327097554848,-22.7533873035385,-20.6707433894703));
#5575=CARTESIAN_POINT('Origin',(133.43535,-23.2388539840476,-20.6197187852684));
#5576=CARTESIAN_POINT('',(133.327097554848,-22.6906702255779,-20.0740302522493));
#5577=CARTESIAN_POINT('',(133.327097554848,-22.7533873035385,-20.6707433894703));
#5578=CARTESIAN_POINT('Origin',(133.43535,-23.176136906087,-20.0230056480474));
#5579=CARTESIAN_POINT('Origin',(141.174167554848,-21.0227163231311,-20.8526442393625));
#5580=CARTESIAN_POINT('',(141.174167554848,-21.0227163231311,-20.8526442393625));
#5581=CARTESIAN_POINT('',(132.10364083889,-23.0232206342073,-20.6423827636012));
#5582=CARTESIAN_POINT('',(141.174167554848,-20.9599992451705,-20.2559311021415));
#5583=CARTESIAN_POINT('',(141.174167554848,-21.0227163231311,-20.8526442393625));
#5584=CARTESIAN_POINT('',(141.174167554848,-20.9599992451705,-20.2559311021415));
#5585=CARTESIAN_POINT('Origin',(141.28242,-21.5081830036402,-20.8016196351606));
#5586=CARTESIAN_POINT('',(141.278628440373,-21.0109363533332,-20.8538823640796));
#5587=CARTESIAN_POINT('Origin',(141.28242,-21.5081830036403,-20.8016196351607));
#5588=CARTESIAN_POINT('',(141.278628440373,-20.9482192753726,-20.2571692268586));
#5589=CARTESIAN_POINT('',(141.278628440373,-21.0109363533332,-20.8538823640796));
#5590=CARTESIAN_POINT('Origin',(141.28242,-21.4454659256796,-20.2049064979396));
#5591=CARTESIAN_POINT('Origin',(149.987539597421,-20.9452555309074,-20.8607856966922));
#5592=CARTESIAN_POINT('',(149.987539597421,-20.9452555309074,-20.8607856966922));
#5593=CARTESIAN_POINT('',(136.877934878355,-21.0441254819378,-20.8503940460985));
#5594=CARTESIAN_POINT('',(149.987539597421,-20.8825384529468,-20.2640725594713));
#5595=CARTESIAN_POINT('',(149.987539597421,-20.9452555309074,-20.8607856966922));
#5596=CARTESIAN_POINT('',(150.118008440372,-20.8815544836823,-20.2641759788083));
#5597=CARTESIAN_POINT('Origin',(151.085319812865,-20.3229181966508,-20.9261959862866));
#5598=CARTESIAN_POINT('',(151.085319812865,-20.3229181966508,-20.9261959862866));
#5599=CARTESIAN_POINT('',(139.012944785769,-27.1668106141053,-20.2068739075095));
#5600=CARTESIAN_POINT('',(151.085319812865,-20.2602011186902,-20.3294828490656));
#5601=CARTESIAN_POINT('',(151.085319812865,-20.3229181966508,-20.9261959862866));
#5602=CARTESIAN_POINT('',(152.203875333287,-19.6260861556003,-20.3961310173317));
#5603=CARTESIAN_POINT('Origin',(142.504903993614,-18.3900727069936,-21.1293462333637));
#5604=CARTESIAN_POINT('',(142.504903993614,-18.3900727069936,-21.1293462333637));
#5605=CARTESIAN_POINT('',(134.723956770381,-16.6373174719915,-21.3135682319465));
#5606=CARTESIAN_POINT('',(142.504903993614,-18.327355629033,-20.5326330961427));
#5607=CARTESIAN_POINT('',(142.504903993614,-18.3900727069936,-21.1293462333637));
#5608=CARTESIAN_POINT('',(142.455108277544,-18.3161385240303,-20.5338120613859));
#5609=CARTESIAN_POINT('Origin',(132.925021459047,-18.2069156051409,-21.1485968204874));
#5610=CARTESIAN_POINT('',(132.925021459047,-18.2069156051409,-21.1485968204874));
#5611=CARTESIAN_POINT('',(128.476862876238,-18.1218715733724,-21.1575353084104));
#5612=CARTESIAN_POINT('',(132.925021459047,-18.1441985271803,-20.5518836832664));
#5613=CARTESIAN_POINT('',(132.925021459047,-18.2069156051409,-21.1485968204874));
#5614=CARTESIAN_POINT('',(132.850705654576,-18.1427776885302,-20.5520330194262));
#5615=CARTESIAN_POINT('Origin',(122.947140819008,-21.016754467893,-20.8532708555981));
#5616=CARTESIAN_POINT('',(122.947140819008,-21.016754467893,-20.8532708555981));
#5617=CARTESIAN_POINT('',(122.357373978352,-21.182836810288,-20.8358148980095));
#5618=CARTESIAN_POINT('',(122.947140819008,-20.9540373899324,-20.2565577183771));
#5619=CARTESIAN_POINT('',(122.947140819008,-21.016754467893,-20.8532708555981));
#5620=CARTESIAN_POINT('',(122.730947180694,-21.0149189848049,-20.2501588049063));
#5621=CARTESIAN_POINT('Origin',(119.902865848363,-27.2815862848781,-20.1948104984058));
#5622=CARTESIAN_POINT('',(120.019399573066,-27.0417708301944,-20.2200161183752));
#5623=CARTESIAN_POINT('',(119.902865848363,-27.2188692069175,-19.5980973611848));
#5624=CARTESIAN_POINT('Origin',(152.561939722456,-19.6358310534465,-20.9984117550339));
#5625=CARTESIAN_POINT('',(152.561939722456,-19.6358310534465,-20.9984117550339));
#5626=CARTESIAN_POINT('',(142.676015720147,-17.408903591949,-21.2324712628668));
#5627=CARTESIAN_POINT('',(139.862928357258,-16.7752206404571,-21.2990740248842));
#5628=CARTESIAN_POINT('',(152.561939722456,-19.5731139754859,-20.401698617813));
#5629=CARTESIAN_POINT('',(152.561939722456,-19.6358310534465,-20.9984117550339));
#5630=CARTESIAN_POINT('',(142.676015720147,-17.3461865139884,-20.6357581256458));
#5631=CARTESIAN_POINT('',(152.561939722456,-19.5731139754859,-20.401698617813));
#5632=CARTESIAN_POINT('',(142.676015720147,-17.408903591949,-21.2324712628668));
#5633=CARTESIAN_POINT('Origin',(152.451486,-20.1208070582073,-20.9474387229313));
#5634=CARTESIAN_POINT('',(152.699096666713,-20.5528108828538,-20.90203329131));
#5635=CARTESIAN_POINT('Origin',(152.451486,-20.1208070582073,-20.9474387229314));
#5636=CARTESIAN_POINT('',(152.699096666713,-20.4900938048932,-20.3053201540891));
#5637=CARTESIAN_POINT('',(152.699096666713,-20.5528108828538,-20.90203329131));
#5638=CARTESIAN_POINT('Origin',(152.451486,-20.0580899802467,-20.3507255857104));
#5639=CARTESIAN_POINT('Origin',(150.369410666713,-21.8735220365964,-20.7632209554891));
#5640=CARTESIAN_POINT('',(150.369410666713,-21.8735220365964,-20.7632209554891));
#5641=CARTESIAN_POINT('',(138.902600879406,-28.3741163587244,-20.0799809604894));
#5642=CARTESIAN_POINT('',(150.369410666713,-21.8108049586358,-20.1665078182681));
#5643=CARTESIAN_POINT('',(150.369410666713,-21.8735220365964,-20.7632209554891));
#5644=CARTESIAN_POINT('',(150.369410666713,-21.8108049586358,-20.1665078182681));
#5645=CARTESIAN_POINT('Origin',(150.1218,-21.4415182119499,-20.8086263871104));
#5646=CARTESIAN_POINT('',(150.125591559627,-21.9387648622569,-20.7563636581914));
#5647=CARTESIAN_POINT('Origin',(150.1218,-21.4415182119499,-20.8086263871104));
#5648=CARTESIAN_POINT('',(150.125591559627,-21.8760477842963,-20.1596505209705));
#5649=CARTESIAN_POINT('',(150.125591559627,-21.9387648622569,-20.7563636581914));
#5650=CARTESIAN_POINT('Origin',(150.1218,-21.3788011339893,-20.2119132498894));
#5651=CARTESIAN_POINT('Origin',(141.339068098545,-22.0050310207675,-20.7493988042772));
#5652=CARTESIAN_POINT('',(141.339068098545,-22.0050310207675,-20.7493988042772));
#5653=CARTESIAN_POINT('',(132.557490688545,-22.0712598771749,-20.742437870972));
#5654=CARTESIAN_POINT('',(141.339068098545,-21.9423139428069,-20.1526856670562));
#5655=CARTESIAN_POINT('',(141.339068098545,-22.0050310207675,-20.7493988042772));
#5656=CARTESIAN_POINT('',(141.286211559627,-21.9427125759867,-20.1526437690207));
#5657=CARTESIAN_POINT('Origin',(133.696899176459,-23.690511076486,-20.5722477119653));
#5658=CARTESIAN_POINT('',(133.696899176459,-23.690511076486,-20.5722477119654));
#5659=CARTESIAN_POINT('',(128.473259094848,-24.8425846913939,-20.4511598957007));
#5660=CARTESIAN_POINT('',(133.696899176459,-23.6277939985254,-19.9755345747444));
#5661=CARTESIAN_POINT('',(133.696899176459,-23.690511076486,-20.5722477119654));
#5662=CARTESIAN_POINT('',(133.543602445152,-23.6616035865962,-19.9719810438455));
#5663=CARTESIAN_POINT('Origin',(125.402734598589,-32.6523915225673,-19.6303161211376));
#5664=CARTESIAN_POINT('',(125.402734598589,-32.6523915225673,-19.6303161211375));
#5665=CARTESIAN_POINT('',(126.062382069758,-31.9396395970813,-19.7052293671999));
#5666=CARTESIAN_POINT('',(125.402734598589,-32.5896744446067,-19.0336029839166));
#5667=CARTESIAN_POINT('',(125.402734598589,-32.6523915225673,-19.6303161211375));
#5668=CARTESIAN_POINT('',(124.712811806451,-33.3351389844187,-18.955251503542));
#5669=CARTESIAN_POINT('Origin',(133.040534848297,-33.3050140411925,-19.5617227304003));
#5670=CARTESIAN_POINT('',(133.040534848297,-33.3050140411925,-19.5617227304003));
#5671=CARTESIAN_POINT('',(128.263714969591,-32.8968519895103,-19.6046222907068));
#5672=CARTESIAN_POINT('',(133.040534848297,-33.242296963232,-18.9650095931793));
#5673=CARTESIAN_POINT('',(133.040534848297,-33.3050140411925,-19.5617227304003));
#5674=CARTESIAN_POINT('',(133.040534848297,-33.2422969632319,-18.9650095931793));
#5675=CARTESIAN_POINT('Origin',(132.997734,-33.8004497618665,-19.5096503378556));
#5676=CARTESIAN_POINT('',(133.384116879331,-34.1160569732719,-19.4764786832565));
#5677=CARTESIAN_POINT('Origin',(132.997734,-33.8004497618665,-19.5096503378555));
#5678=CARTESIAN_POINT('',(133.384116879331,-34.0533398953113,-18.8797655460355));
#5679=CARTESIAN_POINT('',(133.384116879331,-34.1160569732719,-19.4764786832565));
#5680=CARTESIAN_POINT('Origin',(132.997734,-33.7377326839059,-18.9129372006346));
#5681=CARTESIAN_POINT('Origin',(130.481472879331,-37.6307987927367,-19.1070644321653));
#5682=CARTESIAN_POINT('',(130.481472881742,-37.6307987947063,-19.1070644319583));
#5683=CARTESIAN_POINT('',(131.373770379716,-36.5503372066771,-19.2206255209021));
#5684=CARTESIAN_POINT('',(130.481472881742,-37.5680817167457,-18.5103512947373));
#5685=CARTESIAN_POINT('',(130.481472881742,-37.6307987947063,-19.1070644319583));
#5686=CARTESIAN_POINT('',(130.481472879331,-37.5680817147761,-18.5103512949444));
#5687=CARTESIAN_POINT('Origin',(130.095090005106,-37.3151915800386,-19.1402360869003));
#5688=CARTESIAN_POINT('',(130.21844927595,-37.7970807892322,-19.0895874900852));
#5689=CARTESIAN_POINT('Origin',(130.095090005106,-37.3151915800386,-19.1402360869003));
#5690=CARTESIAN_POINT('',(130.21844927595,-37.7343637112717,-18.4928743528642));
#5691=CARTESIAN_POINT('',(130.21844927595,-37.7970807892322,-19.0895874900852));
#5692=CARTESIAN_POINT('Origin',(130.095090005106,-37.252474502078,-18.5435229496793));
#5693=CARTESIAN_POINT('Origin',(121.81981727595,-39.9235635278211,-18.8660851480402));
#5694=CARTESIAN_POINT('',(121.81981727595,-39.9235635278211,-18.8660851480402));
#5695=CARTESIAN_POINT('',(124.125527953364,-39.33977155364,-18.9274441570407));
#5696=CARTESIAN_POINT('',(121.81981727595,-39.8608464498605,-18.2693720108192));
#5697=CARTESIAN_POINT('',(121.81981727595,-39.9235635278211,-18.8660851480402));
#5698=CARTESIAN_POINT('',(121.81981727595,-39.8608464498605,-18.2693720108192));
#5699=CARTESIAN_POINT('Origin',(121.696458,-39.4416743199201,-18.9167337447194));
#5700=CARTESIAN_POINT('',(121.259524269578,-39.6834248068594,-18.8913247446645));
#5701=CARTESIAN_POINT('Origin',(121.696458,-39.4416743199201,-18.9167337447193));
#5702=CARTESIAN_POINT('',(121.259524269578,-39.6207077288988,-18.2946116074436));
#5703=CARTESIAN_POINT('',(121.259524269578,-39.6834248068594,-18.8913247446645));
#5704=CARTESIAN_POINT('Origin',(121.696458,-39.3789572419595,-18.3200206074984));
#5705=CARTESIAN_POINT('Origin',(120.364647911271,-38.0837196391729,-19.0594605329648));
#5706=CARTESIAN_POINT('',(120.364647911271,-38.0837196391729,-19.0594605329648));
#5707=CARTESIAN_POINT('',(118.742601896638,-35.1841063375724,-19.3642221715957));
#5708=CARTESIAN_POINT('',(120.364647911271,-38.0210025612123,-18.4627473957438));
#5709=CARTESIAN_POINT('',(120.364647911271,-38.0837196391729,-19.0594605329648));
#5710=CARTESIAN_POINT('',(120.237760269578,-37.7941747829968,-18.4865879559101));
#5711=CARTESIAN_POINT('Origin',(109.396196378505,-36.9790433374539,-19.175566690873));
#5712=CARTESIAN_POINT('',(109.396196378505,-36.9790433374539,-19.175566690873));
#5713=CARTESIAN_POINT('',(116.113829115974,-37.6556028013459,-19.1044574258089));
#5714=CARTESIAN_POINT('',(109.396196378505,-36.9163262594933,-18.5788535536521));
#5715=CARTESIAN_POINT('',(109.396196378505,-36.9790433374539,-19.175566690873));
#5716=CARTESIAN_POINT('',(109.13346529114,-36.889865568568,-18.5816346843364));
#5717=CARTESIAN_POINT('Origin',(108.729440880494,-37.7664745149553,-19.0928043391374));
#5718=CARTESIAN_POINT('',(108.729440880494,-37.7664745149553,-19.0928043391374));
#5719=CARTESIAN_POINT('',(114.137937889919,-31.3790968610035,-19.7641447828091));
#5720=CARTESIAN_POINT('',(108.729440880494,-37.7037574369947,-18.4960912019164));
#5721=CARTESIAN_POINT('',(108.729440880494,-37.7664745149553,-19.0928043391374));
#5722=CARTESIAN_POINT('',(108.729440880494,-37.7037574369947,-18.4960912019164));
#5723=CARTESIAN_POINT('Origin',(108.346986,-37.4461701149513,-19.1264696881521));
#5724=CARTESIAN_POINT('',(107.940678088435,-37.735973660451,-19.096010108125));
#5725=CARTESIAN_POINT('Origin',(108.346986,-37.4461701149513,-19.126469688152));
#5726=CARTESIAN_POINT('',(107.940678088435,-37.6732565824904,-18.4992969709041));
#5727=CARTESIAN_POINT('',(107.940678088435,-37.735973660451,-19.096010108125));
#5728=CARTESIAN_POINT('Origin',(108.346986,-37.3834530369907,-18.5297565509311));
#5729=CARTESIAN_POINT('Origin',(107.402790088435,-36.9900882060561,-19.174405828405));
#5730=CARTESIAN_POINT('',(107.402790088435,-36.9900882060561,-19.174405828405));
#5731=CARTESIAN_POINT('',(108.188100703272,-38.0790728362934,-19.0599489316279));
#5732=CARTESIAN_POINT('',(107.402790088435,-36.9273711280955,-18.577692691184));
#5733=CARTESIAN_POINT('',(107.402790088435,-36.9900882060561,-19.174405828405));
#5734=CARTESIAN_POINT('',(107.402790088435,-36.9273711280955,-18.577692691184));
#5735=CARTESIAN_POINT('Origin',(107.809098,-36.7002846605564,-19.204865408432));
#5736=CARTESIAN_POINT('',(107.309960809363,-36.6710845607401,-19.2079344625929));
#5737=CARTESIAN_POINT('Origin',(107.809098,-36.7002846605564,-19.204865408432));
#5738=CARTESIAN_POINT('',(107.309960809363,-36.6083674827795,-18.6112213253719));
#5739=CARTESIAN_POINT('',(107.309960809363,-36.6710845607401,-19.2079344625929));
#5740=CARTESIAN_POINT('Origin',(107.809098,-36.6375675825958,-18.6081522712111));
#5741=CARTESIAN_POINT('Origin',(107.459960809363,-34.1350477604196,-19.4744826710962));
#5742=CARTESIAN_POINT('',(107.459960809363,-34.1350477604196,-19.4744826710962));
#5743=CARTESIAN_POINT('',(107.652040463404,-30.8875739521377,-19.815805922261));
#5744=CARTESIAN_POINT('',(107.459960809363,-34.072330682459,-18.8777695338752));
#5745=CARTESIAN_POINT('',(107.459960809363,-34.1350477604196,-19.4744826710962));
#5746=CARTESIAN_POINT('',(107.459960809363,-34.072330682459,-18.8777695338752));
#5747=CARTESIAN_POINT('Origin',(107.959098,-34.1642478602359,-19.4714136169353));
#5748=CARTESIAN_POINT('',(107.642918592116,-33.7790319234683,-19.5119014433814));
#5749=CARTESIAN_POINT('Origin',(107.959098,-34.1642478602359,-19.4714136169353));
#5750=CARTESIAN_POINT('',(107.642918592116,-33.7163148455077,-18.9151883061605));
#5751=CARTESIAN_POINT('',(107.642918592116,-33.7790319234683,-19.5119014433814));
#5752=CARTESIAN_POINT('Origin',(107.959098,-34.1015307822753,-18.8747004797144));
#5753=CARTESIAN_POINT('Origin',(109.994629562342,-31.8698734524049,-19.7125620844835));
#5754=CARTESIAN_POINT('',(109.994629562342,-31.8698734524049,-19.7125620844836));
#5755=CARTESIAN_POINT('',(114.956066697683,-27.8420954407736,-20.135898612216));
#5756=CARTESIAN_POINT('',(109.994629562342,-31.8071563744443,-19.1158489472626));
#5757=CARTESIAN_POINT('',(109.994629562342,-31.8698734524049,-19.7125620844836));
#5758=CARTESIAN_POINT('',(110.422472592116,-31.4598262157125,-19.1523548179808));
#5759=CARTESIAN_POINT('Origin',(107.306161299853,-29.1880554925486,-19.994432510276));
#5760=CARTESIAN_POINT('',(107.306161299853,-29.1880554925486,-19.994432510276));
#5761=CARTESIAN_POINT('',(111.269306516468,-33.1413973146306,-19.5789195413223));
#5762=CARTESIAN_POINT('',(107.306161299853,-29.1253384145881,-19.397719373055));
#5763=CARTESIAN_POINT('',(107.306161299853,-29.1880554925486,-19.994432510276));
#5764=CARTESIAN_POINT('',(107.137311772716,-28.9569065603951,-19.4154222742844));
#5765=CARTESIAN_POINT('Origin',(104.206995629064,-29.5140305799601,-19.960171147998));
#5766=CARTESIAN_POINT('',(104.206995629064,-29.5140305799601,-19.9601711479979));
#5767=CARTESIAN_POINT('',(113.956871693187,-28.4885233822618,-20.0679562977715));
#5768=CARTESIAN_POINT('',(104.206995629064,-29.4513135019995,-19.363458010777));
#5769=CARTESIAN_POINT('',(104.206995629064,-29.5140305799601,-19.9601711479979));
#5770=CARTESIAN_POINT('',(104.068089180119,-29.4659238993279,-19.3619223961388));
#5771=CARTESIAN_POINT('Origin',(99.9048043018915,-32.7680348263588,-19.618161520129));
#5772=CARTESIAN_POINT('',(99.9048043018915,-32.7680348263588,-19.618161520129));
#5773=CARTESIAN_POINT('',(108.497897744323,-26.2685650387735,-20.3012833217855));
#5774=CARTESIAN_POINT('',(99.9048043018915,-32.7053177483982,-19.021448382908));
#5775=CARTESIAN_POINT('',(99.9048043018915,-32.7680348263588,-19.618161520129));
#5776=CARTESIAN_POINT('',(99.9048043018915,-32.7053177483982,-19.021448382908));
#5777=CARTESIAN_POINT('Origin',(99.6021300000003,-32.3722347693222,-19.6597617824419));
#5778=CARTESIAN_POINT('',(99.1861518458842,-32.6481356051431,-19.6307634360838));
#5779=CARTESIAN_POINT('Origin',(99.6021300000003,-32.3722347693222,-19.6597617824419));
#5780=CARTESIAN_POINT('',(99.1861518458842,-32.5854185271825,-19.0340502988628));
#5781=CARTESIAN_POINT('',(99.1861518458842,-32.6481356051431,-19.6307634360838));
#5782=CARTESIAN_POINT('Origin',(99.6021300000003,-32.3095176913616,-19.0630486452209));
#5783=CARTESIAN_POINT('Origin',(94.7825358458842,-26.0813075300264,-20.3209648790401));
#5784=CARTESIAN_POINT('',(94.7825358458842,-26.0813075300264,-20.3209648790401));
#5785=CARTESIAN_POINT('',(99.8315972674242,-33.6106466676708,-19.5295994469221));
#5786=CARTESIAN_POINT('',(94.7825358458842,-26.0185904520658,-19.7242517418191));
#5787=CARTESIAN_POINT('',(94.7825358458842,-26.0813075300264,-20.3209648790401));
#5788=CARTESIAN_POINT('',(94.7825358458842,-26.0185904520658,-19.7242517418191));
#5789=CARTESIAN_POINT('Origin',(95.1985140000003,-25.8054066942056,-20.3499632253982));
#5790=CARTESIAN_POINT('',(94.7892024780069,-25.5198142240929,-20.379980203567));
#5791=CARTESIAN_POINT('Origin',(95.1985140000003,-25.8054066942056,-20.3499632253982));
#5792=CARTESIAN_POINT('',(94.7892024780069,-25.4570971461323,-19.7832670663461));
#5793=CARTESIAN_POINT('',(94.7892024780069,-25.5198142240929,-20.379980203567));
#5794=CARTESIAN_POINT('Origin',(95.1985140000003,-25.742689616245,-19.7532500881772));
#5795=CARTESIAN_POINT('Origin',(95.9269944780069,-23.9069463512356,-20.5494994479283));
#5796=CARTESIAN_POINT('',(95.9269944780069,-23.9069463512356,-20.5494994479283));
#5797=CARTESIAN_POINT('',(99.4247486854962,-18.9487330851811,-21.0706286615411));
#5798=CARTESIAN_POINT('',(95.9269944780069,-23.844229273275,-19.9527863107073));
#5799=CARTESIAN_POINT('',(95.9269944780069,-23.9069463512356,-20.5494994479283));
#5800=CARTESIAN_POINT('',(95.9269944780069,-23.844229273275,-19.9527863107073));
#5801=CARTESIAN_POINT('Origin',(96.3363060000003,-24.1925388213483,-20.5194824697594));
#5802=CARTESIAN_POINT('',(96.2976870278772,-23.6967633472764,-20.5715905718252));
#5803=CARTESIAN_POINT('Origin',(96.3363060000003,-24.1925388213483,-20.5194824697595));
#5804=CARTESIAN_POINT('',(96.2976870278772,-23.6340462693158,-19.9748774346043));
#5805=CARTESIAN_POINT('',(96.2976870278772,-23.6967633472764,-20.5715905718252));
#5806=CARTESIAN_POINT('Origin',(96.3363060000003,-24.1298217433877,-19.9227693325385));
#5807=CARTESIAN_POINT('Origin',(101.481723027877,-23.2973593760089,-20.6135696207874));
#5808=CARTESIAN_POINT('',(101.481723027877,-23.2973593760089,-20.6135696207874));
#5809=CARTESIAN_POINT('',(112.382387351356,-22.4575178663721,-20.7018405204022));
#5810=CARTESIAN_POINT('',(101.481723027877,-23.2346422980483,-20.0168564835664));
#5811=CARTESIAN_POINT('',(101.481723027877,-23.2973593760089,-20.6135696207874));
#5812=CARTESIAN_POINT('',(101.481723027877,-23.2346422980483,-20.0168564835664));
#5813=CARTESIAN_POINT('Origin',(101.520342,-23.7931348500808,-20.5614615187216));
#5814=CARTESIAN_POINT('',(101.723464127655,-23.338755436996,-20.6092187194543));
#5815=CARTESIAN_POINT('Origin',(101.520342,-23.7931348500808,-20.5614615187216));
#5816=CARTESIAN_POINT('',(101.723464127655,-23.2760383590354,-20.0125055822334));
#5817=CARTESIAN_POINT('',(101.723464127655,-23.338755436996,-20.6092187194543));
#5818=CARTESIAN_POINT('Origin',(101.520342,-23.7304177721202,-19.9647483815006));
#5819=CARTESIAN_POINT('Origin',(111.114334127655,-27.4909062296402,-20.1728100856857));
#5820=CARTESIAN_POINT('',(111.114334127655,-27.4909062296402,-20.1728100856857));
#5821=CARTESIAN_POINT('',(116.623140966595,-29.9266120463357,-19.9168070884898));
#5822=CARTESIAN_POINT('',(111.114334127655,-27.4281891516796,-19.5760969484647));
#5823=CARTESIAN_POINT('',(111.114334127655,-27.4909062296402,-20.1728100856857));
#5824=CARTESIAN_POINT('',(111.114334127655,-27.4281891516796,-19.5760969484647));
#5825=CARTESIAN_POINT('Origin',(110.911212,-27.945285642725,-20.1250528849529));
#5826=CARTESIAN_POINT('',(111.218414963784,-27.5529516847328,-20.1662888455765));
#5827=CARTESIAN_POINT('Origin',(110.911212,-27.945285642725,-20.125052884953));
#5828=CARTESIAN_POINT('',(111.218414963784,-27.4902346067722,-19.5695757083555));
#5829=CARTESIAN_POINT('',(111.218414963784,-27.5529516847328,-20.1662888455765));
#5830=CARTESIAN_POINT('Origin',(110.911212,-27.8825685647644,-19.528339747732));
#5831=CARTESIAN_POINT('Origin',(114.312185704231,-29.9489490019455,-19.9144593798522));
#5832=CARTESIAN_POINT('',(114.312185704231,-29.9489490019455,-19.9144593798522));
#5833=CARTESIAN_POINT('',(116.938222387581,-31.9827056620455,-19.700702941376));
#5834=CARTESIAN_POINT('',(114.312185704231,-29.8862319239849,-19.3177462426313));
#5835=CARTESIAN_POINT('',(114.312185704231,-29.9489490019455,-19.9144593798522));
#5836=CARTESIAN_POINT('',(114.599828963784,-30.108999716437,-19.2943324041638));
#5837=CARTESIAN_POINT('Origin',(119.060628554132,-26.7292131880417,-20.2528672503301));
#5838=CARTESIAN_POINT('',(119.060628554132,-26.7292131880417,-20.2528672503301));
#5839=CARTESIAN_POINT('',(120.25494802236,-25.9193912555372,-20.3379829652474));
#5840=CARTESIAN_POINT('',(119.060628554132,-26.6664961100811,-19.6561541131091));
#5841=CARTESIAN_POINT('',(119.060628554132,-26.7292131880417,-20.2528672503301));
#5842=CARTESIAN_POINT('',(119.171017743695,-26.5916454614925,-19.6640212332882));
#5843=CARTESIAN_POINT('Origin',(122.144538151637,-20.3828170334712,-20.9199003648492));
#5844=CARTESIAN_POINT('',(122.144538151637,-20.3828170334712,-20.9199003648492));
#5845=CARTESIAN_POINT('',(120.690049876339,-23.3760172247761,-20.6053023477451));
#5846=CARTESIAN_POINT('',(122.144538151637,-20.3200999555106,-20.3231872276283));
#5847=CARTESIAN_POINT('',(122.144538151637,-20.3828170334712,-20.9199003648492));
#5848=CARTESIAN_POINT('',(122.144538151637,-20.3200999555106,-20.3231872276283));
#5849=CARTESIAN_POINT('Origin',(122.594724,-20.599186013186,-20.8971590687011));
#5850=CARTESIAN_POINT('',(122.458500819306,-20.1207359636066,-20.947446195275));
#5851=CARTESIAN_POINT('Origin',(122.594724,-20.599186013186,-20.8971590687012));
#5852=CARTESIAN_POINT('',(122.458500819306,-20.058018885646,-20.350733058054));
#5853=CARTESIAN_POINT('',(122.458500819306,-20.1207359636066,-20.947446195275));
#5854=CARTESIAN_POINT('Origin',(122.594724,-20.5364689352254,-20.3004459314801));
#5855=CARTESIAN_POINT('Origin',(132.724092819306,-17.2298756305005,-21.251287859846));
#5856=CARTESIAN_POINT('',(132.724092819306,-17.2298756305005,-21.251287859846));
#5857=CARTESIAN_POINT('',(127.109626797807,-18.8109473420123,-21.0851105267073));
#5858=CARTESIAN_POINT('',(132.724092819306,-17.1671585525399,-20.654574722625));
#5859=CARTESIAN_POINT('',(132.724092819306,-17.2298756305005,-21.251287859846));
#5860=CARTESIAN_POINT('',(132.724092819306,-17.1671585525399,-20.654574722625));
#5861=CARTESIAN_POINT('Origin',(132.860316,-17.7083256800799,-21.2010007332721));
#5862=CARTESIAN_POINT('',(132.869926345424,-17.2111565936691,-21.253255309897));
#5863=CARTESIAN_POINT('Origin',(132.860316,-17.7083256800799,-21.2010007332722));
#5864=CARTESIAN_POINT('',(132.869926345424,-17.1484395157085,-20.6565421726761));
#5865=CARTESIAN_POINT('',(132.869926345424,-17.2111565936691,-21.253255309897));
#5866=CARTESIAN_POINT('Origin',(132.860316,-17.6456086021193,-20.6042875960511));
#5867=CARTESIAN_POINT('Origin',(142.575172345424,-17.3967105108193,-21.2337528073344));
#5868=CARTESIAN_POINT('',(142.575172345403,-17.3967105118781,-21.2337528072231));
#5869=CARTESIAN_POINT('',(133.31154866485,-17.2195999398007,-21.2523678784588));
#5870=CARTESIAN_POINT('',(142.575172345403,-17.3339934339175,-20.6370396700022));
#5871=CARTESIAN_POINT('',(142.575172345403,-17.3967105118781,-21.2337528072231));
#5872=CARTESIAN_POINT('',(142.575172345424,-17.3339934328587,-20.6370396701135));
#5873=CARTESIAN_POINT('Origin',(142.565562005138,-17.8938795983875,-21.1814982305878));
#5874=CARTESIAN_POINT('Origin',(142.565562005138,-17.8938795983875,-21.1814982305879));
#5875=CARTESIAN_POINT('Origin',(142.565562005138,-17.8311625204269,-20.5847850933669));
#5876=CARTESIAN_POINT('Origin',(123.825,-28.5122829220394,-19.4621541017746));
#5877=CARTESIAN_POINT('Origin',(123.825,-28.575,-20.0588672389958));
#5878=CARTESIAN_POINT('Origin',(123.825,-28.575,-17.3798941263802));
#5879=CARTESIAN_POINT('',(122.5605,-28.575,-17.));
#5880=CARTESIAN_POINT('Origin',(123.825,-28.575,-17.));
#5881=CARTESIAN_POINT('',(123.825,-28.575,-17.7597882527603));
#5882=CARTESIAN_POINT('',(123.19275,-28.575,-17.3798941263802));
#5883=CARTESIAN_POINT('Origin',(123.825,-28.575,-15.));
#5884=CARTESIAN_POINT('',(122.5605,-28.575,-13.));
#5885=CARTESIAN_POINT('Origin',(123.825,-28.575,-13.));
#5886=CARTESIAN_POINT('',(122.5605,-28.575,-15.));
#5887=CARTESIAN_POINT('Origin',(40.825,-28.575,-17.3798941263802));
#5888=CARTESIAN_POINT('',(39.5605,-28.575,-17.));
#5889=CARTESIAN_POINT('Origin',(40.825,-28.575,-17.));
#5890=CARTESIAN_POINT('',(40.825,-28.575,-17.7597882527603));
#5891=CARTESIAN_POINT('',(40.19275,-28.575,-17.3798941263802));
#5892=CARTESIAN_POINT('Origin',(40.825,-28.575,-15.));
#5893=CARTESIAN_POINT('',(39.5605,-28.575,-13.));
#5894=CARTESIAN_POINT('Origin',(40.825,-28.575,-13.));
#5895=CARTESIAN_POINT('',(39.5605,-28.575,-15.));
#5896=CARTESIAN_POINT('Origin',(206.825,-28.575,-17.3798941263802));
#5897=CARTESIAN_POINT('',(205.5605,-28.575,-17.));
#5898=CARTESIAN_POINT('Origin',(206.825,-28.575,-17.));
#5899=CARTESIAN_POINT('',(206.825,-28.575,-17.7597882527603));
#5900=CARTESIAN_POINT('',(206.19275,-28.575,-17.3798941263802));
#5901=CARTESIAN_POINT('Origin',(206.825,-28.575,-15.));
#5902=CARTESIAN_POINT('',(205.5605,-28.575,-13.));
#5903=CARTESIAN_POINT('Origin',(206.825,-28.575,-13.));
#5904=CARTESIAN_POINT('',(205.5605,-28.575,-15.));
#5905=CARTESIAN_POINT('Origin',(201.825,-39.625,-13.));
#5906=CARTESIAN_POINT('',(209.825,-39.625,-13.));
#5907=CARTESIAN_POINT('',(209.825,-39.625,-13.));
#5908=CARTESIAN_POINT('',(201.825,-47.625,-13.));
#5909=CARTESIAN_POINT('Origin',(201.825,-39.625,-13.));
#5910=CARTESIAN_POINT('',(201.825,-47.625,-13.));
#5911=CARTESIAN_POINT('Origin',(209.825,-9.525,-13.));
#5912=CARTESIAN_POINT('',(209.825,-17.525,-13.));
#5913=CARTESIAN_POINT('',(209.825,-17.525,-13.));
#5914=CARTESIAN_POINT('',(209.825,-19.05,-13.));
#5915=CARTESIAN_POINT('Origin',(123.825,-28.575,-20.0588672389958));
#5916=CARTESIAN_POINT('Origin',(201.825,-17.525,-13.));
#5917=CARTESIAN_POINT('',(201.825,-9.525,-13.));
#5918=CARTESIAN_POINT('',(201.825,-9.525,-13.));
#5919=CARTESIAN_POINT('Origin',(201.825,-17.525,-13.));
#5920=CARTESIAN_POINT('Origin',(37.825,-9.525,-13.));
#5921=CARTESIAN_POINT('',(45.825,-9.525,-13.));
#5922=CARTESIAN_POINT('',(45.825,-9.525,-13.));
#5923=CARTESIAN_POINT('',(80.825,-9.525,-13.));
#5924=CARTESIAN_POINT('Origin',(45.825,-39.625,-13.));
#5925=CARTESIAN_POINT('',(45.825,-47.625,-13.));
#5926=CARTESIAN_POINT('',(45.825,-47.625,-13.));
#5927=CARTESIAN_POINT('',(37.825,-39.625,-13.));
#5928=CARTESIAN_POINT('Origin',(45.825,-39.625,-13.));
#5929=CARTESIAN_POINT('',(37.825,-39.625,-13.));
#5930=CARTESIAN_POINT('Origin',(209.825,-47.625,-13.));
#5931=CARTESIAN_POINT('',(166.825,-47.625,-13.));
#5932=CARTESIAN_POINT('Origin',(45.825,-17.525,-13.));
#5933=CARTESIAN_POINT('',(37.825,-17.525,-13.));
#5934=CARTESIAN_POINT('',(37.825,-17.525,-13.));
#5935=CARTESIAN_POINT('Origin',(45.825,-17.525,-13.));
#5936=CARTESIAN_POINT('Origin',(37.825,-47.625,-13.));
#5937=CARTESIAN_POINT('',(37.825,-38.1,-13.));
#5938=CARTESIAN_POINT('Origin',(123.825,-28.575,-13.));
#5939=UNCERTAINTY_MEASURE_WITH_UNIT(LENGTH_MEASURE(0.01),#5943,
'DISTANCE_ACCURACY_VALUE',
'Maximum model space distance between geometric entities at asserted c
onnectivities');
#5940=UNCERTAINTY_MEASURE_WITH_UNIT(LENGTH_MEASURE(0.01),#5943,
'DISTANCE_ACCURACY_VALUE',
'Maximum model space distance between geometric entities at asserted c
onnectivities');
#5941=(
GEOMETRIC_REPRESENTATION_CONTEXT(3)
GLOBAL_UNCERTAINTY_ASSIGNED_CONTEXT((#5939))
GLOBAL_UNIT_ASSIGNED_CONTEXT((#5943,#5944,#5945))
REPRESENTATION_CONTEXT('','3D')
);
#5942=(
GEOMETRIC_REPRESENTATION_CONTEXT(3)
GLOBAL_UNCERTAINTY_ASSIGNED_CONTEXT((#5940))
GLOBAL_UNIT_ASSIGNED_CONTEXT((#5943,#5944,#5945))
REPRESENTATION_CONTEXT('','3D')
);
#5943=(
LENGTH_UNIT()
NAMED_UNIT(*)
SI_UNIT(.MILLI.,.METRE.)
);
#5944=(
NAMED_UNIT(*)
PLANE_ANGLE_UNIT()
SI_UNIT($,.RADIAN.)
);
#5945=(
NAMED_UNIT(*)
SI_UNIT($,.STERADIAN.)
SOLID_ANGLE_UNIT()
);
#5946=SHAPE_DEFINITION_REPRESENTATION(#5947,#5948);
#5947=PRODUCT_DEFINITION_SHAPE('',$,#5950);
#5948=SHAPE_REPRESENTATION('',(#3566),#5941);
#5949=PRODUCT_DEFINITION_CONTEXT('part definition',#5954,'design');
#5950=PRODUCT_DEFINITION('bny6x2 1','osprey5x',#5951,#5949);
#5951=PRODUCT_DEFINITION_FORMATION('',$,#5956);
#5952=PRODUCT_RELATED_PRODUCT_CATEGORY('osprey5x','osprey5x',(#5956));
#5953=APPLICATION_PROTOCOL_DEFINITION('international standard',
'automotive_design',2009,#5954);
#5954=APPLICATION_CONTEXT(
'Core Data for Automotive Mechanical Design Process');
#5955=PRODUCT_CONTEXT('part definition',#5954,'mechanical');
#5956=PRODUCT('bny6x2 1','osprey5x','KiCad electronic assembly',(#5955));
#5957=PRESENTATION_STYLE_ASSIGNMENT((#5963));
#5958=PRESENTATION_STYLE_ASSIGNMENT((#5964));
#5959=PRESENTATION_STYLE_ASSIGNMENT((#5965));
#5960=PRESENTATION_STYLE_ASSIGNMENT((#5966));
#5961=PRESENTATION_STYLE_ASSIGNMENT((#5967));
#5962=PRESENTATION_STYLE_ASSIGNMENT((#5968));
#5963=SURFACE_STYLE_USAGE(.BOTH.,#5969);
#5964=SURFACE_STYLE_USAGE(.BOTH.,#5970);
#5965=SURFACE_STYLE_USAGE(.BOTH.,#5971);
#5966=SURFACE_STYLE_USAGE(.BOTH.,#5972);
#5967=SURFACE_STYLE_USAGE(.BOTH.,#5973);
#5968=SURFACE_STYLE_USAGE(.BOTH.,#5974);
#5969=SURFACE_SIDE_STYLE('',(#5975));
#5970=SURFACE_SIDE_STYLE('',(#5976));
#5971=SURFACE_SIDE_STYLE('',(#5977));
#5972=SURFACE_SIDE_STYLE('',(#5978));
#5973=SURFACE_SIDE_STYLE('',(#5979));
#5974=SURFACE_SIDE_STYLE('',(#5980));
#5975=SURFACE_STYLE_FILL_AREA(#5981);
#5976=SURFACE_STYLE_FILL_AREA(#5982);
#5977=SURFACE_STYLE_FILL_AREA(#5983);
#5978=SURFACE_STYLE_FILL_AREA(#5984);
#5979=SURFACE_STYLE_FILL_AREA(#5985);
#5980=SURFACE_STYLE_FILL_AREA(#5986);
#5981=FILL_AREA_STYLE('\X2\92FC\X0\ - \X2\30B530C630F3\X0\',(#5987));
#5982=FILL_AREA_STYLE('FR4',(#5988));
#5983=FILL_AREA_STYLE('\X2\30A230EB30DF30CB30A630E0\X0\ - \X2\30B530C630F3\X0\',
(#5989));
#5984=FILL_AREA_STYLE('\X2\30A230EB30DF30CB30A630E0\X0\ - \X2\967D697591785316\X0\ 
\X2\51496CA2\X0\(\X2\8D64\X0\)',(#5990));
#5985=FILL_AREA_STYLE('\X2\30A230EB30DF30CB30A630E0\X0\ - \X2\967D697591785316\X0\ 
\X2\51496CA2\X0\(\X2\9752\X0\)',(#5991));
#5986=FILL_AREA_STYLE('\X2\30D630ED30F330BA\X0\ - \X2\3064308451FA3057\X0\',
(#5992));
#5987=FILL_AREA_STYLE_COLOUR('\X2\92FC\X0\ - \X2\30B530C630F3\X0\',#5993);
#5988=FILL_AREA_STYLE_COLOUR('FR4',#5994);
#5989=FILL_AREA_STYLE_COLOUR('\X2\30A230EB30DF30CB30A630E0\X0\ - \X2\30B530C630F3\X0\',
#5995);
#5990=FILL_AREA_STYLE_COLOUR(
'\X2\30A230EB30DF30CB30A630E0\X0\ - \X2\967D697591785316\X0\ \X2\51496CA2\X0\(
\X2\8D64\X0\)',#5996);
#5991=FILL_AREA_STYLE_COLOUR(
'\X2\30A230EB30DF30CB30A630E0\X0\ - \X2\967D697591785316\X0\ \X2\51496CA2\X0\(
\X2\9752\X0\)',#5997);
#5992=FILL_AREA_STYLE_COLOUR('\X2\30D630ED30F330BA\X0\ - \X2\3064308451FA3057\X0\',
#5998);
#5993=COLOUR_RGB('\X2\92FC\X0\ - \X2\30B530C630F3\X0\',0.627450980392157,
0.627450980392157,0.627450980392157);
#5994=COLOUR_RGB('FR4',0.266666666666667,0.466666666666667,0.4);
#5995=COLOUR_RGB('\X2\30A230EB30DF30CB30A630E0\X0\ - \X2\30B530C630F3\X0\',
0.96078431372549,0.96078431372549,0.964705882352941);
#5996=COLOUR_RGB('\X2\30A230EB30DF30CB30A630E0\X0\ - \X2\967D697591785316\X0\ 
\X2\51496CA2\X0\(\X2\8D64\X0\)',0.854901960784314,0.349019607843137,0.349019607843137);
#5997=COLOUR_RGB('\X2\30A230EB30DF30CB30A630E0\X0\ - \X2\967D697591785316\X0\ 
\X2\51496CA2\X0\(\X2\9752\X0\)',0.349019607843137,0.584313725490196,0.854901960784314);
#5998=COLOUR_RGB('\X2\30D630ED30F330BA\X0\ - \X2\3064308451FA3057\X0\',
0.607843137254902,0.525490196078431,0.364705882352941);
ENDSEC;
END-ISO-10303-21;
